Year(4)-CountyCode(2)-MunicipalityCode(2)-CaseNumber(9),County Name,Municipality Name,Crash Date,Crash Day of Week,Crash Time,Police Department Code,Police Department,Police Station,Total Killed,Total Injured,Pedestrians Killed,Pedestrians Injured,Severity,Intersection,Alcohol Involved,Hazmat Involved,Crash Type,Total Vehicles,Location,Location Direction,Route,Route Suffix,Std Rte Identifier,MilePost,Road System,Road Character,Road Horizontal Alignment,Road Grade,Road Surface Type,Surface Condition,Light Condition,Environmental Condition,Road Divided By,Temporary Traffic Control Zone,Distance To Cross Street,Unit Of Measurement,Direction From Cross Street,Cross Street Name,Is Ramp,Ramp To/From Route Name,Ramp To/From Route Direction,Posted Speed,Posted Speed Cross Street,First Harmful Event,Latitude,Longitude,Cell Phone In Use Flag,Other Property Damage,Reporting Badge No.
2020130520AV03614,MONMOUTH,AVON-BY-THE-SEA BORO,07/11/2020,SA,1603,01,AVON-BY-THE-SEA PD,AVON POLICE,0,0,0,0,P,B,N,N,08,2,WASHINGTON AVE **,W,,,13051008__,.69,07,,01,04,02,01,01,01,05,01,150,FE,W,CR 18 III / OCEAN AVE,,,,25,25,26,40.188760,74.011200,N,,86179
2020130520AV03711,MONMOUTH,AVON-BY-THE-SEA BORO,07/14/2020,TU,0828,01,AVON-BY-THE-SEA PD,,0,0,0,0,P,B,N,N,02,2,WASHINGTON AVE **,E,,,13051008__,.51,07,,01,04,02,01,01,01,05,01,100,FE,E,SECOND AVE,,,,25,25,,,,N,,86110
2020130520AV03835,MONMOUTH,AVON-BY-THE-SEA BORO,07/17/2020,FR,1245,01,AVON-BY-THE-SEA PD,AVON POLICE,0,0,0,0,P,B,N,N,11,1,PATRIOT LN **,,,,13051003__,.03,07,,01,04,02,01,01,05,05,01,50,FE,S,GARFIELD AVE,,,,10,25,69,40.190510,74.010540,N,SUPERFICIAL DAMAGE TO SOUTHEAST CORNER OF 15 GARFIELD AVENUE CONDOMINIUMS,86179
2020130520AV04056,MONMOUTH,AVON-BY-THE-SEA BORO,07/24/2020,FR,1006,01,AVON-BY-THE-SEA PD,AVON PD,0,0,0,0,P,B,N,N,06,1,MONMOUTH COUNTY 17 VI,,17,6,130000176_,.60,05,,01,04,02,00,00,00,04,01,200,FE,W,NJ 18 / OCEAN AVE,,,,25,25,28,40.191580,74.011000,N,,86179
2020130520AV04098,MONMOUTH,AVON-BY-THE-SEA BORO,07/25/2020,SA,1218,01,AVON-BY-THE-SEA PD,,0,0,0,0,P,I,N,N,03,2,FIRST AVE / LAKESIDE AVE / SECOND AVE **,W,,,13051010__,.37,07,,01,04,02,01,01,01,,,,AT,W,WOODLAND AVE,,,,25,25,26,40.192470,74.011760,N,,86160
2020130520AV04756,MONMOUTH,AVON-BY-THE-SEA BORO,08/17/2020,MO,1537,01,AVON-BY-THE-SEA PD,,0,0,0,0,P,B,N,N,06,2,NJ 71,S,71,,00000071__,6.12,02,,01,04,02,01,01,01,02,01,150,FE,N,JEFFERSON AVE,,,,30,25,26,40.189160,74.022850,N,,86171
2020130520AV04933,MONMOUTH,AVON-BY-THE-SEA BORO,08/23/2020,SU,1155,01,AVON-BY-THE-SEA PD,,0,0,0,0,P,I,N,N,03,2,MONMOUTH COUNTY 17 VI,E,17,6,130000176_,.40,05,,01,04,02,01,01,01,,,,AT,E,SECOND AVE,,,,25,25,,40.191080,74.014110,N,,86160
2020130520AV05794,MONMOUTH,AVON-BY-THE-SEA BORO,09/22/2020,TU,1705,01,AVON-BY-THE-SEA PD,AVON POLICE,0,0,0,0,P,I,N,N,02,2,NJ 71,S,71,,00000071__,6.38,02,,01,04,02,01,01,01,04,,,AT,S,CR 17 / SYLVANIA AVE,,,,30,25,,40.192818,74.021695,N,,86111
2020130520AV05904,MONMOUTH,AVON-BY-THE-SEA BORO,09/26/2020,SA,2228,01,AVON-BY-THE-SEA PD,,0,1,0,0,I,I,Y,N,14,1,NJ 71,W,71,,00000071__,6.38,02,,01,04,02,01,06,01,05,01,,AT,,CR 17 / SYLVANIA AVE,,,,25,30,21,40.192753,74.021751,N,,86161
2020130520AV06640,MONMOUTH,AVON-BY-THE-SEA BORO,10/29/2020,TH,0759,01,AVON-BY-THE-SEA PD,,0,0,0,0,P,I,N,N,03,2,FIFTH AVE **,S,,,13051018__,.24,07,,01,04,02,02,01,02,05,,,AT,S,GARFIELD AVE,,,,25,25,26,40.191574,74.020482,N,,86160
2020130520AV07324,MONMOUTH,AVON-BY-THE-SEA BORO,12/04/2020,FR,1044,01,AVON-BY-THE-SEA PD,AVON,0,1,0,1,I,B,N,N,13,1,NJ 71,N,71,,00000071__,6.52,02,,01,04,02,02,00,02,04,01,25,FE,N,NORWOOD AVE,,,,30,25,26,40.194770,74.021020,N,,86164
2020130520AV07592,MONMOUTH,AVON-BY-THE-SEA BORO,12/19/2020,SA,0408,01,AVON-BY-THE-SEA PD,AVON POLICE,0,0,0,0,P,I,N,N,06,3,WASHINGTON AVE **,,,,13051008__,.49,07,,01,04,01,01,06,01,05,,,AT,E,SECOND AVE,,,,25,25,26,,,N,,
202013062-BEL-12045-AC,MONMOUTH,BELMAR BORO,06/24/2020,WE,1520,01,BELMAR PD,,0,0,0,0,P,B,N,N,06,2,MONMOUTH COUNTY 18 I,,18,1,130000181_,7.75,05,,01,04,02,01,01,01,04,01,75,FE,E,NJ 71 / H ST,,,,25,30,28,,,N,,155
2020130620-13752,MONMOUTH,BELMAR BORO,07/10/2020,FR,0059,01,BELMAR PD,,0,0,0,0,P,B,N,N,06,2,MONMOUTH COUNTY 18 I,,18,1,130000181_,8.10,05,,01,04,02,01,06,01,05,01,50,FE,W,E ST,,,,25,25,28,,,N,,633
2020130620-14692,MONMOUTH,BELMAR BORO,07/19/2020,SU,0928,01,BELMAR PD,,0,0,0,0,P,I,N,N,03,1,MONMOUTH COUNTY 18 III,,18,3,130000183_,3.14,05,,01,04,02,01,01,01,05,01,,AT,,5TH AVE,,,,25,25,,,,N,,614
2020130620-15403,MONMOUTH,BELMAR BORO,07/26/2020,SU,1040,01,BELMAR PD,,0,0,0,0,P,B,N,N,08,2,BELMAR PLAZA,,,,,,09,,01,04,02,01,01,01,05,01,,,,,,,,10,,,,,N,,614
202013062020-00625,MONMOUTH,BELMAR BORO,02/27/2020,TH,1339,01,WALL TWP PD,,0,0,0,0,P,B,N,N,01,2,NJ 35,N,35,,00000035__,20.48,02,,01,04,02,01,01,01,01,01,25,FE,S,CR 18 / 16TH AVE / BELMAR AVE,,,,40,25,26,,,N,,197
2020130620BEL-10004-AC,MONMOUTH,BELMAR BORO,06/05/2020,FR,0925,01,BELMAR PD,,0,0,0,0,P,B,N,N,01,2,EIGHTH AVE **,,,,13061003__,.00,07,,01,04,02,01,01,01,05,01,20,FE,W,CR 18 III / OCEAN AVE,,,,25,25,26,,,N,,578
2020130620BEL-10022-AC,MONMOUTH,BELMAR BORO,06/05/2020,FR,1528,01,BELMAR PD,,0,0,0,0,P,B,N,N,01,2,NJ 35,,35,,00000035__,21.41,02,,01,04,02,02,01,02,01,01,15,FE,S,NJ 71 / 8TH AVE,,,,35,25,26,,,N,,958
2020130620BEL-10120-AC,MONMOUTH,BELMAR BORO,06/06/2020,SA,1245,01,BELMAR PD,,0,0,0,0,P,B,N,N,02,2,MONMOUTH COUNTY 30 II,,30,2,130000302_,4.46,05,,01,04,02,01,01,01,05,01,50,FE,N,10TH AVE,,,,25,25,26,,,N,,154
2020130620BEL-10160-AC,MONMOUTH,BELMAR BORO,06/06/2020,SA,1623,01,BELMAR PD,,0,1,0,0,I,I,N,N,01,2,NJ 71,,71,,00000071__,4.89,02,,01,04,02,01,01,01,04,01,,AT,,NJ 18 / 16TH AVE,,,,25,25,26,,,N,,155
2020130620BEL-10250-AC,MONMOUTH,BELMAR BORO,06/07/2020,SU,0130,01,BELMAR PD,,0,0,0,0,P,B,N,N,02,2,MONMOUTH COUNTY 18 III,,18,3,130000183_,2.50,05,,01,04,02,01,06,01,04,01,20,FE,S,15TH AVE,,,,25,25,26,,,N,,165
2020130620BEL-10303-AC,MONMOUTH,BELMAR BORO,06/07/2020,SU,1559,01,BELMAR PD,,0,0,0,0,P,B,N,N,03,2,NJ 35,,35,,00000035__,20.53,02,,01,04,02,01,01,01,04,,250,FE,N,CR 18 / 16TH AVE / BELMAR AVE,,,,35,25,26,,,N,,152
2020130620BEL-10312-AC,MONMOUTH,BELMAR BORO,06/07/2020,SU,1737,01,BELMAR PD,,0,0,0,0,P,B,N,N,01,2,10TH AVE,,,,13061064__,.18,07,,01,04,02,01,01,01,05,01,25,FE,E,CR 30 / MAIN ST,,,,25,30,26,,,N,,155
2020130620BEL-10622-AC,MONMOUTH,BELMAR BORO,06/10/2020,WE,1533,01,BELMAR PD,,0,1,0,0,I,B,N,N,14,1,MONMOUTH COUNTY 18 III,,18,3,130000183_,2.97,05,,01,04,02,01,01,01,05,01,200,FE,N,8TH AVE,,,,25,25,26,,,N,,958
2020130620BEL-10687-AC,MONMOUTH,BELMAR BORO,06/11/2020,TH,0828,01,BELMAR PD,,0,0,0,0,P,B,N,N,11,1,NJ 71,,71,,00000071__,5.67,02,,01,00,01,05,01,01,04,01,150,FE,N,7TH AVE,,,,25,,60,,,N,,152
2020130620BEL-10784-AC,MONMOUTH,BELMAR BORO,06/12/2020,FR,1331,01,BELMAR PD,,0,1,0,0,I,I,N,N,14,1,MONMOUTH COUNTY 18 I,,18,1,130000181_,7.74,05,,01,04,02,01,01,01,05,,,AT,,NJ 71 / H ST,,,,25,30,21,,,N,,159
2020130620BEL-10799-AC,MONMOUTH,BELMAR BORO,06/12/2020,FR,1511,01,BELMAR PD,,0,0,0,0,P,B,N,N,08,2,C ST **,,,,13061045__,.10,07,,01,04,02,01,01,01,05,01,100,FE,N,5TH AVE,,,,25,25,26,,,N,,166
2020130620BEL-10800-AC,MONMOUTH,BELMAR BORO,06/12/2020,FR,1506,01,BELMAR PD,,0,0,0,0,P,I,N,N,02,2,NJ 71,N,71,,00000071__,5.57,02,,01,04,02,01,01,01,04,,,AT,,CR 30 / 8TH AVE / MAIN ST,,,,25,25,26,,,N,,151
2020130620BEL-10902-AC,MONMOUTH,BELMAR BORO,06/13/2020,SA,1044,01,BELMAR PD,,0,0,0,0,P,B,N,N,08,2,B ST **,,,,13061015__,.06,07,,01,04,02,01,01,01,05,01,25,FE,N,3RD AVE,,,,25,25,26,,,N,,547
2020130620BEL-10948-AC,MONMOUTH,BELMAR BORO,06/13/2020,SA,1438,01,BELMAR PD,,0,0,0,0,P,I,N,N,01,2,NJ 35,,35,,00000035__,21.25,02,,01,04,02,01,01,01,01,01,,AT,,10TH AVE,,,,35,25,26,,,N,,547
2020130620BEL-10962-AC,MONMOUTH,BELMAR BORO,06/13/2020,SA,1544,01,BELMAR PD,,0,0,0,0,P,B,N,N,08,2,MARINA AVE,,,,,,09,,01,04,02,01,01,01,05,01,200,FE,N,NJ 35,,,,25,35,26,,,N,,166
2020130620BEL-11023-AC,MONMOUTH,BELMAR BORO,06/13/2020,SA,2139,01,BELMAR PD,,0,0,0,0,P,B,N,N,01,2,MONMOUTH COUNTY 18 I,,18,1,130000181_,7.74,05,,01,04,02,01,06,01,05,01,15,FE,W,NJ 71 / H ST,,,,25,25,26,,,N,,160
2020130620BEL-11206-AC,MONMOUTH,BELMAR BORO,06/15/2020,MO,1558,01,BELMAR PD,,0,0,0,0,P,I,N,N,07,2,MONMOUTH COUNTY 18 III,,18,3,130000183_,2.10,05,,01,04,02,01,01,01,04,01,,AT,,N BLVD,,,,25,25,26,,,N,,152
2020130620BEL-11224-AC,MONMOUTH,BELMAR BORO,06/15/2020,MO,1939,01,BELMAR PD,,0,0,0,0,P,B,N,N,06,2,PARKWAY,,,,,,06,,01,04,02,01,01,01,03,01,100,FE,N,NORTH BLVD,,,,25,25,26,,,N,,165
2020130620BEL-11488-AC,MONMOUTH,BELMAR BORO,06/19/2020,FR,1427,01,BELMAR PD,,0,1,0,0,I,B,N,N,14,1,MONMOUTH COUNTY 18 III,,18,3,130000183_,3.29,05,,01,04,02,01,01,01,05,01,25,FE,N,3RD AVE,,,,25,25,26,,,N,,512
2020130620BEL-11490-AC,MONMOUTH,BELMAR BORO,06/19/2020,FR,1525,01,BELMAR PD,,0,0,0,0,P,B,N,N,08,2,10TH AVE,,,,13061064__,.18,07,,01,04,02,01,01,01,04,,25,FE,E,CR 30 / MAIN ST,,,,25,25,26,,,N,,152
2020130620BEL-11494-AC,MONMOUTH,BELMAR BORO,06/19/2020,FR,1605,01,BELMAR PD,,0,0,0,0,P,B,N,N,02,2,OAKWOOD RD **,,,,13061029__,.15,07,,01,04,02,01,01,01,05,01,30,FE,S,CR 18 I / 16TH AVE,,,,25,25,26,,,N,,958
2020130620BEL-11782-AC,MONMOUTH,BELMAR BORO,06/21/2020,SU,1050,01,BELMAR PD,,0,0,0,0,P,B,N,N,08,2,K ST **,,,,13061022__,.02,07,,01,04,02,01,02,01,05,01,100,FE,N,NJ 35 / RIVER RD,,,,25,25,28,,,N,,166
2020130620BEL-11814-AC,MONMOUTH,BELMAR BORO,06/21/2020,SU,2051,01,BELMAR PD,,0,0,0,0,P,I,Y,N,04,2,NJ 71,,71,,00000071__,4.89,02,,01,04,02,01,03,01,04,01,,AT,,NJ 18 / 16TH AVE,,,,30,25,26,,,N,,165
2020130620BEL-11843-AC,MONMOUTH,BELMAR BORO,06/22/2020,MO,0836,01,BELMAR PD,,0,0,0,0,P,B,N,N,06,2,MONMOUTH COUNTY 18 III,S,18,3,130000183_,2.64,05,,01,04,02,01,01,01,04,01,15,FE,N,12TH AVE,,,,25,25,28,,,Y,,164
2020130620BEL-11857-AC,MONMOUTH,BELMAR BORO,06/22/2020,MO,1244,01,BELMAR PD,,0,0,0,0,P,I,N,N,03,2,MONMOUTH COUNTY 18 I,,18,1,130000181_,8.43,05,,01,04,02,01,01,01,05,01,,AT,,B ST,,,,25,25,26,,,N,,160
2020130620BEL-11950-AC,MONMOUTH,BELMAR BORO,06/23/2020,TU,1553,01,BELMAR PD,,0,0,0,0,P,I,N,N,03,2,A ST **,,,,13061048__,.22,07,,01,04,02,01,01,01,05,01,,AT,,17TH AVE,,,,25,25,26,,,N,,160
2020130620BEL-11953-AC,MONMOUTH,BELMAR BORO,06/23/2020,TU,1616,01,BELMAR PD,,0,0,0,0,P,I,N,N,03,2,MONMOUTH COUNTY 30 II,,30,2,130000302_,4.24,05,,01,04,02,01,01,01,05,01,,AT,,13TH AVE,,,,30,25,26,,,N,,150
2020130620BEL-12039-AC,MONMOUTH,BELMAR BORO,06/24/2020,WE,1402,01,BELMAR PD,BELMAR PD,0,0,0,0,P,B,N,N,06,2,FIFTH AVE,,,,,,07,,01,04,02,01,01,01,05,01,25,FE,E,A ST,,,,25,25,28,,,N,,161
2020130620BEL-12253-AC,MONMOUTH,BELMAR BORO,06/26/2020,FR,1739,01,BELMAR PD,,0,0,0,0,P,I,N,N,03,2,NJ 35,,35,,00000035__,21.18,02,,01,04,02,01,01,01,02,01,,AT,,11TH AVE,,,,35,25,26,,,N,,160
2020130620BEL-12385-AC,MONMOUTH,BELMAR BORO,06/27/2020,SA,1608,01,BELMAR PD,,0,0,0,0,P,I,N,N,03,2,MONMOUTH COUNTY 30 II,,30,2,130000302_,4.45,05,,01,04,02,01,01,01,05,01,,AT,,10TH AVE,,,,30,25,26,,,N,,154
2020130620BEL-12408-AC,MONMOUTH,BELMAR BORO,06/27/2020,SA,1918,01,BELMAR PD,,0,0,0,0,P,B,N,N,06,2,15TH ST **,W,,,13061035__,.01,07,,01,04,02,01,01,01,05,01,30,FE,W,CR 18 III / OCEAN AVE,,,,25,25,28,,,N,,151
2020130620BEL-12506-AC,MONMOUTH,BELMAR BORO,06/28/2020,SU,1330,01,BELMAR PD,,0,0,0,0,P,B,Y,N,06,3,SHARK RIVER AVE,,,,,,09,,01,04,02,01,01,01,05,01,200,FE,E,A ST,,,,15,25,26,,,N,,
2020130620BEL-12576-AC,MONMOUTH,BELMAR BORO,06/29/2020,MO,1108,01,BELMAR PD,BELMAR PD,0,0,0,0,P,B,N,N,01,2,NJ 35,,35,,00000035__,20.77,02,,01,04,02,01,01,01,04,,50,FE,S,PINE TREE WAY,,,,35,25,26,,,N,,161
2020130620BEL-12754-AC,MONMOUTH,BELMAR BORO,07/01/2020,WE,1159,01,BELMAR PD,,0,0,0,0,P,B,N,N,06,2,RIVER RD **,,,,13061006__,.00,07,,01,04,02,00,00,00,05,01,25,FE,N,7TH AVE,,,,25,25,28,,,N,,160
2020130620BEL-12857-AC,MONMOUTH,BELMAR BORO,07/02/2020,TH,1546,01,BELMAR PD,,0,0,0,0,P,B,N,N,01,4,FIFTH AVE,,,,,,07,,01,04,02,01,01,01,05,01,200,FE,E,MAIN ST,,,,25,25,26,,,N,,
2020130620BEL-1290-AC,MONMOUTH,BELMAR BORO,01/20/2020,MO,0823,01,BELMAR PD,,0,1,0,0,I,I,N,N,03,2,NJ 35,,35,,00000035__,20.98,02,,01,04,02,01,01,01,04,01,,AT,,K ST,,,,35,25,26,,,N,,164
2020130620BEL-12944-AC,MONMOUTH,BELMAR BORO,07/03/2020,FR,1121,01,BELMAR PD,BELMAR PD,0,0,0,0,P,B,N,N,06,2,10TH AVE,,,,13061064__,.19,07,,01,04,02,01,01,01,04,01,50,FE,N,CR 30 / MAIN ST,,,,25,25,28,,,N,,161
2020130620BEL-12985-AC,MONMOUTH,BELMAR BORO,07/03/2020,FR,1812,01,BELMAR PD,,0,0,0,0,P,B,N,N,01,2,NJ 35,,35,,00000035__,21.42,02,,01,05,01,01,01,01,01,01,50,FE,N,NJ 71 / 8TH AVE,,,,35,25,26,,,N,,165
2020130620BEL-13257-AC,MONMOUTH,BELMAR BORO,07/04/2020,SA,2254,01,BELMAR PD,,0,0,0,0,P,B,N,N,02,2,NJ 35,S,35,,00000035__,21.50,02,,01,06,01,01,06,01,01,01,500,FE,N,NJ 71 / 8TH AVE,,,,35,25,26,,,N,,154
2020130620BEL-13372-AC,MONMOUTH,BELMAR BORO,07/05/2020,SU,1459,01,BELMAR PD,,0,0,0,0,P,B,N,N,08,2,MONMOUTH COUNTY 18 III,,18,3,130000183_,2.94,05,,01,04,02,01,01,01,04,01,50,FE,N,8TH AVE,,,,25,25,28,,,N,,155
2020130620BEL-13446-AC,MONMOUTH,BELMAR BORO,07/06/2020,MO,0613,01,BELMAR PD,,0,1,0,0,I,B,N,N,02,2,NJ 35,,35,,00000035__,20.91,02,,01,04,02,01,01,01,05,01,15,FE,S,L ST,,,,35,25,26,,,N,TRAFFIC LIGHT CONTROL BOX AND MOUNTING @35-L - NJDOT - 1035 PARKWAY AVE TRENTON?,154
2020130620BEL-1348-AC,MONMOUTH,BELMAR BORO,01/21/2020,TU,0733,01,BELMAR PD,,0,0,0,0,P,B,N,N,01,2,NJ 71,,71,,00000071__,4.90,02,,01,04,02,01,01,01,04,01,50,FE,N,NJ 18 / 16TH AVE,,,,30,25,26,,,N,,150
2020130620BEL-13528-AC,MONMOUTH,BELMAR BORO,07/07/2020,TU,1006,01,BELMAR PD,,0,0,0,0,P,B,N,N,01,2,NJ 35,S,35,,00000035__,21.41,02,,01,05,02,01,01,02,02,01,25,FE,N,NJ 71 / 8TH AVE,,,,35,25,26,,,N,,164
2020130620BEL-13542-AC,MONMOUTH,BELMAR BORO,07/07/2020,TU,1338,01,BELMAR PD,,0,0,0,0,P,B,N,N,01,2,NJ 35,,35,,00000035__,21.42,02,,01,04,02,01,01,01,02,01,30,FE,N,NJ 71 / 8TH AVE,,,,35,30,26,,,N,,160
2020130620BEL-13562-AC,MONMOUTH,BELMAR BORO,07/07/2020,TU,1737,01,BELMAR PD,,0,0,0,0,P,B,N,N,06,2,811 BELMAR PLZ,,,,,,09,,01,04,02,01,01,01,05,01,,,,,,,,15,,28,,,N,,164
2020130620BEL-13726-AC,MONMOUTH,BELMAR BORO,07/09/2020,TH,1952,01,BELMAR PD,,0,0,0,0,P,B,N,N,01,2,9TH AVE,,,,13061065__,.65,07,,01,04,02,01,01,01,05,01,10,FE,W,CR 18 III / OCEAN AVE,,,,25,25,26,,,N,,157
2020130620BEL-13976-AC,MONMOUTH,BELMAR BORO,07/12/2020,SU,1036,01,BELMAR PD,,0,0,0,0,P,I,N,N,01,2,10TH AVE,W,,,13061064__,.00,07,,01,04,02,01,01,01,05,01,,AT,,NJ 35 / NJ 71 / RIVER  RD,,,,25,,26,,,N,,164
2020130620BEL-14098-AC,MONMOUTH,BELMAR BORO,07/13/2020,MO,0911,01,BELMAR PD,,0,0,0,0,P,I,N,N,03,2,MONMOUTH COUNTY 30 II,,30,2,130000302_,4.24,05,,01,04,02,01,01,01,04,01,,AT,,13TH AVE,,,,30,25,26,,,N,,165
2020130620BEL-14554-AC,MONMOUTH,BELMAR BORO,07/18/2020,SA,1249,01,BELMAR PD,,0,0,0,0,P,B,N,N,08,2,BELMAR PLZ,,,,,,09,,01,04,02,01,01,01,05,01,50,FE,S,EIGHTH AVE,,,,15,25,26,,,N,,531
2020130620BEL-14582-AC,MONMOUTH,BELMAR BORO,07/18/2020,SA,1707,01,BELMAR PD,,0,1,0,1,I,I,N,N,13,1,NJ 35,,35,,00000035__,21.41,02,,01,05,02,01,01,01,01,01,,AT,,NJ 71 / 8TH AVE,,,,35,25,26,,,N,,151
2020130620BEL-1464-AC,MONMOUTH,BELMAR BORO,01/22/2020,WE,1834,01,BELMAR PD,,0,3,0,0,I,I,N,N,04,2,NJ 71,,71,,00000071__,4.89,02,,01,04,02,01,06,01,04,01,,AT,,NJ 18 / 16TH AVE,,,,25,40,26,,,N,,162
2020130620BEL-14696-AC,MONMOUTH,BELMAR BORO,07/19/2020,SU,1007,01,BELMAR PD,,0,0,0,0,P,B,N,N,06,2,PARKWAY,,,,,,07,,01,04,02,01,01,01,03,01,300,FE,S,EIGHTEENTH AVE,,,,25,25,26,40.171559,74.023634,N,,165
2020130620BEL-14715-AC,MONMOUTH,BELMAR BORO,07/19/2020,SU,1203,01,BELMAR PD,,0,0,0,0,P,I,N,N,03,2,13TH ST **,,,,13061033__,.42,07,,01,04,02,01,01,01,04,01,,AT,,CR 30 II / MAIN ST,,,,25,25,26,,,N,,166
2020130620BEL-14774-AC,MONMOUTH,BELMAR BORO,07/19/2020,SU,1806,01,BELMAR PD,,0,0,0,0,P,B,N,N,01,2,MONMOUTH COUNTY 18 I,,18,1,130000181_,7.76,05,,01,04,02,01,01,01,04,01,100,FE,E,NJ 71 / H ST,,,,25,30,26,,,N,,504
2020130620BEL-14823-AC,MONMOUTH,BELMAR BORO,07/20/2020,MO,1013,01,BELMAR PD,,0,0,0,0,P,B,N,N,03,2,MONMOUTH COUNTY 30 II,,30,2,130000302_,4.11,05,,01,04,02,01,01,01,05,01,25,FE,N,NJ 18 / 16TH AVE,,,,25,25,26,,,N,,159
2020130620BEL-14832-AC,MONMOUTH,BELMAR BORO,07/20/2020,MO,1207,01,BELMAR PD,,0,0,0,0,P,B,N,N,01,2,NJ 35,,35,,00000035__,20.50,02,,01,04,02,01,01,01,05,01,100,FE,N,CR 18 / 16TH AVE / BELMAR AVE,,,,35,25,26,,,N,,159
2020130620BEL-15065-AC,MONMOUTH,BELMAR BORO,07/23/2020,TH,0919,01,BELMAR PD,,0,1,0,0,I,I,N,N,08,2,12TH AVE **,,,,13061020__,,07,,01,04,02,01,01,01,05,01,,AT,,RAILROAD AVE,,,,25,25,26,,,N,,136
2020130620BEL-15084-AC,MONMOUTH,BELMAR BORO,07/23/2020,TH,1732,01,BELMAR PD,,0,1,0,0,I,I,N,N,14,1,EIGHTH AVE **,,,,13061003__,.44,07,,03,04,02,01,01,01,05,01,,AT,,D ST / N LAKE DR,,,,25,25,21,,,N,,547
2020130620BEL-15281-AC,MONMOUTH,BELMAR BORO,07/25/2020,SA,1427,01,BELMAR PD,,0,0,0,0,P,B,N,N,08,2,D ST / NEWMAN ST **,,,,13061041__,.63,07,,01,04,02,01,01,01,05,01,5,FE,N,13TH AVE,,,,25,25,26,,,N,,166
2020130620BEL-15331-AC,MONMOUTH,BELMAR BORO,07/25/2020,SA,2001,01,BELMAR PD,,0,0,0,0,P,B,N,N,08,2,13TH AVE **,,,,13061049__,.22,07,,01,04,02,01,03,01,05,01,50,FE,W,B ST,,,,25,25,26,,,N,,512
2020130620BEL-15673-AC,MONMOUTH,BELMAR BORO,07/29/2020,WE,1905,01,BELMAR PD,,0,0,0,0,P,B,N,N,02,2,NJ 71,,71,,00000071__,5.44,02,,01,04,02,01,01,01,05,01,100,FE,E,NJ 35,,,,25,35,26,40.181940,74.027320,N,,958
2020130620BEL-15763-AC,MONMOUTH,BELMAR BORO,07/31/2020,FR,0138,01,BELMAR PD,,0,0,0,0,P,B,N,N,06,2,B ST **,,,,13061015__,.05,07,,01,04,02,02,04,02,05,01,50,FE,S,3RD AVE,,,,25,25,28,,,N,,160
2020130620BEL-15822-AC,MONMOUTH,BELMAR BORO,07/31/2020,FR,2046,01,BELMAR PD,,0,0,0,0,P,I,Y,N,11,1,NJ 35,,35,,00000035__,20.98,02,,03,04,02,01,03,01,04,01,,AT,,K ST,,,,35,25,56,,,N,,158
2020130620BEL-15849-AC,MONMOUTH,BELMAR BORO,07/31/2020,FR,2345,01,BELMAR PD,,0,2,0,2,I,B,N,N,13,1,MONMOUTH COUNTY 18 III,,18,3,130000183_,2.32,05,,01,04,02,01,06,01,05,01,50,FE,S,18TH AVE,,,,25,25,22,,,N,,
2020130620BEL-16075-AC,MONMOUTH,BELMAR BORO,08/02/2020,SU,2330,01,BELMAR PD,,0,0,0,0,P,B,N,N,11,1,W RAILROAD AVE **,N,,,13061036__,.20,07,,01,04,02,01,05,01,02,,25,FE,N,12TH AVE,,,,25,25,26,,,N,,152
2020130620BEL-16094-AC,MONMOUTH,BELMAR BORO,08/03/2020,MO,1205,01,BELMAR PD,,0,0,0,0,P,B,N,N,11,1,803 THIRTEENTH AVE,,,,,,09,,01,04,02,01,01,01,05,01,,,,,,,,,,69,,,N,,159
2020130620BEL-16106-AC,MONMOUTH,BELMAR BORO,08/03/2020,MO,1426,01,BELMAR PD,,0,0,0,0,P,B,N,N,06,2,NJ 71,W,71,,00000071__,5.59,02,,01,04,02,01,01,01,05,01,80,FE,E,CR 30 / 8TH AVE / MAIN ST,,,,25,25,28,,,N,,151
2020130620BEL-16212-AC,MONMOUTH,BELMAR BORO,08/04/2020,TU,1730,01,BELMAR PD,,0,0,0,0,P,B,N,N,01,2,NJ 35,,35,,00000035__,21.41,02,,01,04,02,01,01,01,02,01,10,FE,E,NJ 71 / 8TH AVE,,,,35,30,26,,,N,,166
2020130620BEL-16275-AC,MONMOUTH,BELMAR BORO,08/05/2020,WE,1125,01,BELMAR PD,,0,0,0,0,P,B,N,N,08,2,S LAKE DR / SIXTH AVE **,,,,13061044__,.03,07,,01,04,02,01,01,01,05,01,150,FE,W,CR 18 III / OCEAN AVE,,,,25,25,26,,,N,,152
2020130620BEL-16357-AC,MONMOUTH,BELMAR BORO,08/06/2020,TH,1113,01,BELMAR PD,,0,2,0,0,I,I,N,N,03,2,NJ 71,,71,,00000071__,4.89,02,,01,04,02,02,01,02,99,05,,AT,,NJ 18 / 16TH AVE,,,,25,35,,,,N,,157
2020130620BEL-16394-AC,MONMOUTH,BELMAR BORO,08/06/2020,TH,1759,01,BELMAR PD,,0,0,0,0,P,B,N,N,06,2,12TH AVE **,,,,13061020__,.86,07,,01,04,02,01,01,01,05,01,100,FE,E,NJ 35,,,,25,35,26,,,N,,958
2020130620BEL-16674-AC,MONMOUTH,BELMAR BORO,08/09/2020,SU,2118,01,BELMAR PD,,0,1,0,0,I,I,N,N,03,2,NJ 35,,35,,00000035__,21.18,02,,01,04,02,01,07,01,03,01,,AT,,11TH AVE,,,,35,25,26,,,N,,595
2020130620BEL-16743-AC,MONMOUTH,BELMAR BORO,08/10/2020,MO,1816,01,BELMAR PD,,0,0,0,0,P,B,N,N,02,2,NJ 35,N,35,,00000035__,21.25,02,,01,04,02,01,01,01,02,01,15,FE,N,10TH AVE,,,,35,25,26,,,N,,154
2020130620BEL-16784-AC,MONMOUTH,BELMAR BORO,08/11/2020,TU,1026,01,BELMAR PD,,0,1,0,0,I,I,N,N,14,1,10TH AVE,,,,13061064__,.18,07,,01,04,02,01,01,01,05,01,,AT,,CR 30 / MAIN ST,,,,25,25,28,,,N,,157