Year(4)-CountyCode(2)-MunicipalityCode(2)-CaseNumber(9),County Name,Municipality Name,Crash Date,Crash Day of Week,Crash Time,Police Department Code,Police Department,Police Station,Total Killed,Total Injured,Pedestrians Killed,Pedestrians Injured,Severity,Intersection,Alcohol Involved,Hazmat Involved,Crash Type,Total Vehicles,Location,Location Direction,Route,Route Suffix,Std Rte Identifier,MilePost,Road System,Road Character,Road Horizontal Alignment,Road Grade,Road Surface Type,Surface Condition,Light Condition,Environmental Condition,Road Divided By,Temporary Traffic Control Zone,Distance To Cross Street,Unit Of Measurement,Direction From Cross Street,Cross Street Name,Is Ramp,Ramp To/From Route Name,Ramp To/From Route Direction,Posted Speed,Posted Speed Cross Street,First Harmful Event,Latitude,Longitude,Cell Phone In Use Flag,Other Property Damage,Reporting Badge No.
2020130820BR03328,MONMOUTH,BRIELLE BORO,05/08/2020,FR,1227,01,BRIELLE PD,BRIELLE,0,0,0,0,P,I,N,N,14,1,BRANDYWINE E **,E,,,13081100__,.00,07,,01,05,02,01,01,01,05,01,,AT,,HIGGINS AVE,,,,30,25,21,40.110570,74.062340,N,,99168
2020130820BR03499,MONMOUTH,BRIELLE BORO,05/13/2020,WE,1006,01,BRIELLE PD,BRIELLE,0,0,0,0,P,B,N,N,02,2,NJ 35,S,35,,00000035__,15.09,02,,03,06,02,01,01,01,01,02,25,FE,S,NJ 71 / UNION AVE,,,,50,30,26,40.104400,74.053690,N,,99168
2020130820BR03870,MONMOUTH,BRIELLE BORO,05/22/2020,FR,1206,01,BRIELLE PD,,0,1,0,0,I,B,N,N,01,2,NJ 35,S,35,,00000035__,15.35,02,,01,05,02,01,01,01,02,01,50,FE,N,HIGGINS AVE,,,,50,30,26,40.102480,74.052240,N,,99170
2020130820BR04221,MONMOUTH,BRIELLE BORO,05/30/2020,SA,1223,01,BRIELLE PD,,0,0,0,0,P,B,N,N,06,2,BRIELLE AVE **,,,,13081013__,.17,07,,01,04,02,01,01,01,05,01,150,FE,N,BENNETT PL,,,,25,25,28,40.111040,74.052870,N,,99165
2020130820BR04599,MONMOUTH,BRIELLE BORO,06/09/2020,TU,1738,01,BRIELLE PD,,0,1,0,0,I,B,N,N,01,2,NJ 70,W,70,,00000070__,58.36,02,,01,06,01,01,01,01,01,01,400,FE,W,RIVER RD,,,,50,25,26,40.104020,74.053330,N,,99165
2020130820BR04818,MONMOUTH,BRIELLE BORO,06/16/2020,TU,1059,01,BRIELLE PD,BRIELLE,0,0,0,0,P,B,N,N,11,1,644 UNION LN,N,,,,,09,,01,04,01,01,01,01,05,01,,,,,,,,25,,60,40.113140,74.061350,N,TREE HAD BARK STRIPPED FROM THE TRUNK,99168
2020130820BR04975,MONMOUTH,BRIELLE BORO,06/21/2020,SU,1532,01,BRIELLE PD,BRIELLE,0,0,0,0,P,B,N,N,06,2,WOODLAND AVE **,W,,,13081045__,.49,07,,01,04,02,01,01,01,05,01,500,FE,E,SOUTH ST,,,,25,25,26,40.116880,74.059070,N,,99168
2020130820BR05062,MONMOUTH,BRIELLE BORO,06/24/2020,WE,1304,01,BRIELLE PD,BRIELLE,0,0,0,0,P,B,N,N,11,1,MONMOUTH COUNTY 20,S,20,,13000020__,.00,05,,02,05,02,01,01,01,05,01,0,FE,W,HOLLY HILL DR,,,,40,25,56,40.115670,74.065420,N,SLOW DOWN SIGN AND ARROW DAMAGED ON OLD BRIDGE RD,99168
2020130820BR05198,MONMOUTH,BRIELLE BORO,06/28/2020,SU,2128,01,BRIELLE PD,,1,0,0,0,F,B,Y,N,11,1,800 ASHLEY AVE,,,,,,09,,01,04,03,02,07,02,,,,,,,,,,,,54,40.105890,74.055300,N,BOGAN'S BASIN  800 ASHLEY AVE  BRIELLE  NJ 08730 (DAMAGE TO RAILING/DOCK),99165
2020130820BR05249,MONMOUTH,BRIELLE BORO,06/30/2020,TU,1533,01,BRIELLE PD,,0,0,0,0,P,B,N,N,11,1,RIVER RD **,E,,,13081074__,.02,07,,01,04,02,02,01,01,05,01,100,FE,W,NJ 70,,,,25,50,69,,,N,,99163
2020130820BR05259,MONMOUTH,BRIELLE BORO,06/30/2020,TU,2046,01,BRIELLE PD,,0,0,0,0,P,B,N,N,11,1,NJ 35,N,35,,00000035__,15.51,02,,01,04,02,01,07,01,01,01,500,FE,N,HOWELL DR,,,,50,25,56,40.111906,74.065442,N,,99171
2020130820BR05260,MONMOUTH,BRIELLE BORO,06/30/2020,TU,2116,01,BRIELLE PD,BRIELLE PD,0,0,0,0,P,I,Y,N,03,2,RANKEN RD **,W,,,13081020__,.11,07,,01,07,02,01,03,01,,,,AT,,SCHOOLHOUSE RD,,,,25,25,26,40.109900,74.066750,N,,99167
2020130820BR05396,MONMOUTH,BRIELLE BORO,07/04/2020,SA,1856,01,BRIELLE PD,BRIELLE PD,0,0,0,0,P,B,N,N,01,2,NJ 35,N,35,,00000035__,15.72,02,,01,04,02,01,01,01,01,01,150,FE,S,CR 20 / OLD BRIDGE RD,,,,50,30,26,,,N,,99167
2020130820BR05526,MONMOUTH,BRIELLE BORO,07/08/2020,WE,1427,01,BRIELLE PD,BRIELLE,0,0,0,0,P,B,N,N,01,2,NJ 35,S,35,,00000035__,15.09,02,,01,06,02,01,01,01,01,01,20,FE,S,NJ 71 / UNION AVE,,,,50,30,26,40.102480,74.052240,N,,99168
2020130820BR05530,MONMOUTH,BRIELLE BORO,07/08/2020,WE,1648,01,BRIELLE PD,BRIELLE,0,0,0,0,P,B,N,N,06,2,SEQUOIA CT **,N,,,13081105__,.01,07,,01,04,02,01,01,01,05,01,50,FE,N,SHERWOOD DR,,,,25,25,28,40.118450,74.060050,N,,99168
2020130820BR05568,MONMOUTH,BRIELLE BORO,07/09/2020,TH,1741,01,BRIELLE PD,,0,0,0,0,P,B,N,N,11,1,SCHOOLHOUSE RD / SOUTH ST **,S,,,,,07,,01,04,02,01,01,01,05,01,,,,,,,,25,,52,40.110540,74.065670,N,DAMAGE TO LAWNS AND SHRUBS OF 802 AND 806 SCHOOLHOUSE RD,99158
2020130820BR05736,MONMOUTH,BRIELLE BORO,07/15/2020,WE,1839,01,BRIELLE PD,,0,4,0,0,I,I,N,N,03,2,NJ 71,S,71,,00000071__,.15,02,,02,04,02,01,01,01,05,01,,AT,,UNION LN,,,,30,,26,40.109120,74.058795,N,,99171
2020130820BR05828,MONMOUTH,BRIELLE BORO,07/18/2020,SA,1622,01,BRIELLE PD,BRIELLE PD,0,0,0,0,P,B,N,N,01,2,BRIELLE RD / E MAIN ST / FIRST AVE / FISK AVE,E,,,,,07,,01,04,02,01,01,01,05,01,250,FE,W,GREEN AVE,,,,25,25,26,40.114340,74.052930,N,,99167
2020130820BR05829,MONMOUTH,BRIELLE BORO,07/18/2020,SA,1628,01,BRIELLE PD,,0,1,0,0,I,B,N,N,01,2,NJ 35,S,35,,00000035__,14.84,02,,01,04,02,01,01,01,02,01,200,FE,N,ASHLEY AVE,,,,50,25,26,40.102480,74.052240,N,,99166
2020130820BR06418,MONMOUTH,BRIELLE BORO,08/04/2020,TU,2136,01,BRIELLE PD,,0,0,0,0,P,I,N,N,01,2,NJ 35,S,35,,00000035__,15.75,02,,01,04,02,01,04,01,01,04,,AT,,CR 20 / OLD BRIDGE RD,,,,50,30,26,40.101640,74.079220,N,,99171
2020130820BR06460,MONMOUTH,BRIELLE BORO,08/06/2020,TH,1701,01,BRIELLE PD,BRIELLE PD,0,0,0,0,P,B,N,N,03,2,MONMOUTH COUNTY 48,E,48,,13000048__,1.35,05,,01,04,02,01,01,01,05,01,150,FE,W,KENLI LN,,,,35,25,26,40.104040,74.061370,N,,99167
2020130820BR06498,MONMOUTH,BRIELLE BORO,08/07/2020,FR,2026,01,BRIELLE PD,,0,0,0,0,P,B,N,N,05,2,MONMOUTH COUNTY 20,W,20,,13000020__,.74,05,,01,04,02,02,06,02,05,01,10,FE,E,NJ 35,,,,30,50,26,40.101640,74.079220,N,,99171
2020130820BR06546,MONMOUTH,BRIELLE BORO,08/09/2020,SU,1946,01,BRIELLE PD,,0,0,0,0,P,B,N,N,01,3,NJ 35,N,35,,00000035__,15.58,02,,01,04,02,01,01,01,01,01,900,FE,S,CR 20 / OLD BRIDGE RD,,,,50,30,48,40.110640,74.062380,N,,
2020130820BR06609,MONMOUTH,BRIELLE BORO,08/11/2020,TU,2014,01,BRIELLE PD,BRIELLE PD,0,0,0,0,P,B,N,N,02,2,ASHLEY AVE **,N,,,13081001__,.19,07,,01,04,02,01,03,01,05,01,25,FE,E,EVERGREEN AVE,,,,25,25,26,40.106500,74.054540,N,,99167
2020130820BR06627,MONMOUTH,BRIELLE BORO,08/12/2020,WE,1456,01,BRIELLE PD,,0,0,0,0,P,B,N,N,01,2,NJ 71,N,71,,00000071__,.45,02,,01,04,02,02,01,01,05,01,150,FE,N,WOODLAND AVE,,,,30,25,26,40.114390,74.055360,N,,99171
2020130820BR06725,MONMOUTH,BRIELLE BORO,08/15/2020,SA,1200,01,BRIELLE PD,,0,0,0,0,P,R,N,N,01,2,NJ 35,S,35,,00000035__,15.07,02,,01,06,01,01,01,01,01,,1000,FE,N,EUCLID AVE,,,,50,,26,,,N,,99158
2020130820BR06740,MONMOUTH,BRIELLE BORO,08/15/2020,SA,1704,01,BRIELLE PD,BRIELLE,0,0,0,0,P,B,N,N,08,2,LINDEN LN **,N,,,13081029__,.04,07,,01,04,02,01,01,01,05,01,200,FE,N,RIVERVIEW LN,,,,25,25,26,40.104350,74.056680,N,,99168
2020130820BR06786,MONMOUTH,BRIELLE BORO,08/17/2020,MO,0826,01,BRIELLE PD,,0,0,0,0,P,B,N,N,01,2,NJ 35,N,35,,00000035__,15.74,02,,01,04,02,01,01,01,01,01,50,FE,S,CR 20 / OLD BRIDGE RD,,,,50,30,26,40.101640,74.079220,N,,99171
2020130820BR06865,MONMOUTH,BRIELLE BORO,08/19/2020,WE,1117,01,BRIELLE PD,BRIELLE,0,0,0,0,P,B,N,N,02,2,NJ 35,S,35,,00000035__,15.34,02,,01,05,02,02,01,02,02,01,5,FE,N,HIGGINS AVE,,,,50,30,26,40.102480,74.052240,N,,99168
2020130820BR06994,MONMOUTH,BRIELLE BORO,08/22/2020,SA,1811,01,BRIELLE PD,,0,0,0,0,P,B,N,N,01,2,NJ 35,N,35,,00000035__,15.31,02,,01,05,02,01,01,01,02,01,150,FE,S,HIGGINS AVE,,,,50,30,26,40.110640,74.062380,N,,99165
2020130820BR07077,MONMOUTH,BRIELLE BORO,08/25/2020,TU,0222,01,BRIELLE PD,,0,0,0,0,P,B,Y,N,11,2,NJ 35,S,35,,00000035__,14.89,02,,01,04,02,01,06,01,01,01,500,FE,N,ASHLEY AVE,,,,50,25,52,40.107501,74.056157,N,UTILITY POLE #JC87BRE,99171
2020130820BR07301,MONMOUTH,BRIELLE BORO,09/01/2020,TU,1814,01,BRIELLE PD,,0,1,0,0,I,B,N,N,01,3,NJ 35,S,35,,00000035__,15.34,02,,01,04,02,01,01,01,02,01,10,FE,N,HIGGINS AVE,,,,50,30,26,40.104400,74.053690,N,,99165
2020130820BR07361,MONMOUTH,BRIELLE BORO,09/03/2020,TH,2321,01,BRIELLE PD,BRIELLE PD,0,0,0,0,P,B,N,N,06,2,HOLLYHILL DR **,W,,,13081076__,.52,07,,01,04,02,02,05,01,05,01,50,FE,W,VALLEY RD,,,,25,25,26,40.104820,74.075070,N,,99167
2020130820BR07529,MONMOUTH,BRIELLE BORO,09/08/2020,TU,0418,01,BRIELLE PD,,0,2,0,0,I,B,N,N,05,2,NJ 35,S,35,,00000035__,15.63,02,,01,04,02,01,07,01,01,01,25,FE,S,BERKLEY SQ,,,,50,25,26,,,N,LANDSCAPING AND ROCK WALL BELONGING TO BERKLEY SQUARE DEVELOPMENT,99163
2020130820BR07536,MONMOUTH,BRIELLE BORO,09/08/2020,TU,1109,01,BRIELLE PD,BRIELLE PD,0,1,0,0,I,B,N,N,03,2,PARK AVE **,E,,,13081046__,.30,07,,01,04,02,01,01,01,05,01,50,FE,W,NJ 71 / UNION AVE,,,,25,30,26,40.115130,74.054710,N,,99167
2020130820BR07541,MONMOUTH,BRIELLE BORO,09/08/2020,TU,1941,01,BRIELLE PD,BRIELLE,0,0,0,0,P,I,N,N,01,2,BRIELLE AVE **,E,,,13081012__,.37,07,,01,04,02,01,07,01,05,01,,AT,,FISK AVE,,,,25,25,26,40.113110,74.050540,Y,,99168
2020130820BR07586,MONMOUTH,BRIELLE BORO,09/10/2020,TH,1724,01,BRIELLE PD,,0,0,0,0,P,B,N,N,01,2,MONMOUTH COUNTY 48,W,48,,13000048__,.79,05,,01,04,02,02,01,01,05,01,30,FE,W,NORTHEAST DR,,,,35,25,26,40.098160,74.069070,N,,99172
2020130820BR07620,MONMOUTH,BRIELLE BORO,09/12/2020,SA,1118,01,BRIELLE PD,,0,1,0,0,I,B,N,N,14,1,NJ 71,S,71,,00000071__,.00,02,,02,04,02,01,01,01,02,01,350,FE,N,HIGGINS AVENUE,,,,30,25,21,40.108550,74.058650,N,,99171
2020130820BR07668,MONMOUTH,BRIELLE BORO,09/14/2020,MO,1251,01,BRIELLE PD,,0,0,0,0,P,B,N,N,01,2,NJ 35,N,35,,00000035__,14.50,02,,01,06,02,01,01,01,01,01,1075,FE,N,BROADWAY AVE,,,,50,35,26,40.109190,74.056470,Y,,99160
2020130820BR07699,MONMOUTH,BRIELLE BORO,09/15/2020,TU,1721,01,BRIELLE PD,,0,0,0,0,P,B,N,N,01,2,HIGGINS AVE **,E,,,13081101__,.48,07,,01,04,02,01,01,01,05,01,10,FE,W,NJ 35,,,,30,50,,40.110640,74.062380,N,,99165
2020130820BR07734,MONMOUTH,BRIELLE BORO,09/17/2020,TH,1308,01,BRIELLE PD,,0,0,0,0,P,I,N,N,02,2,UNION ST **,W,,,13521092__,1.10,07,,01,04,02,01,01,01,05,01,,AT,,LEGG PL,,,,25,25,26,40.112810,74.060820,N,,99165
2020130820BR07952,MONMOUTH,BRIELLE BORO,09/25/2020,FR,1419,01,BRIELLE PD,BRIELLE PD,0,0,0,0,P,B,N,N,08,2,NJ 35,N,35,,00000035__,15.75,02,,01,04,02,01,01,01,01,01,25,FE,S,CR 20 / OLD BRIDGE RD,,,,50,30,26,40.101640,74.079220,N,,99173
2020130820BR08120,MONMOUTH,BRIELLE BORO,10/01/2020,TH,0816,01,BRIELLE PD,BRIELLE PD,0,1,0,0,I,I,N,N,03,2,NJ 35,S,35,,00000035__,15.34,02,,01,04,02,01,01,01,02,01,,AT,E,HIGGINS AVE,,,,50,30,26,40.104020,74.053330,N,,99173
2020130820BR08127,MONMOUTH,BRIELLE BORO,10/01/2020,TH,1636,01,BRIELLE PD,BRIELLE PD,0,0,0,0,P,B,N,N,01,2,NJ 35,S,35,,00000035__,15.03,02,,01,04,02,01,01,01,02,01,300,FE,S,NJ 71 / UNION AVE,,,,50,30,26,40.102480,74.052240,N,,99167
2020130820BR08175,MONMOUTH,BRIELLE BORO,10/03/2020,SA,1309,01,BRIELLE PD,,0,0,0,0,P,B,N,N,06,1,UNION ST **,,,,13521092__,1.05,07,,01,04,02,01,01,01,05,01,250,FE,W,LEGG PL,,,,25,25,28,40.113960,74.061700,N,,99165
2020130820BR08179,MONMOUTH,BRIELLE BORO,10/03/2020,SA,1628,01,BRIELLE PD,,0,1,0,0,I,B,N,N,01,4,NJ 35,S,35,,00000035__,14.73,02,,01,06,02,01,01,01,01,01,380,FE,S,ASHLEY AVE,,,,50,25,26,40.104020,74.053330,N,,99165
2020130820BR08520,MONMOUTH,BRIELLE BORO,10/18/2020,SU,0316,01,BRIELLE PD,,0,1,0,0,I,B,Y,N,11,1,MONMOUTH COUNTY 48,,48,,13000048__,.28,05,,02,04,02,01,06,01,05,01,155,FE,E,SHORE DR,,,,35,25,69,40.097520,74.075860,N,SEE NARRATIVE.,99160
2020130820BR08577,MONMOUTH,BRIELLE BORO,10/20/2020,TU,1624,01,BRIELLE PD,,0,0,0,0,P,B,N,N,01,2,NJ 70,W,70,,00000070__,58.46,02,,01,04,02,01,01,01,01,01,100,FE,E,RIVER RD,,,,50,25,26,,,N,,99158
2020130820BR08606,MONMOUTH,BRIELLE BORO,10/22/2020,TH,1351,01,BRIELLE PD,,0,0,0,0,P,B,N,N,06,2,HOLLYHILL DR **,W,,,13081076__,.38,07,,01,06,02,01,01,05,05,01,2000,FE,W,CR 48 / RIVERVIEW DR,,,,25,35,26,,,N,,99169
2020130820BR08825,MONMOUTH,BRIELLE BORO,11/02/2020,MO,0812,01,BRIELLE PD,BRIELLE PD,0,0,0,0,P,B,N,N,08,2,KINGSTON RD **,W,,,13081057__,.01,07,,01,04,02,01,01,01,05,01,50,FE,S,CR 48 / JORDAN DR / RIVERVIEW DR,,,,25,35,26,40.099250,74.067140,N,,99167
2020130820BR08972,MONMOUTH,BRIELLE BORO,11/07/2020,SA,1544,01,BRIELLE PD,BRIELLE PD,0,0,0,0,P,B,N,N,01,2,NJ 35,N,35,,00000035__,15.12,02,,01,05,02,01,01,01,05,01,,,,,T,NJ 71,NB,50,,26,40.111190,74.058780,N,,99173
2020130820BR09014,MONMOUTH,BRIELLE BORO,11/09/2020,MO,1023,01,BRIELLE PD,,0,1,0,0,I,B,N,N,01,3,NJ 71,,71,,00000071__,.15,02,,01,04,02,01,01,01,05,01,20,FE,N,UNION LN,,,,30,25,26,40.108480,74.057630,N,,
2020130820BR09051,MONMOUTH,BRIELLE BORO,11/10/2020,TU,2012,01,BRIELLE PD,,0,0,0,0,P,B,N,N,12,1,NJ 70,E,70,,00000070__,58.88,02,,01,04,02,01,05,01,01,01,700,FE,N,CR 48 / RIVERVIEW DR,,,,50,35,24,40.101220,74.078920,N,,99171
2020130820BR09161,MONMOUTH,BRIELLE BORO,11/15/2020,SU,1242,01,BRIELLE PD,,0,1,0,0,I,B,N,N,11,1,NJ 70,E,70,,00000070__,58.74,02,,01,04,02,01,01,01,01,01,50,FE,W,CR 48 / RIVERVIEW DR,,,,50,35,53,40.101580,74.079180,N,NJ STATE DOT - LIGHT STANDARD RR121 & RR121 & TRAFFIC SIGNAL STANDARD.,99174
2020130820BR09189,MONMOUTH,BRIELLE BORO,11/16/2020,MO,1553,01,BRIELLE PD,BRIELLE PD,0,0,0,0,P,B,N,N,06,2,AGNES AVE **,W,,,13081014__,.06,07,,01,04,02,01,01,01,05,01,300,FE,W,NJ 71 / UNION AVE,,,,25,30,26,40.117050,74.055330,N,,99173
2020130820BR09268,MONMOUTH,BRIELLE BORO,11/20/2020,FR,1411,01,BRIELLE PD,BRIELLE PD,0,0,0,0,P,B,N,N,03,2,NJ 71,S,71,,00000071__,.01,02,,01,04,02,01,01,01,05,01,50,FE,N,HIGGINS AVENUE,,,,30,30,26,40.108550,74.058650,N,,99175
2020130820BR09348,MONMOUTH,BRIELLE BORO,11/23/2020,MO,1305,01,BRIELLE PD,,0,0,0,0,P,B,N,N,06,2,NJ 71,,71,,00000071__,.23,02,,01,04,02,01,01,01,05,01,50,FE,N,LONGSTREET AVE,,,,30,25,26,40.112280,74.056700,N,,99172
2020130820BR09446,MONMOUTH,BRIELLE BORO,11/27/2020,FR,2134,01,BRIELLE PD,,0,3,0,0,I,B,N,N,10,1,NJ 35,N,35,,00000035__,15.07,02,,02,04,02,01,06,01,02,01,800,FE,N,EVERGREEN AVE,,,,50,25,56,40.109361,74.058194,N,UTILITY POLE #JC100BRE,99171
2020130820BR09482,MONMOUTH,BRIELLE BORO,11/29/2020,SU,1854,01,BRIELLE PD,,0,0,0,0,P,B,N,N,11,1,OCEANVIEW RD **,,,,,,07,,01,04,02,01,05,01,05,01,,,,,,,,25,,,40.104680,74.072640,N,DAMAGE TO RETAINING WALL OF 634 OCEANVIEW / MARJORIE ROCKMAN,99171
2020130820BR09992,MONMOUTH,BRIELLE BORO,12/19/2020,SA,0741,01,BRIELLE PD,BRIELLE,0,1,0,0,I,I,N,N,03,2,NJ 35,S,35,,00000035__,15.75,02,,01,04,02,01,01,01,01,01,,AT,,CR 20 / OLD BRIDGE RD,,,,50,40,26,40.101640,74.079220,N,,99168
2020130920CN00008,MONMOUTH,COLTS NECK TWP,01/01/2020,WE,0137,01,COLTS NECK PD,,0,0,0,0,P,B,N,N,01,2,NJ 34,N,34,,00000034__,15.17,02,,01,06,02,01,06,01,05,01,100,FE,N,CONOVER RD / LAIRD RD,,,,50,40,26,,,N,,84046
2020130920CN00036,MONMOUTH,COLTS NECK TWP,01/02/2020,TH,0656,01,COLTS NECK PD,,0,0,0,0,P,B,N,N,12,1,NJ 18,N,18,,00000018__,16.00,02,,01,04,02,01,02,01,01,01,,,,,,,,65,,24,,,N,,84034
2020130920CN00153,MONMOUTH,COLTS NECK TWP,01/04/2020,SA,1439,01,COLTS NECK PD,,0,2,0,0,I,I,N,N,01,2,NJ 34,S,34,,00000034__,16.24,02,,01,04,02,01,01,01,05,01,,AT,,WILLOWBROOK RD,,,,50,45,26,,,N,,84065
2020130920CN00238,MONMOUTH,COLTS NECK TWP,01/06/2020,MO,1752,01,COLTS NECK PD,,0,0,0,0,P,B,N,N,02,2,NJ 34,N,34,,00000034__,13.96,02,,01,06,02,01,05,01,05,01,250,FE,S,CR 54 / FLOCK RD / PHALANX RD,,,,45,50,26,,,N,,84069
2020130920CN00266,MONMOUTH,COLTS NECK TWP,01/07/2020,TU,0844,01,COLTS NECK PD,,0,0,0,0,P,B,N,N,01,2,NJ 34,N,34,,00000034__,15.15,02,,01,04,02,01,01,01,05,01,25,FE,S,CONOVER RD / LAIRD RD,,,,50,45,26,,,N,,84046
2020130920CN00289,MONMOUTH,COLTS NECK TWP,01/07/2020,TU,1506,01,COLTS NECK PD,,0,1,0,0,I,B,N,N,11,1,FIVE POINTS RD / HOWELL RD,S,,,13091141__,.72,07,,03,04,02,01,01,01,05,01,500,FE,N,MATTHEW RD,,,,35,45,52,,,N,UTILITY POLE - VZ1192,84069
2020130920CN00325,MONMOUTH,COLTS NECK TWP,01/08/2020,WE,1442,01,COLTS NECK PD,,1,1,0,0,F,B,N,N,04,3,MONMOUTH COUNTY 54,,54,,13000054__,2.71,05,,03,04,02,01,01,01,05,01,1320,FE,E,RIMWOOD LN,,,,40,25,26,,,N,,
2020130920CN00378,MONMOUTH,COLTS NECK TWP,01/10/2020,FR,0752,01,COLTS NECK PD,,0,0,0,0,P,B,N,N,01,2,FIVE POINTS RD / HOWELL RD,,,,13091141__,.00,07,,01,04,02,01,01,01,05,01,5,FE,S,ROUTE 537 / COLTS NECK RD,,,,35,50,26,,,N,,84069
2020130920CN00398,MONMOUTH,COLTS NECK TWP,01/10/2020,FR,1735,01,COLTS NECK PD,,0,0,0,0,P,B,N,N,12,1,NJ 34,S,34,,00000034__,16.86,02,,01,04,02,01,06,01,05,01,100,FE,S,CLOVER HILL RD,,,,50,35,24,,,N,,84060
2020130920CN00404,MONMOUTH,COLTS NECK TWP,01/10/2020,FR,1845,01,COLTS NECK PD,,0,0,0,0,P,B,N,N,11,1,NJ 18,N,18,,00000018__,22.31,02,,03,06,02,01,07,01,02,01,1000,FE,,,F,ROUTE 537,WB,65,,56,,,N,,84066
2020130920CN00518,MONMOUTH,COLTS NECK TWP,01/13/2020,MO,1737,01,COLTS NECK PD,,0,0,0,0,P,B,N,N,01,2,NJ 18,S,18,,00000018__,22.00,02,,01,04,02,01,03,01,02,01,1000,FE,,,F,ROUTE 537,WB,65,,26,,,N,,84061
2020130920CN00609,MONMOUTH,COLTS NECK TWP,01/15/2020,WE,1733,01,COLTS NECK PD,,0,1,0,0,I,B,N,N,01,2,NJ 34,N,34,,00000034__,15.14,02,,01,04,02,01,05,01,05,01,50,FE,S,CONOVER RD / LAIRD RD,,,,50,45,26,,,N,,84069
2020130920CN00612,MONMOUTH,COLTS NECK TWP,01/15/2020,WE,1900,01,COLTS NECK PD,,0,0,0,0,P,I,N,N,01,2,NJ 34,N,34,,00000034__,15.15,02,,01,04,02,01,07,01,05,01,,AT,,CONOVER RD / LAIRD RD,,,,50,45,26,,,N,,84066
2020130920CN00618,MONMOUTH,COLTS NECK TWP,01/15/2020,WE,2051,01,COLTS NECK PD,,0,0,0,0,P,B,N,N,12,1,CONOVER RD / LAIRD RD,W,,,13091034__,.42,07,,01,04,02,01,05,01,05,01,200,FE,E,NJ 34,,,,35,50,24,,,N,,84066
2020130920CN00691,MONMOUTH,COLTS NECK TWP,01/17/2020,FR,1845,01,COLTS NECK PD,,0,0,0,0,P,I,N,N,12,1,NJ 34,N,34,,00000034__,14.93,02,,01,04,02,01,06,01,05,01,,AT,,WOODS END RD,,,,50,25,24,,,N,,84064
2020130920CN00724,MONMOUTH,COLTS NECK TWP,01/18/2020,SA,1240,01,COLTS NECK PD,,0,0,0,0,P,I,N,N,01,2,ROUTE 537,W,537,,00000537__,58.98,05,,01,04,02,03,01,03,05,01,,AT,,N POINT DR,,,,50,25,26,,,N,,84065
2020130920CN00727,MONMOUTH,COLTS NECK TWP,01/18/2020,SA,1447,01,COLTS NECK PD,,0,0,0,0,P,B,N,N,12,1,NJ 18,N,18,,00000018__,18.60,02,,01,04,02,05,01,02,01,01,,,,,,,,65,,24,,,N,,84061
2020130920CN00867,MONMOUTH,COLTS NECK TWP,01/21/2020,TU,1817,01,COLTS NECK PD,,0,0,0,0,P,B,N,N,12,1,ROUTE 537,E,537,,00000537__,60.30,05,,01,04,02,01,05,01,05,01,300,FE,W,HOCKHOCKSON RD,,,,50,45,24,,,N,,84066
2020130920CN00872,MONMOUTH,COLTS NECK TWP,01/21/2020,TU,1906,01,COLTS NECK PD,,0,0,0,0,P,B,N,N,02,2,NJ 18,S,18,,00000018__,20.00,02,,01,04,02,01,05,01,01,01,,,,,,,,65,,26,,,N,,84060
2020130920CN01010,MONMOUTH,COLTS NECK TWP,01/24/2020,FR,1232,01,COLTS NECK PD,,0,1,0,0,I,B,N,N,03,2,NJ 34,,34,,00000034__,13.12,02,,01,04,02,01,01,01,04,01,500,FE,S,ROUTE 537 / COLTS NECK RD / EATONTO,,,,45,40,26,,,N,,84034
2020130920CN01011,MONMOUTH,COLTS NECK TWP,01/24/2020,FR,1242,01,COLTS NECK PD,,0,0,0,0,P,B,N,N,01,2,MERCHANTS RD **,,,,13091112__,.00,07,,01,04,02,01,01,01,05,01,10,FE,W,NJ 34,,,,35,45,26,,,N,,84045
2020130920CN01020,MONMOUTH,COLTS NECK TWP,01/24/2020,FR,1757,01,COLTS NECK PD,,0,0,0,0,P,B,N,N,12,1,MONMOUTH COUNTY 54,W,54,,13000054__,.86,05,,01,04,02,01,05,01,05,01,400,FE,W,MUHLENBRINK RD,,,,50,,24,,,N,,84066
2020130920CN01046,MONMOUTH,COLTS NECK TWP,01/25/2020,SA,1320,01,COLTS NECK PD,,0,0,0,0,P,B,N,N,11,1,NJ 18,S,18,,00000018__,21.31,02,,01,04,02,02,01,02,01,01,5280,FE,S,ROUTE 537 / EATONTOWN RD,,,,65,50,46,,,N,,84066
2020130920CN01143,MONMOUTH,COLTS NECK TWP,01/27/2020,MO,1729,01,COLTS NECK PD,,0,0,0,0,P,B,N,N,12,1,HEYERS MILL RD,N,,,13091024__,1.22,07,,01,04,02,01,05,01,05,01,50,FE,S,GREEN HILL RD,,,,35,25,24,,,N,,80468
2020130920CN01285,MONMOUTH,COLTS NECK TWP,01/30/2020,TH,1325,01,COLTS NECK PD,,0,2,0,0,I,B,N,N,02,2,NJ 18,N,18,,00000018__,22.00,02,,01,04,02,01,01,01,01,01,,,,,,,,65,,26,,,N,STATE SIGN INDICATING EXIT 22B,84034