Year(4)-CountyCode(2)-MunicipalityCode(2)-CaseNumber(9),County Name,Municipality Name,Crash Date,Crash Day of Week,Crash Time,Police Department Code,Police Department,Police Station,Total Killed,Total Injured,Pedestrians Killed,Pedestrians Injured,Severity,Intersection,Alcohol Involved,Hazmat Involved,Crash Type,Total Vehicles,Location,Location Direction,Route,Route Suffix,Std Rte Identifier,MilePost,Road System,Road Character,Road Horizontal Alignment,Road Grade,Road Surface Type,Surface Condition,Light Condition,Environmental Condition,Road Divided By,Temporary Traffic Control Zone,Distance To Cross Street,Unit Of Measurement,Direction From Cross Street,Cross Street Name,Is Ramp,Ramp To/From Route Name,Ramp To/From Route Direction,Posted Speed,Posted Speed Cross Street,First Harmful Event,Latitude,Longitude,Cell Phone In Use Flag,Other Property Damage,Reporting Badge No.
20201311I-2020-005605,MONMOUTH,EATONTOWN BORO,06/12/2020,FR,1243,01,EATONTOWN PD,,0,1,0,0,I,B,N,N,01,2,ROUTE 547,S,547,,00000547__,27.37,05,,01,04,02,01,01,01,05,01,25,FE,N,NJ 35,,,,40,40,26,,,N,,110
20201311I-2020-005611,MONMOUTH,EATONTOWN BORO,06/12/2020,FR,1612,01,EATONTOWN PD,EATONTOWN,0,0,0,0,P,I,N,N,02,2,NJ 36,E,36,,00000036__,.83,02,,01,04,02,01,01,01,01,01,,AT,,GRANT AVE,,,,55,25,26,,,N,,111
20201311I-2020-005613,MONMOUTH,EATONTOWN BORO,06/12/2020,FR,1624,01,EATONTOWN PD,,0,0,0,0,P,B,N,N,01,3,NJ 36,W,36,,00000036__,,02,,01,04,02,01,01,01,01,01,25,FE,E,LAUREL PLACE,,,,55,,26,,,N,VEH 2 FRONT LICENSE PLATE.,110
20201311I-2020-005617,MONMOUTH,EATONTOWN BORO,06/12/2020,FR,1839,01,EATONTOWN PD,EATONTOWN,0,0,0,0,P,B,N,N,01,2,NJ 36,W,36,,00000036__,1.18,02,,01,04,02,01,01,01,03,01,500,FE,W,ROUTE 547 / WYCKOFF RD,,,,55,40,26,,,N,,122
20201311I-2020-005644,MONMOUTH,EATONTOWN BORO,06/13/2020,SA,1514,01,EATONTOWN PD,,0,0,0,0,P,B,N,N,02,2,NJ 36,E,36,,00000036__,1.59,02,,01,04,02,01,01,01,03,01,250,FE,E,NJ 35 / NEPTUNE BLVD,,,,55,45,26,,,N,,119
20201311I-2020-005733,MONMOUTH,EATONTOWN BORO,06/15/2020,MO,1830,01,EATONTOWN PD,,0,0,0,0,P,I,N,N,03,2,NJ 36,W,36,,00000036__,.00,02,,01,04,02,01,01,01,03,01,,AT,,CR 51 / HOPE RD,,,,55,50,26,,,N,,109
20201311I-2020-005852,MONMOUTH,EATONTOWN BORO,06/19/2020,FR,2111,01,EATONTOWN PD,,0,0,0,0,P,B,N,N,02,2,NJ 35,S,35,,00000035__,30.39,02,,01,04,02,01,06,01,05,01,273,FE,S,NJ 71 / ROUTE 537 / BROAD ST,,,,45,30,26,,,N,,120
20201311I-2020-005883,MONMOUTH,EATONTOWN BORO,06/20/2020,SA,1659,01,EATONTOWN PD,EATONTOWN,0,0,0,0,P,B,N,N,01,2,NJ 36,W,36,,00000036__,2.07,02,,01,04,02,01,01,01,03,01,200,FE,E,DMV JUG HANDLE,,,,50,15,26,,,N,,123
20201311I-2020-005885,MONMOUTH,EATONTOWN BORO,06/20/2020,SA,1804,01,EATONTOWN PD,EATONTOWN,0,0,0,0,P,B,N,N,01,2,ROUTE 547,N,547,,00000547__,27.37,05,,01,04,02,01,01,01,05,01,25,FE,S,NJ 35,,,,35,40,26,,,N,,123
20201311I-2020-005950,MONMOUTH,EATONTOWN BORO,06/22/2020,MO,1300,01,EATONTOWN PD,,0,0,0,0,P,B,N,N,08,2,INDUSTRIAL WAY W,E,,,13111111__,.40,07,,01,04,02,01,01,01,05,01,2100,FE,E,HOPE RD,,,,45,50,26,,,N,,107
20201311I-2020-005974,MONMOUTH,EATONTOWN BORO,06/23/2020,TU,1143,01,EATONTOWN PD,EATONTOWN,0,0,0,0,P,B,N,N,03,2,NJ 35,S,35,,00000035__,30.40,02,,01,04,02,01,01,01,04,01,200,FE,S,NJ 71 / ROUTE 537 / BROAD ST,,,,30,30,26,,,N,,125
20201311I-2020-005981,MONMOUTH,EATONTOWN BORO,06/23/2020,TU,1545,01,EATONTOWN PD,,0,1,0,0,I,I,N,N,11,2,NJ 35,N,35,,00000035__,29.00,02,,01,04,02,01,01,01,01,01,,AT,,MALL JUGHANDLE,,,,45,,41,,,N,CENTER MEDIAN GUARDRAIL CRASH CUSHION NO PEDESTRIAN - USE CROSSWALK SIGN,106
20201311I-2020-006023,MONMOUTH,EATONTOWN BORO,06/24/2020,WE,1547,01,EATONTOWN PD,EATONTOWN,0,1,0,0,I,I,N,N,03,2,MONMOUTH COUNTY 51,N,51,,13000051__,.89,05,,01,04,02,01,01,01,05,01,,AT,E,,T,NJ 36,EB,50,,26,,,N,,123
20201311I-2020-006040,MONMOUTH,EATONTOWN BORO,06/25/2020,TH,1254,01,EATONTOWN PD,,0,0,0,0,P,I,N,N,02,2,NJ 35,S,35,,00000035__,29.00,02,,01,04,02,01,01,01,01,01,,AT,,MALL JUGHANDLE,,,,50,,26,,,N,,121
20201311I-2020-006045,MONMOUTH,EATONTOWN BORO,06/25/2020,TH,1426,01,EATONTOWN PD,,0,0,0,0,P,B,N,N,02,2,NJ 36,W,36,,00000036__,.04,02,,01,04,02,01,01,01,03,01,200,FE,E,CR 51 / HOPE RD,,,,55,50,26,,,N,,104
20201311I-2020-006066,MONMOUTH,EATONTOWN BORO,06/26/2020,FR,0643,01,EATONTOWN PD,EATONTOWN,0,0,0,0,P,B,N,N,99,2,NJ 18,N,18,,00000018__,,02,,01,04,02,01,01,01,01,01,1000,FE,S,CR 51,,,,55,20,30,,,N,,122
20201311I-2020-006069,MONMOUTH,EATONTOWN BORO,06/26/2020,FR,0917,01,EATONTOWN PD,EATONTOWN,0,0,0,0,P,B,N,N,01,2,ROUTE 547,S,547,,00000547__,27.38,05,,01,04,02,01,01,01,05,01,50,FE,N,NJ 35,,,,40,40,26,,,N,,810
20201311I-2020-006081,MONMOUTH,EATONTOWN BORO,06/26/2020,FR,1553,01,EATONTOWN PD,EATONTOWN,0,0,0,0,P,B,N,N,01,2,MONMOUTH COUNTY 32,E,32,,13000032__,.02,05,,01,04,02,01,01,01,02,01,100,FE,E,,F,NJ 35,,40,,26,,,N,,122
20201311I-2020-006083,MONMOUTH,EATONTOWN BORO,06/26/2020,FR,1654,01,EATONTOWN PD,,0,0,0,0,P,B,N,N,02,2,NJ 36,W,36,,00000036__,1.54,02,,01,04,02,01,01,01,03,01,,,,,T,NJ 35,SB,36,,26,,,N,,107
20201311I-2020-006090,MONMOUTH,EATONTOWN BORO,06/26/2020,FR,2131,01,EATONTOWN PD,,0,0,0,0,P,B,N,N,12,1,NJ 36,W,36,,00000036__,1.25,02,,01,04,02,01,06,01,01,01,100,FE,W,ROUTE 547 / WYCKOFF RD,,,,50,40,24,,,N,,106
20201311I-2020-006105,MONMOUTH,EATONTOWN BORO,06/27/2020,SA,1539,01,EATONTOWN PD,,0,2,0,0,I,B,N,N,01,2,MONMOUTH COUNTY 32,W,32,,13000032__,.00,05,,01,04,02,01,01,01,02,01,10,FE,E,NJ 35,,,,40,45,26,,,N,,560
20201311I-2020-006107,MONMOUTH,EATONTOWN BORO,06/27/2020,SA,1617,01,EATONTOWN PD,EATONTOWN,0,0,0,0,P,B,N,N,02,2,NJ 36,W,36,,00000036__,1.31,02,,01,04,02,01,01,01,03,01,200,FE,E,ROUTE 547 / WYCKOFF RD,,,,50,40,26,,,N,,122
20201311I-2020-006125,MONMOUTH,EATONTOWN BORO,06/28/2020,SU,0403,01,EATONTOWN PD,,0,0,0,0,P,B,N,N,11,1,BUTTONWOOD AVE / GRANT AVE **,N,,,13111045__,.31,07,,01,04,02,01,06,01,05,01,100,FE,N,RICHARDSON AVE,,,,25,25,56,,,N,POLE #BT 40346 (IN FRONT OF 94 GRANT AVENUE),110
20201311I-2020-006155,MONMOUTH,EATONTOWN BORO,06/29/2020,MO,1253,01,EATONTOWN PD,,0,0,0,0,P,B,N,N,02,2,NJ 36,W,36,,00000036__,1.56,02,,01,04,02,01,01,01,05,01,100,FE,E,NJ 35 / NEPTUNE BLVD,,,,50,40,26,,,N,,104
20201311I-2020-006208,MONMOUTH,EATONTOWN BORO,07/01/2020,WE,1420,01,EATONTOWN PD,EATONTOWN,0,0,0,0,P,B,N,N,01,2,NJ 36,E,36,,00000036__,1.53,02,,01,04,02,02,01,02,03,01,50,FE,W,NJ 35 / NEPTUNE BLVD,,,,50,50,26,,,N,,123
20201311I-2020-006216,MONMOUTH,EATONTOWN BORO,07/01/2020,WE,1821,01,EATONTOWN PD,EATONTOWN,0,0,0,0,P,B,N,N,01,2,NJ 35,S,35,,00000035__,29.41,02,,01,04,02,01,01,01,02,01,100,FE,N,NJ 36,,,,50,50,26,,,N,,122
20201311I-2020-006236,MONMOUTH,EATONTOWN BORO,07/02/2020,TH,1205,01,EATONTOWN PD,EATONTOWN,0,0,0,0,P,I,N,N,11,1,PINEBROOK ROAD,S,,,,,07,,01,04,02,01,01,01,05,01,,AT,,WEDGEWOOD CIRCLE,,,,25,25,69,,,N,UTILITY POLE #JC1296ETN AND #JC1297ETN WERE BOTH REPORTED TO JCP&L POWER COMPAN?,660
20201311I-2020-006239,MONMOUTH,EATONTOWN BORO,07/02/2020,TH,1230,01,EATONTOWN PD,EATONTOWN,0,0,0,0,P,B,N,N,02,2,NJ 18,S,18,,00000018__,13.41,02,,03,04,02,01,01,01,03,01,1000,FE,S,HOPE ROAD,,,,55,40,26,,,N,,860
20201311I-2020-006269,MONMOUTH,EATONTOWN BORO,07/03/2020,FR,1356,01,EATONTOWN PD,EATONTOWN,0,0,0,0,P,B,N,N,02,2,NJ 36,E,36,,00000036__,.64,02,,01,04,02,01,01,01,01,01,1000,FE,W,GRANT AVE,,,,55,25,26,,,N,,109
20201311I-2020-006271,MONMOUTH,EATONTOWN BORO,07/03/2020,FR,1527,01,EATONTOWN PD,EATONTOWN,0,2,0,0,I,B,N,N,01,3,NJ 36,W,36,,00000036__,2.03,02,,01,04,02,01,01,01,03,01,300,FE,E,DMV JUGHANDLE,,,,50,25,26,,,N,,117
20201311I-2020-006275,MONMOUTH,EATONTOWN BORO,07/03/2020,FR,1653,01,EATONTOWN PD,EATONTOWN,0,0,0,0,P,B,N,N,01,2,NJ 36,W,36,,00000036__,.92,02,,01,04,02,01,01,01,03,01,500,FE,E,GRANT AVE,,,,45,25,26,,,N,,117
20201311I-2020-006280,MONMOUTH,EATONTOWN BORO,07/03/2020,FR,1829,01,EATONTOWN PD,EATONTOWN,0,0,0,0,P,B,N,N,02,2,NJ 36,E,36,,00000036__,1.54,02,,01,04,02,01,01,01,03,01,25,FE,W,NJ 35 / NEPTUNE BLVD,,,,50,50,26,,,N,,740
20201311I-2020-006316,MONMOUTH,EATONTOWN BORO,07/05/2020,SU,1156,01,EATONTOWN PD,EATONTOWN,0,0,0,0,P,B,N,N,02,2,ROUTE 547,N,547,,00000547__,26.89,05,,01,04,02,01,01,01,02,01,1000,FE,S,NJ 36,,,,40,50,26,,,N,,109
20201311I-2020-006364,MONMOUTH,EATONTOWN BORO,07/07/2020,TU,1021,01,EATONTOWN PD,EATONTOWN,0,0,0,0,P,B,N,N,01,3,NJ 36,E,36,,00000036__,2.03,02,,01,04,02,01,01,01,03,01,25,FE,E,DMV JUG HANDLE,,,,50,25,26,,,N,,108
20201311I-2020-006369,MONMOUTH,EATONTOWN BORO,07/07/2020,TU,1416,01,EATONTOWN PD,EATONTOWN,0,0,0,0,P,B,N,N,06,2,125 WYCKOFF ROAD,E,,,,,09,,01,04,02,01,01,01,05,01,,,,WYCKOFF ROAD,,,,25,,26,,,N,,122
20201311I-2020-006372,MONMOUTH,EATONTOWN BORO,07/07/2020,TU,1625,01,EATONTOWN PD,,0,0,0,0,P,B,N,N,02,2,NJ 36,E,36,,00000036__,1.52,02,,01,04,02,01,01,01,03,01,100,FE,W,NJ 35 / NEPTUNE BLVD,,,,50,50,26,,,N,,108
20201311I-2020-006408,MONMOUTH,EATONTOWN BORO,07/08/2020,WE,1618,01,EATONTOWN PD,EATONTOWN,0,0,0,0,P,I,N,N,99,2,NJ 36,E,36,,00000036__,.00,02,,01,04,02,01,01,01,04,01,,AT,,CR 51 / HOPE RD,,,,55,,30,,,N,,109
20201311I-2020-006433,MONMOUTH,EATONTOWN BORO,07/09/2020,TH,1303,01,EATONTOWN PD,EATONTOWN,0,0,0,0,P,B,N,N,01,2,NJ 36,W,36,,00000036__,.85,02,,01,04,02,01,01,01,01,01,100,FE,E,GRANT AVE,,,,55,25,26,,,N,,121
20201311I-2020-006450,MONMOUTH,EATONTOWN BORO,07/09/2020,TH,2213,01,EATONTOWN PD,EATONTOWN,1,0,0,0,F,B,N,N,01,2,NJ 35,S,35,,00000035__,30.75,02,,01,05,02,01,05,01,05,01,500,FE,N,ROUTE 537 / TINTON AVE,,,,40,35,56,,,N,,116
20201311I-2020-006481,MONMOUTH,EATONTOWN BORO,07/10/2020,FR,1510,01,EATONTOWN PD,EATONTOWN,0,0,0,0,P,B,N,N,02,2,ROUTE 547,S,547,,00000547__,27.35,05,,01,04,02,02,01,02,05,01,100,FE,S,NJ 35,,,,35,40,26,,,N,,107
20201311I-2020-006483,MONMOUTH,EATONTOWN BORO,07/10/2020,FR,1551,01,EATONTOWN PD,EATONTOWN,0,0,0,0,P,B,N,N,99,1,RICHARSON AVE **,E,,,13111055__,.22,07,,01,04,02,02,01,02,05,01,50,FE,E,GRANT AVE,,,,25,25,60,,,N,,106
20201311I-2020-006505,MONMOUTH,EATONTOWN BORO,07/11/2020,SA,1447,01,EATONTOWN PD,EATONTOWN,0,0,0,0,P,B,N,N,01,2,NJ 36,W,36,,00000036__,2.03,02,,01,04,02,01,01,01,03,01,100,FE,E,DMV JUGHANDLE,,,,55,25,26,,,N,,108
20201311I-2020-006508,MONMOUTH,EATONTOWN BORO,07/11/2020,SA,1646,01,EATONTOWN PD,EATONTOWN,0,0,0,0,P,B,N,N,08,2,EAST LOT,N,,,,,09,,01,04,02,01,01,01,05,01,,,,,,,,25,,00,,,N,,108
20201311I-2020-006535,MONMOUTH,EATONTOWN BORO,07/12/2020,SU,2333,01,EATONTOWN PD,EATONTOWN,0,0,0,0,P,B,Y,N,11,1,NJ 71,S,71,,00000071__,16.74,02,,01,04,02,01,06,01,05,01,200,FE,S,NJ 35 / NEPTUNE BOULEVARD,,,,30,35,52,,,N,JCPL UTILITY POLE SOLAR LANDSCAPING LIGHTS FROM 21 BROAD STREET,111
20201311I-2020-006538,MONMOUTH,EATONTOWN BORO,07/13/2020,MO,0806,01,EATONTOWN PD,EATONTOWN,0,1,0,0,I,I,N,N,14,1,MERIDIAN RD **,N,,,13111086__,.35,07,,01,04,02,01,01,01,05,01,,AT,,INDUSTRIAL WAY WEST,,,,25,45,21,,,N,,120
20201311I-2020-006591,MONMOUTH,EATONTOWN BORO,07/14/2020,TU,1241,01,EATONTOWN PD,EATONTOWN,0,0,0,0,P,B,N,N,01,2,NJ 35,S,35,,00000035__,30.65,02,,01,04,02,01,01,01,05,01,30,FE,S,ROUTE 537 / TINTON AVE,,,,35,35,26,,,N,,840
20201311I-2020-006597,MONMOUTH,EATONTOWN BORO,07/14/2020,TU,1600,01,EATONTOWN PD,EATONTOWN,0,0,0,0,P,B,N,N,08,2,109 RT 36,,,,,,04,,01,04,02,01,01,01,05,01,,,,,,,,,,26,,,N,,840
20201311I-2020-006618,MONMOUTH,EATONTOWN BORO,07/15/2020,WE,0925,01,EATONTOWN PD,EATONTOWN,0,0,0,0,P,B,N,N,01,2,NJ 36,E,36,,00000036__,.58,02,,01,04,02,01,01,01,01,01,1320,FE,W,GRANT AVE,,,,55,25,26,,,N,,108
20201311I-2020-006622,MONMOUTH,EATONTOWN BORO,07/15/2020,WE,1118,01,EATONTOWN PD,EATONTOWN,0,0,0,0,P,B,N,N,01,2,NJ 35,N,35,,00000035__,30.25,02,,01,04,02,01,01,01,04,01,1016,FE,S,NJ 71 / ROUTE 537 / BROAD ST,,,,35,35,26,,,N,,120
20201311I-2020-006677,MONMOUTH,EATONTOWN BORO,07/16/2020,TH,1459,01,EATONTOWN PD,EATONTOWN,0,0,0,0,P,B,N,N,06,3,COUNTRY CLUB RD ROAD,N,,,,,07,,01,04,02,01,01,01,05,01,1000,FE,N,ROUTE 537,,,,15,35,26,,,N,,117
20201311I-2020-006681,MONMOUTH,EATONTOWN BORO,07/16/2020,TH,1531,01,EATONTOWN PD,EATONTOWN,0,1,0,0,I,B,N,N,01,2,NJ 35,S,35,,00000035__,28.34,02,,01,04,02,01,01,01,01,04,50,FE,N,INDUSTRIAL WAY,,,,45,40,26,,,N,,860
20201311I-2020-006688,MONMOUTH,EATONTOWN BORO,07/16/2020,TH,1834,01,EATONTOWN PD,,0,3,0,0,I,B,N,N,01,3,NJ 36,W,36,,00000036__,.02,02,,01,04,02,01,01,01,03,01,100,FE,E,CR 51 / HOPE RD,,,,50,40,26,,,N,,108
20201311I-2020-006735,MONMOUTH,EATONTOWN BORO,07/18/2020,SA,1730,01,EATONTOWN PD,EATONTOWN,0,1,0,0,I,B,N,N,01,2,NJ 36,W,36,,00000036__,1.35,02,,01,04,02,01,01,01,03,01,426,FE,E,ROUTE 547 / WYCKOFF RD,,,,50,35,26,,,N,,120
20201311I-2020-006783,MONMOUTH,EATONTOWN BORO,07/20/2020,MO,1128,01,EATONTOWN PD,EATONTOWN,0,0,0,0,P,B,N,N,01,2,NJ 35,S,35,,00000035__,28.34,02,,01,04,02,02,01,01,01,01,60,FE,N,INDUSTRIAL WAY,,,,45,45,26,,,N,,110
20201311I-2020-006793,MONMOUTH,EATONTOWN BORO,07/20/2020,MO,1542,01,EATONTOWN PD,,0,3,0,0,I,B,N,N,01,3,NJ 36,E,36,,00000036__,2.03,02,,01,04,02,01,01,01,05,01,150,FE,W,DMV JUGHANDLE,,,,55,,26,,,N,,540
20201311I-2020-006795,MONMOUTH,EATONTOWN BORO,07/20/2020,MO,1711,01,EATONTOWN PD,EATONTOWN,0,0,0,0,P,B,N,N,01,2,NJ 36,W,36,,00000036__,2.03,02,,01,04,02,01,01,01,03,01,100,FE,E,DMV JUG HANDLE,,,,50,25,26,,,N,,840
20201311I-2020-006796,MONMOUTH,EATONTOWN BORO,07/20/2020,MO,1730,01,EATONTOWN PD,EATONTOWN,0,0,0,0,P,B,N,N,99,3,NJ 36,E,36,,00000036__,1.24,02,,01,04,02,01,01,01,03,01,150,FE,W,ROUTE 547 / WYCKOFF RD,,,,50,40,26,,,N,,110
20201311I-2020-006812,MONMOUTH,EATONTOWN BORO,07/21/2020,TU,1040,01,EATONTOWN PD,EATONTOWN,0,0,0,0,P,B,N,N,99,2,NJ 36,S,36,,00000036__,2.04,02,,02,04,02,01,01,01,05,01,75,FE,N,DMV JUGHANDLE,,,,25,50,26,,,N,,110
20201311I-2020-006851,MONMOUTH,EATONTOWN BORO,07/22/2020,WE,1548,01,EATONTOWN PD,EATONTOWN,0,0,0,0,P,B,N,N,01,2,NJ 36,W,36,,00000036__,2.17,02,,01,04,02,01,01,01,03,01,746,FE,E,DMV JUGHANDLE,,,,50,25,26,,,N,,116
20201311I-2020-006855,MONMOUTH,EATONTOWN BORO,07/22/2020,WE,1806,01,EATONTOWN PD,,0,0,0,0,P,B,N,N,04,2,NJ 35,S,35,,00000035__,30.65,02,,01,04,02,01,03,01,05,01,40,FE,S,ROUTE 537 / TINTON AVE,,,,30,35,26,,,N,,103
20201311I-2020-006875,MONMOUTH,EATONTOWN BORO,07/23/2020,TH,1155,01,EATONTOWN PD,EATONTOWN,0,0,0,0,P,B,N,N,01,2,NJ 35,S,35,,00000035__,29.39,02,,01,04,02,01,01,05,02,01,10,FE,N,NJ 36,,,,45,50,26,,,N,,740
20201311I-2020-006877,MONMOUTH,EATONTOWN BORO,07/23/2020,TH,1235,01,EATONTOWN PD,EATONTOWN,0,0,0,0,P,B,N,N,01,3,NJ 71,E,71,,00000071__,15.77,02,,01,04,02,02,02,02,05,01,222,FE,E,ETON PL / MAIN ST,,,,35,25,26,,,N,,116
20201311I-2020-006879,MONMOUTH,EATONTOWN BORO,07/23/2020,TH,1245,01,EATONTOWN PD,,0,1,0,0,I,B,N,N,11,1,NJ 35,N,35,,00000035__,28.34,02,,01,04,02,02,01,01,01,01,50,FE,N,INDUSTRIAL WAY,,,,50,40,48,,,N,,840
20201311I-2020-006994,MONMOUTH,EATONTOWN BORO,07/27/2020,MO,1010,01,EATONTOWN PD,,0,0,0,0,P,B,N,N,03,2,INDUSTRIAL WAY W,E,,,13111111__,1.41,07,,01,05,02,01,01,01,05,01,30,FE,W,NJ 35,,,,45,50,26,,,N,,840
20201311I-2020-007008,MONMOUTH,EATONTOWN BORO,07/27/2020,MO,1825,01,EATONTOWN PD,EATONTOWN,0,0,0,0,P,B,N,N,01,2,NJ 36,E,36,,00000036__,1.65,02,,01,04,02,01,01,01,03,01,568,FE,E,NJ 35 / NEPTUNE BLVD,,,,50,40,26,,,N,,116
20201311I-2020-007058,MONMOUTH,EATONTOWN BORO,07/29/2020,WE,0934,01,EATONTOWN PD,,0,0,0,0,P,B,N,N,06,2,109 RT 36,,,,,,10,,01,04,02,01,01,01,05,01,,,,,,,,20,,26,,,N,,119
20201311I-2020-007059,MONMOUTH,EATONTOWN BORO,07/29/2020,WE,1239,01,EATONTOWN PD,,0,0,0,0,P,B,N,N,01,2,NJ 36,E,36,,00000036__,1.53,02,,01,04,02,01,01,01,03,01,50,FE,W,NJ 35 / NEPTUNE BLVD,,,,50,50,26,,,N,,119
20201311I-2020-007064,MONMOUTH,EATONTOWN BORO,07/29/2020,WE,1459,01,EATONTOWN PD,,0,0,0,0,P,B,N,N,01,2,NJ 36,E,36,,00000036__,.79,02,,01,04,02,01,01,01,03,01,200,FE,W,GRANT AVE,,,,55,25,26,,,N,,540
20201311I-2020-007090,MONMOUTH,EATONTOWN BORO,07/30/2020,TH,1827,01,EATONTOWN PD,,0,0,0,0,P,I,N,N,03,2,MONMOUTH COUNTY 51,N,51,,13000051__,.89,05,,01,04,02,01,01,01,04,01,,AT,,NJ 36 / GARDEN STATE PARKWAY SPUR,,,,50,30,26,,,N,,119
20201311I-2020-007135,MONMOUTH,EATONTOWN BORO,08/01/2020,SA,1308,01,EATONTOWN PD,,0,0,0,0,P,B,N,N,08,2,SOUTH ST **,W,,,13111043__,.42,07,,01,04,02,01,01,01,05,01,150,FE,W,CHURCH ST,,,,25,,26,,,N,,840
20201311I-2020-007158,MONMOUTH,EATONTOWN BORO,08/02/2020,SU,1133,01,EATONTOWN PD,,0,0,0,0,P,B,N,N,06,2,EATONCREST DRIVE,S,,,,,07,,02,04,02,01,06,01,05,01,,,,,,,,25,,26,,,N,,103
20201311I-2020-007167,MONMOUTH,EATONTOWN BORO,08/02/2020,SU,2250,01,EATONTOWN PD,EATONTOWN,0,0,0,0,P,B,N,N,02,2,NJ 35,S,35,,00000035__,29.39,02,,01,04,02,01,07,01,02,01,10,FE,N,NJ 36,,,,40,50,26,,,N,,104
20201311I-2020-007189,MONMOUTH,EATONTOWN BORO,08/03/2020,MO,1415,01,EATONTOWN PD,EATONTOWN,0,1,0,0,I,I,N,N,07,2,NJ 35,E,35,,00000035__,29.39,02,,01,04,02,01,01,01,03,01,,AT,,NJ 36,,,,50,40,26,,,N,"NJDOT TRAFFIC SIGN """"NO TURNS/DO NOT ENTER"""" NJDOT TRAFFIC LIGHT STANDARD CORNE?",111
20201311I-2020-007199,MONMOUTH,EATONTOWN BORO,08/03/2020,MO,1927,01,EATONTOWN PD,EATONTOWN,0,1,0,0,I,B,N,N,01,2,NJ 36,E,36,,00000036__,1.57,02,,01,04,02,01,03,01,03,01,150,FE,E,NJ 35 / NEPTUNE BLVD,,,,50,40,26,,,N,,560
20201311I-2020-007305,MONMOUTH,EATONTOWN BORO,08/04/2020,TU,1757,01,EATONTOWN PD,EATONTOWN,0,0,0,0,P,B,N,N,01,2,ROUTE 547,N,547,,00000547__,27.09,05,,01,04,02,01,01,01,01,01,30,FE,N,NJ 36,,,,35,55,26,,,N,,119
20201311I-2020-007311,MONMOUTH,EATONTOWN BORO,08/04/2020,TU,1927,01,EATONTOWN PD,EATONTOWN,0,0,0,0,P,B,N,N,01,2,ROUTE 547,N,547,,00000547__,27.33,05,,01,04,02,01,01,01,05,01,200,FE,W,NJ 35,,,,35,40,26,,,N,,111
20201311I-2020-007312,MONMOUTH,EATONTOWN BORO,08/04/2020,TU,1950,01,EATONTOWN PD,EATONTOWN,0,0,0,0,P,B,N,N,01,2,NJ 36,W,36,,00000036__,.00,02,,01,04,02,01,01,01,03,01,15,FE,E,CR 51 / HOPE RD,,,,55,40,26,,,N,,122
20201311I-2020-007352,MONMOUTH,EATONTOWN BORO,08/05/2020,WE,1004,01,EATONTOWN PD,,0,0,0,0,P,I,N,N,01,2,MONMOUTH COUNTY 32,W,32,,13000032__,.00,05,,03,04,02,01,01,01,05,01,,AT,,NJ 35,,,,25,40,26,,,N,,103
20201311I-2020-007378,MONMOUTH,EATONTOWN BORO,08/05/2020,WE,1503,01,EATONTOWN PD,EATONTOWN,0,0,0,0,P,B,N,N,01,2,MONMOUTH COUNTY 32,W,32,,13000032__,.00,05,,01,04,02,01,,01,05,01,5,FE,E,NJ 35,,,,30,45,26,,,N,,120
20201311I-2020-007382,MONMOUTH,EATONTOWN BORO,08/05/2020,WE,1529,01,EATONTOWN PD,,0,0,0,0,P,I,N,N,03,2,SOUTH ST **,S,,,13111043__,.69,07,,01,04,02,01,01,01,05,01,,AT,,BUTTONWOOD AVE,,,,25,25,26,,,N,,103
20201311I-2020-007431,MONMOUTH,EATONTOWN BORO,08/06/2020,TH,1758,01,EATONTOWN PD,EATONTOWN,0,0,0,0,P,B,N,N,01,2,NJ 36,W,36,,00000036__,.84,02,,01,04,02,01,01,01,03,01,50,FE,E,GRANT AVE,,,,55,25,26,,,N,,125
20201311I-2020-007432,MONMOUTH,EATONTOWN BORO,08/06/2020,TH,1807,01,EATONTOWN PD,EATONTOWN,0,0,0,0,P,B,N,N,01,2,NJ 36,E,36,,00000036__,.84,02,,03,04,02,01,01,01,01,01,50,FE,E,GRANT AVE,,,,50,25,26,,,N,,840
20201311I-2020-007436,MONMOUTH,EATONTOWN BORO,08/06/2020,TH,2005,01,EATONTOWN PD,EATONTOWN,0,0,0,0,P,B,N,N,12,1,BROAD ST / LEWIS ST / MAXWELL RD **,S,,,13111015__,.50,07,,01,04,02,01,03,01,05,01,1000,FE,S,LEWIS ST,,,,25,25,24,,,N,,117
20201311I-2020-007472,MONMOUTH,EATONTOWN BORO,08/07/2020,FR,2047,01,EATONTOWN PD,EATONTOWN,0,0,0,0,P,B,N,N,99,1,MONMOUTH COUNTY 32,W,32,,13000032__,.06,05,,01,04,02,02,07,02,05,01,300,FE,E,NJ 35,,,,35,40,56,,,N,THE VEHICLE DROVE ON THE GRASS OF THE 'CROSSROADS AT EATONTOWN' (231 NJ-35  EAT?,125
20201311I-2020-007535,MONMOUTH,EATONTOWN BORO,08/09/2020,SU,0904,01,EATONTOWN PD,EATONTOWN,0,0,0,0,P,B,N,N,01,2,INDUSTRIAL WAY W,W,,,13111111__,.00,07,,01,04,02,01,01,01,05,01,10,FE,E,HOPE RD,,,,45,50,26,,,N,,106
20201311I-2020-007538,MONMOUTH,EATONTOWN BORO,08/09/2020,SU,1151,01,EATONTOWN PD,EATONTOWN,0,0,0,0,P,B,N,N,01,2,NJ 36,E,36,,00000036__,2.01,02,,01,04,02,01,01,01,03,01,100,FE,W,DMW JUGHANDLE,,,,50,25,26,,,N,,106