Year(4)-CountyCode(2)-MunicipalityCode(2)-CaseNumber(9),County Name,Municipality Name,Crash Date,Crash Day of Week,Crash Time,Police Department Code,Police Department,Police Station,Total Killed,Total Injured,Pedestrians Killed,Pedestrians Injured,Severity,Intersection,Alcohol Involved,Hazmat Involved,Crash Type,Total Vehicles,Location,Location Direction,Route,Route Suffix,Std Rte Identifier,MilePost,Road System,Road Character,Road Horizontal Alignment,Road Grade,Road Surface Type,Surface Condition,Light Condition,Environmental Condition,Road Divided By,Temporary Traffic Control Zone,Distance To Cross Street,Unit Of Measurement,Direction From Cross Street,Cross Street Name,Is Ramp,Ramp To/From Route Name,Ramp To/From Route Direction,Posted Speed,Posted Speed Cross Street,First Harmful Event,Latitude,Longitude,Cell Phone In Use Flag,Other Property Damage,Reporting Badge No.
20201311I-2020-011047,MONMOUTH,EATONTOWN BORO,11/26/2020,TH,1510,01,EATONTOWN PD,EATONTOWN,0,0,0,0,P,B,N,N,01,2,NJ 36,W,36,,00000036__,.78,02,,01,04,02,01,01,01,01,01,271,FE,W,GRANT AVE,,,,55,25,26,,,N,,116
20201311I-2020-011066,MONMOUTH,EATONTOWN BORO,11/27/2020,FR,0935,01,EATONTOWN PD,,0,0,0,0,P,B,N,N,01,2,NJ 36,E,36,,00000036__,2.02,02,,01,04,02,01,01,01,03,01,40,FE,W,DMV JUGHANDLE,,,,50,25,26,,,N,,110
20201311I-2020-011078,MONMOUTH,EATONTOWN BORO,11/27/2020,FR,1721,01,EATONTOWN PD,,0,2,0,0,I,B,N,N,01,2,NJ 35,N,35,,00000035__,28.24,02,,01,06,02,01,07,01,01,01,500,FE,S,INDUSTRIAL WAY,,,,50,40,26,,,N,,119
20201311I-2020-011083,MONMOUTH,EATONTOWN BORO,11/27/2020,FR,1837,01,EATONTOWN PD,,0,0,0,0,P,B,N,N,01,2,NJ 35,N,35,,00000035__,29.39,02,,01,05,02,01,06,01,02,01,10,FE,S,NJ 36,,,,40,50,26,,,N,,119
20201311I-2020-011086,MONMOUTH,EATONTOWN BORO,11/27/2020,FR,1953,01,EATONTOWN PD,EATONTOWN,0,0,0,0,P,B,N,N,01,2,NJ 36,W,36,,00000036__,1.54,02,,03,04,02,01,06,01,05,01,,,,,T,NJ 35,NB,50,,26,,,N,,122
20201311I-2020-011176,MONMOUTH,EATONTOWN BORO,12/01/2020,TU,1105,01,EATONTOWN PD,,0,0,0,0,P,I,N,N,11,1,NJ 35,,35,,00000035__,29.00,02,,01,06,02,01,01,01,01,01,,AT,N,WALL STREET,,,,40,35,,,,N,NJ DEPT OF TRANSPORTATION FIVE FOOT SECTION OF METAL GUARD RAIL LOCATED AT SAME?,660
20201311I-2020-011223,MONMOUTH,EATONTOWN BORO,12/02/2020,WE,1757,01,EATONTOWN PD,,0,0,0,0,P,B,N,N,01,2,NJ 36,W,36,,00000036__,1.02,02,,02,04,02,01,05,01,03,01,1000,FE,E,GRANT AVE,,,,55,25,26,,,Y,,119
20201311I-2020-011224,MONMOUTH,EATONTOWN BORO,12/02/2020,WE,1818,01,EATONTOWN PD,EATONTOWN,0,0,0,0,P,B,N,N,07,2,NJ 35,N,35,,00000035__,30.65,02,,01,04,02,01,06,01,05,01,75,FE,S,ROUTE 537 / TINTON AVE,,,,30,40,26,,,N,,122
20201311I-2020-011237,MONMOUTH,EATONTOWN BORO,12/03/2020,TH,0923,01,EATONTOWN PD,,0,0,0,0,P,B,N,N,02,2,MONMOUTH COUNTY 51,N,51,,13000051__,1.24,05,,01,04,02,01,01,01,05,01,10,FE,S,PINE BROOK RD,,,,40,25,26,,,N,,119
20201311I-2020-011241,MONMOUTH,EATONTOWN BORO,12/03/2020,TH,1227,01,EATONTOWN PD,,0,0,0,0,P,B,N,N,02,2,NJ 35,N,35,,00000035__,30.42,02,,01,04,02,01,01,01,05,01,100,FE,S,NJ 71 / ROUTE 537 / BROAD ST,,,,30,30,26,,,N,,540
20201311I-2020-011312,MONMOUTH,EATONTOWN BORO,12/05/2020,SA,1235,01,EATONTOWN PD,EATONTOWN,0,0,0,0,P,B,N,N,01,2,NJ 35,N,35,,00000035__,30.35,02,,01,04,02,02,01,02,05,01,500,FE,S,NJ 71 / ROUTE 537 / BROAD ST,,,,40,25,26,,,N,,123
20201311I-2020-011326,MONMOUTH,EATONTOWN BORO,12/05/2020,SA,2224,01,EATONTOWN PD,,0,0,0,0,P,B,N,N,02,2,SOUTH ST **,W,,,,,07,,01,04,02,01,07,01,05,01,30,FE,E,MYRTLE AVENUE,,,,25,25,26,40.294060,74.056450,N,,840
20201311I-2020-011336,MONMOUTH,EATONTOWN BORO,12/06/2020,SU,1218,01,EATONTOWN PD,EATONTOWN,0,0,0,0,P,B,N,N,01,2,NJ 35,S,35,,00000035__,30.06,02,,01,04,02,01,01,,05,01,10,FE,N,CLINTON AVE,,,,30,25,26,,,N,,123
20201311I-2020-011337,MONMOUTH,EATONTOWN BORO,12/06/2020,SU,1244,01,EATONTOWN PD,,0,0,0,0,P,B,N,N,01,2,NJ 35,S,35,,00000035__,29.39,02,,01,04,02,01,01,01,02,01,25,FE,N,NJ 36,,,,40,50,26,,,N,,121
20201311I-2020-011342,MONMOUTH,EATONTOWN BORO,12/06/2020,SU,1529,01,EATONTOWN PD,,0,0,0,0,P,I,N,N,01,2,NJ 36,W,36,,00000036__,1.54,02,,03,04,02,01,01,01,02,01,,AT,,NJ 35 / NEPTUNE BLVD,,,,50,40,26,,,N,,121
20201311I-2020-011347,MONMOUTH,EATONTOWN BORO,12/06/2020,SU,1847,01,EATONTOWN PD,,0,0,0,0,P,B,N,N,02,2,NJ 36,E,36,,00000036__,.77,02,,01,04,02,01,06,01,03,01,2640,FE,W,ROUTE 547 / WYCKOFF RD,,,,55,40,26,,,N,,121
20201311I-2020-011372,MONMOUTH,EATONTOWN BORO,12/07/2020,MO,1407,01,EATONTOWN PD,,0,0,0,0,P,B,N,N,01,2,FRANKEL WAY,W,,,,,07,,03,04,02,01,01,01,01,01,5,FE,W,NJ 35,,,,35,45,26,40.280300,74.047140,N,,106
20201311I-2020-011395,MONMOUTH,EATONTOWN BORO,12/08/2020,TU,1113,01,EATONTOWN PD,EATONTOWN,0,0,0,0,P,B,N,N,02,2,NJ 35,S,35,,00000035__,30.71,02,,01,05,02,01,01,01,04,01,250,FE,N,ROUTE 537 / TINTON AVE,,,,40,35,26,,,N,,125
20201311I-2020-011422,MONMOUTH,EATONTOWN BORO,12/09/2020,WE,1015,01,EATONTOWN PD,,0,0,0,0,P,B,N,N,15,1,NJ 36,W,36,,00000036__,.64,02,,01,04,02,01,01,01,03,,1000,FE,W,GRANT AVE,,,,50,25,43,,,N,,660
20201311I-2020-011446,MONMOUTH,EATONTOWN BORO,12/10/2020,TH,0807,01,EATONTOWN PD,,0,1,0,0,I,B,N,N,01,3,NJ 36,W,36,,00000036__,.02,02,,01,04,02,01,01,01,03,01,100,FE,E,CR 51 / HOPE RD,,,,55,40,26,,,N,,104
20201311I-2020-011457,MONMOUTH,EATONTOWN BORO,12/10/2020,TH,1736,01,EATONTOWN PD,,0,0,0,0,P,I,N,N,02,2,ROUTE 547,N,547,,00000547__,27.61,05,,01,04,02,01,05,01,05,01,,AT,,CLINTON AVE,,,,40,25,26,,,N,,120
20201311I-2020-011517,MONMOUTH,EATONTOWN BORO,12/12/2020,SA,1659,01,EATONTOWN PD,,0,0,0,0,P,B,N,N,01,2,NJ 35,S,35,,00000035__,28.34,02,,01,04,02,01,06,01,01,01,50,FE,N,INDUSTRIAL WAY,,,,45,45,26,,,N,,109
20201311I-2020-011561,MONMOUTH,EATONTOWN BORO,12/13/2020,SU,2352,01,EATONTOWN PD,,0,0,0,0,P,B,N,N,06,2,MALIBU DR **,E,,,13111118__,.25,07,,01,04,02,01,06,01,05,01,1320,FE,E,BROOKWOOD DR,,,,25,25,28,,,N,,111
20201311I-2020-011566,MONMOUTH,EATONTOWN BORO,12/14/2020,MO,0813,01,EATONTOWN PD,EATONTOWN,0,0,0,0,P,B,N,N,01,2,NJ 36,W,36,,00000036__,1.56,02,,01,04,02,01,01,05,03,01,100,FE,E,NJ 35 / NEPTUNE BLVD,,,,50,40,26,,,N,,117
20201311I-2020-011572,MONMOUTH,EATONTOWN BORO,12/14/2020,MO,1446,01,EATONTOWN PD,EATONTOWN,0,0,0,0,P,B,N,N,01,2,NJ 35,N,35,,00000035__,28.29,02,,01,04,02,01,01,02,01,01,200,FE,S,INDUSTRIAL WAY,,,,50,40,26,,,N,,123
20201311I-2020-011602,MONMOUTH,EATONTOWN BORO,12/15/2020,TU,2209,01,EATONTOWN PD,,0,0,0,0,P,B,N,N,02,2,NJ 18,S,18,,00000018__,13.40,02,,01,04,02,01,06,01,01,01,,,,,,,,65,,26,,,N,,103
20201311I-2020-011626,MONMOUTH,EATONTOWN BORO,12/16/2020,WE,1725,01,EATONTOWN PD,EATONTOWN,0,1,0,0,I,B,N,N,01,2,NJ 36,E,36,,00000036__,.40,02,,01,04,02,03,06,03,03,01,2112,FE,E,CR 51 / HOPE RD,,,,55,50,26,,,N,,125
20201311I-2020-011627,MONMOUTH,EATONTOWN BORO,12/16/2020,WE,1742,01,EATONTOWN PD,,0,0,0,0,P,B,N,N,11,1,NJ 36,W,36,,00000036__,.84,02,,01,04,02,03,05,03,01,01,75,FE,E,GRANT AVE,,,,55,25,50,,,N,RIDE SHARE INFO SIGN ON ROUTE 36 WEST.,108
20201311I-2020-011629,MONMOUTH,EATONTOWN BORO,12/16/2020,WE,1806,01,EATONTOWN PD,EATONTOWN,0,0,0,0,P,I,N,N,03,2,NJ 35,N,35,,00000035__,30.44,02,,01,04,02,03,06,03,05,01,,AT,W,NJ 71 / ROUTE 537 / BROAD ST,,,,30,30,26,,,N,,122
20201311I-2020-011630,MONMOUTH,EATONTOWN BORO,12/16/2020,WE,1830,01,EATONTOWN PD,EATONTOWN,0,0,0,0,P,B,N,N,01,2,NJ 35,N,35,,00000035__,30.64,02,,01,05,02,03,06,03,05,01,100,FE,S,ROUTE 537 / TINTON AVE,,,,30,35,26,,,N,,122
20201311I-2020-011670,MONMOUTH,EATONTOWN BORO,12/17/2020,TH,2358,01,EATONTOWN PD,,0,1,0,0,I,B,N,N,11,1,NJ 18,N,18,,00000018__,13.82,02,,03,05,02,04,05,01,01,01,,,,,T,NJ 36,EB,55,,46,,,N,GUARD RAIL ON RT. 18 NORTH RAMP ONTO RT. 36 EAST (LEFT SIDE OF RAMP 50 FT PRIOR?,840
20201311I-2020-011685,MONMOUTH,EATONTOWN BORO,12/18/2020,FR,1143,01,EATONTOWN PD,EATONTOWN,0,0,0,0,P,B,N,N,02,2,NJ 35,S,35,,00000035__,30.45,02,,01,04,02,01,01,01,05,01,50,FE,N,NJ 71 / ROUTE 537 / BROAD ST,,,,30,25,26,,,N,,117
20201311I-2020-011688,MONMOUTH,EATONTOWN BORO,12/18/2020,FR,1333,01,EATONTOWN PD,EATONTOWN,0,1,0,0,I,B,N,N,01,2,WHALEPOND RD,W,,,13371369__,1.65,07,,01,04,02,04,01,01,05,01,100,FE,S,HEATH ST,,,,35,25,26,,,N,,123
20201311I-2020-011690,MONMOUTH,EATONTOWN BORO,12/18/2020,FR,1436,01,EATONTOWN PD,EATONTOWN,0,0,0,0,P,I,N,N,03,2,SOUTH ST **,S,,,13111043__,.74,07,,01,04,02,02,01,01,04,01,,AT,,CLINTON AVE,,,,25,25,26,,,N,,109
20201311I-2020-011728,MONMOUTH,EATONTOWN BORO,12/19/2020,SA,2218,01,EATONTOWN PD,,0,0,0,0,P,B,N,N,06,2,ETON PL / FARM LN **,S,,,13111028__,.01,07,,02,04,02,02,05,01,05,01,150,FE,W,FARM LN,,,,25,25,28,,,N,,119
20201311I-2020-011753,MONMOUTH,EATONTOWN BORO,12/21/2020,MO,1234,01,EATONTOWN PD,EATONTOWN,0,0,0,0,P,B,N,N,01,2,MONMOUTH COUNTY 51,N,51,,13000051__,1.33,05,,01,04,02,01,01,01,05,01,500,FE,N,PINE BROOK RD,,,,40,25,26,,,N,,122
20201311I-2020-011757,MONMOUTH,EATONTOWN BORO,12/21/2020,MO,1413,01,EATONTOWN PD,EATONTOWN,0,0,0,0,P,B,N,N,01,2,ROUTE 547,S,547,,00000547__,27.08,05,,01,04,02,01,01,01,02,01,20,FE,N,NJ 36,,,,35,50,26,,,N,,122
20201311I-2020-011764,MONMOUTH,EATONTOWN BORO,12/21/2020,MO,1813,01,EATONTOWN PD,EATONTOWN,0,0,0,0,P,B,N,N,11,1,ROUTE 537,E,537,,00000537__,64.34,05,,01,04,02,01,07,01,05,01,50,FE,W,VIOLANTE TER,,,,35,25,56,,,N,VEHICLE 1 STRUCK JCP&L POLE # JC542 ETN. I OBSERVED MINOR DAMAGE TO THE POLE.,125
20201311I-2020-011765,MONMOUTH,EATONTOWN BORO,12/21/2020,MO,1906,01,EATONTOWN PD,,0,4,0,0,I,I,N,N,07,2,NJ 36,W,36,,00000036__,.83,02,,01,04,02,02,06,01,03,01,,AT,N,GRANT AVE,,,,55,25,26,,,N,,111
20201311I-2020-011775,MONMOUTH,EATONTOWN BORO,12/22/2020,TU,0645,01,EATONTOWN PD,EATONTOWN,0,0,0,0,P,B,N,N,15,1,NICODEMUS AVE **,S,,,13111153__,.04,07,,01,04,02,01,07,01,05,01,200,FE,N,NJ 71 / BROAD ST,,,,25,30,39,,,N,SEVERAL CONCRETE PILLARS AS WELL AS THE SECURITY GATE KEY PAD WERE DAMAGED AT T?,122
20201311I-2020-011785,MONMOUTH,EATONTOWN BORO,12/22/2020,TU,1425,01,EATONTOWN PD,,0,0,0,0,P,B,N,N,02,2,NJ 36,W,36,,00000036__,.85,02,,01,04,02,01,01,01,03,01,100,FE,E,GRANT AVE,,,,55,,26,,,N,,121
20201311I-2020-011789,MONMOUTH,EATONTOWN BORO,12/22/2020,TU,1707,01,EATONTOWN PD,EATONTOWN,0,0,0,0,P,B,N,N,02,2,NJ 35,N,35,,00000035__,29.97,02,,01,04,02,01,07,01,04,01,500,FE,S,CLINTON AVE,,,,40,25,26,,,N,,122
20201311I-2020-011790,MONMOUTH,EATONTOWN BORO,12/22/2020,TU,1756,01,EATONTOWN PD,,0,0,0,0,P,B,N,N,01,2,NJ 36,W,36,,00000036__,.02,02,,01,04,02,01,06,01,03,01,100,FE,E,CR 51 / HOPE RD,,,,55,40,26,,,N,,108
20201311I-2020-011819,MONMOUTH,EATONTOWN BORO,12/23/2020,WE,1733,01,EATONTOWN PD,EATONTOWN,0,0,0,0,P,B,N,N,12,1,INDUSTRIAL WAY W,W,,,13111111__,1.11,07,,01,04,02,01,07,01,05,01,200,FE,W,MERIDIAN RD,,,,45,35,24,,,N,,123
20201311I-2020-011903,MONMOUTH,EATONTOWN BORO,12/26/2020,SA,1030,01,EATONTOWN PD,EATONTOWN,0,0,0,0,P,B,N,N,02,2,GREEN GROVE RD / HOPE RD,N,,,13341417__,4.71,07,,01,04,02,01,01,01,05,01,300,FE,N,INDUSTRIAL WAY WEST,,,,40,40,26,,,N,,122
20201311I-2020-011907,MONMOUTH,EATONTOWN BORO,12/26/2020,SA,1236,01,EATONTOWN PD,EATONTOWN,0,0,0,0,P,B,N,N,02,2,NJ 36,W,36,,00000036__,.04,02,,01,04,02,01,01,01,03,01,200,FE,E,CR 51 / HOPE RD,,,,55,40,26,,,N,,122
20201311I-2020-011915,MONMOUTH,EATONTOWN BORO,12/26/2020,SA,2256,01,EATONTOWN PD,,1,0,0,0,F,B,Y,N,11,1,NJ 36,W,36,,00000036__,1.71,02,,01,06,02,01,06,01,03,01,250,FE,W,MARIN WAY,,,,50,25,01,,,N,EXTENSIVE DAMAGE TO THE ENTIRE STOREFRONT OF AFFINITY NAILS (53 ROUTE 36) AND T?,770
20201311I-2020-011928,MONMOUTH,EATONTOWN BORO,12/27/2020,SU,1921,01,EATONTOWN PD,,0,0,0,0,P,B,N,N,01,2,NJ 36,E,36,,00000036__,.83,02,,01,04,02,01,05,01,01,01,20,FE,W,GRANT AVE,,,,55,25,26,,,N,,119
20201311I-2020-011954,MONMOUTH,EATONTOWN BORO,12/28/2020,MO,1800,01,EATONTOWN PD,EATONTOWN,0,0,0,0,P,B,N,N,12,1,NJ 35,S,35,,00000035__,28.62,02,,01,04,02,01,07,01,01,01,100,FE,N,FRANKEL WAY / MERIDIAN RD,,,,50,25,24,,,N,,860
20201311I-2020-011966,MONMOUTH,EATONTOWN BORO,12/29/2020,TU,1107,01,EATONTOWN PD,,0,0,0,0,P,B,N,N,02,2,ROUTE 547,N,547,,00000547__,27.43,05,,01,04,02,01,01,01,05,01,303,FE,N,NJ 35,,,,40,40,26,,,N,,120
20201311I-2020-012023,MONMOUTH,EATONTOWN BORO,12/30/2020,WE,1738,01,EATONTOWN PD,,0,0,0,0,P,B,N,N,12,1,MONMOUTH COUNTY 32,E,32,,13000032__,.57,05,,01,04,02,01,07,01,05,01,50,FE,W,CR 32 / WALL ST,,,,40,40,24,,,N,,108
20201311I-2020-012047,MONMOUTH,EATONTOWN BORO,12/31/2020,TH,2000,01,EATONTOWN PD,,0,0,0,0,P,I,N,N,03,2,NJ 36,N,36,,00000036__,.00,02,,01,04,02,01,06,01,05,01,,AT,,CR 51 / HOPE RD,,,,50,,26,,,N,,106
2020131220ET00777,MONMOUTH,ENGLISHTOWN BORO,01/25/2020,SA,1305,01,ENGLISHTOWN PD,20ETA0001,0,0,0,0,P,I,N,N,01,2,ROUTE 522,W,522,,00000522__,15.72,05,,01,04,02,02,01,02,05,01,,AT,,ROUTE 527 / MAIN ST,,,,25,25,26,40.295400,74.357380,N,,26
2020131220ET01327,MONMOUTH,ENGLISHTOWN BORO,02/10/2020,MO,1611,01,ENGLISHTOWN PD,20ETA0003,0,0,0,0,P,I,N,N,02,2,ROUTE 527,S,527,,00000527__,29.97,05,,01,04,02,02,01,02,05,01,,AT,,ROUTE 522 / TENNENT AVE,,,,25,25,26,40.295500,74.358400,N,,26
2020131220ET01503,MONMOUTH,ENGLISHTOWN BORO,02/14/2020,FR,2152,01,ENGLISHTOWN PD,20ETA0005,0,0,0,0,P,B,N,N,11,1,ROUTE 527,N,527,,00000527__,29.88,05,,02,04,02,01,07,01,05,01,500,FE,S,ROUTE 522 / TENNENT AVE,,,,25,25,52,40.294500,74.358300,N,STRUCK UTILITY POLE  NO SUBSTANTIAL DAMAGE TO UTILITY POLE. NO NUMBERS ON POLE.,21
2020131220ET01593,MONMOUTH,ENGLISHTOWN BORO,02/18/2020,TU,0731,01,ENGLISHTOWN PD,20ETA0007,0,0,0,0,P,B,Y,N,01,2,MONMOUTH COUNTY 22,W,22,,13000022__,.01,05,,01,04,02,01,01,01,05,01,75,FE,E,ROUTE 527 / MAIN ST,,,,35,25,26,40.302200,74.356600,N,,4
2020131220ET01647,MONMOUTH,ENGLISHTOWN BORO,02/19/2020,WE,1703,01,ENGLISHTOWN PD,20ETA0006,0,1,0,0,I,B,N,N,01,2,ROUTE 527,N,527,,00000527__,30.37,05,,01,04,02,01,01,01,05,01,300,FE,N,DEY ST / W DEY ST,,,,25,25,26,40.301100,74.357100,N,,24
2020131220ET02483,MONMOUTH,ENGLISHTOWN BORO,03/15/2020,SU,0434,01,ENGLISHTOWN PD,20ETA0011,0,0,0,0,P,I,N,N,11,1,ROUTE 527,N,527,,00000527__,30.44,05,,01,04,02,01,07,01,05,01,,AT,,CR 22,,,,25,35,58,40.302200,74.356400,N,SEE NARRATIVE,21
2020131220ET03043,MONMOUTH,ENGLISHTOWN BORO,04/14/2020,TU,1325,01,ENGLISHTOWN PD,20ETA0013,0,0,0,0,P,B,N,N,99,0,LASATTA AVE / TRACY STATION RD,,,,,,07,,01,04,02,01,01,01,05,,,,,,,,,25,,,40.297620,74.365040,N,SEE NARRATIVE,26
2020131220ET03580,MONMOUTH,ENGLISHTOWN BORO,05/14/2020,TH,1538,01,ENGLISHTOWN PD,20ETA0014,0,0,0,0,P,I,N,N,02,2,ROUTE 522,W,522,,00000522__,15.72,05,,01,04,02,01,01,01,05,01,,AT,,ROUTE 527 / MAIN ST,,,,25,25,26,40.293580,74.359080,N,,26
2020131220ET03725,MONMOUTH,ENGLISHTOWN BORO,05/19/2020,TU,1449,01,ENGLISHTOWN PD,20ETA0016,0,0,0,0,P,I,N,N,11,1,LAKESIDE DR / TERRACE DR / WEAMACONK DR **,E,,,13121003__,.00,07,,02,04,02,01,01,01,05,01,,AT,,VICTORY DR,,,,25,25,50,40.292800,74.356200,N,SEE NARRATIVE.,24
2020131220ET03765,MONMOUTH,ENGLISHTOWN BORO,05/20/2020,WE,1624,01,ENGLISHTOWN PD,20ETA0017,0,1,0,0,I,I,N,N,11,1,ROUTE 522,W,522,,00000522__,16.03,05,,01,04,02,01,01,01,05,01,,AT,,IRVING PL,,,,25,25,56,40.295200,74.354500,N,SEE NARRATIVE.,22
2020131220ET03983,MONMOUTH,ENGLISHTOWN BORO,05/29/2020,FR,0950,01,ENGLISHTOWN PD,20ETA0018,0,0,0,0,P,B,N,N,05,2,LASATTA AVE / TRACY STATION RD,W,,,,,07,,01,04,02,01,01,01,05,01,100,FE,S,STAMFORD SQUARE,,,,25,25,26,40.297380,74.364870,N,,27
2020131220ET04298,MONMOUTH,ENGLISHTOWN BORO,06/08/2020,MO,1349,01,ENGLISHTOWN PD,20ETA0020,0,0,0,0,P,I,N,N,11,1,ROUTE 527,W,527,,00000527__,30.31,05,,02,04,02,01,01,01,05,01,,AT,,DEY ST / W DEY ST,,,,25,25,56,40.300350,74.357520,N,,27
2020131220ET04339,MONMOUTH,ENGLISHTOWN BORO,06/09/2020,TU,1805,01,ENGLISHTOWN PD,20ETA0021,0,0,0,0,P,I,N,N,01,2,ROUTE 527,S,527,,00000527__,30.44,05,,01,04,02,01,01,01,05,01,,AT,E,CR 22,,,,25,35,26,40.302200,74.356600,N,,27
2020131220ET04396,MONMOUTH,ENGLISHTOWN BORO,06/11/2020,TH,1556,01,ENGLISHTOWN PD,20ETA0019,0,1,0,0,I,I,N,N,10,1,ROUTE 527,N,527,,00000527__,29.84,05,,03,04,02,02,01,02,05,01,,AT,,HIGH BRIDGE RD / MATLOSZ CT,,,,25,25,26,40.293600,74.358900,N,,22
2020131220ET05133,MONMOUTH,ENGLISHTOWN BORO,07/03/2020,FR,1328,01,ENGLISHTOWN PD,20ETA0022,0,0,0,0,P,B,N,N,01,2,ROUTE 522,E,522,,00000522__,15.68,05,,01,04,02,01,01,01,05,01,200,FE,W,ROUTE 527 / MAIN ST,,,,25,25,26,40.296980,74.359860,N,,26
2020131220ET05563,MONMOUTH,ENGLISHTOWN BORO,07/14/2020,TU,1254,01,ENGLISHTOWN PD,20ETA0023,0,0,0,0,P,I,N,N,04,2,ROUTE 527,S,527,,00000527__,30.20,05,,01,04,02,01,01,01,05,01,,AT,,PINE ST,,,,25,25,26,40.298820,74.358220,N,,27
2020131220ET05954,MONMOUTH,ENGLISHTOWN BORO,07/24/2020,FR,1249,01,ENGLISHTOWN PD,20ETA0026,0,0,0,0,P,B,N,N,01,2,ROUTE 527,S,527,,00000527__,30.14,05,,01,04,02,01,01,05,05,01,300,FE,N,ROUTE 522 / WATER ST,,,,25,25,26,40.298400,74.358300,N,,24
2020131220ET07090,MONMOUTH,ENGLISHTOWN BORO,08/24/2020,MO,0812,01,ENGLISHTOWN PD,20ETA0029,0,1,0,0,I,B,N,N,01,2,ROUTE 522,E,522,,00000522__,15.63,05,,01,04,02,01,01,01,05,01,500,FE,W,ROUTE 527 / MAIN ST,,,,25,25,26,40.296980,74.359860,N,,21
2020131220ET07096,MONMOUTH,ENGLISHTOWN BORO,08/24/2020,MO,1138,01,ENGLISHTOWN PD,20ETA0030,0,1,0,0,I,I,N,N,01,2,ROUTE 522,W,522,,00000522__,15.72,05,,01,04,02,01,01,01,05,01,,AT,,ROUTE 527 / MAIN ST,,,,25,25,26,40.293580,74.359080,N,,26
2020131220ET07149,MONMOUTH,ENGLISHTOWN BORO,08/25/2020,TU,2310,01,ENGLISHTOWN PD,20ETA0031,0,0,0,0,P,B,Y,N,11,1,ROUTE 527,N,527,,00000527__,29.86,05,,03,04,02,01,07,01,05,01,100,FE,E,HIGH BRIDGE RD / MATLOSZ CT,,,,25,25,56,40.293800,74.358800,N,DAMAGE TO GUARD RAIL FACE AND SIDEWALK.,22
2020131220ET07423,MONMOUTH,ENGLISHTOWN BORO,09/03/2020,TH,1620,01,ENGLISHTOWN PD,20ETA0032,0,0,0,0,P,B,N,N,01,2,ROUTE 527,N,527,,00000527__,30.35,05,,01,04,02,01,01,01,05,01,500,FE,S,CR 22,,,,25,35,26,40.300860,74.356890,N,,26
2020131220ET07541,MONMOUTH,ENGLISHTOWN BORO,09/06/2020,SU,2012,01,ENGLISHTOWN PD,20ETA0033,0,0,0,0,P,I,N,N,03,2,ROUTE 527,S,527,,00000527__,30.08,05,,01,04,02,01,06,01,05,01,,AT,,ROUTE 522 / WATER ST,,,,25,25,26,40.297100,74.358410,N,,26
2020131220ET07841,MONMOUTH,ENGLISHTOWN BORO,09/15/2020,TU,2316,01,ENGLISHTOWN PD,20ETA0035,0,1,0,0,I,B,N,N,11,1,LASATTA AVE / TRACY STATION RD,E,,,13121051__,.38,07,,01,04,02,01,06,01,05,01,250,FE,W,MT VERNON RD,,,,25,25,26,40.298210,74.370720,N,VERIZON UTILITY POLE #VZ40030ELN,26
2020131220ET08127,MONMOUTH,ENGLISHTOWN BORO,09/23/2020,WE,1719,01,ENGLISHTOWN PD,20ETA0036,0,0,0,0,P,B,N,N,02,2,ROUTE 527,S,527,,00000527__,30.50,05,,01,04,02,01,01,01,05,01,300,FE,N,CR 22,,,,40,35,26,40.303110,74.357400,N,,26
2020131220ET08347,MONMOUTH,ENGLISHTOWN BORO,09/29/2020,TU,1454,01,ENGLISHTOWN PD,20ETA0037,0,0,0,0,P,B,N,N,01,3,ROUTE 527,N,527,,00000527__,30.08,05,,01,04,02,02,01,02,05,01,20,FE,S,ROUTE 522 / WATER ST,,,,25,25,26,40.296900,74.358400,N,,24
2020131220ET08430,MONMOUTH,ENGLISHTOWN BORO,10/01/2020,TH,1449,01,ENGLISHTOWN PD,20ETA0038,0,0,0,0,P,B,N,N,01,2,ROUTE 527,S,527,,00000527__,30.09,05,,01,04,02,01,01,01,05,01,50,FE,N,ROUTE 522 / WATER ST,,,,25,25,26,40.297500,74.358400,N,,24
2020131220ET08521,MONMOUTH,ENGLISHTOWN BORO,10/03/2020,SA,1300,01,ENGLISHTOWN PD,20ETA0039,0,0,0,0,P,B,N,N,01,3,ROUTE 527,S,527,,00000527__,30.51,05,,01,04,02,01,01,01,05,01,350,FE,N,CR 22,,,,40,35,26,40.303900,74.357180,N,,26
2020131220ET08879,MONMOUTH,ENGLISHTOWN BORO,10/12/2020,MO,1107,01,ENGLISHTOWN PD,20ETA0041,0,1,0,0,I,I,N,N,03,2,ROUTE 527,N,527,,00000527__,29.97,05,,01,04,02,02,01,02,05,01,,AT,W,ROUTE 522 / TENNENT AVE,,,,25,25,26,40.295400,74.357380,N,UTILITY POLE (JC37ELN) STRUCK BY V2  NO VISIBLE DAMAGE OBSERVED.,14
2020131220ET08897,MONMOUTH,ENGLISHTOWN BORO,10/13/2020,TU,0747,01,ENGLISHTOWN PD,20ETA0042,0,0,0,0,P,I,N,N,01,2,ROUTE 527,S,527,,00000527__,30.20,05,,01,04,02,02,01,02,05,01,,AT,E,PINE ST,,,,25,25,26,40.298820,74.358220,N,,14
2020131220ET09458,MONMOUTH,ENGLISHTOWN BORO,10/27/2020,TU,1510,01,ENGLISHTOWN PD,20ETA0043,0,0,0,0,P,I,N,N,09,2,PINE ST **,S,,,13121006__,.00,07,,01,04,02,01,01,01,05,01,,AT,,ROUTE 527 / MAIN ST,,,,25,25,26,40.298820,74.358220,N,,26