Year(4)-CountyCode(2)-MunicipalityCode(2)-CaseNumber(9),County Name,Municipality Name,Crash Date,Crash Day of Week,Crash Time,Police Department Code,Police Department,Police Station,Total Killed,Total Injured,Pedestrians Killed,Pedestrians Injured,Severity,Intersection,Alcohol Involved,Hazmat Involved,Crash Type,Total Vehicles,Location,Location Direction,Route,Route Suffix,Std Rte Identifier,MilePost,Road System,Road Character,Road Horizontal Alignment,Road Grade,Road Surface Type,Surface Condition,Light Condition,Environmental Condition,Road Divided By,Temporary Traffic Control Zone,Distance To Cross Street,Unit Of Measurement,Direction From Cross Street,Cross Street Name,Is Ramp,Ramp To/From Route Name,Ramp To/From Route Direction,Posted Speed,Posted Speed Cross Street,First Harmful Event,Latitude,Longitude,Cell Phone In Use Flag,Other Property Damage,Reporting Badge No.
2020131520FB04470,MONMOUTH,FREEHOLD BORO,02/29/2020,SA,1856,01,FREEHOLD BORO PD,20FB04470,0,1,0,0,I,I,N,N,01,3,ROUTE 522,S,522,,00000522__,20.87,07,,01,04,02,01,06,01,04,,,AT,N,BROAD ST,,,,25,25,26,,,N,,
2020131520FB04520,MONMOUTH,FREEHOLD BORO,03/01/2020,SU,2152,01,FREEHOLD BORO PD,,0,0,0,0,P,B,N,N,13,1,ROUTE 537,W,537,,00000537__,52.77,05,,01,04,02,01,03,01,04,01,25,FE,W,ZLOTKIN CIR,,,,30,30,26,,,N,,15110
2020131520FB04627,MONMOUTH,FREEHOLD BORO,03/03/2020,TU,0908,01,FREEHOLD BORO PD,,0,0,0,0,P,B,N,N,01,2,ROUTE 537,E,537,,00000537__,52.70,05,,01,04,02,02,01,01,05,01,30,FE,E,JACKSON ST / JACKSON TER,,,,25,25,26,,,N,,15088
2020131520FB04710,MONMOUTH,FREEHOLD BORO,03/04/2020,WE,0921,01,FREEHOLD BORO PD,,0,0,0,0,P,B,N,N,11,1,JACKSON TER / MECHANIC ST **,N,,,13151054__,.17,07,,01,04,02,01,01,01,05,,20,FE,S,EAST MAIN ST,,,,25,25,50,,,N,25 MPH TRAFFIC SIGN AND WATCH CHILDREN STREET SIGN. ALSO DAMAGE TO THE GRASS.,15088
2020131520FB04908,MONMOUTH,FREEHOLD BORO,03/07/2020,SA,0241,01,FREEHOLD BORO PD,,0,0,0,0,P,B,N,N,08,2,NJ 79,S,79,,00000079__,1.77,02,,01,04,02,02,07,02,04,01,50,FE,N,MURRAY ST,,,,30,25,26,40.264220,74.270420,N,,#108
2020131520FB04935,MONMOUTH,FREEHOLD BORO,03/07/2020,SA,1530,01,FREEHOLD BORO PD,,0,0,0,0,P,B,N,N,02,2,ROUTE 537,S,537,,00000537__,52.13,07,,01,04,02,01,01,01,04,01,354,FE,S,NJ 79 / COURT ST / SOUTH ST,,,,25,25,26,,,N,,15109
2020131520FB05036,MONMOUTH,FREEHOLD BORO,03/09/2020,MO,1055,01,FREEHOLD BORO PD,,0,0,0,0,P,I,N,N,03,2,ROUTE 537,W,537,,00000537__,51.85,07,,01,04,02,01,01,01,05,01,,AT,,CR 24 / MANALAPAN AVE,,,,25,35,26,40.256620,74.279300,N,,15106
2020131520FB05107,MONMOUTH,FREEHOLD BORO,03/10/2020,TU,0637,01,FREEHOLD BORO PD,,0,0,0,0,P,I,N,N,01,2,NJ 79,S,79,,00000079__,.74,02,,01,04,02,01,03,01,04,,,AT,,NJ 33 BUSINESS / PARK AVE,,,,30,30,26,40.250170,74.274350,N,,15110
2020131520FB05241,MONMOUTH,FREEHOLD BORO,03/11/2020,WE,2141,01,FREEHOLD BORO PD,,0,0,0,0,P,B,N,N,06,2,NJ 79,W,79,,00000079__,1.50,02,,01,04,02,01,06,01,04,01,100,FE,W,SHERIFF ST,,,,25,25,28,,,N,,15099
2020131520FB05366,MONMOUTH,FREEHOLD BORO,03/13/2020,FR,2320,01,FREEHOLD BORO PD,,0,0,0,0,P,I,N,N,03,2,NJ 33 BUSINESS,W,33,B,00000033B_,3.47,02,,01,04,02,01,06,01,05,01,,AT,,NJ 79 / SOUTH ST,,,,40,30,26,40.250160,74.274320,N,,15106
2020131520FB05386,MONMOUTH,FREEHOLD BORO,03/14/2020,SA,1250,01,FREEHOLD BORO PD,,0,0,0,0,P,I,N,N,01,2,NJ 33 BUSINESS,E,33,B,00000033B_,3.02,02,,01,04,02,01,01,01,04,01,,AT,,BERKELEY PL,,,,40,25,26,,,N,,15105
2020131520FB05387,MONMOUTH,FREEHOLD BORO,03/14/2020,SA,1256,01,FREEHOLD BORO PD,,0,0,0,0,P,I,N,N,01,2,NJ 33 BUSINESS,E,33,B,00000033B_,3.47,02,,01,04,02,01,01,01,,,,AT,,NJ 79 / SOUTH ST,,,,40,35,26,40.250160,74.274320,N,,15102
2020131520FB05435,MONMOUTH,FREEHOLD BORO,03/15/2020,SU,1839,01,FREEHOLD BORO PD,,0,0,0,0,P,I,N,N,08,2,THROCKMORTON ST **,S,,,13151078__,.00,07,,01,04,02,01,01,01,05,01,,AT,N,NJ 79 / SOUTH ST,,,,25,25,26,,,N,,15110
2020131520FB05547,MONMOUTH,FREEHOLD BORO,03/17/2020,TU,1833,01,FREEHOLD BORO PD,20FB05547,0,0,0,0,P,B,N,N,11,1,NJ 79,,79,,00000079__,1.10,02,,01,04,02,01,01,01,04,01,250,FE,N,INSTITUTE ST / LINCOLN PL,,,,35,25,52,,,Y,,15100
2020131520FB05709,MONMOUTH,FREEHOLD BORO,03/20/2020,FR,1701,01,FREEHOLD BORO PD,,0,0,0,0,P,B,N,N,06,2,18 HALEY ST P-LOT,,,,,,08,,01,04,02,01,01,01,,01,,,,,,,,,,26,,,N,,15105
2020131520FB05837,MONMOUTH,FREEHOLD BORO,03/23/2020,MO,1351,01,FREEHOLD BORO PD,,0,1,0,1,I,I,Y,N,13,1,ROUTE 537,W,537,,00000537__,52.10,07,,01,04,02,02,01,02,05,01,,AT,W,ROUTE 522 / THROCKMORTON ST,,,,25,25,26,,,N,,15104
2020131520FB05892,MONMOUTH,FREEHOLD BORO,03/24/2020,TU,1647,01,FREEHOLD BORO PD,,0,0,0,0,P,I,N,N,03,2,BARKALOW ST **,N,,,13151001__,.18,07,,01,04,02,01,01,01,05,01,,AT,,BRENTWOOD AVE,,,,25,25,26,40.249080,74.278050,N,,#108
2020131520FB05985,MONMOUTH,FREEHOLD BORO,03/27/2020,FR,0552,01,FREEHOLD BORO PD,FBPD,1,0,1,0,F,I,N,N,13,1,ROUTE 537,,537,,00000537__,52.20,07,,01,04,02,01,06,01,04,,,AT,N,NJ 79 / COURT ST / SOUTH ST,,,,25,25,,,,N,,
2020131520FB06100,MONMOUTH,FREEHOLD BORO,03/30/2020,MO,1059,01,FREEHOLD BORO PD,FBPD,0,0,0,0,P,B,N,N,06,2,713 ZLOTKIN CIRCLE,,,,,,09,,01,04,02,02,00,00,,,,,,,,,,25,,28,,,N,,15111
2020131520FB07251,MONMOUTH,FREEHOLD BORO,04/21/2020,TU,1630,01,FREEHOLD BORO PD,20FB07251,0,0,0,0,P,B,N,N,11,1,NJ 79,N,79,,00000079__,1.88,02,,01,04,02,02,01,05,04,,50,FE,N,ELLIS ST,,,,35,25,,,,N,49 BROADWAY FREEHOLD / DAMAGED TO CURB  SIDEWALK  GRASS  AND STONE WALKWAY.,15101
2020131520FB07262,MONMOUTH,FREEHOLD BORO,04/21/2020,TU,2141,01,FREEHOLD BORO PD,,0,1,0,0,I,I,N,N,11,1,BOND ST / FIRST ST / FORD AVE / LIBERTY ST **,E,,,13151057__,.32,07,,02,04,02,01,07,01,05,01,,AT,,FIRST ST,,,,25,25,52,,,N,JCP&L POLE JC415F,15105
2020131520FB07856,MONMOUTH,FREEHOLD BORO,05/04/2020,MO,1750,01,FREEHOLD BORO PD,20FB07856,0,0,0,0,P,I,N,N,11,1,COURT ST / MONUMENT ST / POND RD,N,,,13151115__,.07,07,,01,04,02,01,01,01,05,01,,AT,,LAFAYETTE PL,,,,25,25,52,,,N,,15212
2020131520FB08223,MONMOUTH,FREEHOLD BORO,05/13/2020,WE,1629,01,FREEHOLD BORO PD,,0,0,0,0,P,I,N,N,02,2,AVENUE A **,E,,,13151048__,.13,07,,01,04,02,01,01,01,05,01,,AT,,AVENUE C,,,,25,25,26,,,N,,15109
2020131520FB08314,MONMOUTH,FREEHOLD BORO,05/15/2020,FR,1207,01,FREEHOLD BORO PD,,0,0,0,0,P,I,N,N,03,2,ROUTE 522,S,522,,00000522__,20.61,07,,01,04,02,01,01,01,04,01,,AT,,HALEY ST,,,,25,25,23,,,N,,15109
2020131520FB08315,MONMOUTH,FREEHOLD BORO,05/15/2020,FR,1330,01,FREEHOLD BORO PD,,0,0,0,0,P,B,N,N,06,2,JOHN ST **,W,,,13151030__,.07,07,,01,04,02,01,06,01,05,01,160,FE,E,BANNARD ST,,,,25,25,28,,,N,,15109
2020131520FB08370,MONMOUTH,FREEHOLD BORO,05/16/2020,SA,2317,01,FREEHOLD BORO PD,,0,1,0,0,I,I,N,N,01,4,W GEORGE ST **,,,,13151020__,.12,07,,01,04,02,01,06,01,05,01,,AT,,YARD AVE,,,,25,25,28,,,N,,15088
2020131520FB08696,MONMOUTH,FREEHOLD BORO,05/25/2020,MO,1824,01,FREEHOLD BORO PD,,0,0,0,0,P,B,N,N,08,2,BROADWAY,E,,,,,07,,01,04,02,01,01,01,04,01,,,E,,,,,30,,26,40.266130,74.267830,N,,15110
2020131520FB08725,MONMOUTH,FREEHOLD BORO,05/26/2020,TU,1042,01,FREEHOLD BORO PD,,0,0,0,0,P,B,N,N,08,2,LOCKWOOD AVE **,N,,,13151040__,.02,07,,01,04,02,01,01,01,,01,100,FE,N,BROADWAY,,,,25,30,26,40.266350,74.269830,N,,15110
2020131520FB08768,MONMOUTH,FREEHOLD BORO,05/27/2020,WE,1833,01,FREEHOLD BORO PD,20FB08768,0,0,0,0,P,B,N,N,01,2,US 9,S,9,,00000009__,113.75,02,,01,06,02,01,01,01,04,01,,,,,T,ROUTE 537,,25,,26,,,N,,15111
2020131520FB08798,MONMOUTH,FREEHOLD BORO,05/28/2020,TH,0835,01,FREEHOLD BORO PD,20FB08798,0,0,0,0,P,I,N,N,11,1,NJ 79,S,79,,00000079__,1.05,02,,01,04,02,01,01,01,04,01,,AT,,INSTITUTE ST / LINCOLN PL,,,,35,25,62,,,N,DAMAGE TO HYDRANT  STREET SIGN AND POLE  DAMAGE TO LAWN OF 100 SOUTH STREET,15100
2020131520FB08890,MONMOUTH,FREEHOLD BORO,05/30/2020,SA,1811,01,FREEHOLD BORO PD,,0,0,0,0,P,B,N,N,01,2,NJ 79,S,79,,00000079__,.73,02,,01,04,02,01,01,01,04,01,50,FE,S,NJ 33 BUSINESS / PARK AVE,,,,35,40,26,,,N,,15112
2020131520FB09073,MONMOUTH,FREEHOLD BORO,06/04/2020,TH,1612,01,FREEHOLD BORO PD,20FB09073,0,0,0,0,P,I,N,N,05,2,THIRD ST **,E,,,13151062__,.12,07,,02,04,02,01,01,01,05,01,,AT,,CENTER ST,,,,25,25,26,,,N,,15111
2020131520FB09199,MONMOUTH,FREEHOLD BORO,06/07/2020,SU,0845,01,FREEHOLD BORO PD,,0,0,0,0,P,B,N,N,06,2,CONOVER ST,N,,,,,07,,02,04,02,01,01,01,,,300,FE,N,INSTITUTE ST,,,,25,25,28,40.255060,74.271340,N,,15102
2020131520FB09309,MONMOUTH,FREEHOLD BORO,06/09/2020,TU,0856,01,FREEHOLD BORO PD,,0,0,0,0,P,I,N,N,11,1,ROUTE 522,E,522,,00000522__,20.66,07,,01,04,02,01,01,01,04,01,,AT,,MONMOUTH AVE,,,,25,25,52,,,N,JERSEY CENTRAL POWER AND LIGHT POLE#JC577 F,15105
2020131520FB09406,MONMOUTH,FREEHOLD BORO,06/11/2020,TH,1301,01,FREEHOLD BORO PD,,0,1,0,0,I,I,N,N,07,2,ROUTE 537,W,537,,00000537__,51.56,05,,01,04,02,02,01,02,05,01,,AT,,NJ 33 BUS / PARK AVE,,,,40,40,26,,,N,,15106
2020131520FB09452,MONMOUTH,FREEHOLD BORO,06/12/2020,FR,1734,01,FREEHOLD BORO PD,,0,2,0,0,I,I,N,N,01,2,NJ 33 BUSINESS,E,33,B,00000033B_,2.74,02,,01,06,02,01,01,01,04,01,,AT,,W GEORGE ST,,,,40,25,26,40.255560,74.285790,N,,#108
2020131520FB09486,MONMOUTH,FREEHOLD BORO,06/13/2020,SA,0704,01,FREEHOLD BORO PD,,0,2,0,0,I,I,N,N,03,2,MONMOUTH COUNTY 24,W,24,,13000024__,.10,05,,01,04,02,01,01,01,04,01,,AT,,BROAD ST,,,,40,25,26,,,N,,15103
2020131520FB09568,MONMOUTH,FREEHOLD BORO,06/15/2020,MO,1024,01,FREEHOLD BORO PD,,0,0,0,0,P,B,N,N,06,2,NJ 79,N,79,,00000079__,.97,02,,01,04,02,01,01,01,05,01,10,FE,N,UNION AVE,,,,30,25,28,,,N,,15098
2020131520FB09617,MONMOUTH,FREEHOLD BORO,06/16/2020,TU,1057,01,FREEHOLD BORO PD,,0,0,0,0,P,B,N,N,06,2,61 JERSEYVILLE AVE,,,,,,09,,01,04,01,01,01,01,,01,,,,,,,,,,28,,,N,,15104
2020131520FB09626,MONMOUTH,FREEHOLD BORO,06/16/2020,TU,1900,01,FREEHOLD BORO PD,,0,0,0,0,P,B,N,N,06,2,BOND ST / FIRST ST / FORD AVE / LIBERTY ST **,S,,,13151057__,.44,07,,01,04,02,01,01,01,05,01,25,FE,N,CENTER ST,,,,25,25,26,,,N,,15103
2020131520FB09737,MONMOUTH,FREEHOLD BORO,06/19/2020,FR,0857,01,FREEHOLD BORO PD,,0,0,0,0,P,I,N,N,01,2,ROUTE 537,W,537,,00000537__,52.20,07,,01,04,02,01,01,01,04,01,,AT,,NJ 79 / COURT ST / SOUTH ST,,,,25,30,26,,,N,,15105
2020131520FB09747,MONMOUTH,FREEHOLD BORO,06/19/2020,FR,1501,01,FREEHOLD BORO PD,,0,0,0,0,P,B,N,N,11,1,72 W MAIN STREET,E,,,,,09,,01,04,02,01,01,01,99,,100,FE,,MCLEAN,,,,25,25,26,40.257480,74.277340,N,V1 DAMAGE THE CEILING OF THE DRIVE THROUGH/ DAMAGING SEVERAL CEILING TILES,15110
2020131520FB09762,MONMOUTH,FREEHOLD BORO,06/19/2020,FR,1938,01,FREEHOLD BORO PD,,0,0,0,0,P,B,N,N,11,1,44 SOUTH ST,,,,,,09,,01,04,02,01,01,01,,,100,FE,S,THROCKMORTON ST,,,,25,25,69,40.258390,74.274130,N,VEHICLE DAMAGED GASPUMP WHEN VEHICLE WAS LEFT WITH THE E-BRAKE DISENGAGE.,15110
2020131520FB09799,MONMOUTH,FREEHOLD BORO,06/20/2020,SA,1953,01,FREEHOLD BORO PD,,0,0,0,0,P,B,N,N,01,2,NJ 79,N,79,,00000079__,1.34,02,,01,04,02,01,01,01,04,01,20,FE,S,MECHANIC ST,,,,35,25,26,,,N,,15112
2020131520FB09814,MONMOUTH,FREEHOLD BORO,06/20/2020,SA,2342,01,FREEHOLD BORO PD,,0,0,0,0,P,B,N,N,11,1,JACKSON TER / MECHANIC ST **,N,,,13151054__,.06,07,,03,04,02,01,06,01,05,01,10,FE,E,MC ELWAINE DR,,,,25,25,,,,N,FIRE HYDRANT OWNED BY BOROUGH OF FREEHOLD - FULL REPLACEMENT REQUIRED,15099
2020131520FB10036,MONMOUTH,FREEHOLD BORO,06/26/2020,FR,1915,01,FREEHOLD BORO PD,,0,0,0,0,P,B,N,N,06,2,RT 537,W,,,,,05,,01,04,02,01,01,01,04,01,,,,,,,,25,,28,40.259730,74.274880,N,,15105
2020131520FB10224,MONMOUTH,FREEHOLD BORO,07/01/2020,WE,1713,01,FREEHOLD BORO PD,,0,0,0,0,P,I,N,N,11,1,BOWNE AVE **,S,,,13151022__,.24,07,,01,05,02,01,01,01,05,01,,AT,,WARD ST,,,,25,25,52,,,N,JCP&L POLE NUMBER JC66,#108
2020131520FB10271,MONMOUTH,FREEHOLD BORO,07/02/2020,TH,1738,01,FREEHOLD BORO PD,FREEHOLD BORO,0,0,0,0,P,B,N,N,01,2,ROUTE 537,W,537,,00000537__,52.19,07,,01,04,02,02,01,05,04,01,30,FE,E,NJ 79 / COURT ST / SOUTH ST,,,,25,35,26,,,N,,15112
2020131520FB10438,MONMOUTH,FREEHOLD BORO,07/06/2020,MO,1049,01,FREEHOLD BORO PD,,0,0,0,0,P,I,N,N,01,2,ROUTE 537,N,537,,00000537__,52.20,07,,01,04,02,01,01,01,04,01,,AT,S,NJ 79 / COURT ST / SOUTH ST,,,,25,30,26,,,N,,15210
2020131520FB10451,MONMOUTH,FREEHOLD BORO,07/06/2020,MO,1740,01,FREEHOLD BORO PD,20FB10451,0,0,0,0,P,I,N,N,04,2,ROUTE 537,S,537,,00000537__,51.34,05,,03,05,02,02,01,05,04,01,,AT,,BARKALEW RD,,,,25,,26,,,N,,15111
2020131520FB10579,MONMOUTH,FREEHOLD BORO,07/09/2020,TH,1634,01,FREEHOLD BORO PD,,0,1,0,0,I,I,N,N,07,2,NJ 79,W,79,,00000079__,.74,02,,01,04,02,01,01,01,04,01,,AT,,NJ 33 BUSINESS / PARK AVE,,,,35,45,26,,,N,,15109
2020131520FB10582,MONMOUTH,FREEHOLD BORO,07/09/2020,TH,1700,01,FREEHOLD BORO PD,20FB10582,0,0,0,0,P,B,N,N,08,2,47 W MAIN ST,W,,,,,08,,01,04,02,01,01,01,,,,,,,,,,25,,26,,,N,,15111
2020131520FB10628,MONMOUTH,FREEHOLD BORO,07/10/2020,FR,0008,01,FREEHOLD BORO PD,,0,0,0,0,P,I,N,N,03,5,CONOVER ST,,,,,,07,,01,04,02,02,06,02,,,,AT,,MARCY ST,,,,25,25,26,,,N,,15109
2020131520FB10659,MONMOUTH,FREEHOLD BORO,07/11/2020,SA,1317,01,FREEHOLD BORO PD,,0,0,0,0,P,B,N,N,01,2,ROUTE 537,E,537,,00000537__,52.44,05,,01,04,02,01,01,01,04,01,300,FE,W,NJ 79 / BROADWAY / CENTER ST / SPRI,,,,25,25,26,,,N,,15099
2020131520FB10673,MONMOUTH,FREEHOLD BORO,07/11/2020,SA,2058,01,FREEHOLD BORO PD,20FB10673,0,0,0,0,P,I,N,N,01,2,US 9,N,9,,00000009__,113.60,02,,03,04,02,01,01,01,02,00,,AT,N,,F,BARKALOW AVE,WB,25,,26,,,N,,15110
2020131520FB10699,MONMOUTH,FREEHOLD BORO,07/12/2020,SU,0132,01,FREEHOLD BORO PD,,0,0,0,0,P,I,N,N,08,2,BOND ST / FIRST ST / FORD AVE / LIBERTY ST **,,,,13151057__,.52,07,,01,04,02,01,06,01,05,01,,AT,,BENNETT ST,,,,25,25,26,,,N,,15098
2020131520FB10705,MONMOUTH,FREEHOLD BORO,07/12/2020,SU,1217,01,FREEHOLD BORO PD,,0,0,0,0,P,I,N,N,02,2,ROUTE 537,W,537,,00000537__,51.32,05,,01,04,02,01,01,01,04,01,,AT,,,T,US 9,SB,40,,26,40.251240,74.286390,N,,#108
2020131520FB10718,MONMOUTH,FREEHOLD BORO,07/12/2020,SU,1904,01,FREEHOLD BORO PD,,0,1,0,0,I,I,N,N,14,1,KINGSLEY AVE **,W,,,13151210__,.00,07,,01,04,02,01,01,01,04,01,,AT,,STOKES ST,,,,25,25,26,,,N,,15103
2020131520FB10753,MONMOUTH,FREEHOLD BORO,07/13/2020,MO,1447,01,FREEHOLD BORO PD,,0,0,0,0,P,B,N,N,06,2,BARKALOW ST **,E,,,,,07,,01,04,02,01,01,01,05,01,,,,,,,,25,,28,40.248790,74.277510,N,,15105
2020131520FB10817,MONMOUTH,FREEHOLD BORO,07/14/2020,TU,2148,01,FREEHOLD BORO PD,,0,0,0,0,P,B,N,N,06,2,PARKING LOT / MARKET YD,,,,,,09,,,04,02,01,,01,,,,,N,,,,,15,,28,,,N,,15112
2020131520FB10938,MONMOUTH,FREEHOLD BORO,07/17/2020,FR,2013,01,FREEHOLD BORO PD,,0,0,0,0,P,B,N,N,06,2,RAIL ROAD PLAZA,,,,,,08,,,04,02,01,01,01,,,,,N,,,,,15,,28,,,N,,15112
2020131520FB10970,MONMOUTH,FREEHOLD BORO,07/18/2020,SA,1115,01,FREEHOLD BORO PD,,0,0,0,0,P,I,N,N,02,2,ROUTE 522,W,522,,00000522__,20.99,07,,01,04,02,01,01,01,04,01,,AT,,ROUTE 537 / MAIN ST,,,,25,25,26,,,N,,15103
2020131520FB11013,MONMOUTH,FREEHOLD BORO,07/19/2020,SU,1611,01,FREEHOLD BORO PD,,0,0,0,0,P,I,N,N,07,2,ROUTE 537,W,537,,00000537__,51.56,05,,01,04,02,01,01,01,04,01,,AT,,NJ 33 BUS / PARK AVE,,,,25,40,26,40.253900,74.283350,N,,15105
2020131520FB11036,MONMOUTH,FREEHOLD BORO,07/20/2020,MO,0818,01,FREEHOLD BORO PD,,0,0,0,0,P,I,N,N,06,2,MC ELWAINE DR **,N,,,13151055__,.00,07,,01,04,02,01,01,01,05,01,,AT,,JACKSON TER,,,,25,25,26,,,N,,15090
2020131520FB11045,MONMOUTH,FREEHOLD BORO,07/20/2020,MO,1419,01,FREEHOLD BORO PD,,0,0,0,0,P,B,N,N,05,2,PARKING LOT/22 COURT ST,,,,,,08,,01,04,02,01,01,01,05,01,,,,,,,,,,26,,,N,,15090
2020131520FB11152,MONMOUTH,FREEHOLD BORO,07/23/2020,TH,0941,01,FREEHOLD BORO PD,,0,0,0,0,P,I,N,N,01,2,ROUTE 537,W,537,,00000537__,52.10,07,,01,04,02,02,01,02,04,01,,AT,,ROUTE 522 / THROCKMORTON ST,,,,25,25,26,,,N,,15090
2020131520FB11165,MONMOUTH,FREEHOLD BORO,07/23/2020,TH,2031,01,FREEHOLD BORO PD,,0,1,0,0,I,B,N,N,99,1,CENTER ST,S,,,13161208__,1.16,07,,01,05,02,02,07,02,04,01,200,FE,S,JACKSON ST,,,,25,,26,,,N,,15103
2020131520FB11199,MONMOUTH,FREEHOLD BORO,07/24/2020,FR,1147,01,FREEHOLD BORO PD,,0,0,0,0,P,B,N,N,08,2,ELLIS ST,S,,,,,07,,01,04,02,02,06,02,05,01,,,,,,,,25,,28,40.266190,74.270770,N,,15094
2020131520FB11214,MONMOUTH,FREEHOLD BORO,07/24/2020,FR,1839,01,FREEHOLD BORO PD,,0,1,0,0,I,I,Y,N,10,1,NJ 79,S,79,,00000079__,1.98,02,,03,04,02,01,01,01,05,01,,AT,,ROBERTSVILLE RD,,,,30,,,,,N,VEHICLE LEFT THE ROADWAY  STRUCK 2 UTILITY POLES  DAMAGING PERSONAL PROPERTY,15084
2020131520FB11319,MONMOUTH,FREEHOLD BORO,07/27/2020,MO,1002,01,FREEHOLD BORO PD,,0,0,0,0,P,B,N,N,01,2,ROUTE 537,W,537,,00000537__,52.16,07,,01,04,01,01,01,01,05,01,200,FE,E,NJ 79 / COURT ST / SOUTH ST,,,,25,30,,,,N,,15104
2020131520FB11372,MONMOUTH,FREEHOLD BORO,07/28/2020,TU,1720,01,FREEHOLD BORO PD,,0,1,0,0,I,B,N,N,03,2,NJ 79,S,79,,00000079__,.78,02,,01,04,02,01,01,01,04,01,156,FE,S,VREDENBURGH AVE,,,,35,25,26,,,N,,15109
2020131520FB11403,MONMOUTH,FREEHOLD BORO,07/29/2020,WE,1707,01,FREEHOLD BORO PD,,0,0,0,0,P,I,N,N,03,2,ROUTE 537,W,537,,00000537__,51.85,07,,01,04,02,01,01,01,04,,,AT,,CR 24 / MANALAPAN AVE,,,,25,35,26,,,N,,15112
2020131520FB11411,MONMOUTH,FREEHOLD BORO,07/27/2020,MO,1645,01,FREEHOLD BORO PD,,0,0,0,0,P,I,N,N,01,2,ROUTE 537,W,537,,00000537__,52.20,07,,01,04,02,01,01,01,04,,,AT,,NJ 79 / COURT ST / SOUTH ST,,,,25,35,26,,,N,,15109
2020131520FB11519,MONMOUTH,FREEHOLD BORO,08/01/2020,SA,1610,01,FREEHOLD BORO PD,,0,1,0,0,I,I,N,N,01,3,NJ 79,S,79,,00000079__,.81,02,,01,05,02,01,01,01,04,01,,AT,,VREDENBURGH AVE,,,,30,25,26,,,N,,
2020131520FB11521,MONMOUTH,FREEHOLD BORO,08/01/2020,SA,1732,01,FREEHOLD BORO PD,,0,0,0,0,P,I,N,N,03,2,JERSEY VILLE AVE **,E,,,13151205__,.19,07,,01,04,02,01,01,01,04,01,,AT,,PARKER ST,,,,25,25,26,,,N,,15105
2020131520FB11598,MONMOUTH,FREEHOLD BORO,08/03/2020,MO,1140,01,FREEHOLD BORO PD,,0,1,0,0,I,I,N,N,01,2,NJ 79,N,79,,00000079__,2.05,02,,01,04,02,01,01,01,05,01,,AT,,CR 46 / DUTCH LN,,,,30,30,,,,N,,15104
2020131520FB11599,MONMOUTH,FREEHOLD BORO,08/03/2020,MO,1247,01,FREEHOLD BORO PD,,0,0,0,0,P,B,N,N,05,2,SPRING ST **,,,,13151035__,.00,07,,01,04,02,01,01,01,05,01,25,FE,S,MORRIS ST,,,,25,25,26,,,N,,15098
2020131520FB11602,MONMOUTH,FREEHOLD BORO,08/03/2020,MO,1425,01,FREEHOLD BORO PD,20FB11602,0,0,0,0,P,I,N,N,01,2,US 9,N,9,,00000009__,113.60,02,,03,05,02,01,01,01,02,01,,AT,,,F,BARKALOW AVE,WB,25,,26,,,N,,15100
2020131520FB11749,MONMOUTH,FREEHOLD BORO,08/05/2020,WE,1304,01,FREEHOLD BORO PD,,0,0,0,0,P,B,N,N,08,2,E MAIN ST,S,,,,,07,,01,04,02,01,01,01,,,,,,,,,,25,,26,40.260620,74.272420,N,,15102
2020131520FB11750,MONMOUTH,FREEHOLD BORO,08/05/2020,WE,1326,01,FREEHOLD BORO PD,,0,0,0,0,P,B,N,N,08,2,FRANCES DR **,W,,,13151018__,.14,07,,01,04,02,01,01,01,05,01,200,FE,E,NJ 33 BUSINESS / PARK AVE,,,,25,40,26,,,N,,15088
2020131520FB11759,MONMOUTH,FREEHOLD BORO,08/05/2020,WE,1554,01,FREEHOLD BORO PD,,0,1,0,0,I,I,N,N,04,2,SOUTH ST,N,,,,,07,,01,04,02,01,01,01,04,01,,AT,,COUCH,,,,30,25,26,40.248150,74.274240,N,,108
2020131520FB11863,MONMOUTH,FREEHOLD BORO,08/08/2020,SA,2210,01,FREEHOLD BORO PD,,0,0,0,0,P,B,N,N,03,3,NJ 79,W,79,,00000079__,1.54,02,,01,04,02,02,06,02,04,01,105,FE,E,SHERIFF ST,,,,25,25,26,,,N,,
2020131520FB12028,MONMOUTH,FREEHOLD BORO,08/11/2020,TU,1342,01,FREEHOLD BORO PD,,0,0,0,0,P,I,N,N,03,2,ROUTE 537,E,537,,00000537__,51.32,05,,01,04,02,01,01,01,05,01,,AT,,,T,US 9,SB,40,,26,40.251240,74.286390,N,,15106
2020131520FB12029,MONMOUTH,FREEHOLD BORO,08/11/2020,TU,1349,01,FREEHOLD BORO PD,,0,0,0,0,P,B,N,N,03,2,21 MECHANIC ST (PARKING),,,,,,09,,01,04,02,01,01,05,,,,,,,,,,15,,26,,,N,,15109
2020131520FB12033,MONMOUTH,FREEHOLD BORO,08/11/2020,TU,1453,01,FREEHOLD BORO PD,,0,1,0,0,I,B,N,N,01,4,NJ 33 BUSINESS,W,33,B,00000033B_,2.79,02,,01,04,02,02,01,02,04,01,270,FE,E,W GEORGE ST,,,,45,25,26,,,N,NJ DOT PEDESTRIAN CROSSWALK SIGN/MOVABLE FENCE IN PARKING LOT OF 130 PARK AVENUE,15109
2020131520FB12077,MONMOUTH,FREEHOLD BORO,08/12/2020,WE,2225,01,FREEHOLD BORO PD,,0,0,0,0,P,I,N,N,05,2,ROUTE 522,E,522,,00000522__,20.99,07,,01,04,02,01,06,01,04,01,,AT,,ROUTE 537 / MAIN ST,,,,25,25,26,,,N,,15105