Year(4)-CountyCode(2)-MunicipalityCode(2)-CaseNumber(9),County Name,Municipality Name,Crash Date,Crash Day of Week,Crash Time,Police Department Code,Police Department,Police Station,Total Killed,Total Injured,Pedestrians Killed,Pedestrians Injured,Severity,Intersection,Alcohol Involved,Hazmat Involved,Crash Type,Total Vehicles,Location,Location Direction,Route,Route Suffix,Std Rte Identifier,MilePost,Road System,Road Character,Road Horizontal Alignment,Road Grade,Road Surface Type,Surface Condition,Light Condition,Environmental Condition,Road Divided By,Temporary Traffic Control Zone,Distance To Cross Street,Unit Of Measurement,Direction From Cross Street,Cross Street Name,Is Ramp,Ramp To/From Route Name,Ramp To/From Route Direction,Posted Speed,Posted Speed Cross Street,First Harmful Event,Latitude,Longitude,Cell Phone In Use Flag,Other Property Damage,Reporting Badge No.
2020131620FT02327,MONMOUTH,FREEHOLD TWP,01/22/2020,WE,0856,01,FREEHOLD TWP PD,,0,0,0,0,P,B,N,N,01,2,US 9,N,9,,00000009__,111.35,02,,01,04,02,01,01,01,03,01,25,FE,S,ROUTE 524 / ELTON-ADELPHIA RD,,,,55,35,26,,,N,,16244
2020131620FT02360,MONMOUTH,FREEHOLD TWP,01/22/2020,WE,1104,01,FREEHOLD TWP PD,,0,0,0,0,P,B,Y,N,01,2,ROUTE 537,,537,,00000537__,48.95,05,,01,06,02,01,01,01,03,01,100,FE,E,GRAVEL HILL RD,,,,50,35,26,,,N,,16245
2020131620FT02413,MONMOUTH,FREEHOLD TWP,01/22/2020,WE,1723,01,FREEHOLD TWP PD,,0,0,0,0,P,B,N,N,01,3,US 9,S,9,,00000009__,112.25,02,,01,04,02,01,06,01,02,01,35,FE,N,THREE BROOKS RD,,,,50,35,26,,,N,,
2020131620FT02437,MONMOUTH,FREEHOLD TWP,01/22/2020,WE,2137,01,FREEHOLD TWP PD,,0,5,0,0,I,I,N,N,03,2,ROUTE 537,,537,,00000537__,53.93,05,,01,04,02,01,07,01,05,01,,AT,,CR 55 / KOZLOSKI RD,,,,50,50,26,,,N,COUNTY HIGHWAY TRAFFIC SIGN,16250
2020131620FT02492,MONMOUTH,FREEHOLD TWP,01/23/2020,TH,1412,01,FREEHOLD TWP PD,,0,0,0,0,P,I,N,N,02,3,ROUTE 537,E,537,,00000537__,49.18,05,,01,05,02,01,01,01,03,,,AT,,PROFESSIONAL VIEW DR,,,,50,25,26,,,N,,
2020131620FT02571,MONMOUTH,FREEHOLD TWP,01/24/2020,FR,1148,01,FREEHOLD TWP PD,,0,1,0,0,I,B,N,N,01,2,MONMOUTH COUNTY 23,W,23,,13000023__,3.91,05,,01,04,02,01,01,01,04,01,200,FE,W,US 9,,,,45,50,26,,,N,MAILBOX FOR 22 JACKSON MILLS ROAD WAS KNOCKED OVER,16257
2020131620FT02573,MONMOUTH,FREEHOLD TWP,01/24/2020,FR,1259,01,FREEHOLD TWP PD,,0,2,0,0,I,I,N,N,03,2,MONMOUTH COUNTY 55,,55,,13000055__,3.56,05,,01,04,02,01,01,01,04,01,,AT,,US 46 / DUTCH LANE RD,,,,50,45,26,,,N,,16257
2020131620FT02576,MONMOUTH,FREEHOLD TWP,01/24/2020,FR,1324,01,FREEHOLD TWP PD,,0,0,0,0,P,B,N,N,01,2,MONMOUTH COUNTY 46,,46,,13000046__,1.44,05,,01,04,02,01,01,01,05,01,75,FE,N,CR 55 / KOZLOSKI RD,,,,45,50,26,,,N,,247
2020131620FT02591,MONMOUTH,FREEHOLD TWP,01/24/2020,FR,1734,01,FREEHOLD TWP PD,,0,0,0,0,P,B,N,N,02,2,US 9,N,9,,00000009__,112.75,02,,01,04,02,01,06,01,01,01,20,FE,N,NJ 79 / SCHANCK RD / SOUTH ST,,,,50,35,26,,,N,,258
2020131620FT02642,MONMOUTH,FREEHOLD TWP,01/25/2020,SA,0945,01,FREEHOLD TWP PD,,0,1,0,0,I,I,N,N,03,2,US 9,S,9,,00000009__,114.14,02,,01,04,02,02,01,02,01,01,,AT,,RACEWAY MALL DR,,,,50,35,26,,,N,,16218
2020131620FT02682,MONMOUTH,FREEHOLD TWP,01/25/2020,SA,1933,01,FREEHOLD BORO PD,,0,0,0,0,P,B,N,N,08,2,STILES PL **,,,,13161065__,.14,07,,01,04,02,02,06,01,05,01,100,FE,N,SANDY CT,,,,25,25,28,,,N,,16259
2020131620FT02778,MONMOUTH,FREEHOLD TWP,01/26/2020,SU,1755,01,FREEHOLD TWP PD,,0,0,0,0,P,I,N,N,12,1,E FREEHOLD RD / WATERWORKS RD,,,,13161067__,2.53,07,,01,04,02,01,06,01,05,01,,AT,,SHERWOOD DR,,,,35,25,24,,,N,,259
2020131620FT02805,MONMOUTH,FREEHOLD TWP,01/27/2020,MO,0256,01,FREEHOLD TWP PD,,0,0,0,0,P,B,N,N,12,1,US 9,S,9,,00000009__,115.04,02,,01,04,02,01,06,01,01,01,900,FE,N,ROUTE 522 / ENGLISHTOWN RD / THROCK,,,,55,45,24,,,N,,16253
2020131620FT02883,MONMOUTH,FREEHOLD TWP,01/27/2020,MO,1527,01,FREEHOLD TWP PD,,0,1,0,0,I,B,N,N,01,2,MONMOUTH COUNTY 23,,23,,13000023__,.80,05,,01,04,02,,01,01,05,,2112,FE,W,JACK ALLEN CT,,,,45,25,26,,,N,,16245
2020131620FT02899,MONMOUTH,FREEHOLD TWP,01/27/2020,MO,2017,01,FREEHOLD TWP PD,,0,0,0,0,P,B,N,N,12,1,MONMOUTH COUNTY 23,,23,,13000023__,3.01,05,,01,04,02,01,07,01,05,01,600,FE,S,STRICKLAND RD,,,,45,35,24,,,N,,230
2020131620FT02925,MONMOUTH,FREEHOLD TWP,01/28/2020,TU,0849,01,FREEHOLD TWP PD,,0,0,0,0,P,B,N,N,01,2,NJ 33,,33,,00000033__,26.60,02,,03,06,02,01,01,01,03,01,30,FE,,,T,ROUTE 537,WB,55,,26,,,N,,262
2020131620FT02966,MONMOUTH,FREEHOLD TWP,01/28/2020,TU,1736,01,FREEHOLD TWP PD,,0,0,0,0,P,I,N,N,03,2,US 9,S,9,,00000009__,112.75,02,,01,04,02,01,06,01,05,01,,AT,,NJ 79 / SCHANCK RD / SOUTH ST,,,,50,35,26,,,N,,16266
2020131620FT03042,MONMOUTH,FREEHOLD TWP,01/29/2020,WE,1203,01,FREEHOLD TWP PD,,0,0,0,0,P,B,N,N,01,2,MONMOUTH COUNTY 55,S,55,,13000055__,2.22,05,,01,04,02,01,01,01,02,02,15,FE,N,BURLINGTON RD,,,,50,35,26,,,N,,16238
2020131620FT03054,MONMOUTH,FREEHOLD TWP,01/29/2020,WE,1358,01,FREEHOLD TWP PD,,0,0,0,0,P,B,N,N,02,2,ROUTE 537,,537,,00000537__,51.11,05,,01,04,02,01,01,01,05,02,200,FE,E,TROTTERS LN / TROTTERS WAY,,,,40,35,26,,,N,,247
2020131620FT03063,MONMOUTH,FREEHOLD TWP,01/29/2020,WE,1552,01,FREEHOLD TWP PD,,0,0,0,0,P,B,N,N,01,2,US 9,S,9,,00000009__,111.51,02,,01,04,02,01,01,01,03,01,5,FE,S,JACKSON MILL RD,,,,50,45,26,,,N,,16258
2020131620FT03083,MONMOUTH,FREEHOLD TWP,01/29/2020,WE,2126,01,FREEHOLD TWP PD,,0,0,0,0,P,B,N,N,01,2,US 9,S,9,,00000009__,113.29,02,,01,04,02,01,07,01,02,01,2006,FE,N,NJ 33,,,,50,55,26,,,N,,16252
2020131620FT03123,MONMOUTH,FREEHOLD TWP,01/30/2020,TH,1140,01,FREEHOLD TWP PD,,0,0,0,0,P,B,N,N,02,2,ROUTE 522,,522,,00000522__,19.87,05,,01,04,02,01,01,01,05,01,50,FE,E,US 9,,,,,55,26,,,N,,16239
2020131620FT03138,MONMOUTH,FREEHOLD TWP,01/30/2020,TH,1503,01,FREEHOLD TWP PD,,0,0,0,0,P,B,N,N,02,2,NJ 33,W,33,,00000033__,28.79,02,,01,04,02,01,01,01,01,01,1320,FE,W,HALLS MILL RD,,,,55,55,26,,,N,,16239
2020131620FT03150,MONMOUTH,FREEHOLD TWP,01/30/2020,TH,1814,01,FREEHOLD TWP PD,,0,0,0,0,P,B,N,N,01,3,MONMOUTH COUNTY 23,,23,,13000023__,3.91,05,,01,04,02,01,06,01,05,01,50,FE,E,ROUTE 524 / ELTON-ADELPHIA RD,,,,35,45,26,,,N,,
2020131620FT03174,MONMOUTH,FREEHOLD TWP,01/30/2020,TH,2314,01,FREEHOLD TWP PD,,0,0,0,0,P,B,N,N,01,2,US 9,S,9,,00000009__,112.25,02,,01,04,02,01,06,01,05,01,2640,FE,S,NJ 79 / SCHANCK RD / SOUTH ST,,,,50,35,26,,,N,,16260
2020131620FT03177,MONMOUTH,FREEHOLD TWP,01/31/2020,FR,0044,01,FREEHOLD TWP PD,,0,0,0,0,P,B,N,N,01,2,US 9,S,9,,00000009__,112.76,02,,01,04,02,01,05,01,01,,50,FE,N,NJ 79 / SCHANCK RD / SOUTH ST,,,,50,35,26,,,N,,16212
2020131620FT03211,MONMOUTH,FREEHOLD TWP,01/31/2020,FR,1357,01,FREEHOLD TWP PD,,0,0,0,0,P,B,N,N,01,2,NJ 33,E,33,,00000033__,26.60,02,,03,04,02,01,01,01,05,01,,,W,,T,ROUTE 537,EB,55,,26,,,N,,247
2020131620FT03221,MONMOUTH,FREEHOLD TWP,01/31/2020,FR,1633,01,FREEHOLD TWP PD,,0,1,0,0,I,I,N,N,03,2,ROUTE 527,,527,,00000527__,20.77,05,,01,04,02,01,01,01,05,01,,AT,,ELY HARMONY RD,,,,50,50,26,,,N,,16250
2020131620FT03296,MONMOUTH,FREEHOLD TWP,02/01/2020,SA,1312,01,FREEHOLD TWP PD,,0,0,0,0,P,I,N,N,01,2,ROUTE 537,E,537,,00000537__,51.07,05,,01,04,02,02,01,05,05,01,,AT,,TROTTERS LN / TROTTERS WAY,,,,40,30,26,,,N,,16251
2020131620FT03379,MONMOUTH,FREEHOLD TWP,02/02/2020,SU,1528,01,FREEHOLD TWP PD,,0,0,0,0,P,B,N,N,11,1,GEORGIA RD **,S,,,13161016__,.82,07,,02,04,02,02,01,02,05,01,100,FE,N,RILLSTONE CT,,,,40,25,52,,,N,VERIZON POLE #BT 40364FRT,251
2020131620FT03387,MONMOUTH,FREEHOLD TWP,02/02/2020,SU,1845,01,FREEHOLD TWP PD,,0,0,0,0,P,I,N,N,02,2,STILLWELLS CORNER RD,,,,13161328__,.88,07,,03,04,02,02,07,01,05,01,,AT,,DOUBLE CREEK PKWY,,,,35,35,26,,,N,,250
2020131620FT03402,MONMOUTH,FREEHOLD TWP,02/03/2020,MO,0826,01,FREEHOLD TWP PD,,0,1,0,0,I,B,N,N,01,3,ROUTE 524,,524,,00000524__,24.49,05,,01,04,02,02,01,01,05,01,75,FE,E,HAYDEN WAY - SCHOOL,,,,45,,26,,,N,,
2020131620FT03447,MONMOUTH,FREEHOLD TWP,02/03/2020,MO,1403,01,FREEHOLD TWP PD,,0,0,0,0,P,B,N,N,02,2,MONMOUTH COUNTY 55,,55,,13000055__,2.68,05,,01,04,02,01,01,01,05,01,250,FE,N,ROUTE 537 / COLTS NECK RD,,,,50,50,26,,,N,,16267
2020131620FT03567,MONMOUTH,FREEHOLD TWP,02/04/2020,TU,1109,01,FREEHOLD TWP PD,,0,0,0,0,P,I,N,N,03,2,NJ 79,,79,,00000079__,.07,02,,01,04,02,02,01,02,02,01,,AT,,WILLOWBROOK RD,,,,35,25,26,,,N,,16189
2020131620FT03619,MONMOUTH,FREEHOLD TWP,02/04/2020,TU,1828,01,FREEHOLD TWP PD,,0,0,0,0,P,B,N,N,12,1,GEORGIA RD **,,,,13161016__,1.79,07,,01,04,02,01,07,01,05,01,100,FE,N,BUCK DR,,,,35,25,24,,,N,,252
2020131620FT03666,MONMOUTH,FREEHOLD TWP,02/05/2020,WE,0735,01,FREEHOLD TWP PD,,0,0,0,0,P,B,N,N,04,2,ELY HARMONY RD,,,,13321049__,2.92,07,,01,04,02,02,01,02,05,01,15,FE,N,ROUTE 527 / SILOAM RD,,,,40,50,26,,,N,,16269
2020131620FT03705,MONMOUTH,FREEHOLD TWP,02/05/2020,WE,1507,01,FREEHOLD TWP PD,,0,0,0,0,P,B,N,N,01,2,CRAIG RD,,,,13161137__,.05,07,,01,04,02,01,01,01,04,01,20,FE,W,US 9,,,,35,55,26,,,N,,16245
2020131620FT03722,MONMOUTH,FREEHOLD TWP,02/05/2020,WE,1736,01,FREEHOLD TWP PD,,0,1,0,0,I,B,N,N,07,2,NJ 33 BUSINESS,,33,B,00000033B_,1.73,02,,01,04,02,01,06,01,05,01,75,FE,W,CARDIGAN BAY RD,,,,45,25,26,,,N,,16232
2020131620FT03724,MONMOUTH,FREEHOLD TWP,02/05/2020,WE,1743,01,FREEHOLD TWP PD,,0,0,0,0,P,B,N,N,08,2,US 9,S,9,,00000009__,116.28,02,,01,04,02,01,07,01,01,01,50,FE,N,CRAIG RD / EAST FREEHOLD RD,,,,50,35,26,,,N,,230
2020131620FT03744,MONMOUTH,FREEHOLD TWP,02/05/2020,WE,2242,01,FREEHOLD TWP PD,,0,1,0,1,I,I,N,N,13,1,US 9,N,9,,00000009__,114.10,02,,01,04,02,02,07,02,01,01,,AT,,RACEWAY MALL DR,,,,50,25,26,,,N,,16255
2020131620FT03748,MONMOUTH,FREEHOLD TWP,02/06/2020,TH,0619,01,FREEHOLD TWP PD,,0,1,0,0,I,B,N,N,10,1,NJ 33,W,33,,00000033__,25.72,02,,01,04,02,02,02,02,02,01,200,FE,E,WEMROCK RD,,,,55,35,56,,,N,,16260
2020131620FT03768,MONMOUTH,FREEHOLD TWP,02/06/2020,TH,1250,01,FREEHOLD TWP PD,,0,0,0,0,P,B,N,N,11,2,MONMOUTH COUNTY 23,,23,,13000023__,3.89,05,,01,04,02,02,01,02,05,01,100,FE,S,ROUTE 524 / ELTON-ADELPHIA RD,,,,50,45,69,,,N,DO NOT ENTER/NO LEFT TURN SIGN,16239
2020131620FT03777,MONMOUTH,FREEHOLD TWP,02/06/2020,TH,1521,01,FREEHOLD TWP PD,,0,0,0,0,P,B,N,N,11,1,GEORGIA RD **,,,,13161016__,.65,07,,02,06,02,02,01,02,05,01,100,FE,S,VALLEY VIEW CIR / WHITE MOUNTAIN LN,,,,40,25,69,,,N,FENCE  MAILBOX  LAWN AND TREE ON 138 GEORGIA RD,16239
2020131620FT03778,MONMOUTH,FREEHOLD TWP,02/06/2020,TH,1522,01,FREEHOLD TWP PD,,0,1,0,0,I,B,N,N,01,2,ROUTE 537,,537,,00000537__,51.07,05,,03,04,02,02,01,02,02,01,25,FE,,,F,TROTTERS WAY,SB,45,,26,,,N,,16218
2020131620FT03781,MONMOUTH,FREEHOLD TWP,02/06/2020,TH,1648,01,FREEHOLD TWP PD,,0,1,0,0,I,B,N,N,01,2,NJ 33,W,33,,00000033__,29.34,02,,03,04,02,02,01,02,05,01,,,,,F,HALLS MILL RD,SB,55,,26,,,N,LIGHT STANDARD (#A923),16255
2020131620FT03787,MONMOUTH,FREEHOLD TWP,02/06/2020,TH,1757,01,FREEHOLD TWP PD,,0,0,0,0,P,I,N,N,01,2,US 9,N,9,,00000009__,112.75,02,,01,04,02,02,06,02,03,01,,AT,S,NJ 79 / SCHANCK RD / SOUTH ST,,,,50,35,26,,,N,,16258
2020131620FT03791,MONMOUTH,FREEHOLD TWP,02/06/2020,TH,2052,01,FREEHOLD TWP PD,,0,1,0,0,I,B,N,N,11,1,MONMOUTH COUNTY 23,,23,,13000023__,2.50,05,,01,04,02,02,06,02,05,01,200,FE,S,EAGLE NEST RD,,,,45,25,52,,,N,POLE # JC765FT,16234
2020131620FT03840,MONMOUTH,FREEHOLD TWP,02/07/2020,FR,0725,01,FREEHOLD TWP PD,,0,1,0,0,I,I,N,N,03,2,GREAT BRIDGE RD **,,,,13161426__,.80,07,,01,04,02,02,01,02,05,01,,AT,,TRINITY PL,,,,25,25,26,,,N,ONE BRICK MAILBOX ON THE LAWN OF 10 TRINITY PLACE (APPROX. VALUE $2500.00),16246
2020131620FT03844,MONMOUTH,FREEHOLD TWP,02/07/2020,FR,0803,01,FREEHOLD TWP PD,,0,0,0,0,P,B,N,N,01,2,US 9,N,9,,00000009__,113.50,02,,01,04,02,02,01,02,02,01,,,,,F,HELEN AVENUE,NB,50,,26,,,N,,247
2020131620FT03903,MONMOUTH,FREEHOLD TWP,02/07/2020,FR,1456,01,FREEHOLD TWP PD,,0,0,0,0,P,B,N,N,02,2,WILLOWBROOK RD **,,,,13161107__,1.35,07,,01,04,02,02,01,05,05,01,50,FE,E,NJ 79 / SOUTH ST,,,,25,35,26,,,N,,16263
2020131620FT03909,MONMOUTH,FREEHOLD TWP,02/07/2020,FR,1719,01,FREEHOLD TWP PD,,0,0,0,0,P,B,N,N,01,2,US 9,S,9,,00000009__,111.35,02,,03,04,02,02,01,02,02,01,25,FE,,,T,ROUTE 524,EB,50,,26,,,N,,261
2020131620FT03957,MONMOUTH,FREEHOLD TWP,02/08/2020,SA,0025,01,FREEHOLD TWP PD,,0,0,0,0,P,B,Y,N,01,2,US 9,S,9,,00000009__,112.20,02,,01,04,02,01,06,01,02,01,2904,FE,S,NJ 79 / SCHANCK RD / SOUTH ST,,,,50,35,26,,,N,,16253
2020131620FT03993,MONMOUTH,FREEHOLD TWP,02/08/2020,SA,1226,01,FREEHOLD TWP PD,,0,0,0,0,P,B,N,N,01,2,US 9,S,9,,00000009__,114.05,02,,01,04,02,01,01,01,01,01,500,FE,S,RACEWAY MALL DR,,,,50,25,26,,,N,,16262
2020131620FT04030,MONMOUTH,FREEHOLD TWP,02/08/2020,SA,1843,01,FREEHOLD TWP PD,,0,0,0,0,P,B,N,N,02,2,ROUTE 537,,537,,00000537__,50.26,05,,01,04,02,01,02,01,05,01,20,FE,E,STILLWELLS CORNER RD / WEMROCK RD,,,,40,35,26,,,N,,261
2020131620FT04051,MONMOUTH,FREEHOLD TWP,02/08/2020,SA,2222,01,FREEHOLD TWP PD,,0,0,0,0,P,B,N,N,02,2,NJ 79,N,79,,00000079__,.06,02,,01,04,02,01,06,01,02,01,50,FE,S,WILLOWBROOK RD,,,,35,25,26,,,N,,259
2020131620FT04096,MONMOUTH,FREEHOLD TWP,02/09/2020,SU,1137,01,FREEHOLD TWP PD,,0,0,0,0,P,B,N,N,12,1,NJ 79,S,79,,00000079__,2.53,02,,01,04,02,01,01,01,05,01,100,FE,N,MAJESTIC DR / RYAN BLVD,,,,40,25,25,,,N,,16267
2020131620FT04124,MONMOUTH,FREEHOLD TWP,02/09/2020,SU,1606,01,FREEHOLD TWP PD,,0,0,0,0,P,B,N,N,02,2,MONMOUTH COUNTY 55,,55,,13000055__,.87,05,,01,04,02,01,01,01,05,01,50,FE,N,TURF DR,,,,50,25,26,,,N,,259
2020131620FT04130,MONMOUTH,FREEHOLD TWP,02/09/2020,SU,1714,01,FREEHOLD TWP PD,,0,0,0,0,P,B,N,N,02,2,US 9,N,9,,00000009__,111.42,02,,01,04,02,01,01,01,03,01,350,FE,N,ROUTE 524 / ELTON-ADELPHIA RD,,,,50,40,26,,,N,,250
2020131620FT04146,MONMOUTH,FREEHOLD TWP,02/09/2020,SU,1913,01,FREEHOLD TWP PD,,0,0,0,0,P,B,N,N,12,1,MONMOUTH COUNTY 55,,55,,13000055__,3.42,05,,01,05,02,01,05,01,05,01,750,FE,S,US 46 / DUTCH LANE RD,,,,50,35,24,,,N,,259
2020131620FT04213,MONMOUTH,FREEHOLD TWP,02/10/2020,MO,1405,01,FREEHOLD TWP PD,,0,0,0,0,P,R,N,N,11,1,WEMROCK RD,,,,13161020__,1.78,07,,01,04,02,02,01,05,05,01,75,FE,S,ROUTE 522 / FREEHOLD-ENGLISHTOWN RD,,,,50,50,42,,,N,CONRAIL RAILROAD TRESTLE.,16238
2020131620FT04223,MONMOUTH,FREEHOLD TWP,02/10/2020,MO,1513,01,FREEHOLD TWP PD,,0,0,0,0,P,B,N,N,01,2,NJ 79,,79,,00000079__,3.81,02,,01,04,02,02,01,05,05,01,100,FE,S,KIRWAN CT,,,,50,25,26,,,N,,16238
2020131620FT04239,MONMOUTH,FREEHOLD TWP,02/10/2020,MO,1842,01,FREEHOLD TWP PD,,0,0,0,0,P,I,N,N,03,2,WILLOWBROOK RD **,,,,13161107__,.89,07,,01,04,02,02,06,02,05,01,,AT,,WYNNEWOOD DR,,,,25,25,26,,,N,,259
2020131620FT04295,MONMOUTH,FREEHOLD TWP,02/11/2020,TU,1127,01,FREEHOLD TWP PD,,0,0,0,0,P,B,N,N,02,2,NJ 33,E,33,,00000033__,28.94,02,,01,04,02,02,01,02,01,01,528,FE,W,HALLS MILL RD,,,,55,45,26,,,N,,16220
2020131620FT04309,MONMOUTH,FREEHOLD TWP,02/11/2020,TU,1409,01,FREEHOLD TWP PD,,0,0,0,0,P,B,N,N,11,1,COURT ST / MONUMENT ST / POND RD,,,,13151115__,.60,07,,01,04,02,02,01,02,05,01,75,FE,N,HOLMES TER,,,,25,25,52,,,N,,16220
2020131620FT04338,MONMOUTH,FREEHOLD TWP,02/11/2020,TU,1931,01,FREEHOLD TWP PD,,0,1,0,0,I,I,N,N,07,2,HUTCHINSON DR **,,,,13161377__,.00,07,,01,04,02,02,07,02,05,01,,AT,,WEMROCK RD,,,,35,25,26,,,N,,230
2020131620FT04360,MONMOUTH,FREEHOLD TWP,02/11/2020,TU,2247,01,FREEHOLD TWP PD,,0,1,0,0,I,B,N,N,01,2,US 9,N,9,,00000009__,112.22,02,,01,04,02,02,06,01,03,01,100,FE,S,THREE BROOKS RD,,,,50,25,26,,,N,,16266
2020131620FT04361,MONMOUTH,FREEHOLD TWP,02/11/2020,TU,2215,01,FREEHOLD TWP PD,,0,0,0,0,P,B,N,N,01,2,US 9,S,9,,00000009__,112.25,02,,01,04,02,01,06,01,03,01,2640,FE,S,NJ 79 / SCHANCK RD / SOUTH ST,,,,50,35,26,,,N,,16234
2020131620FT04469,MONMOUTH,FREEHOLD TWP,02/12/2020,WE,1518,01,FREEHOLD TWP PD,,0,0,0,0,P,B,N,N,06,2,300 COMMERCE DRIVE,,,,,,09,,01,04,02,01,01,05,05,01,,,,TOMAR INDUSTRIES LOADING DOCK,,,,,,28,,,N,,16244
2020131620FT04482,MONMOUTH,FREEHOLD TWP,02/12/2020,WE,1800,01,FREEHOLD TWP PD,,0,0,0,0,P,I,N,N,03,2,NJ 79,,79,,00000079__,.57,02,,01,04,02,01,06,01,05,01,,AT,,HELEN AVE,,,,35,25,26,,,N,,16234
2020131620FT04483,MONMOUTH,FREEHOLD TWP,02/12/2020,WE,1750,01,FREEHOLD TWP PD,,0,0,0,0,P,B,N,N,12,1,GEORGIA RD **,,,,13161016__,1.12,07,,01,04,02,01,05,01,05,01,300,FE,N,STONEHILL RD,,,,35,35,24,,,N,,16252
2020131620FT04484,MONMOUTH,FREEHOLD TWP,02/12/2020,WE,1756,01,FREEHOLD TWP PD,,0,0,0,0,P,B,N,N,01,2,US 9,N,9,,00000009__,115.30,02,,01,05,02,01,06,01,05,01,350,FE,S,SCHIBANOFF LN,,,,50,25,26,,,N,,16232
2020131620FT04532,MONMOUTH,FREEHOLD TWP,02/13/2020,TH,0554,01,FREEHOLD TWP PD,,0,0,0,0,P,B,N,N,01,2,US 9,N,9,,00000009__,111.35,02,,01,04,02,02,06,02,05,01,10,FE,S,ROUTE 524 / ELTON-ADELPHIA RD,,,,50,40,26,,,N,,16260
2020131620FT04575,MONMOUTH,FREEHOLD TWP,02/13/2020,TH,1401,01,FREEHOLD TWP PD,,0,0,0,0,P,B,N,N,01,2,STILLWELLS CORNER RD,,,,13161328__,1.33,07,,01,04,02,02,01,02,05,01,25,FE,S,SYCAMORE AVE,,,,35,25,26,,,N,,16263
2020131620FT04594,MONMOUTH,FREEHOLD TWP,02/13/2020,TH,1854,01,FREEHOLD TWP PD,,0,0,0,0,P,I,N,N,12,1,ROUTE 524,,524,,00000524__,23.91,05,,01,04,02,01,06,01,05,01,,AT,,GEORGIA RD,,,,45,35,24,,,N,,16215
2020131620FT04621,MONMOUTH,FREEHOLD TWP,02/14/2020,FR,0834,01,FREEHOLD TWP PD,,0,0,0,0,P,B,N,N,01,2,ROUTE 524,E,524,,00000524__,24.36,05,,01,04,02,01,01,01,05,01,50,FE,E,WOODSTOCK PL,,,,45,25,26,,,N,,16263
2020131620FT04644,MONMOUTH,FREEHOLD TWP,02/14/2020,FR,1249,01,FREEHOLD TWP PD,,0,0,0,0,P,I,N,N,03,2,MOUNTS CORNER DRIVE,,,,,,07,,01,04,02,01,01,01,05,01,,AT,,WEMROCK ROAD,,,,35,,26,,,N,,16263
2020131620FT04737,MONMOUTH,FREEHOLD TWP,02/15/2020,SA,1029,01,FREEHOLD TWP PD,,0,0,0,0,P,B,N,N,01,2,NJ 33 BUSINESS,,33,B,00000033B_,4.57,02,,01,04,02,01,01,01,05,01,1954,FE,W,CR 55 / HALLS MILL RD / KOZLOSKI RD,,,,50,50,26,,,N,,16262
2020131620FT04765,MONMOUTH,FREEHOLD TWP,02/15/2020,SA,1410,01,FREEHOLD TWP PD,,0,0,0,0,P,B,N,N,01,2,NJ 79,,79,,00000079__,.01,02,,01,04,02,01,01,01,02,01,50,FE,E,US 9 / SCHANCK RD,,,,35,50,26,,,N,,16262
2020131620FT04905,MONMOUTH,FREEHOLD TWP,02/16/2020,SU,1757,01,FREEHOLD TWP PD,,0,0,0,0,P,B,N,N,03,2,ROUTE 537,,537,,00000537__,50.48,05,,01,04,02,01,06,01,05,01,100,FE,W,CASTRONOVA WAY / FREEHOLD MARKETPLA,,,,45,25,26,,,N,,16259
2020131620FT04908,MONMOUTH,FREEHOLD TWP,02/16/2020,SU,1827,01,FREEHOLD TWP PD,,0,0,0,0,P,B,N,N,01,3,ROUTE 537,,537,,00000537__,50.50,05,,01,04,02,01,06,01,05,01,500,FE,,CASTRONOVA WAY / FREEHOLD MARKETPLA,,,,45,25,26,,,N,,
2020131620FT04969,MONMOUTH,FREEHOLD TWP,02/17/2020,MO,1015,01,FREEHOLD TWP PD,,0,0,0,0,P,B,N,N,03,2,MONMOUTH COUNTY 55,,55,,13000055__,2.22,05,,01,04,02,01,01,01,05,01,25,FE,N,BURLINGTON RD,,,,50,35,26,,,N,,16267
2020131620FT05018,MONMOUTH,FREEHOLD TWP,02/17/2020,MO,1735,01,FREEHOLD TWP PD,,0,0,0,0,P,B,N,N,11,1,US 9,S,9,,00000009__,112.60,02,,03,04,02,01,01,01,05,01,100,FE,S,,T,STONEHURST BLVD,,50,,56,,,N,"STREET SING """"NO STOPPING OR STANDING""""",16266
2020131620FT05132,MONMOUTH,FREEHOLD TWP,02/18/2020,TU,1552,01,FREEHOLD TWP PD,,0,0,0,0,P,B,N,N,12,1,ROUTE 537,,537,,00000537__,54.62,05,,01,04,02,01,01,01,05,01,25,FE,W,RANDOLPH RD / SHETLAND WAY,,,,50,25,24,,,N,,16259
2020131620FT05135,MONMOUTH,FREEHOLD TWP,02/18/2020,TU,1615,01,FREEHOLD TWP PD,,0,0,0,0,P,B,N,N,02,2,US 9,S,9,,00000009__,112.55,02,,01,04,02,01,01,01,02,01,1056,FE,S,NJ 79 / SCHANCK RD / SOUTH ST,,,,50,35,26,,,N,,16230
2020131620FT05139,MONMOUTH,FREEHOLD TWP,02/18/2020,TU,1647,01,FREEHOLD TWP PD,,0,1,0,0,I,B,N,N,01,2,ROUTE 537,,537,,00000537__,54.49,05,,01,04,02,01,01,01,05,01,150,FE,W,BERNICE DR,,,,50,25,26,,,N,,16255
2020131620FT05147,MONMOUTH,FREEHOLD TWP,02/18/2020,TU,1754,01,FREEHOLD TWP PD,,0,0,0,0,P,B,N,N,01,2,NJ 79,,79,,00000079__,.06,02,,01,04,02,01,06,01,02,01,70,FE,S,WILLOWBROOK RD,,,,40,25,26,,,N,,16234
2020131620FT05152,MONMOUTH,FREEHOLD TWP,02/18/2020,TU,2031,01,FREEHOLD TWP PD,,0,0,0,0,P,B,N,N,02,2,US 9,S,9,,00000009__,114.35,02,,01,04,02,01,06,01,01,01,100,FE,N,NJ 33 BUSINESS / PARK AVE,,,,55,45,26,,,N,SIGN POST ( NO SIGN ATTACHED ),16213