Year(4)-CountyCode(2)-MunicipalityCode(2)-CaseNumber(9),County Name,Municipality Name,Crash Date,Crash Day of Week,Crash Time,Police Department Code,Police Department,Police Station,Total Killed,Total Injured,Pedestrians Killed,Pedestrians Injured,Severity,Intersection,Alcohol Involved,Hazmat Involved,Crash Type,Total Vehicles,Location,Location Direction,Route,Route Suffix,Std Rte Identifier,MilePost,Road System,Road Character,Road Horizontal Alignment,Road Grade,Road Surface Type,Surface Condition,Light Condition,Environmental Condition,Road Divided By,Temporary Traffic Control Zone,Distance To Cross Street,Unit Of Measurement,Direction From Cross Street,Cross Street Name,Is Ramp,Ramp To/From Route Name,Ramp To/From Route Direction,Posted Speed,Posted Speed Cross Street,First Harmful Event,Latitude,Longitude,Cell Phone In Use Flag,Other Property Damage,Reporting Badge No.
2020131620FT05158,MONMOUTH,FREEHOLD TWP,02/18/2020,TU,1950,01,FREEHOLD TWP PD,,0,0,0,0,P,B,N,N,01,2,US 9,S,9,,00000009__,114.37,02,,01,04,02,01,06,01,01,01,200,FE,N,NJ 33 BUSINESS / PARK AVE,,,,50,45,26,,,N,,16259
2020131620FT05219,MONMOUTH,FREEHOLD TWP,02/19/2020,WE,1057,01,FREEHOLD TWP PD,,0,1,0,0,I,I,N,N,03,2,COURT ST / MONUMENT ST / POND RD,,,,13151115__,1.50,07,,01,04,02,01,01,01,05,01,,AT,,WATERWORKS RD,,,,25,35,26,,,N,,247
2020131620FT05275,MONMOUTH,FREEHOLD TWP,02/19/2020,WE,1758,01,FREEHOLD TWP PD,,0,1,0,0,I,B,N,N,01,2,STILLWELLS CORNER RD,,,,13161328__,.02,07,,01,04,02,01,06,01,05,01,100,FE,N,ROUTE 524 / ELTON ADELPHIA RD,,,,35,45,26,,,N,,16234
2020131620FT05277,MONMOUTH,FREEHOLD TWP,02/19/2020,WE,1801,01,FREEHOLD TWP PD,,0,0,0,0,P,B,N,N,01,2,WEMROCK RD,,,,13161020__,,07,,01,04,02,01,07,01,05,01,200,FE,S,HUTCHINSON DR,,,,35,25,26,,,N,,16252
2020131620FT05402,MONMOUTH,FREEHOLD TWP,02/21/2020,FR,0808,01,FREEHOLD TWP PD,,0,1,0,0,I,I,N,N,04,2,ROUTE 537,,537,,00000537__,49.64,05,,01,04,02,01,01,01,05,01,,AT,,IRON BRIDGE RD,,,,45,35,26,,,N,,247
2020131620FT05409,MONMOUTH,FREEHOLD TWP,02/21/2020,FR,0942,01,FREEHOLD TWP PD,,0,1,0,0,I,I,N,N,01,2,ROUTE 537,,537,,00000537__,48.16,05,,01,08,02,01,01,01,05,01,,AT,,THOMPSON GROVE RD,,,,50,35,26,,,N,,247
2020131620FT05474,MONMOUTH,FREEHOLD TWP,02/21/2020,FR,1820,01,FREEHOLD TWP PD,,0,0,0,0,P,B,N,N,01,2,US 9,N,9,,00000009__,111.26,02,,01,04,02,01,07,01,02,01,500,FE,S,ROUTE 524 / ELTON-ADELPHIA RD,,,,50,45,26,,,N,,16252
2020131620FT05551,MONMOUTH,FREEHOLD TWP,02/22/2020,SA,1144,01,FREEHOLD TWP PD,,0,2,0,0,I,I,N,N,03,2,STILLWELLS CORNER RD,,,,13161328__,1.33,07,,01,04,02,01,01,01,05,01,,AT,,SYCAMORE AVE,,,,35,25,26,,,N,,16239
2020131620FT05632,MONMOUTH,FREEHOLD TWP,02/22/2020,SA,2134,01,FREEHOLD TWP PD,,0,0,0,0,P,B,N,N,01,2,US 9,S,9,,00000009__,112.01,02,,01,04,02,01,07,01,03,01,2640,FE,N,JACKSON MILL RD,,,,50,45,26,,,N,,16255
2020131620FT05696,MONMOUTH,FREEHOLD TWP,02/23/2020,SU,1315,01,FREEHOLD TWP PD,,1,1,0,0,F,B,N,N,11,1,NJ 33,E,33,,00000033__,28.33,02,,01,04,02,01,01,01,01,01,500,FE,E,WILLOW BROOK RD,,,,55,25,60,,,N,DAMAGE TO DOT STREET SIGN,16220
2020131620FT05699,MONMOUTH,FREEHOLD TWP,02/23/2020,SU,1501,01,FREEHOLD TWP PD,,0,0,0,0,P,B,N,N,02,2,US 9,N,9,,00000009__,111.15,02,,01,04,02,01,01,01,02,01,1056,FE,S,ROUTE 524 / ELTON-ADELPHIA RD,,,,50,45,26,,,N,,16266
2020131620FT05768,MONMOUTH,FREEHOLD TWP,02/24/2020,MO,0757,01,FREEHOLD TWP PD,,0,1,0,0,I,I,N,N,03,4,MONMOUTH COUNTY 55,,55,,13000055__,2.63,05,,01,04,02,01,01,01,05,01,,AT,,ROUTE 537 / COLTS NECK RD,,,,50,50,26,,,N,,
2020131620FT05794,MONMOUTH,FREEHOLD TWP,02/24/2020,MO,1426,01,FREEHOLD TWP PD,,0,0,0,0,P,I,N,N,08,2,PIN OAK RD **,,,,13161397__,.37,07,,01,04,02,01,01,01,05,01,,AT,,SCARLET DR / SPOTTED OAK RD,,,,25,25,26,,,N,,16220
2020131620FT05798,MONMOUTH,FREEHOLD TWP,02/24/2020,MO,1512,01,FREEHOLD TWP PD,,0,0,0,0,P,B,N,N,11,1,187 ELY HARMONY ROAD,,,,,,09,,01,04,05,09,01,01,05,01,,,,(PRIVATE PROPERTY),,,,,,52,,,N,UTILITY POLE JC1875UF,16267
2020131620FT05809,MONMOUTH,FREEHOLD TWP,02/24/2020,MO,1720,01,FREEHOLD TWP PD,,0,0,0,0,P,B,N,N,02,2,ROUTE 537,,537,,00000537__,51.07,05,,03,04,02,01,01,01,05,01,25,FE,,,T,TROTTERS WAY,NB,40,,26,,,N,,234
2020131620FT05814,MONMOUTH,FREEHOLD TWP,02/24/2020,MO,1837,01,FREEHOLD TWP PD,,0,0,0,0,P,B,N,N,06,2,BAR HARBOR RD S **,,,,13161126__,.10,07,,01,04,02,01,06,01,05,01,50,FE,N,KOSTER DR,,,,25,25,28,,,N,,259
2020131620FT05864,MONMOUTH,FREEHOLD TWP,02/25/2020,TU,0819,01,FREEHOLD TWP PD,,0,0,0,0,P,B,N,N,01,2,ROUTE 524,,524,,00000524__,24.33,05,,01,04,02,01,01,01,05,01,100,FE,W,WOODSTOCK PL,,,,45,25,26,,,N,,16238
2020131620FT05899,MONMOUTH,FREEHOLD TWP,02/25/2020,TU,1558,01,FREEHOLD TWP PD,,0,0,0,0,P,B,N,N,01,2,US 9,S,9,,00000009__,111.40,02,,01,04,02,02,01,02,02,01,240,FE,N,ROUTE 524 / ELTON-ADELPHIA RD,,,,50,45,26,,,N,,234
2020131620FT05906,MONMOUTH,FREEHOLD TWP,02/25/2020,TU,1701,01,FREEHOLD TWP PD,,0,0,0,0,P,B,N,N,03,2,NJ 33 BUSINESS,,33,B,00000033B_,1.80,02,,01,06,02,02,01,02,05,01,300,FE,E,CARDIGAN BAY RD,,,,45,25,26,,,N,,230
2020131620FT05910,MONMOUTH,FREEHOLD TWP,02/25/2020,TU,1803,01,FREEHOLD TWP PD,,0,0,0,0,P,B,N,N,02,2,ROUTE 537,,537,,00000537__,50.06,05,,01,04,02,01,06,01,05,01,50,FE,W,VILLAGE CENTER DRIVE,,,,40,25,26,,,N,,213
2020131620FT05952,MONMOUTH,FREEHOLD TWP,02/26/2020,WE,0947,01,FREEHOLD TWP PD,,0,0,0,0,P,B,N,N,01,2,MONMOUTH COUNTY 55,,55,,13000055__,1.64,05,,01,04,02,02,01,01,05,01,50,FE,S,CENTER ST / FRENEAU BLVD,,,,50,25,26,,,N,,16220
2020131620FT05972,MONMOUTH,FREEHOLD TWP,02/26/2020,WE,1329,01,FREEHOLD TWP PD,,0,0,0,0,P,B,N,N,02,2,US 9,S,9,,00000009__,116.25,02,,01,04,02,02,01,02,01,01,100,FE,S,CRAIG RD / EAST FREEHOLD RD,,,,55,40,26,,,N,,16220
2020131620FT06038,MONMOUTH,FREEHOLD TWP,02/26/2020,WE,2317,01,FREEHOLD TWP PD,,0,0,0,0,P,B,N,N,03,2,US 9,S,9,,00000009__,112.05,02,,01,04,02,02,06,02,03,01,3696,FE,S,NJ 79 / SCHANCK RD / SOUTH ST,,,,50,35,26,,,N,,16242
2020131620FT06081,MONMOUTH,FREEHOLD TWP,02/27/2020,TH,1027,01,FREEHOLD TWP PD,,0,0,0,0,P,B,N,N,01,2,US 9,N,9,,00000009__,111.31,02,,01,04,02,01,01,01,05,01,200,FE,S,ROUTE 524 / ELTON-ADELPHIA RD,,,,50,40,26,,,N,,16220
2020131620FT06099,MONMOUTH,FREEHOLD TWP,02/27/2020,TH,1301,01,FREEHOLD TWP PD,,0,0,0,0,P,I,N,N,02,2,ROUTE 537,,537,,00000537__,51.07,05,,01,04,02,01,01,01,05,01,,AT,,TROTTERS LN / TROTTERS WAY,,,,40,30,26,,,N,,16239
2020131620FT06125,MONMOUTH,FREEHOLD TWP,02/27/2020,TH,1616,01,FREEHOLD TWP PD,,0,0,0,0,P,I,N,N,03,2,COURT ST / MONUMENT ST / POND RD,,,,13151115__,1.50,07,,01,07,02,01,01,01,05,01,,AT,,WATERWORKS RD,,,,40,25,26,,,N,,16232
2020131620FT06155,MONMOUTH,FREEHOLD TWP,02/27/2020,TH,1917,01,FREEHOLD TWP PD,,0,0,0,0,P,B,N,N,01,3,US 9,S,9,,00000009__,112.30,02,,01,04,02,01,07,01,03,01,2376,FE,S,NJ 79 / SCHANCK RD / SOUTH ST,,,,50,35,26,,,N,,16202
2020131620FT06197,MONMOUTH,FREEHOLD TWP,02/28/2020,FR,0641,01,FREEHOLD TWP PD,,0,0,0,0,P,B,N,N,02,2,MONMOUTH COUNTY 55,,55,,13000055__,2.62,05,,01,04,02,01,01,01,02,01,2112,FE,N,BURLINGTON RD,,,,50,35,26,,,N,,16242
2020131620FT06244,MONMOUTH,FREEHOLD TWP,02/28/2020,FR,1000,01,FREEHOLD TWP PD,,0,0,0,0,P,B,N,N,01,2,SCHANCK RD,,,,13161329__,.07,07,,01,04,02,01,01,01,04,01,25,FE,W,STONEHURST AVE,,,,35,35,26,,,N,,16262
2020131620FT06317,MONMOUTH,FREEHOLD TWP,02/28/2020,FR,1856,01,FREEHOLD TWP PD,,0,1,0,0,I,I,N,N,01,2,ROUTE 537,,537,,00000537__,51.07,05,,01,04,02,01,06,01,05,01,,AT,,,T,TROTTERS WAY,NB,40,,26,,,N,,265
2020131620FT06377,MONMOUTH,FREEHOLD TWP,02/29/2020,SA,1444,01,FREEHOLD TWP PD,,0,0,0,0,P,B,N,N,01,2,ROUTE 537,,537,,00000537__,50.06,05,,01,04,02,01,01,01,05,01,50,FE,E,VILLAGE CENTER DR,,,,40,25,26,,,N,,16239
2020131620FT06388,MONMOUTH,FREEHOLD TWP,02/29/2020,SA,1652,01,FREEHOLD TWP PD,,0,0,0,0,P,B,N,N,01,2,US 9,S,9,,00000009__,114.16,02,,01,04,02,01,01,01,05,01,100,FE,N,RACEWAY MALL DR,,,,50,25,26,,,N,,16259
2020131620FT06416,MONMOUTH,FREEHOLD TWP,02/29/2020,SA,1832,01,FREEHOLD TWP PD,,0,1,0,0,I,I,N,N,04,2,NJ 33 BUSINESS,,33,B,00000033B_,1.74,02,,01,04,02,01,06,01,05,01,,AT,,CARDIGAN BAY RD,,,,45,25,26,,,N,,16259
2020131620FT06644,MONMOUTH,FREEHOLD TWP,03/02/2020,MO,1436,01,FREEHOLD TWP PD,,0,0,0,0,P,I,N,N,02,2,NJ 79,,79,,00000079__,.07,02,,01,04,02,01,01,01,02,01,,AT,,WILLOWBROOK RD,,,,35,25,26,,,N,,16262
2020131620FT06683,MONMOUTH,FREEHOLD TWP,03/03/2020,TU,0121,01,FREEHOLD TWP PD,,0,0,0,0,P,B,N,N,12,1,US 9,N,9,,00000009__,114.35,02,,01,06,02,02,06,02,01,01,100,FE,N,NJ 33 BUSINESS / PARK AVE,,,,55,40,24,40.261840,74.292280,N,,16237
2020131620FT06688,MONMOUTH,FREEHOLD TWP,03/03/2020,TU,0737,01,FREEHOLD TWP PD,,0,0,0,0,P,B,N,N,02,2,MONMOUTH COUNTY 55,,55,,13000055__,1.20,05,,01,06,02,01,01,01,05,01,50,FE,N,,T,NJ 33 BUSINESS,WB,50,,26,40.253210,74.247200,N,,16237
2020131620FT06689,MONMOUTH,FREEHOLD TWP,03/03/2020,TU,0744,01,FREEHOLD TWP PD,,0,1,0,0,I,B,N,N,01,2,ROUTE 537,E,537,,00000537__,54.54,05,,01,04,02,02,01,01,04,,80,FE,E,BERNICE DR,,,,50,25,26,,,N,,16211
2020131620FT06690,MONMOUTH,FREEHOLD TWP,03/03/2020,TU,0756,01,FREEHOLD TWP PD,,0,0,0,0,P,I,N,N,01,2,ROUTE 537,,537,,00000537__,54.62,05,,01,04,02,02,01,01,05,01,,AT,,RANDOLPH RD / SHETLAND WAY,,,,50,25,26,,,N,,219
2020131620FT06691,MONMOUTH,FREEHOLD TWP,03/03/2020,TU,0822,01,FREEHOLD TWP PD,,0,0,0,0,P,B,N,N,01,2,281 ELTON ADELPHIA RD,,,,,,08,,01,04,02,01,01,01,05,01,,,,FTHS EASTERN EXIT,,,,,,26,,,N,,256
2020131620FT06766,MONMOUTH,FREEHOLD TWP,03/03/2020,TU,2136,01,FREEHOLD TWP PD,,0,0,0,0,P,B,N,N,02,2,US 9,N,9,,00000009__,114.32,02,,01,04,02,02,06,02,01,01,1056,FE,S,KINGSLEY WAY,,,,55,25,26,,,N,,16266
2020131620FT06840,MONMOUTH,FREEHOLD TWP,03/04/2020,WE,1913,01,FREEHOLD TWP PD,,0,0,0,0,P,B,N,N,12,2,ROUTE 524,,524,,00000524__,20.98,05,,01,04,02,01,05,01,05,01,1000,FE,W,HOLLAND RIDGE BLVD,,,,50,25,24,,,N,,252
2020131620FT06974,MONMOUTH,FREEHOLD TWP,03/05/2020,TH,2029,01,FREEHOLD TWP PD,,0,0,0,0,P,B,N,N,12,1,WEMROCK RD,,,,13161020__,1.19,07,,01,04,02,01,05,01,05,01,2640,FE,N,NJ 33 BUSINESS,,,,50,45,24,,,N,,16250
2020131620FT07010,MONMOUTH,FREEHOLD TWP,03/06/2020,FR,0704,01,FREEHOLD TWP PD,,0,0,0,0,P,B,N,N,01,2,ROUTE 524,,524,,00000524__,25.50,05,,01,04,02,01,01,01,05,01,100,FE,W,HALLS MILL RD,,,,40,35,26,,,N,,16256
2020131620FT07030,MONMOUTH,FREEHOLD TWP,03/06/2020,FR,1354,01,FREEHOLD TWP PD,,0,0,0,0,P,B,N,N,01,2,ROUTE 537,,537,,00000537__,54.95,05,,01,04,02,02,01,02,05,01,600,FE,W,HUNT DR / WALLING DR,,,,50,35,26,,,N,MONMOUTH COUNTY TRAFFIC SIGNAL SIGN,247
2020131620FT07031,MONMOUTH,FREEHOLD TWP,03/06/2020,FR,1356,01,FREEHOLD TWP PD,,0,0,0,0,P,B,N,N,08,2,E FREEHOLD RD,,,,13161316__,,07,,01,04,02,02,01,02,05,01,15,FE,E,US 9,,,,35,55,26,,,N,,16263
2020131620FT07038,MONMOUTH,FREEHOLD TWP,03/06/2020,FR,1427,01,FREEHOLD TWP PD,,0,0,0,0,P,I,N,N,04,2,MONMOUTH COUNTY 55,,55,,13000055__,2.22,05,,01,04,02,02,01,02,02,01,,AT,,BURLINGTON RD,,,,50,35,26,,,N,MONMOUTH COUNTY TRAFFIC SIGNAL BOLTS AND TRAFFIC SIGNAL BOX,247
2020131620FT07041,MONMOUTH,FREEHOLD TWP,03/06/2020,FR,1503,01,FREEHOLD TWP PD,,0,0,0,0,P,I,N,N,11,1,MONMOUTH COUNTY 46,,46,,13000046__,.52,05,,01,04,02,02,01,02,05,01,,AT,,EMPRESS CT,,,,45,25,56,,,N,STOP SIGN,16234
2020131620FT07045,MONMOUTH,FREEHOLD TWP,03/06/2020,FR,1602,01,FREEHOLD TWP PD,,0,0,0,0,P,B,N,N,01,2,ROUTE 524,,524,,00000524__,20.39,05,,01,04,02,02,01,02,05,01,100,FE,W,ROUTE 527 / SILOAM RD / WOODVILLE R,,,,50,45,26,,,N,,16250
2020131620FT07048,MONMOUTH,FREEHOLD TWP,03/06/2020,FR,1806,01,FREEHOLD TWP PD,,0,0,0,0,P,B,N,N,01,2,WEMROCK RD,,,,13161020__,.00,07,,01,04,02,02,03,02,05,01,100,FE,S,OAKLEY DR / GULLY RD,,,,35,35,26,,,N,,265
2020131620FT07073,MONMOUTH,FREEHOLD TWP,03/07/2020,SA,0426,01,FREEHOLD TWP PD,,0,0,0,0,P,B,Y,N,06,2,E FREEHOLD RD / WATERWORKS RD,,,,13161067__,3.67,07,,01,04,02,02,06,05,05,01,500,FE,E,POND RD,,,,35,35,26,,,N,,16269
2020131620FT07074,MONMOUTH,FREEHOLD TWP,03/07/2020,SA,0452,01,FREEHOLD TWP PD,,0,0,0,0,P,B,N,N,12,1,CENTER ST,,,,13161208__,.54,07,,02,04,02,01,04,01,05,01,400,FE,W,GENISI DR,,,,50,25,24,,,N,,16256
2020131620FT07089,MONMOUTH,FREEHOLD TWP,03/07/2020,SA,1059,01,FREEHOLD TWP PD,,0,1,0,0,I,I,N,N,01,2,US 9,N,9,,00000009__,111.35,02,,01,04,02,01,01,01,01,01,,AT,,ROUTE 524 / ELTON-ADELPHIA RD,,,,50,40,26,,,N,,16263
2020131620FT07182,MONMOUTH,FREEHOLD TWP,03/08/2020,SU,1357,01,FREEHOLD TWP PD,,0,0,0,0,P,B,N,N,01,2,US 9,N,9,,00000009__,112.05,02,,01,04,02,01,01,01,03,01,422,FE,N,CAMPBELL CT,,,,50,25,26,,,N,,16244
2020131620FT07267,MONMOUTH,FREEHOLD TWP,03/09/2020,MO,1039,01,FREEHOLD TWP PD,,0,0,0,0,P,B,N,N,08,2,301 PROFESSIONAL VIEW DR,,,,,,09,,01,04,02,01,01,01,05,01,,,,POND VIEW PROFESSIONAL PARK,,PARKING LOT,,,,26,,,N,,16238
2020131620FT07380,MONMOUTH,FREEHOLD TWP,03/10/2020,TU,1546,01,FREEHOLD TWP PD,,0,0,0,0,P,B,N,N,02,2,ROUTE 537,,537,,00000537__,50.03,05,,01,04,02,01,01,01,05,01,150,FE,W,REDWOOD LN,,,,45,25,26,,,N,,16252
2020131620FT07381,MONMOUTH,FREEHOLD TWP,03/10/2020,TU,1553,01,FREEHOLD TWP PD,,0,0,0,0,P,B,N,N,03,2,EDINBURGH DRIVE,,,,,,07,,01,04,02,01,01,01,05,01,50,FE,N,,F,US 9,NB,25,,26,,,N,,16259
2020131620FT07384,MONMOUTH,FREEHOLD TWP,03/10/2020,TU,1700,01,FREEHOLD TWP PD,,0,0,0,0,P,I,N,N,08,2,MONMOUTH COUNTY 55,,55,,13000055__,2.09,05,,01,04,02,01,01,01,03,02,,AT,,FRENEAU BLVD,,,,50,25,26,,,N,,16266
2020131620FT07421,MONMOUTH,FREEHOLD TWP,03/11/2020,WE,0025,01,FREEHOLD TWP PD,,0,0,0,0,P,B,N,N,12,1,NJ 33,E,33,,00000033__,28.37,02,,01,04,02,01,06,01,01,01,3538,FE,W,HALLS MILL RD,,,,55,50,24,,,N,MINIMAL DAMAGE TO GUARDRAIL.,16253
2020131620FT07433,MONMOUTH,FREEHOLD TWP,03/11/2020,WE,0630,01,FREEHOLD TWP PD,,0,0,0,0,P,I,N,N,09,2,EDINBURGH DRIVE,,,,,,07,,01,04,02,01,01,01,05,01,,AT,,WENTWORTH DRIVE,,,,25,25,26,,,N,,16220
2020131620FT07438,MONMOUTH,FREEHOLD TWP,03/11/2020,WE,0829,01,FREEHOLD TWP PD,,0,0,0,0,P,B,N,N,01,2,US 9,N,9,,00000009__,112.80,02,,01,04,02,01,01,01,02,01,500,FE,S,SOUTH STREET,,,,50,40,26,,,N,,16220
2020131620FT07478,MONMOUTH,FREEHOLD TWP,03/11/2020,WE,1219,01,FREEHOLD TWP PD,,0,0,0,0,P,I,N,N,02,2,ROUTE 537,,537,,00000537__,50.26,05,,01,04,02,01,01,01,05,01,,AT,,STILLWELLS CORNER RD / WEMROCK RD,,,,40,35,26,,,N,,16220
2020131620FT07493,MONMOUTH,FREEHOLD TWP,03/11/2020,WE,1455,01,FREEHOLD TWP PD,,0,0,0,0,P,B,N,N,01,2,ROUTE 537,,537,,00000537__,49.68,05,,01,04,02,01,01,01,05,01,200,FE,E,IRON BRIDGE RD,,,,40,35,26,,,N,,16220
2020131620FT07534,MONMOUTH,FREEHOLD TWP,03/11/2020,WE,2357,01,FREEHOLD TWP PD,,0,0,0,0,P,B,Y,N,11,2,ROUTE 537,E,537,,00000537__,54.64,05,,01,04,02,01,06,01,04,01,100,FE,E,RANDOLPH RD / SHETLAND WAY,,,,50,25,56,,,N,UTILITY POLE # BT83  DOT SIGN  TWO MAIL BOXES,16256
2020131620FT07638,MONMOUTH,FREEHOLD TWP,03/13/2020,FR,0828,01,FREEHOLD TWP PD,,0,0,0,0,P,B,N,N,03,2,ROUTE 524,,524,,00000524__,20.46,05,,01,04,02,02,01,02,05,01,250,FE,E,ROUTE 527 / SILOAM RD / WOODVILLE R,,,,50,40,26,,,N,,16267
2020131620FT07653,MONMOUTH,FREEHOLD TWP,03/13/2020,FR,1147,01,FREEHOLD TWP PD,,0,0,0,0,P,B,N,N,01,2,ROUTE 537,,537,,00000537__,53.03,05,,01,04,02,01,01,01,05,01,100,FE,E,KENTUCKY WAY,,,,45,25,26,,,N,,16239
2020131620FT07657,MONMOUTH,FREEHOLD TWP,03/13/2020,FR,1200,01,FREEHOLD TWP PD,,0,0,0,0,P,B,N,N,01,2,US 9,N,9,,00000009__,112.21,02,,01,04,02,02,01,01,05,01,150,FE,S,THREE BROOKS RD,,,,50,25,26,,,N,,16232
2020131620FT07702,MONMOUTH,FREEHOLD TWP,03/13/2020,FR,2001,01,FREEHOLD TWP PD,,0,0,0,0,P,B,N,N,02,2,NJ 33 BUSINESS,,33,B,00000033B_,4.04,02,,01,04,02,01,07,01,05,01,250,FE,E,KONDRUP WAY,,,,40,25,26,,,N,,16250
2020131620FT07785,MONMOUTH,FREEHOLD TWP,03/14/2020,SA,1345,01,FREEHOLD TWP PD,,0,0,0,0,P,I,N,N,02,2,ROUTE 537,,537,,00000537__,51.07,05,,01,04,02,01,01,01,05,01,,AT,,TROTTERS LN / TROTTERS WAY,,,,40,30,26,,,N,,16267
2020131620FT07792,MONMOUTH,FREEHOLD TWP,03/14/2020,SA,1409,01,FREEHOLD TWP PD,,0,0,0,0,P,I,N,N,03,2,ROUTE 537,,537,,00000537__,51.07,05,,01,04,02,01,01,01,05,01,,AT,,TROTTERS LN / TROTTERS WAY,,,,40,30,26,,,N,,16267
2020131620FT07897,MONMOUTH,FREEHOLD TWP,03/15/2020,SU,1421,01,FREEHOLD TWP PD,,0,1,0,0,I,I,N,N,03,2,ROUTE 537,W,537,,00000537__,50.26,05,,01,04,02,01,01,01,05,01,,AT,,STILLWELLS CORNER RD / WEMROCK RD,,,,40,35,26,,,N,,16251
2020131620FT07898,MONMOUTH,FREEHOLD TWP,03/15/2020,SU,1433,01,FREEHOLD TWP PD,,0,5,0,0,I,B,N,N,11,1,MONMOUTH COUNTY 23,,23,,13000023__,1.01,05,,01,04,02,01,01,01,05,01,2112,FE,S,CR 53 / GEORGIA RD,,,,50,40,60,,,N,,16220
2020131620FT07900,MONMOUTH,FREEHOLD TWP,03/15/2020,SU,1440,01,FREEHOLD TWP PD,,0,1,0,0,I,B,N,N,01,2,NJ 33 BUSINESS,,33,B,00000033B_,5.02,02,,01,04,02,01,01,01,02,01,25,FE,W,ASBURY AVE,,,,50,50,26,,,N,,16262
2020131620FT07934,MONMOUTH,FREEHOLD TWP,03/16/2020,MO,0808,01,FREEHOLD TWP PD,,0,0,0,0,P,B,N,N,02,2,US 9,N,9,,00000009__,110.94,02,,01,04,02,01,01,01,03,01,200,FE,N,EDINBURGH DR,,,,50,25,26,,,N,,16262
2020131620FT07944,MONMOUTH,FREEHOLD TWP,03/16/2020,MO,1235,01,FREEHOLD TWP PD,,0,0,0,0,P,B,N,N,02,2,HALLS MILL RD,,,,13161330__,1.03,07,,01,05,02,01,01,05,05,01,250,FE,N,THREE BROOKS RD,,,,50,35,26,,,N,,16262
2020131620FT07949,MONMOUTH,FREEHOLD TWP,03/16/2020,MO,1417,01,FREEHOLD TWP PD,,0,0,0,0,P,B,N,N,02,2,NJ 79,,79,,00000079__,.18,02,,01,04,02,01,01,01,05,01,264,FE,N,NJ 33,,,,45,55,26,,,N,,16220
2020131620FT07978,MONMOUTH,FREEHOLD TWP,03/17/2020,TU,0749,01,FREEHOLD TWP PD,,0,0,0,0,P,B,N,N,09,2,GRAVEL HILL RD **,,,,13161177__,1.00,07,,01,04,02,02,01,02,05,01,100,FE,N,DANCER LN,,,,35,25,26,,,N,,16220
2020131620FT07991,MONMOUTH,FREEHOLD TWP,03/17/2020,TU,1106,01,FREEHOLD TWP PD,,0,2,0,0,I,I,N,N,03,2,ROUTE 537,,537,,00000537__,54.52,05,,01,04,02,02,01,02,05,01,,AT,,BERNICE DR,,,,50,25,26,,,N,SUBSTANTIAL DAMAGE TO MAILBOX  SIDEWALK/LAWN OF 682 COLTS NECK ROAD,16220
2020131620FT08003,MONMOUTH,FREEHOLD TWP,03/17/2020,TU,1503,01,FREEHOLD TWP PD,,0,0,0,0,P,B,N,N,01,2,US 9,N,9,,00000009__,112.80,02,,01,04,02,01,01,01,02,01,5,FE,,,T,NJ 79,SB,50,,26,,,N,,16220
2020131620FT08058,MONMOUTH,FREEHOLD TWP,03/17/2020,TU,2238,01,FREEHOLD TWP PD,,0,0,0,0,P,B,N,N,12,1,ROUTE 537,,537,,00000537__,55.06,05,,01,04,02,01,07,01,05,01,25,FE,W,HUNT DR / WALLING DR,,,,50,25,24,,,N,,16258
2020131620FT08093,MONMOUTH,FREEHOLD TWP,03/18/2020,WE,1136,01,FREEHOLD TWP PD,,0,0,0,0,P,B,N,N,01,2,ROUTE 537,,537,,00000537__,50.05,05,,01,04,02,01,01,01,05,01,50,FE,W,REDWOOD LN,,,,40,25,26,,,N,,16220
2020131620FT08105,MONMOUTH,FREEHOLD TWP,03/18/2020,WE,1644,01,FREEHOLD TWP PD,,0,0,0,0,P,B,N,N,01,2,NJ 33 BUSINESS,,33,B,00000033B_,5.04,02,,01,04,02,01,01,01,02,01,100,FE,E,ASBURY AVE,,,,45,35,26,,,N,,252
2020131620FT08111,MONMOUTH,FREEHOLD TWP,03/18/2020,WE,2010,01,FREEHOLD TWP PD,,0,0,0,0,P,B,N,N,12,1,MONMOUTH COUNTY 23,,23,,13000023__,3.09,05,,01,04,02,01,07,01,05,01,150,FE,S,STRICKLAND RD,,,,45,35,24,,,N,,234
2020131620FT08204,MONMOUTH,FREEHOLD TWP,03/20/2020,FR,1103,01,FREEHOLD TWP PD,,0,1,0,0,I,I,N,N,04,2,ROUTE 537,,537,,00000537__,50.26,05,,01,04,02,01,01,01,05,01,,AT,,STILLWELLS CORNER RD / WEMROCK RD,,,,40,35,26,,,N,,16239
2020131620FT08549,MONMOUTH,FREEHOLD TWP,03/26/2020,TH,1242,01,FREEHOLD TWP PD,,0,0,0,0,P,I,N,N,07,2,NJ 79,,79,,00000079__,.00,02,,01,04,02,01,01,01,05,01,,AT,,US 9 / SCHANCK RD,,,,40,,26,,,N,,16229
2020131620FT08587,MONMOUTH,FREEHOLD TWP,03/27/2020,FR,1214,01,FREEHOLD TWP PD,,0,2,0,0,I,I,N,N,03,2,US 9,S,9,,00000009__,114.14,02,,01,04,02,01,01,01,01,01,,AT,,RACEWAY MALL DR,,,,50,25,26,,,N,,16189
2020131620FT08611,MONMOUTH,FREEHOLD TWP,03/28/2020,SA,0002,01,FREEHOLD TWP PD,,0,0,0,0,P,B,N,N,12,1,STILLWELLS CORNER RD,,,,13161328__,1.52,07,,01,04,02,01,06,01,05,01,500,FE,S,ROUTE 537 / W MAIN ST,,,,35,40,24,,,N,,16242
2020131620FT08664,MONMOUTH,FREEHOLD TWP,03/29/2020,SU,1457,01,FREEHOLD TWP PD,,0,0,0,0,P,I,N,N,03,2,E FREEHOLD RD / WATERWORKS RD,,,,13161067__,2.32,07,,01,04,02,02,01,05,05,01,,AT,,ROBERTSVILLE RD,,,,35,35,26,,,N,,16244