Year(4)-CountyCode(2)-MunicipalityCode(2)-CaseNumber(9),County Name,Municipality Name,Crash Date,Crash Day of Week,Crash Time,Police Department Code,Police Department,Police Station,Total Killed,Total Injured,Pedestrians Killed,Pedestrians Injured,Severity,Intersection,Alcohol Involved,Hazmat Involved,Crash Type,Total Vehicles,Location,Location Direction,Route,Route Suffix,Std Rte Identifier,MilePost,Road System,Road Character,Road Horizontal Alignment,Road Grade,Road Surface Type,Surface Condition,Light Condition,Environmental Condition,Road Divided By,Temporary Traffic Control Zone,Distance To Cross Street,Unit Of Measurement,Direction From Cross Street,Cross Street Name,Is Ramp,Ramp To/From Route Name,Ramp To/From Route Direction,Posted Speed,Posted Speed Cross Street,First Harmful Event,Latitude,Longitude,Cell Phone In Use Flag,Other Property Damage,Reporting Badge No.
2020131620FT27946,MONMOUTH,FREEHOLD TWP,12/07/2020,MO,1847,01,FREEHOLD TWP PD,,0,0,0,0,P,B,N,N,01,3,US 9,S,9,,00000009__,114.33,02,,01,04,02,01,06,01,01,01,10,FE,N,NJ 33 BUSINESS / PARK AVE,,,,55,40,26,,,N,,213
2020131620FT28005,MONMOUTH,FREEHOLD TWP,12/08/2020,TU,1303,01,FREEHOLD TWP PD,,0,0,0,0,P,B,N,N,01,2,ROUTE 537,,537,,00000537__,50.21,05,,01,04,02,01,01,01,05,01,250,FE,W,STILLWELLS CORNER RD / WEMROCK RD,,,,40,35,26,,,N,,16220
2020131620FT28043,MONMOUTH,FREEHOLD TWP,12/08/2020,TU,1729,01,FREEHOLD TWP PD,,0,0,0,0,P,B,N,N,12,2,MONMOUTH COUNTY 23,S,23,,13000023__,1.81,05,,01,04,02,01,05,01,05,01,60,FE,N,AIMEE DR,,,,45,25,24,,,N,,275
2020131620FT28073,MONMOUTH,FREEHOLD TWP,12/09/2020,WE,1054,01,FREEHOLD TWP PD,,0,0,0,0,P,B,N,N,01,2,WILLOWBROOK RD **,,,,13161107__,.88,07,,01,04,02,01,01,01,05,01,528,FE,N,NJ 33,,,,25,55,26,,,N,,220
2020131620FT28075,MONMOUTH,FREEHOLD TWP,12/09/2020,WE,1126,01,FREEHOLD TWP PD,,0,0,0,0,P,B,N,N,12,1,ROUTE 527,,527,,00000527__,21.74,05,,01,04,02,01,01,01,05,01,100,FE,N,HENDRICKSON RD,,,,50,35,24,,,N,,239
2020131620FT28082,MONMOUTH,FREEHOLD TWP,12/09/2020,WE,1341,01,FREEHOLD TWP PD,,0,0,0,0,P,B,N,N,01,3,ROUTE 537,,537,,00000537__,51.09,05,,01,04,02,02,01,03,05,01,100,FE,E,TROTTERS LN / TROTTERS WAY,,,,40,30,26,,,N,,
2020131620FT28089,MONMOUTH,FREEHOLD TWP,12/09/2020,WE,1635,01,FREEHOLD TWP PD,,0,0,0,0,P,I,N,N,03,2,ROUTE 537,E,537,,00000537__,51.07,05,,01,04,02,02,01,03,05,01,,AT,,TROTTERS LN / TROTTERS WAY,,,,40,25,26,,,N,,275
2020131620FT28134,MONMOUTH,FREEHOLD TWP,12/10/2020,TH,1006,01,FREEHOLD TWP PD,,0,0,0,0,P,I,N,N,01,2,US 9,S,9,,00000009__,114.14,02,,01,04,02,01,01,01,01,01,,AT,,RACEWAY MALL DR,,,,50,25,26,,,N,,16257
2020131620FT28211,MONMOUTH,FREEHOLD TWP,12/11/2020,FR,1140,01,FREEHOLD TWP PD,,0,0,0,0,P,B,N,N,01,2,ROUTE 537,E,537,,00000537__,44.98,05,,01,04,02,01,01,01,05,02,2300,FE,W,ELY HARMONY RD,,,,50,35,26,,,N,,16274
2020131620FT28214,MONMOUTH,FREEHOLD TWP,12/11/2020,FR,1207,01,FREEHOLD TWP PD,,0,0,0,0,P,I,N,N,08,2,ROUTE 524,,524,,00000524__,20.04,05,,01,04,02,01,01,01,05,02,,AT,,PIONEER CT,,,,50,25,26,,,N,,16274
2020131620FT28217,MONMOUTH,FREEHOLD TWP,12/11/2020,FR,1145,01,FREEHOLD TWP PD,,0,0,0,0,P,I,N,N,01,2,WEMROCK RD,,,,,,07,,01,04,02,01,01,01,05,01,,AT,,HUTCHINSON DR,,,,35,25,26,,,N,,16239
2020131620FT28219,MONMOUTH,FREEHOLD TWP,12/11/2020,FR,1153,01,FREEHOLD TWP PD,,0,0,0,0,P,B,N,N,01,2,US 9,N,9,,00000009__,114.30,02,,01,04,02,01,01,01,01,01,150,FE,S,NJ 33 BUSINESS / PARK AVE,,,,50,45,26,,,N,,16257
2020131620FT28265,MONMOUTH,FREEHOLD TWP,12/11/2020,FR,2244,01,FREEHOLD TWP PD,,0,0,0,0,P,B,N,N,12,1,NJ 33 BUSINESS,,33,B,00000033B_,2.13,02,,01,04,02,01,07,01,05,01,100,FE,W,BRADLEY DR,,,,50,25,24,,,N,,16250
2020131620FT28303,MONMOUTH,FREEHOLD TWP,12/12/2020,SA,1002,01,FREEHOLD TWP PD,,0,0,0,0,P,I,N,N,03,2,DOUBLE CREEK PKWY **,,,,13161090__,.83,07,,01,04,02,01,01,05,05,01,,AT,,SPRUCE ST,,,,25,25,26,,,N,,16267
2020131620FT28311,MONMOUTH,FREEHOLD TWP,12/12/2020,SA,1151,01,FREEHOLD TWP PD,,0,0,0,0,P,B,N,N,01,2,ROUTE 537,,537,,00000537__,51.05,05,,01,04,02,01,01,01,05,01,100,FE,W,TROTTERS LN / TROTTERS WAY,,,,40,30,26,,,N,,16262
2020131620FT28329,MONMOUTH,FREEHOLD TWP,12/12/2020,SA,1658,01,FREEHOLD TWP PD,,0,0,0,0,P,I,N,N,12,1,MONMOUTH COUNTY 23,,23,,13000023__,.07,05,,01,04,02,01,06,01,05,01,,AT,,CLOVER CT,,,,45,25,24,,,N,,265
2020131620FT28486,MONMOUTH,FREEHOLD TWP,12/14/2020,MO,1041,01,FREEHOLD TWP PD,,0,0,0,0,P,I,N,N,05,2,YALE DR **,,,,13161368__,.00,07,,01,04,02,02,01,02,05,01,,AT,S,HARVARD OVAL,,,,25,25,26,,,N,,16251
2020131620FT28495,MONMOUTH,FREEHOLD TWP,12/14/2020,MO,1443,01,FREEHOLD TWP PD,,0,0,0,0,P,I,N,N,02,2,US 9,S,9,,00000009__,114.33,02,,01,04,02,02,01,02,05,01,,AT,,NJ 33 BUSINESS / PARK AVE,,,,50,45,26,,,N,,16238
2020131620FT28497,MONMOUTH,FREEHOLD TWP,12/14/2020,MO,1451,01,FREEHOLD TWP PD,,0,0,0,0,P,B,N,N,01,2,US 9,S,9,,00000009__,116.28,02,,01,04,02,02,01,02,01,01,50,FE,N,CRAIG RD / EAST FREEHOLD RD,,,,55,35,26,,,N,,16262
2020131620FT28498,MONMOUTH,FREEHOLD TWP,12/14/2020,MO,1456,01,FREEHOLD TWP PD,,0,0,0,0,P,B,N,N,01,2,US 9,S,9,,00000009__,112.19,02,,01,04,02,02,01,02,03,01,250,FE,S,THREE BROOKS RD,,,,50,40,26,,,N,,16251
2020131620FT28515,MONMOUTH,FREEHOLD TWP,12/14/2020,MO,2109,01,FREEHOLD TWP PD,,0,0,0,0,P,B,Y,N,11,1,SCHANCK RD,,,,13161329__,.41,07,,01,06,02,02,06,01,05,01,100,FE,E,TRI CENTENNIAL DR,,,,35,25,56,,,N,GOUGE IN DRIVEWAY OF 141 SCHANCK ROAD  LANDSCAPE DAMAGE TO SAME.,16259
2020131620FT28536,MONMOUTH,FREEHOLD TWP,12/15/2020,TU,1036,01,FREEHOLD TWP PD,,0,0,0,0,P,B,N,N,01,2,WEMROCK RD,N,,,,,07,,01,04,02,01,01,01,05,01,300,FE,S,WEEPING WILLOW ROAD,,,,35,25,26,,,N,,16261
2020131620FT28561,MONMOUTH,FREEHOLD TWP,12/15/2020,TU,1335,01,FREEHOLD TWP PD,,0,2,0,0,I,B,N,N,01,3,MONMOUTH COUNTY 55,,55,,13000055__,.66,05,,01,04,02,01,01,01,05,01,600,FE,N,WILLOWBROOK RD,,,,40,35,26,,,N,,
2020131620FT28575,MONMOUTH,FREEHOLD TWP,12/15/2020,TU,1528,01,FREEHOLD TWP PD,,0,0,0,0,P,B,N,N,02,2,ROUTE 537,,537,,00000537__,50.04,05,,01,04,02,01,01,01,04,01,2112,FE,E,IRON BRIDGE RD,,,,45,35,26,,,N,,16229
2020131620FT28595,MONMOUTH,FREEHOLD TWP,12/15/2020,TU,1754,01,FREEHOLD TWP PD,,0,0,0,0,P,B,N,N,01,2,US 9,S,9,,00000009__,115.67,02,,01,04,02,01,06,01,05,01,1584,FE,N,SCHIBANOFF LN,,,,55,,26,,,N,,16266
2020131620FT28665,MONMOUTH,FREEHOLD TWP,12/16/2020,WE,1646,01,FREEHOLD TWP PD,,0,0,0,0,P,B,N,N,11,1,NJ 33 BUSINESS,,33,B,00000033B_,4.94,02,,03,05,02,03,07,03,01,01,,,,,F,CR 55,SB,50,,46,,,N,LIGHTPOLE OWNED BY NJ DOT,16252
2020131620FT28666,MONMOUTH,FREEHOLD TWP,12/16/2020,WE,1656,01,FREEHOLD TWP PD,,0,0,0,0,P,B,N,N,01,2,ROUTE 537,,537,,00000537__,51.08,05,,01,04,02,03,06,03,05,01,50,FE,E,TROTTERS LN / TROTTERS WAY,,,,35,30,26,,,N,,16258
2020131620FT28667,MONMOUTH,FREEHOLD TWP,12/16/2020,WE,1700,01,FREEHOLD TWP PD,,0,0,0,0,P,B,N,N,99,2,ROUTE 537,,537,,00000537__,50.76,05,,01,04,02,03,07,03,05,01,300,FE,W,NJ 33,,,,40,55,26,,,N,,16255
2020131620FT28669,MONMOUTH,FREEHOLD TWP,12/17/2020,TH,2139,01,FREEHOLD TWP PD,,0,0,0,0,P,B,N,N,11,1,NJ 33 BUSINESS,W,33,B,00000033B_,4.94,02,,03,05,02,03,06,08,05,01,255,FE,E,,F,CR 55,SB,35,,,,,N,,16215
2020131620FT28672,MONMOUTH,FREEHOLD TWP,12/16/2020,WE,1721,01,FREEHOLD TWP PD,,0,0,0,0,P,B,N,N,11,1,US 9,N,9,,00000009__,115.67,02,,01,05,02,03,06,03,02,01,1584,FE,N,SCHIBANOFF LN,,,,55,20,56,,,N,,16232
2020131620FT28675,MONMOUTH,FREEHOLD TWP,12/16/2020,WE,1737,01,FREEHOLD TWP PD,,0,0,0,0,P,B,N,N,11,1,BURGERVILLE RD / CASINO RD / STONEHILL RD,,,,13191012__,5.07,07,,01,05,02,03,05,03,05,01,10,FE,W,JACKSON MILL RD,,,,35,45,69,,,N,JCP&L UTILITY BOX AND NEW JERSEY NATURAL GAS MAIN,16243
2020131620FT28679,MONMOUTH,FREEHOLD TWP,12/16/2020,WE,1800,01,FREEHOLD TWP PD,,0,0,0,0,P,B,N,N,01,2,US 9,N,9,,00000009__,116.27,02,,01,04,02,03,06,03,01,01,3,FE,S,CRAIG RD / EAST FREEHOLD RD,,,,55,35,26,,,N,,16232
2020131620FT28684,MONMOUTH,FREEHOLD TWP,12/16/2020,WE,1851,01,FREEHOLD TWP PD,,0,0,0,0,P,B,N,N,11,1,ROUTE 537,E,537,,00000537__,43.99,05,,01,05,02,03,05,03,04,01,528,FE,W,BLUEBERRY HILL RD,,,,50,25,47,40.185480,74.388030,N,GUARDRAIL IFO 446 MONMOUTH RD-MONMOUTH COUNTY,16216
2020131620FT28695,MONMOUTH,FREEHOLD TWP,12/16/2020,WE,2225,01,FREEHOLD TWP PD,,0,0,0,0,P,B,N,N,01,2,MONMOUTH COUNTY 55,,55,,13000055__,1.94,05,,01,04,02,03,06,03,05,01,1478,FE,S,BURLINGTON RD,,,,50,35,26,,,N,,16253
2020131620FT28718,MONMOUTH,FREEHOLD TWP,12/17/2020,TH,1143,01,FREEHOLD TWP PD,,0,1,0,0,I,B,N,N,04,2,ELY HARMONY RD,,,,13321049__,3.01,07,,03,04,02,02,01,01,05,01,500,FE,E,ROUTE 527 / SILOAM RD,,,,45,50,26,,,N,,16239
2020131620FT28719,MONMOUTH,FREEHOLD TWP,12/17/2020,TH,1219,01,FREEHOLD TWP PD,,0,0,0,0,P,B,N,N,05,2,ROUTE 524,,524,,00000524__,25.49,05,,01,04,02,02,01,01,05,02,150,FE,W,HALLS MILL RD,,,,45,35,26,,,N,,16235
2020131620FT28730,MONMOUTH,FREEHOLD TWP,12/17/2020,TH,1600,01,FREEHOLD TWP PD,,0,0,0,0,P,B,N,N,01,2,MONMOUTH COUNTY 23,,23,,13000023__,3.91,05,,01,04,02,02,01,01,05,01,,,,,F,ROUTE 524,EB,45,,26,,,N,,16255
2020131620FT28777,MONMOUTH,FREEHOLD TWP,12/18/2020,FR,1317,01,FREEHOLD TWP PD,,0,0,0,0,P,B,N,N,01,2,ROUTE 537,,537,,00000537__,50.24,05,,01,04,02,02,01,01,05,01,100,FE,W,STILLWELLS CORNER RD / WEMROCK RD,,,,40,35,26,,,N,,16267
2020131620FT28812,MONMOUTH,FREEHOLD TWP,12/18/2020,FR,1920,01,FREEHOLD TWP PD,,0,0,0,0,P,B,N,N,06,2,WEAVERVILLE RD **,,,,13161282__,.06,07,,01,04,02,01,07,01,05,01,300,FE,S,THOREAU DR,,,,25,25,26,,,N,,16255
2020131620FT28841,MONMOUTH,FREEHOLD TWP,12/19/2020,SA,1102,01,FREEHOLD TWP PD,,0,0,0,0,P,B,N,N,01,2,ROUTE 537,,537,,00000537__,51.07,05,,01,04,02,01,01,01,05,01,,,,,F,TROTTERS WAY,SB,40,,26,,,N,,16220
2020131620FT28864,MONMOUTH,FREEHOLD TWP,12/19/2020,SA,1615,01,FREEHOLD TWP PD,,0,0,0,0,P,B,N,N,03,2,NJ 33 BUSINESS,,33,B,00000033B_,2.39,02,,01,04,02,01,01,01,02,01,225,FE,E,US 9,,,,45,55,26,,,N,,16252
2020131620FT28867,MONMOUTH,FREEHOLD TWP,12/19/2020,SA,1643,01,FREEHOLD TWP PD,,0,0,0,0,P,B,N,N,01,2,ROUTE 537,,537,,00000537__,51.07,05,,01,04,02,01,01,01,05,01,100,FE,W,,F,TROTTERS WAY,NB,40,,26,,,N,,16250
2020131620FT28882,MONMOUTH,FREEHOLD TWP,12/19/2020,SA,1916,01,FREEHOLD TWP PD,,0,0,0,0,P,B,N,N,01,2,US 9,S,9,,00000009__,114.15,02,,01,04,02,01,07,01,01,01,50,FE,N,RACEWAY MALL DR,,,,55,25,26,,,N,,16252
2020131620FT28927,MONMOUTH,FREEHOLD TWP,12/20/2020,SU,0440,01,FREEHOLD TWP PD,,0,0,0,0,P,B,N,N,12,1,NJ 33,W,33,,00000033__,27.29,02,,01,04,02,01,04,01,01,01,1320,FE,W,US 9,,,,55,50,24,,,N,,16256
2020131620FT28932,MONMOUTH,FREEHOLD TWP,12/20/2020,SU,0959,01,FREEHOLD TWP PD,,0,0,0,0,P,B,N,N,01,2,ROUTE 537,,537,,00000537__,50.26,05,,01,04,02,02,01,01,05,01,25,FE,N,STILLWELLS CORNER RD / WEMROCK RD,,,,35,40,26,,,N,,16244
2020131620FT28995,MONMOUTH,FREEHOLD TWP,12/20/2020,SU,2141,01,FREEHOLD TWP PD,,0,0,0,0,P,B,N,N,08,2,EURETTA AVE **,,,,13161202__,.22,07,,01,04,02,01,05,01,05,01,100,FE,E,PATTEN ST,,,,25,25,28,,,N,,16259
2020131620FT29025,MONMOUTH,FREEHOLD TWP,12/21/2020,MO,1223,01,FREEHOLD TWP PD,,0,0,0,0,P,B,N,N,01,2,US 9,S,9,,00000009__,111.35,02,,01,04,02,02,01,01,05,01,20,FE,W,,T,ROUTE 524,EB,50,,26,,,N,,16262
2020131620FT29039,MONMOUTH,FREEHOLD TWP,12/21/2020,MO,1427,01,FREEHOLD TWP PD,,0,0,0,0,P,I,N,N,09,2,OLD POST RD **,,,,13161046__,.00,07,,01,04,02,02,01,01,05,01,,AT,,STONERHURST BLVD,,,,25,35,26,,,N,,16262
2020131620FT29064,MONMOUTH,FREEHOLD TWP,12/21/2020,MO,1746,01,FREEHOLD TWP PD,,0,0,0,0,P,B,N,N,01,2,US 9,S,9,,00000009__,111.57,02,,01,04,02,01,06,01,05,01,300,FE,N,JACKSON MILL RD,,,,50,40,26,,,N,,16259
2020131620FT29089,MONMOUTH,FREEHOLD TWP,12/22/2020,TU,1003,01,FREEHOLD TWP PD,,0,0,0,0,P,B,N,N,01,2,US 9,N,9,,00000009__,113.25,02,,01,04,02,01,01,01,03,01,1320,FE,S,ROUTE 537,,,,50,40,26,,,N,,16256
2020131620FT29143,MONMOUTH,FREEHOLD TWP,12/22/2020,TU,1726,01,FREEHOLD TWP PD,,0,0,0,0,P,B,N,N,12,1,WEMROCK RD,,,,13161020__,.50,07,,01,04,02,01,05,01,05,01,1000,FE,S,NJ 33 BUSINESS,,,,35,45,24,,,N,,16259
2020131620FT29145,MONMOUTH,FREEHOLD TWP,12/22/2020,TU,1815,01,FREEHOLD TWP PD,,0,1,0,0,I,I,N,N,03,2,ROUTE 524,,524,,00000524__,25.04,05,,01,04,02,01,06,01,05,01,,AT,,CR 23 / JACKSON MILL RD,,,,45,45,26,,,N,,16258
2020131620FT29191,MONMOUTH,FREEHOLD TWP,12/23/2020,WE,1621,01,FREEHOLD TWP PD,,0,1,0,0,I,B,N,N,01,3,ROUTE 537,W,537,,00000537__,50.65,05,,01,04,02,01,01,01,04,01,5,FE,W,GIBSON RD,,,,40,25,26,,,N,,
2020131620FT29192,MONMOUTH,FREEHOLD TWP,12/23/2020,WE,1542,01,FREEHOLD TWP PD,,0,1,0,0,I,B,N,N,11,2,MONMOUTH COUNTY 23,S,23,,13000023__,1.78,05,,02,04,02,01,01,01,05,01,100,FE,S,AIMEE DR,,,,40,25,,,,N,FRONT MAILBOX OF 248 JACKSON MILLS ROAD  JCPL POLE JC918FT,275
2020131620FT29246,MONMOUTH,FREEHOLD TWP,12/24/2020,TH,1047,01,FREEHOLD TWP PD,,0,0,0,0,P,B,N,N,01,2,US 9,N,9,,00000009__,112.22,02,,01,04,02,01,01,01,03,01,100,FE,S,THREE BROOKS RD,,,,50,25,26,,,Y,,16263
2020131620FT29281,MONMOUTH,FREEHOLD TWP,12/24/2020,TH,2013,01,FREEHOLD TWP PD,,0,0,0,0,P,B,Y,N,11,2,NJ 33 BUSINESS,,33,B,00000033B_,4.03,02,,01,04,02,02,06,02,05,01,200,FE,E,KONDRUP WAY,,,,45,25,,,,N,JCPL POLE JC79FT,275
2020131620FT29288,MONMOUTH,FREEHOLD TWP,12/24/2020,TH,2153,01,FREEHOLD TWP PD,,0,0,0,0,P,B,N,N,11,1,US 9,S,9,,00000009__,113.10,02,,01,05,02,02,04,10,03,01,400,FE,S,ROUTE 537,,,,50,40,99,,,N,,16256
2020131620FT29374,MONMOUTH,FREEHOLD TWP,12/25/2020,FR,2114,01,FREEHOLD TWP PD,,0,0,0,0,P,B,N,N,02,2,US 9,S,9,,00000009__,112.74,02,,01,04,02,01,06,01,02,01,50,FE,S,NJ 79 / SCHANCK RD / SOUTH ST,,,,50,35,26,,,N,,16232
2020131620FT29502,MONMOUTH,FREEHOLD TWP,12/27/2020,SU,1035,01,FREEHOLD TWP PD,,0,0,0,0,P,I,N,N,11,2,ROUTE 524,,524,,00000524__,20.41,05,,01,04,02,01,01,01,05,01,,AT,,ROUTE 527 / SILOAM RD / WOODVILLE R,,,,50,35,26,,,N,STRUCK BASE OF TRAFFIC SIGNAL,16263
2020131620FT29526,MONMOUTH,FREEHOLD TWP,12/27/2020,SU,1745,01,FREEHOLD TWP PD,,0,0,0,0,P,B,N,N,01,2,ROUTE 537,,537,,00000537__,51.07,05,,01,04,02,01,06,01,05,01,2640,FE,E,TROTTERS LN / TROTTERS WAY,,,,40,30,26,,,N,,265
2020131620FT29563,MONMOUTH,FREEHOLD TWP,12/28/2020,MO,1318,01,FREEHOLD TWP PD,,0,0,0,0,P,B,N,N,11,1,4345 US 9 N,,,,,,09,,01,04,02,01,01,01,05,01,,,,WATCH STOP DRIVE THRU,,,,,,69,,,N,DAMAGE TO THE ROOF OF WATCH STOP STORE.,265
2020131620FT29598,MONMOUTH,FREEHOLD TWP,12/28/2020,MO,1714,01,FREEHOLD TWP PD,,0,0,0,0,P,B,N,N,01,2,US 9,S,9,,00000009__,111.33,02,,01,04,02,01,06,01,05,01,100,FE,S,ROUTE 524 / ELTON-ADELPHIA RD,,,,50,,26,,,N,,16266
2020131620FT29604,MONMOUTH,FREEHOLD TWP,12/28/2020,MO,1820,01,FREEHOLD TWP PD,,0,0,0,0,P,B,N,N,01,2,US 9,S,9,,00000009__,112.85,02,,01,04,02,01,06,01,03,01,528,FE,N,NJ 79 / SCHANCK RD / SOUTH ST,,,,50,35,26,,,N,,265
2020131620FT29614,MONMOUTH,FREEHOLD TWP,12/28/2020,MO,2051,01,FREEHOLD TWP PD,,0,0,0,0,P,B,N,N,02,2,US 9,N,9,,00000009__,116.08,02,,01,04,02,01,06,01,01,01,1000,FE,S,CRAIG RD / EAST FREEHOLD RD,,,,50,35,26,,,N,,259
2020131620FT29645,MONMOUTH,FREEHOLD TWP,12/29/2020,TU,0856,01,FREEHOLD TWP PD,,0,0,0,0,P,B,N,N,01,2,CRAIG RD,,,,13161137__,.04,07,,01,04,02,01,01,01,05,01,50,FE,W,US 9,,,,35,55,26,,,N,,16262
2020131620FT29735,MONMOUTH,FREEHOLD TWP,12/29/2020,TU,1611,01,FREEHOLD TWP PD,,0,0,0,0,P,B,Y,N,05,2,HALLS MILL RD,,,,13161330__,.19,07,,01,04,02,01,01,01,05,01,1000,FE,N,ROUTE 524 / ELTON ADELPHIA RD,,,,40,40,26,,,N,,259
2020131620FT29742,MONMOUTH,FREEHOLD TWP,12/29/2020,TU,1846,01,FREEHOLD TWP PD,,0,0,0,0,P,B,N,N,12,1,COURT ST / MONUMENT ST / POND RD,,,,13151115__,1.27,07,,01,04,02,01,06,01,05,01,1200,FE,S,WATERWORKS RD,,,,40,25,24,,,N,,16253
2020131620FT29749,MONMOUTH,FREEHOLD TWP,12/29/2020,TU,2105,01,FREEHOLD TWP PD,,0,0,0,0,P,I,N,N,01,2,MONMOUTH COUNTY 46,,46,,13000046__,1.43,05,,01,04,02,01,06,01,05,01,,AT,,CR 55 / KOZLOSKI RD,,,,40,50,26,,,N,,16253
2020131620FT29777,MONMOUTH,FREEHOLD TWP,12/30/2020,WE,1126,01,FREEHOLD TWP PD,,0,1,0,0,I,I,N,N,07,2,SCHANCK RD,,,,13161329__,1.14,07,,01,04,02,01,01,01,05,01,,AT,,STILLWELLS CORNER RD,,,,35,35,26,,,N,,16220
2020131620FT29806,MONMOUTH,FREEHOLD TWP,12/30/2020,WE,1501,01,FREEHOLD TWP PD,,0,0,0,0,P,I,N,N,01,2,REDWOOD LN **,W,,,13161069__,.37,07,,01,04,02,01,01,01,05,01,,AT,,ROUTE 537 / W MAIN ST,,,,25,45,26,,,N,,16274
2020131620FT29813,MONMOUTH,FREEHOLD TWP,12/30/2020,WE,1614,01,FREEHOLD TWP PD,,0,0,0,0,P,I,N,N,01,2,MONMOUTH COUNTY 55,N,55,,13000055__,2.63,05,,01,04,02,01,03,01,05,01,,AT,,ROUTE 537 / COLTS NECK RD,,,,50,50,26,,,N,,16274
2020131620FT29824,MONMOUTH,FREEHOLD TWP,12/30/2020,WE,1757,01,FREEHOLD TWP PD,,0,0,0,0,P,B,N,N,01,2,US 9,S,9,,00000009__,112.35,02,,01,04,02,01,07,01,03,01,600,FE,N,THREE BROOKS RD,,,,50,35,26,,,N,,252
2020131620MN08095,MONMOUTH,FREEHOLD TWP,04/25/2020,SA,0851,01,MANALAPAN TWP PD,MANALAPAN PD,0,0,0,0,P,B,N,N,12,1,NJ 33,W,33,,00000033__,26.20,02,,01,04,02,01,01,01,03,01,50,FE,E,MADISON AVE,,,,55,25,24,40.258060,74.392270,N,,26142
2020131629FT29121,MONMOUTH,FREEHOLD TWP,12/22/2020,TU,1437,01,FREEHOLD TWP PD,,0,0,0,0,P,B,N,N,06,2,811 OKERSON RD,,,,,,09,,01,04,02,01,01,01,05,01,,,,FREEHOLD DMV PARKING LOT,,,,35,,28,,,N,,16256
20201316C060-2020-00242A,MONMOUTH,FREEHOLD TWP,02/17/2020,MO,0208,02,NEW JERSEY STATE POLICE,HAMILTON-SUB -,0,0,0,0,P,B,N,N,11,1,ROUTE 527,S,527,,00000527__,21.59,05,,01,04,02,01,05,01,05,01,,,,TURKEY SWAMP RD,,,,50,,58,,,N,,8249
20201316C060-2020-01430A,MONMOUTH,FREEHOLD TWP,12/27/2020,SU,1920,02,NEW JERSEY STATE POLICE,HAMILTON-SUB -,0,0,0,0,P,B,N,N,01,2,ROUTE 537,W,537,,00000537__,50.20,05,,01,04,02,01,06,01,05,01,,,,,,,,50,,26,,,N,,8299
2020131820-10131-AC,MONMOUTH,HOLMDEL TWP,07/09/2020,TH,1524,01,HOLMDEL PD,,0,0,0,0,P,B,N,N,12,1,NJ 34,,34,,00000034__,18.34,02,,01,06,02,01,01,01,05,01,1200,FE,S,ROBERTS RD,,,,50,40,24,,,N,,100
2020131820-10254-AC,MONMOUTH,HOLMDEL TWP,07/11/2020,SA,1709,01,HOLMDEL PD,,0,0,0,0,P,I,N,N,02,2,ROUTE 520,E,520,,00000520__,9.53,05,,01,04,02,01,01,01,05,,,AT,,NJ 34,,,,50,50,26,,,N,,0084
2020131820-10346-AC,MONMOUTH,HOLMDEL TWP,07/13/2020,MO,1031,01,HOLMDEL PD,,0,1,0,0,I,I,N,N,04,2,MONMOUTH COUNTY 52,S,52,,13000052__,4.01,05,,01,04,02,01,01,01,04,,,AT,,CONTINENTAL BLVD / SATINWOOD DR,,,,45,25,26,,,N,,0103
2020131820-10421-AC,MONMOUTH,HOLMDEL TWP,07/14/2020,TU,1126,01,HOLMDEL PD,,0,0,0,0,P,B,N,N,11,1,WIND SWEPT LN **,,,,13181233__,.62,07,,01,04,02,01,01,01,05,01,100,FE,N,CHERYHILL LN,,,,25,25,99,,,N,,0103
2020131820-10441-AC,MONMOUTH,HOLMDEL TWP,07/14/2020,TU,1911,01,HOLMDEL PD,,0,1,0,0,I,B,N,N,01,2,BETHANY RD / CHURCH ST / POOLE ST,E,,,13301307__,.79,07,,02,05,02,01,01,01,05,,500,FE,E,HILLCREST RD,,,,35,35,26,,,N,,0068
2020131820-10670-AC,MONMOUTH,HOLMDEL TWP,07/18/2020,SA,1359,01,HOLMDEL PD,,0,1,0,0,I,B,N,N,11,1,NJ 35,S,35,,00000035__,41.02,02,,01,04,02,01,01,01,01,01,1000,FE,S,MILLER AVE,,,,50,25,,,,N,,100
2020131820-10712-AC,MONMOUTH,HOLMDEL TWP,07/19/2020,SU,2006,01,HOLMDEL PD,,0,0,0,0,P,B,N,N,02,2,MONMOUTH COUNTY 52,N,52,,13000052__,5.22,05,,01,04,02,01,03,01,04,,50,FE,S,NJ 35,,,,45,50,26,,,N,,0097
2020131820-10922-AC,MONMOUTH,HOLMDEL TWP,07/23/2020,TH,1710,01,HOLMDEL PD,,0,0,0,0,P,B,N,N,02,2,NJ 34,N,34,,00000034__,17.40,02,,01,04,02,01,01,01,05,01,20,FE,S,ROUTE 520 / MAIN STREET / NEWMAN SP,,,,50,40,26,,,N,,0101
2020131820-1094-AC,MONMOUTH,HOLMDEL TWP,01/18/2020,SA,1325,01,HOLMDEL PD,,0,0,0,0,P,B,N,N,06,3,MOUNT DR / OVERLOOK DR **,E,,,13181113__,.17,07,,02,05,02,03,01,03,,,250,FE,E,GALEWOOD DR,,,,25,25,28,,,N,MAILBOX WAS KNOCKED OVER - ROBERT F REDDINGTON - 10 MOUNT DR HOLMDEL NJ 07733,
2020131820-1097-AC,MONMOUTH,HOLMDEL TWP,01/18/2020,SA,1613,01,HOLMDEL PD,,0,0,0,0,P,I,N,N,11,1,RAVINE PL **,E,,,13181115__,.00,07,,03,05,02,03,03,03,05,,,AT,,MOUNT DR,,,,25,25,,,,N,,0099
2020131820-10972-AC,MONMOUTH,HOLMDEL TWP,07/24/2020,FR,0647,01,HOLMDEL PD,,0,0,0,0,P,B,N,N,11,1,NJ 35,N,35,,00000035__,40.79,02,,01,04,02,02,01,05,01,,200,FE,N,TAKOLUSA DR / UNION AVE,,,,50,40,48,,,N,,0090