Year(4)-CountyCode(2)-MunicipalityCode(2)-CaseNumber(9),County Name,Municipality Name,Crash Date,Crash Day of Week,Crash Time,Police Department Code,Police Department,Police Station,Total Killed,Total Injured,Pedestrians Killed,Pedestrians Injured,Severity,Intersection,Alcohol Involved,Hazmat Involved,Crash Type,Total Vehicles,Location,Location Direction,Route,Route Suffix,Std Rte Identifier,MilePost,Road System,Road Character,Road Horizontal Alignment,Road Grade,Road Surface Type,Surface Condition,Light Condition,Environmental Condition,Road Divided By,Temporary Traffic Control Zone,Distance To Cross Street,Unit Of Measurement,Direction From Cross Street,Cross Street Name,Is Ramp,Ramp To/From Route Name,Ramp To/From Route Direction,Posted Speed,Posted Speed Cross Street,First Harmful Event,Latitude,Longitude,Cell Phone In Use Flag,Other Property Damage,Reporting Badge No.
2020131820-10982-AC,MONMOUTH,HOLMDEL TWP,07/24/2020,FR,1112,01,HOLMDEL PD,,0,0,0,0,P,B,N,N,03,2,N BEERS ST,S,,,,,07,,01,04,02,01,01,05,05,,2500,FE,E,BETHANY RD,,,,35,35,26,,,N,,0084
2020131820-1099-AC,MONMOUTH,HOLMDEL TWP,01/18/2020,SA,1750,01,HOLMDEL PD,,0,0,0,0,P,I,N,N,02,2,MONMOUTH COUNTY 52,N,52,,13000052__,3.91,05,,01,04,02,03,07,03,05,01,,AT,,TAKOLUSA RD,,,,45,25,26,,,N,,0093
2020131820-10993-AC,MONMOUTH,HOLMDEL TWP,07/24/2020,FR,1424,01,HOLMDEL PD,,0,0,0,0,P,I,N,N,08,2,STONEBROOK RD **,N,,,13181118__,.34,07,,01,05,02,02,01,02,05,01,,AT,,MOUNTAIN LN,,,,15,15,26,,,N,,102
2020131820-11150-AC,MONMOUTH,HOLMDEL TWP,07/27/2020,MO,0724,01,HOLMDEL PD,,0,0,0,0,P,B,N,N,11,1,MONMOUTH COUNTY 4 II,N,4,2,130000042_,2.23,05,,02,04,02,00,00,00,05,01,800,FE,S,ROUTE 520 / W MAIN ST,,,,40,45,,,,N,METAL POST RUN OVER - MONMOUTH COUNTY PUBLIC WORKS - 250 CENTER ST FREEHOLD TWP?,
2020131820-11259-AC,MONMOUTH,HOLMDEL TWP,07/28/2020,TU,2113,01,HOLMDEL PD,,0,0,0,0,P,B,N,N,02,2,BETHANY RD / CHURCH ST / POOLE ST,E,,,13301307__,1.49,07,,,,02,01,06,01,05,,10,FE,W,CR 4 II / KEYPORT HOLMDEL RD,,,,35,35,26,,,N,,0099
2020131820-11326-AC,MONMOUTH,HOLMDEL TWP,07/29/2020,WE,1601,01,HOLMDEL PD,,0,1,0,0,I,B,N,N,01,2,NJ 35,S,35,,00000035__,40.66,02,,03,04,02,01,01,01,05,01,100,FE,W,CENTERVILLE RD,,,,50,30,26,,,N,,0095
2020131820-11407-AC,MONMOUTH,HOLMDEL TWP,07/30/2020,TH,1541,01,HOLMDEL PD,,0,0,0,0,P,I,N,N,03,2,NJ 35,S,35,,00000035__,40.68,02,,01,04,02,01,01,01,01,,,AT,,CENTERVILLE RD,,,,50,30,26,,,N,,0090
2020131820-11417-AC,MONMOUTH,HOLMDEL TWP,07/30/2020,TH,1808,01,HOLMDEL PD,,0,0,0,0,P,I,N,N,04,2,ROUTE 516,N,516,,00000516__,13.15,05,,01,04,02,01,01,01,05,,,AT,,LAUREL AVE / MIDDLE AVE,,,,40,35,26,,,N,,0084
2020131820-11423-AC,MONMOUTH,HOLMDEL TWP,07/30/2020,TH,2129,01,HOLMDEL PD,,0,0,0,0,P,I,N,N,01,2,BETHANY RD / CHURCH ST / POOLE ST,E,,,13301307__,.50,07,,01,04,02,01,06,01,05,,,AT,,GALWAY DR,,,,35,25,26,,,N,,0089
2020131820-11442-AC,MONMOUTH,HOLMDEL TWP,07/31/2020,FR,1028,01,HOLMDEL PD,,0,0,0,0,P,B,N,N,11,1,NJ 35,N,35,,00000035__,39.84,02,,01,04,02,02,01,02,01,,15,FE,N,ROUTE 516 / CR 52 / S LAUREL AVE,,,,50,40,48,,,N,,0088
2020131820-11459-AC,MONMOUTH,HOLMDEL TWP,07/31/2020,FR,1834,01,HOLMDEL PD,,0,0,0,0,P,B,N,N,02,2,NJ 35,N,35,,00000035__,40.79,02,,01,04,02,01,01,01,01,01,200,FE,N,TAKOLUSA DR / UNION AVE,,,,50,40,26,,,N,,0103
2020131820-11607-AC,MONMOUTH,HOLMDEL TWP,08/03/2020,MO,1344,01,HOLMDEL PD,,0,0,0,0,P,B,N,N,02,2,NJ 35,N,35,,00000035__,39.93,02,,01,04,02,01,01,01,01,01,500,FE,N,ROUTE 516 / CR 52 / S LAUREL AVE,,,,50,45,26,,,N,,0104
2020131820-11611-AC,MONMOUTH,HOLMDEL TWP,08/03/2020,MO,1423,01,HOLMDEL PD,,0,0,0,0,P,B,N,N,12,1,ROUTE 520,,520,,00000520__,10.50,05,,01,04,02,01,01,01,05,01,200,FE,E,LADWOOD DR,,,,40,25,24,,,N,,0096
2020131820-1166-AC,MONMOUTH,HOLMDEL TWP,01/20/2020,MO,0152,01,HOLMDEL PD,,0,1,0,0,I,I,N,N,13,1,ROUTE 516,S,516,,00000516__,13.15,05,,01,04,02,01,04,01,04,,,AT,,LAUREL AVE / MIDDLE AVE,,,,40,35,99,,,N,,0088
2020131820-11808-AC,MONMOUTH,HOLMDEL TWP,08/04/2020,TU,1939,01,HOLMDEL PD,,0,0,0,0,P,I,N,N,11,1,MONMOUTH COUNTY 4 II,N,4,2,130000042_,4.74,05,,02,05,02,01,03,01,05,05,,AT,,LINE RD,,,,40,30,52,,,N,SNAPPED UTILTY POLE AT THE BASE -JCP&L-1500 FLORENCE AVE UNION BEACH NJ,102
2020131820-11879-AC,MONMOUTH,HOLMDEL TWP,08/05/2020,WE,1231,01,HOLMDEL PD,,0,0,0,0,P,B,N,N,02,2,NJ 34,S,34,,00000034__,17.40,02,,01,04,02,01,01,01,99,01,250,FE,S,ROUTE 520 / MAIN STREET / NEWMAN SP,,,,50,40,26,,,N,,0076
2020131820-11889-AC,MONMOUTH,HOLMDEL TWP,08/05/2020,WE,1434,01,HOLMDEL PD,,0,0,0,0,P,I,N,N,01,2,LINE RD,N,,,13181131__,1.02,07,,01,05,02,01,01,01,05,,,AT,,WIGWAM LN,,,,30,25,26,,,N,,0099
2020131820-11963-AC,MONMOUTH,HOLMDEL TWP,08/06/2020,TH,1129,01,HOLMDEL PD,,0,2,0,0,I,B,N,N,01,4,NJ 35,,35,,00000035__,40.83,02,,01,04,02,01,01,01,01,01,400,FE,N,TAKOLUSA DR / UNION AVE,,,,50,35,26,,,N,,
2020131820-12026-AC,MONMOUTH,HOLMDEL TWP,08/07/2020,FR,0836,01,HOLMDEL PD,,0,0,0,0,P,B,N,N,02,2,ROUTE 516,S,516,,00000516__,13.15,05,,01,04,02,02,01,02,05,01,15,FE,N,LAUREL AVE / MIDDLE AVE,,,,40,40,26,,,N,,0104
2020131820-12207-AC,MONMOUTH,HOLMDEL TWP,08/09/2020,SU,1642,01,HOLMDEL PD,,0,1,0,0,I,I,N,N,11,1,ROBERTS RD **,S,,,13181071__,,07,,02,06,02,09,01,01,05,,,AT,,WILSON BLVD,,,,40,25,,,,N,,0089
2020131820-12217-AC,MONMOUTH,HOLMDEL TWP,08/09/2020,SU,2001,01,HOLMDEL PD,,0,0,0,0,P,I,N,N,03,2,SOUTH HOLLAND RD,N,,,,,07,,01,04,02,01,03,01,05,01,,AT,,HOLLAND RD,,,,45,40,26,,,N,,0091
2020131820-12218-AC,MONMOUTH,HOLMDEL TWP,08/09/2020,SU,2020,01,HOLMDEL PD,,0,3,0,0,I,I,N,N,07,2,MONMOUTH COUNTY 7 I,N,7,1,130000071_,.85,05,,01,04,02,01,06,01,05,01,,AT,,MAIN ST / MIDDLE AVE,,,,40,35,26,,,N,,0091
2020131820-12271-AC,MONMOUTH,HOLMDEL TWP,08/10/2020,MO,1318,01,HOLMDEL PD,,0,0,0,0,P,B,N,N,01,2,NJ 35,N,35,,00000035__,40.37,02,,02,04,02,01,01,01,01,01,2030,FE,S,TAKOLUSA DR / UNION AVE,,,,50,40,26,,,N,,0093
2020131820-1231-AC,MONMOUTH,HOLMDEL TWP,01/21/2020,TU,0741,01,HOLMDEL PD,,0,2,0,0,I,B,N,N,01,2,CRAWFORDS CORNER RD,E,,,,,07,,01,04,02,01,01,01,05,,500,FE,E,CR 4,,,,45,40,26,,,N,,0068
2020131820-1232-AC,MONMOUTH,HOLMDEL TWP,01/21/2020,TU,0834,01,HOLMDEL PD,,0,0,0,0,P,B,N,N,01,2,MONMOUTH COUNTY 52,S,52,,13000052__,2.56,05,,01,04,01,01,01,01,05,,600,FE,N,CRAWFORDS CORNER RD,,,,40,40,26,,,N,,0075
2020131820-12347-AC,MONMOUTH,HOLMDEL TWP,08/11/2020,TU,1336,01,HOLMDEL PD,,0,3,0,0,I,I,N,N,03,2,HOLLAND RD / TELEGRAPH HILL RD,E,,,13312108__,2.13,07,,01,04,02,01,01,01,04,,,AT,,S HOLLAND RD / TAKOLUSA DR,,,,35,45,26,,,N,,0097
2020131820-12440-AC,MONMOUTH,HOLMDEL TWP,08/12/2020,WE,1714,01,HOLMDEL PD,,0,0,0,0,P,B,N,N,12,1,MONMOUTH COUNTY 4 II,,4,2,130000042_,2.08,05,,01,04,02,01,01,01,05,01,,,,,,,,50,,24,,,N,,0096
2020131820-12508-AC,MONMOUTH,HOLMDEL TWP,08/13/2020,TH,1521,01,HOLMDEL PD,,0,0,0,0,P,B,N,N,01,2,UNION AVE,S,,,13181306__,.00,07,,01,06,02,01,01,05,05,01,25,FE,N,NJ 35,,,,40,50,26,,,N,,0087
2020131820-12523-AC,MONMOUTH,HOLMDEL TWP,08/13/2020,TH,2002,01,HOLMDEL PD,,0,0,0,0,P,B,N,N,08,2,CENTERVILLE RD,W,,,,,07,,01,04,02,01,03,01,05,01,100,FE,N,FREESIA CT,,,,30,15,26,,,N,,102
2020131820-12652-AC,MONMOUTH,HOLMDEL TWP,08/16/2020,SU,1127,01,HOLMDEL PD,,0,1,0,0,I,I,N,N,03,2,NJ 35,N,35,,00000035__,39.58,02,,01,04,02,02,01,02,01,01,,AT,,CR 7 / PALMER AVE,,,,50,45,26,,,N,,0093
2020131820-1271-AC,MONMOUTH,HOLMDEL TWP,01/21/2020,TU,1658,01,HOLMDEL PD,,0,0,0,0,P,B,N,N,03,2,BETHANY RD / CHURCH ST / POOLE ST,E,,,13301307__,1.60,07,,01,04,02,01,01,01,05,,75,FE,E,CHESTNUTRIDGE DR,,,,35,25,26,,,N,,0068
2020131820-12777-AC,MONMOUTH,HOLMDEL TWP,08/18/2020,TU,1437,01,HOLMDEL PD,,0,1,0,0,I,B,N,N,11,1,MONMOUTH COUNTY 7 I,,7,1,130000071_,.47,05,,03,05,02,01,01,01,05,01,500,FE,N,TANNERS LANDING WAY,,,,40,15,46,,,N,FRONT PORCH/GARDEN/LAWN - ROBERT RHOADS - 953 PALMER AVE HOLMDEL NJ 07733,0096
2020131820-12823-AC,MONMOUTH,HOLMDEL TWP,08/19/2020,WE,1050,01,HOLMDEL PD,,0,0,0,0,P,B,N,N,11,1,BETHANY RD / CHURCH ST / POOLE ST,E,,,13301307__,1.76,07,,01,04,02,02,01,02,05,01,100,FE,W,OLD MANOR RD,,,,35,25,56,,,N,LANDSCAPING / VINYL FENCE- MICHAEL C MOODY-68 BETHANY RD HOLMDEL NJ 07733,0093
2020131820-12835-AC,MONMOUTH,HOLMDEL TWP,08/19/2020,WE,1650,01,HOLMDEL PD,,0,0,0,0,P,B,N,N,08,2,BURGUNDY DR **,N,,,13181196__,.37,07,,01,04,02,01,01,01,,,500,FE,N,BORDEAUX LN,,,,25,25,28,,,N,,0086
2020131820-12861-AC,MONMOUTH,HOLMDEL TWP,08/20/2020,TH,0954,01,HOLMDEL PD,,0,0,0,0,P,B,N,N,02,2,MONMOUTH COUNTY 52,S,52,,13000052__,.04,05,,01,04,02,01,02,01,04,,200,FE,N,ROUTE 520 / NEWMAN SPRINGS RD,,,,40,45,26,,,N,,0097
2020131820-12902-AC,MONMOUTH,HOLMDEL TWP,08/21/2020,FR,0553,01,HOLMDEL PD,,0,0,0,0,P,B,N,N,12,1,MONMOUTH COUNTY 52,N,52,,13000052__,4.89,05,,01,04,02,01,02,01,05,01,100,FE,N,AVON DR,,,,45,25,24,,,N,,0103
2020131820-12921-AC,MONMOUTH,HOLMDEL TWP,08/21/2020,FR,1115,01,HOLMDEL PD,,0,0,0,0,P,I,N,N,02,2,ROUTE 520,E,520,,00000520__,10.99,05,,01,04,02,01,01,01,05,,,AT,,OLD MILL RD,,,,40,25,26,,,N,,0098
2020131820-13021-AC,MONMOUTH,HOLMDEL TWP,08/22/2020,SA,1846,01,HOLMDEL PD,,0,0,0,0,P,B,N,N,99,1,10 CENTERVILLE RD,N,,,,,09,,01,04,02,01,03,01,05,01,,,,,,,,10,,99,,,N,BROKEN POLES AND DAMAGED POWER LINES-JERSEY CENTRAL POWER AND LIGHT-101 CRAWFOR?,0091
2020131820-13148-AC,MONMOUTH,HOLMDEL TWP,08/25/2020,TU,0850,01,HOLMDEL PD,,0,0,0,0,P,B,N,N,05,2,LONGSTREET RD / ROBERTS RD,S,,,13181066__,1.76,07,,01,04,02,01,01,01,05,,5,FE,S,CRAWFORDS CORNER EVERETT RD,,,,35,40,26,,,N,,0099
2020131820-13270-AC,MONMOUTH,HOLMDEL TWP,08/27/2020,TH,0739,01,HOLMDEL PD,,0,0,0,0,P,I,N,N,03,2,MONMOUTH COUNTY 4 II,S,4,2,130000042_,3.86,05,,01,05,02,01,01,01,05,01,,AT,,SCHANCK RD,,,,40,35,26,,,N,,0104
2020131820-1333-AC,MONMOUTH,HOLMDEL TWP,01/22/2020,WE,1250,01,HOLMDEL PD,,0,2,0,0,I,B,N,N,01,2,ROUTE 520,E,520,,00000520__,12.03,05,,01,04,02,01,01,01,04,,25,FE,W,CR 52 / EVERETT RD,,,,45,40,26,,,N,TRAFFIC SIGNAL POLE - MONMOUTH COUNTY HIGHWAY DIVISION - 250 CENTER ST FREEHOLD?,0088
2020131820-13337-AC,MONMOUTH,HOLMDEL TWP,08/28/2020,FR,1012,01,HOLMDEL PD,,0,0,0,0,P,B,N,N,02,2,ROUTE 516,E,516,,00000516__,13.80,05,,01,04,02,01,01,01,04,01,500,FE,W,NJ 35,,,,45,50,26,,,N,,0104
2020131820-13406-AC,MONMOUTH,HOLMDEL TWP,08/30/2020,SU,0009,01,HOLMDEL PD,,0,2,0,0,I,I,N,N,03,2,NJ 35,N,35,,00000035__,39.84,02,,01,04,02,01,06,01,05,,,AT,,ROUTE 516 / CR 52 / S LAUREL AVE,,,,50,45,26,,,N,,0103
2020131820-13588-AC,MONMOUTH,HOLMDEL TWP,09/02/2020,WE,2015,01,HOLMDEL PD,,0,0,0,0,P,B,N,N,05,2,EVERETT-CRAWFORDS CORNER RD / MIDDLETOWN RD,S,,,13181001__,1.45,07,,03,06,02,01,05,01,04,,500,FE,S,AMERICAN WAY,,,,35,30,26,,,N,,0097
2020131820-13617-AC,MONMOUTH,HOLMDEL TWP,09/03/2020,TH,1226,01,HOLMDEL PD,,0,0,0,0,P,B,N,N,01,3,UNION AVE,W,,,13181306__,.01,07,,01,04,02,01,01,01,05,01,50,FE,E,NJ 35,,,,40,50,26,,,N,,
2020131820-13627-AC,MONMOUTH,HOLMDEL TWP,09/03/2020,TH,1518,01,HOLMDEL PD,,0,0,0,0,P,B,N,N,02,2,NJ 35,S,35,,00000035__,40.77,02,,01,04,02,01,01,01,01,01,500,FE,N,CENTERVILLE RD,,,,50,30,26,,,N,,0094
2020131820-13657-AC,MONMOUTH,HOLMDEL TWP,09/04/2020,FR,1028,01,HOLMDEL PD,,0,0,0,0,P,B,N,N,02,2,NJ 35,N,35,,00000035__,41.06,02,,01,05,02,01,01,01,05,01,100,FE,S,MULBERRY LN,,,,50,15,26,,,N,,102
2020131820-14005-AC,MONMOUTH,HOLMDEL TWP,09/10/2020,TH,1538,01,HOLMDEL PD,,0,0,0,0,P,B,N,N,03,2,ROUTE 520,W,520,,00000520__,10.11,05,,01,04,02,02,01,05,05,01,100,FE,E,CR 4 / N HOLMDEL RD / S HOLMDEL RD,,,,40,45,26,,,N,,0091
2020131820-14007-AC,MONMOUTH,HOLMDEL TWP,09/10/2020,TH,1648,01,HOLMDEL PD,,0,0,0,0,P,I,N,N,01,2,NJ 35,S,35,,00000035__,39.84,02,,01,04,02,02,01,05,01,,,AT,,ROUTE 516 / CR 52 / S LAUREL AVE,,,,50,45,26,,,N,,0092
2020131820-14061-AC,MONMOUTH,HOLMDEL TWP,09/11/2020,FR,1723,01,HOLMDEL PD,,0,0,0,0,P,B,N,N,12,1,MONMOUTH COUNTY 4 II,N,4,2,130000042_,4.66,05,,01,04,02,01,01,01,05,,50,FE,S,ASPEN CT,,,,40,25,24,,,N,,0088
2020131820-14116-AC,MONMOUTH,HOLMDEL TWP,09/12/2020,SA,1231,01,HOLMDEL PD,,0,0,0,0,P,B,N,N,01,2,ROUTE 516,S,516,,00000516__,13.89,05,,01,04,02,01,01,01,05,01,50,FE,N,NJ 35,,,,40,50,26,,,N,,0103
2020131820-14239-AC,MONMOUTH,HOLMDEL TWP,09/14/2020,MO,2124,01,HOLMDEL PD,,0,0,0,0,P,B,N,N,01,2,MONMOUTH COUNTY 52,S,52,,13000052__,5.21,05,,01,04,02,01,06,01,05,,100,FE,S,NJ 35,,,,45,50,26,,,N,,0098
2020131820-14360-AC,MONMOUTH,HOLMDEL TWP,09/16/2020,WE,1609,01,HOLMDEL PD,,0,2,0,0,I,I,N,N,03,2,S HOLLAND RD **,N,,,13181107__,.97,07,,01,04,02,01,01,01,05,01,,AT,,TAKOLUSA RD / HOLLAND RD,,,,45,35,26,,,N,,0078
2020131820-14375-AC,MONMOUTH,HOLMDEL TWP,09/17/2020,TH,0123,01,HOLMDEL PD,,0,0,0,0,P,I,N,N,12,1,NJ 34,S,34,,00000034__,18.75,02,,01,04,02,01,06,01,05,01,,AT,,SCHANCK RD,,,,50,35,24,,,N,,0099
2020131820-14414-AC,MONMOUTH,HOLMDEL TWP,09/17/2020,TH,1922,01,HOLMDEL PD,,0,1,0,0,I,B,N,N,02,2,NJ 35,N,35,,00000035__,40.75,02,,02,05,02,01,07,01,05,,,,,,T,UNION AVE,EB,50,,26,,,N,,0093
2020131820-14476-AC,MONMOUTH,HOLMDEL TWP,09/18/2020,FR,1747,01,HOLMDEL PD,,0,0,0,0,P,B,N,N,01,2,NJ 35,S,35,,00000035__,39.80,02,,01,04,02,01,01,01,01,,600,FE,S,,F,LAUREL AVENUE,NB,50,,26,,,N,,0084
2020131820-14537-AC,MONMOUTH,HOLMDEL TWP,09/19/2020,SA,0701,01,HOLMDEL PD,,0,0,0,0,P,B,N,N,12,1,MONMOUTH COUNTY 52,S,52,,13000052__,1.49,05,,01,04,02,01,02,01,05,,500,FE,S,AMERICAN WAY / WHITE OAK RIDGE RD,,,,40,25,24,,,N,,102
2020131820-14543-AC,MONMOUTH,HOLMDEL TWP,09/19/2020,SA,0915,01,HOLMDEL PD,,0,0,0,0,P,I,N,N,03,2,NJ 34,N,34,,00000034__,18.57,02,,01,04,02,01,01,01,05,,,AT,,ROBERTS RD,,,,50,40,26,,,N,,102
2020131820-14609-AC,MONMOUTH,HOLMDEL TWP,09/20/2020,SU,1739,01,HOLMDEL PD,,0,0,0,0,P,B,N,N,12,1,PLUM LN **,W,,,13181124__,.00,07,,01,04,02,01,03,01,05,01,1500,FE,W,ROUTE 516 / LAUREL AVE,,,,25,40,24,,,N,,102
2020131820-14650-AC,MONMOUTH,HOLMDEL TWP,09/21/2020,MO,0952,01,HOLMDEL PD,,0,0,0,0,P,I,N,N,02,2,MONMOUTH COUNTY 4 II,N,4,2,130000042_,2.38,05,,01,04,02,01,01,01,05,,,AT,N,ROUTE 520 / W MAIN ST,,,,40,40,26,,,N,,0088
2020131820-14672-AC,MONMOUTH,HOLMDEL TWP,09/21/2020,MO,1438,01,HOLMDEL PD,,0,3,0,0,I,I,N,N,03,2,ROUTE 520,W,520,,00000520__,10.69,05,,01,04,02,01,01,01,05,01,,AT,,MIDDLETOWN RD / OLD MILL RD,,,,40,35,26,,,N,,0101
2020131820-1469-AC,MONMOUTH,HOLMDEL TWP,01/23/2020,TH,2200,01,HOLMDEL PD,,0,0,0,0,P,B,N,N,12,1,NJ 35,S,35,,00000035__,40.42,02,,01,04,02,01,07,01,01,01,430,FE,S,GARDENIA DR,,,,50,15,24,,,N,,0093
2020131820-14843-AC,MONMOUTH,HOLMDEL TWP,09/23/2020,WE,1757,01,HOLMDEL PD,,0,0,0,0,P,B,N,N,02,2,NJ 35,N,35,,00000035__,40.61,02,,01,04,02,01,03,01,01,01,750,FE,S,TAKOLUSA DR / UNION AVE,,,,50,35,26,,,N,,102
2020131820-1489-AC,MONMOUTH,HOLMDEL TWP,01/24/2020,FR,0712,01,HOLMDEL PD,,0,0,0,0,P,B,N,N,12,1,NJ 34,N,34,,00000034__,17.87,02,,01,04,02,01,02,01,05,01,2500,FE,N,ROUTE 520 / MAIN STREET / NEWMAN SP,,,,50,40,24,,,N,,102
2020131820-14990-AC,MONMOUTH,HOLMDEL TWP,09/25/2020,FR,1929,01,HOLMDEL PD,,0,0,0,0,P,B,N,N,12,1,ROUTE 520,W,520,,00000520__,10.73,05,,01,04,02,01,06,01,04,,200,FE,E,MIDDLETOWN RD / OLD MILL RD,,,,45,25,24,,,N,,0097
2020131820-15057-AC,MONMOUTH,HOLMDEL TWP,09/26/2020,SA,1331,01,HOLMDEL PD,,0,0,0,0,P,B,N,N,07,2,BETHANY RD / CHURCH ST / POOLE ST,N,,,13301307__,1.59,07,,01,04,02,01,01,01,05,,25,FE,W,CHESTNUTRIDGE DR,,,,35,25,26,,,N,,0088
2020131820-15059-AC,MONMOUTH,HOLMDEL TWP,09/26/2020,SA,1413,01,HOLMDEL PD,,0,0,0,0,P,B,N,N,01,2,BETHANY RD / CHURCH ST / POOLE ST,E,,,13301307__,1.62,07,,01,05,02,01,01,01,05,01,25,FE,E,HAZLET AVE,,,,35,30,26,,,N,,0101
2020131820-15075-AC,MONMOUTH,HOLMDEL TWP,09/26/2020,SA,2001,01,HOLMDEL PD,,0,1,0,0,I,B,N,N,01,2,NJ 35,N,35,,00000035__,40.73,02,,01,04,02,01,06,01,01,,100,FE,S,TAKOLUSA DR / UNION AVE,,,,50,35,26,,,N,,0097
2020131820-15147-AC,MONMOUTH,HOLMDEL TWP,09/28/2020,MO,0833,01,HOLMDEL PD,,0,0,0,0,P,B,N,N,01,2,MONMOUTH COUNTY 52,,52,,13000052__,2.00,05,,03,05,02,01,01,01,05,01,,,,,T,CRAWFORDS CORNER ROAD,NB,40,,26,,,N,,0096
2020131820-15493-AC,MONMOUTH,HOLMDEL TWP,10/04/2020,SU,1834,01,HOLMDEL PD,,0,1,0,0,I,I,N,N,11,1,MONMOUTH COUNTY 52,S,52,,13000052__,1.58,05,,01,04,02,01,03,01,05,,,AT,N,AMERICAN WAY / WHITE OAK RIDGE RD,,,,40,30,,,,N,DAMAGE TO CURBS AND TWO TRAFFIC SIGNS - HOLMDEL TOWNSHIP - 4 CRAWFORDS CORNER R?,0090
2020131820-15639-AC,MONMOUTH,HOLMDEL TWP,10/06/2020,TU,1807,01,HOLMDEL PD,,0,0,0,0,P,I,N,N,01,2,NJ 35,S,35,,00000035__,39.84,02,,01,04,02,01,01,01,01,01,,AT,,ROUTE 516 / CR 52 / S LAUREL AVE,,,,50,45,26,,,N,,0093
2020131820-15751-AC,MONMOUTH,HOLMDEL TWP,10/07/2020,WE,1428,01,HOLMDEL PD,,0,0,0,0,P,B,N,N,06,2,36 CRAWFORDS CORNER RD,W,,,,,09,,01,04,02,01,01,01,05,01,,,,,,,,15,,28,,,N,,0087
2020131820-15795-AC,MONMOUTH,HOLMDEL TWP,10/08/2020,TH,1017,01,HOLMDEL PD,,0,1,0,0,I,B,N,N,15,1,HOLLAND RD / TELEGRAPH HILL RD,N,,,13312108__,4.07,07,,01,04,02,01,01,01,05,02,200,FE,N,CROCUS DR,,,,35,25,39,,,N,,0103
2020131820-15875-AC,MONMOUTH,HOLMDEL TWP,10/09/2020,FR,1619,01,HOLMDEL PD,,0,1,0,0,I,B,N,N,01,2,MONMOUTH COUNTY 52,W,52,,13000052__,2.76,05,,01,04,02,01,01,01,,,10,FE,E,CR 12 / DWIGHT RD,,,,45,40,26,,,N,,0086
2020131820-15906-AC,MONMOUTH,HOLMDEL TWP,10/09/2020,FR,2355,01,HOLMDEL PD,,0,0,0,0,P,I,N,N,12,1,MONMOUTH COUNTY 52,,52,,13000052__,5.06,05,,01,04,02,01,06,01,04,,,AT,,COMMONS WAY,,,,45,25,24,,,N,,0101
2020131820-15934-AC,MONMOUTH,HOLMDEL TWP,10/10/2020,SA,1506,01,HOLMDEL PD,,0,0,0,0,P,B,N,N,99,1,MONMOUTH COUNTY 4 II,N,4,2,130000042_,3.00,05,,01,04,02,01,01,01,04,01,700,FE,S,HEARTLAND DRIVE,,,,50,25,57,,,N,,0097
2020131820-16023-AC,MONMOUTH,HOLMDEL TWP,10/12/2020,MO,1320,01,HOLMDEL PD,,0,1,0,0,I,I,N,N,01,2,NJ 35,N,35,,00000035__,40.75,02,,01,04,02,02,01,02,01,01,,AT,,TAKOLUSA DR / UNION AVE,,,,50,40,26,,,N,,0096
2020131820-16074-AC,MONMOUTH,HOLMDEL TWP,10/13/2020,TU,1404,01,HOLMDEL PD,,0,1,0,0,I,I,N,N,04,2,MONMOUTH COUNTY 52,,52,,13000052__,2.00,05,,01,04,02,02,01,02,05,01,,AT,,RED HILL RD,,,,40,40,26,,,N,,0096
2020131820-16193-AC,MONMOUTH,HOLMDEL TWP,10/15/2020,TH,0702,01,HOLMDEL PD,,0,0,0,0,P,B,N,N,12,1,EVERETT-CRAWFORDS CORNER RD / MIDDLETOWN RD,S,,,13181001__,.99,07,,01,04,02,01,01,01,,,500,FE,S,STILWELL RD,,,,35,30,25,,,N,,0086
2020131820-16213-AC,MONMOUTH,HOLMDEL TWP,10/15/2020,TH,1427,01,HOLMDEL PD,,0,0,0,0,P,B,N,N,02,2,NJ 35,S,35,,00000035__,39.96,02,,01,04,02,01,01,01,01,01,2000,FE,N,CR 7 / PALMER AVE,,,,50,40,26,,,N,,0099
2020131820-16254-AC,MONMOUTH,HOLMDEL TWP,10/16/2020,FR,1209,01,HOLMDEL PD,,0,0,0,0,P,B,N,N,02,2,NJ 35,S,35,,00000035__,39.90,02,,01,04,02,02,01,02,01,,300,FE,N,ROUTE 516 / CR 52 / S LAUREL AVE,,,,50,45,26,,,N,,0103
2020131820-16379-AC,MONMOUTH,HOLMDEL TWP,10/18/2020,SU,2344,01,HOLMDEL PD,,0,0,0,0,P,B,N,N,12,1,MONMOUTH COUNTY 52,S,52,,13000052__,2.52,05,,01,04,02,01,07,01,05,,264,FE,S,GARDEN STATE PARKWAY,,,,40,65,24,,,N,,0092
2020131820-16470-AC,MONMOUTH,HOLMDEL TWP,10/20/2020,TU,1416,01,HOLMDEL PD,,0,0,0,0,P,B,N,N,02,2,NJ 35,S,35,,00000035__,39.75,02,,01,04,02,01,01,01,01,,450,FE,S,ROUTE 516 / CR 52 / S LAUREL AVE,,,,50,45,26,,,N,,0093
2020131820-16517-AC,MONMOUTH,HOLMDEL TWP,10/21/2020,WE,1206,01,HOLMDEL PD,,0,1,0,0,I,I,N,N,04,2,EVERETT-CRAWFORDS CORNER RD / MIDDLETOWN RD,W,,,13181001__,3.91,07,,01,04,02,01,01,01,05,,,AT,,LONGSTREET RD,,,,30,35,26,,,N,,0089
2020131820-16530-AC,MONMOUTH,HOLMDEL TWP,10/21/2020,WE,1622,01,HOLMDEL PD,,0,0,0,0,P,B,N,N,11,1,44 LONGSTREET RD,,,,,,06,,01,04,02,01,01,01,05,01,,,,,,,,20,,56,,,N,,0096
2020131820-16539-AC,MONMOUTH,HOLMDEL TWP,10/21/2020,WE,1841,01,HOLMDEL PD,,0,0,0,0,P,B,N,N,12,1,HOLLAND RD / TELEGRAPH HILL RD,S,,,13312108__,2.87,07,,01,06,02,01,06,01,05,,75,FE,N,MOUNT DR,,,,35,25,24,,,N,,0095
2020131820-16697-AC,MONMOUTH,HOLMDEL TWP,10/23/2020,FR,2229,01,HOLMDEL PD,,0,0,0,0,P,B,N,N,12,1,EVERETT-CRAWFORDS CORNER RD / MIDDLETOWN RD,E,,,13181001__,3.77,07,,01,04,02,02,06,02,05,,750,FE,W,LONGSTREET RD,,,,45,25,24,,,N,,0104
2020131820-16729-AC,MONMOUTH,HOLMDEL TWP,10/24/2020,SA,1500,01,HOLMDEL PD,,0,0,0,0,P,B,N,N,11,1,ROUTE 520,E,520,,00000520__,9.47,05,,01,04,02,01,01,01,,,300,FE,W,NJ 34,,,,40,50,62,,,N,,0086