Year(4)-CountyCode(2)-MunicipalityCode(2)-CaseNumber(9),County Name,Municipality Name,Crash Date,Crash Day of Week,Crash Time,Police Department Code,Police Department,Police Station,Total Killed,Total Injured,Pedestrians Killed,Pedestrians Injured,Severity,Intersection,Alcohol Involved,Hazmat Involved,Crash Type,Total Vehicles,Location,Location Direction,Route,Route Suffix,Std Rte Identifier,MilePost,Road System,Road Character,Road Horizontal Alignment,Road Grade,Road Surface Type,Surface Condition,Light Condition,Environmental Condition,Road Divided By,Temporary Traffic Control Zone,Distance To Cross Street,Unit Of Measurement,Direction From Cross Street,Cross Street Name,Is Ramp,Ramp To/From Route Name,Ramp To/From Route Direction,Posted Speed,Posted Speed Cross Street,First Harmful Event,Latitude,Longitude,Cell Phone In Use Flag,Other Property Damage,Reporting Badge No.
2020131820-16760-AC,MONMOUTH,HOLMDEL TWP,10/24/2020,SA,2329,01,HOLMDEL PD,,0,0,0,0,P,B,Y,N,06,2,MAYFAIR RD **,N,,,13181019__,.19,07,,01,04,02,01,05,01,05,01,100,FE,S,CHESTNUT RIDGE RD,,,,25,25,28,,,N,,0094
2020131820-16933-AC,MONMOUTH,HOLMDEL TWP,10/28/2020,WE,0130,01,HOLMDEL PD,,0,0,0,0,P,I,N,N,12,1,MONMOUTH COUNTY 52,,52,,13000052__,3.77,05,,01,04,02,01,05,01,05,,,AT,,HOLLAND RD,,,,45,35,24,,,N,,0098
2020131820-16957-AC,MONMOUTH,HOLMDEL TWP,10/28/2020,WE,1316,01,HOLMDEL PD,,0,0,0,0,P,B,N,N,11,1,SUSSEX RD **,N,,,13181165__,.24,07,,01,04,02,02,01,02,05,01,200,FE,S,ASHLEY DR,,,,25,25,25,,,N,,100
2020131820-16969-AC,MONMOUTH,HOLMDEL TWP,10/28/2020,WE,1557,01,HOLMDEL PD,,0,0,0,0,P,B,N,N,01,2,ROUTE 516,S,516,,00000516__,13.16,05,,01,04,02,01,01,01,05,01,50,FE,N,LAUREL AVE / MIDDLE AVE,,,,35,40,26,,,N,,0094
2020131820-16970-AC,MONMOUTH,HOLMDEL TWP,10/28/2020,WE,1615,01,HOLMDEL PD,,0,0,0,0,P,B,N,N,03,2,UNION AVE,W,,,13181306__,.18,07,,01,04,02,02,01,05,04,01,500,FE,W,NORTHAMPTON AVE,,,,35,25,26,,,N,,0104
2020131820-16973-AC,MONMOUTH,HOLMDEL TWP,10/28/2020,WE,1749,01,HOLMDEL PD,,0,2,0,0,I,I,N,N,04,2,HOLLAND RD / TELEGRAPH HILL RD,W,,,13312108__,2.13,07,,01,04,02,02,06,01,05,01,,AT,,S HOLLAND RD / TAKOLUSA DR,,,,35,45,26,,,N,,0078
2020131820-16978-AC,MONMOUTH,HOLMDEL TWP,10/28/2020,WE,2107,01,HOLMDEL PD,,0,0,0,0,P,B,N,N,11,1,MONMOUTH COUNTY 52,N,52,,13000052__,4.83,05,,01,04,02,02,06,01,05,,200,FE,S,AVON DR,,,,45,25,42,,,N,,0093
2020131820-17063-AC,MONMOUTH,HOLMDEL TWP,10/30/2020,FR,1445,01,HOLMDEL PD,,0,1,0,0,I,B,N,N,01,3,NJ 35,N,35,,00000035__,39.62,02,,01,04,02,02,01,05,01,,200,FE,N,CR 7 / PALMER AVE,,,,50,35,26,,,N,,
2020131820-17073-AC,MONMOUTH,HOLMDEL TWP,10/30/2020,FR,1700,01,HOLMDEL PD,,0,2,0,0,I,B,N,N,04,2,NJ 34,N,34,,00000034__,18.29,02,,01,04,02,01,03,01,05,,1500,FE,S,ROBERTS RD,,,,50,40,26,,,N,,0095
2020131820-17096-AC,MONMOUTH,HOLMDEL TWP,10/30/2020,FR,2115,01,HOLMDEL PD,,0,0,0,0,P,B,N,N,12,1,NJ 35,,35,,00000035__,40.08,02,,01,04,02,01,06,01,01,01,,,,,,,,50,,24,,,N,,0104
2020131820-17105-AC,MONMOUTH,HOLMDEL TWP,10/30/2020,FR,2153,01,HOLMDEL PD,,0,0,0,0,P,B,N,N,12,1,NJ 35,S,35,,00000035__,40.50,02,,01,04,02,01,06,01,01,01,50,FE,N,GARDENIA DR,,,,50,25,24,,,N,,0103
2020131820-17203-AC,MONMOUTH,HOLMDEL TWP,11/01/2020,SU,1132,01,HOLMDEL PD,,0,0,0,0,P,B,N,N,08,2,701 HOLMDEL RD,E,,,,,09,,01,05,02,01,01,05,05,,,,,,,,,15,,26,,,N,,102
2020131820-17206-AC,MONMOUTH,HOLMDEL TWP,11/01/2020,SU,1236,01,HOLMDEL PD,,0,1,0,0,I,B,N,N,01,3,BETHANY RD / CHURCH ST / POOLE ST,E,,,13301307__,1.58,07,,01,05,02,02,01,02,05,,50,FE,W,CHESTNUTRIDGE DR,,,,35,25,26,,,N,,
2020131820-17220-AC,MONMOUTH,HOLMDEL TWP,11/01/2020,SU,1939,01,HOLMDEL PD,,0,0,0,0,P,B,N,N,11,1,CATBIRD ALLEY / WHITE BIRCH LN **,E,,,13181077__,.85,07,,02,04,02,01,06,01,05,,100,FE,S,DEERCREST DR,,,,25,25,,,,N,,0098
2020131820-17243-AC,MONMOUTH,HOLMDEL TWP,11/02/2020,MO,1033,01,HOLMDEL PD,,0,0,0,0,P,B,N,N,01,2,NJ 35,W,35,,00000035__,39.62,02,,01,04,02,01,01,01,01,01,200,FE,W,CR 7 / PALMER AVE,,,,50,40,26,,,N,,0101
2020131820-17312-AC,MONMOUTH,HOLMDEL TWP,11/03/2020,TU,1438,01,HOLMDEL PD,,0,2,0,0,I,B,N,N,01,3,MONMOUTH COUNTY 4 II,N,4,2,130000042_,5.73,05,,01,06,02,01,01,01,05,,100,FE,S,LONGVIEW DR,,,,40,25,26,,,N,,
2020131820-17337-AC,MONMOUTH,HOLMDEL TWP,11/04/2020,WE,0800,01,HOLMDEL PD,,0,0,0,0,P,B,N,N,01,2,MONMOUTH COUNTY 52,S,52,,13000052__,2.67,05,,01,04,02,01,01,01,05,,500,FE,S,CR 12 / DWIGHT RD,,,,40,35,26,,,N,,102
2020131820-17396-AC,MONMOUTH,HOLMDEL TWP,11/04/2020,WE,2139,01,HOLMDEL PD,,0,1,0,0,I,I,N,N,04,2,MONMOUTH COUNTY 4 II,N,4,2,130000042_,3.61,05,,01,04,02,01,06,01,05,,,AT,,ROBERTS RD,,,,40,35,26,,,N,,0089
2020131820-17523-AC,MONMOUTH,HOLMDEL TWP,11/06/2020,FR,1745,01,HOLMDEL PD,,0,0,0,0,P,B,N,N,12,1,LINE RD,N,,,13181131__,.57,07,,01,04,02,01,05,01,05,01,400,FE,S,DORA LN,,,,30,35,24,,,N,,100
2020131820-17569-AC,MONMOUTH,HOLMDEL TWP,11/07/2020,SA,1528,01,HOLMDEL PD,,0,0,0,0,P,B,N,N,11,2,NJ 35,N,35,,00000035__,40.64,02,,01,04,02,01,01,,05,01,600,FE,S,TAKOLUSA DR / UNION AVE,,,,50,40,26,,,N,,100
2020131820-17643-AC,MONMOUTH,HOLMDEL TWP,11/09/2020,MO,0311,01,HOLMDEL PD,,0,0,0,0,P,B,N,N,12,1,ROUTE 520,E,520,,00000520__,10.13,05,,01,04,02,01,07,01,05,,200,FE,E,CR 4 / N HOLMDEL RD / S HOLMDEL RD,,,,40,40,24,,,N,,0093
2020131820-17834-AC,MONMOUTH,HOLMDEL TWP,11/11/2020,WE,2032,01,HOLMDEL PD,,0,0,0,0,P,I,N,N,04,2,MONMOUTH COUNTY 52,N,52,,13000052__,1.98,05,,01,04,02,02,06,02,,,,AT,,RED HILL RD,,,,40,40,26,,,N,,0086
2020131820-17932-AC,MONMOUTH,HOLMDEL TWP,11/13/2020,FR,1725,01,HOLMDEL PD,,0,0,0,0,P,B,N,N,12,1,MONMOUTH COUNTY 4 II,N,4,2,130000042_,6.63,05,,01,04,02,01,06,01,05,,15,FE,S,CRAPE MYRTLE DR / N BEERS ST,,,,35,35,24,,,N,,0095
2020131820-17991-AC,MONMOUTH,HOLMDEL TWP,11/14/2020,SA,1333,01,HOLMDEL PD,,0,0,0,0,P,B,N,N,02,2,MONMOUTH COUNTY 52,E,52,,13000052__,5.22,05,,01,06,02,01,01,01,05,,50,FE,W,NJ 35,,,,40,50,26,,,N,,102
2020131820-18140-AC,MONMOUTH,HOLMDEL TWP,11/16/2020,MO,1140,01,HOLMDEL PD,,0,0,0,0,P,B,N,N,05,3,MONMOUTH COUNTY 52,,52,,13000052__,4.68,05,,01,04,02,01,01,01,05,01,1000,FE,W,AVON DR,,,,45,25,26,,,N,,
2020131820-18225-AC,MONMOUTH,HOLMDEL TWP,11/17/2020,TU,1331,01,HOLMDEL PD,,0,0,0,0,P,B,N,N,01,2,BETHANY RD / CHURCH ST / POOLE ST,E,,,13301307__,.81,07,,02,04,02,01,01,01,05,01,30,FE,W,CRESCI BLVD,,,,35,25,26,,,N,,0101
2020131820-18285-AC,MONMOUTH,HOLMDEL TWP,11/18/2020,WE,1534,01,HOLMDEL PD,,0,0,0,0,P,I,N,N,03,2,CHIPPEWA CT **,S,,,13181251__,.00,07,,03,04,02,01,01,01,05,,,AT,,TAKOLUSA DR,,,,25,25,26,,,N,99-GRASS - MATT J SCHMITT - 1 CHIPPEWA CT HOLMDEL NJ 07733,0084
2020131820-18347-AC,MONMOUTH,HOLMDEL TWP,11/19/2020,TH,1414,01,HOLMDEL PD,,0,0,0,0,P,B,N,N,01,4,NJ 35,S,35,,00000035__,39.78,02,,01,04,02,01,01,01,01,,300,FE,S,ROUTE 516 / CR 52 / S LAUREL AVE,,,,50,45,26,,,N,,
2020131820-18433-AC,MONMOUTH,HOLMDEL TWP,11/21/2020,SA,0425,01,HOLMDEL PD,,0,0,0,0,P,B,N,N,11,1,MAIN ST / MIDDLE RD,E,,,13182107__,.30,07,,01,04,02,01,06,01,05,,200,FE,E,MARIA CT,,,,35,15,25,,,N,CRACKED POLE #JC1179HML - JCP&L - MIDDLE RD HOLMDEL NJ 07733,0099
2020131820-18473-AC,MONMOUTH,HOLMDEL TWP,11/21/2020,SA,1919,01,HOLMDEL PD,,0,1,0,0,I,B,N,N,99,2,UNION AVE,N,,,13181306__,.12,07,,01,04,02,01,06,01,04,,300,FE,S,HAWTHORNE AVE,,,,40,25,26,,,N,,0097
2020131820-18506-AC,MONMOUTH,HOLMDEL TWP,11/22/2020,SU,1202,01,HOLMDEL PD,,0,0,0,0,P,B,N,N,02,2,NJ 35,,35,,00000035__,40.66,02,,01,04,02,01,01,01,01,,500,FE,S,TAKOLUSA DR / UNION AVE,,,,50,25,26,,,N,,0104
2020131820-18565-AC,MONMOUTH,HOLMDEL TWP,11/23/2020,MO,1442,01,HOLMDEL PD,,0,0,0,0,P,I,N,N,03,2,MONMOUTH COUNTY 4 II,N,4,2,130000042_,5.38,05,,02,06,02,01,01,01,05,,,AT,,CRAWFORDS CORNER RD,,,,40,45,26,,,N,,0087
2020131820-18625-AC,MONMOUTH,HOLMDEL TWP,11/24/2020,TU,1835,01,HOLMDEL PD,,0,0,0,0,P,I,N,N,03,2,IRONHILL DR **,W,,,13181134__,.00,07,,01,04,02,01,07,01,05,01,,AT,,VAN BRAKLE RD,,,,30,25,26,,,N,,0091
2020131820-18659-AC,MONMOUTH,HOLMDEL TWP,11/25/2020,WE,0914,01,HOLMDEL PD,,0,0,0,0,P,B,N,N,11,1,MONMOUTH COUNTY 52,N,52,,13000052__,1.01,05,,01,04,02,01,01,01,05,01,300,FE,S,STILLWELL RD / SUNNYSIDE RD,,,,40,30,52,,,N,DECORATIVE LIGHTS AND BUSH - COLLEEN T REGAN - 187 EVERETT RD HOLMDEL NJ 07733,0099
2020131820-1867-AC,MONMOUTH,HOLMDEL TWP,01/29/2020,WE,0843,01,HOLMDEL PD,,0,1,0,0,I,B,N,N,11,1,HOLLAND RD / TELEGRAPH HILL RD,N,,,13312108__,3.28,07,,02,05,02,01,01,01,05,,150,FE,N,WALNUT HOLLOW LN,,,,35,25,52,,,N,POLE #BT1272 - JCP&L - 101 CRAWFORDS CORNER RD HOLMDEL NJ 07733,0090
2020131820-18792-AC,MONMOUTH,HOLMDEL TWP,11/28/2020,SA,1350,01,HOLMDEL PD,,0,1,0,0,I,I,N,N,03,2,NJ 34,N,34,,00000034__,18.57,02,,01,04,02,01,01,01,05,01,,AT,N,ROBERTS RD,,,,50,40,26,,,N,,0103
2020131820-18797-AC,MONMOUTH,HOLMDEL TWP,11/28/2020,SA,1618,01,HOLMDEL PD,,0,0,0,0,P,B,N,N,06,2,65 BANYAN BLVD,,,,,,09,,01,04,02,01,01,01,05,01,,,,,,,,15,,28,,,N,,0096
2020131820-18825-AC,MONMOUTH,HOLMDEL TWP,11/29/2020,SU,0905,01,HOLMDEL PD,,0,0,0,0,P,I,N,N,03,2,CRAWFORDS CORNER RD,S,,,,,07,,01,04,02,01,01,01,05,,,AT,,GARDEN STATE ARTS CTR,,,,45,25,26,40.383510,74.855900,N,,0089
2020131820-18831-AC,MONMOUTH,HOLMDEL TWP,11/29/2020,SU,1057,01,HOLMDEL PD,,0,0,0,0,P,B,N,N,12,1,NJ 34,S,34,,00000034__,18.38,02,,01,04,02,01,01,01,05,,1000,FE,S,ROBERTS RD,,,,50,35,24,,,N,,0075
2020131820-18841-AC,MONMOUTH,HOLMDEL TWP,11/29/2020,SU,1836,01,HOLMDEL PD,,0,0,0,0,P,B,N,N,02,2,NJ 35,S,35,,00000035__,40.31,02,,03,04,02,01,06,01,01,01,1000,FE,S,GARDENIA DR,,,,50,25,26,,,N,,0091
2020131820-18892-AC,MONMOUTH,HOLMDEL TWP,12/01/2020,TU,0655,01,HOLMDEL PD,,0,0,0,0,P,I,N,N,03,2,MONMOUTH COUNTY 4 II,N,4,2,130000042_,2.38,05,,01,04,02,01,01,01,05,,,AT,,ROUTE 520 / W MAIN ST,,,,40,40,26,,,N,,0068
2020131820-18897-AC,MONMOUTH,HOLMDEL TWP,12/01/2020,TU,0916,01,HOLMDEL PD,,0,0,0,0,P,I,N,N,01,2,VAN BRAKLE RD **,E,,,13181132__,1.01,07,,01,06,02,01,01,01,05,,,AT,,CR 4 II / HOLMDELL RD,,,,35,40,26,,,N,,0098
2020131820-189-AC,MONMOUTH,HOLMDEL TWP,01/04/2020,SA,1925,01,HOLMDEL PD,,0,0,0,0,P,I,N,N,02,2,NJ 35,S,35,,00000035__,39.58,02,,01,04,02,01,06,01,05,01,,AT,,CR 7 / PALMER AVE,,,,50,40,26,,,N,,100
2020131820-18904-AC,MONMOUTH,HOLMDEL TWP,12/01/2020,TU,1300,01,HOLMDEL PD,,0,0,0,0,P,B,N,N,12,1,ROUTE 520,W,520,,00000520__,12.02,05,,01,04,02,01,01,01,05,,50,FE,W,CR 52 / EVERETT RD,,,,50,40,24,,,N,,0098
2020131820-19042-AC,MONMOUTH,HOLMDEL TWP,12/03/2020,TH,1819,01,HOLMDEL PD,,0,0,0,0,P,B,N,N,12,1,EVERETT-CRAWFORDS CORNER RD / MIDDLETOWN RD,S,,,13181001__,3.95,07,,01,04,02,01,05,01,05,,200,FE,N,LONGSTREET RD,,,,45,35,24,,,N,,0103
2020131820-19085-AC,MONMOUTH,HOLMDEL TWP,12/04/2020,FR,1715,01,HOLMDEL PD,,0,2,0,0,I,B,N,N,04,2,HOLLAND RD / TELEGRAPH HILL RD,W,,,13312108__,2.55,07,,02,04,02,02,05,02,05,01,150,FE,W,PUTNAM CT,,,,35,25,,,,N,,0099
2020131820-19145-AC,MONMOUTH,HOLMDEL TWP,12/06/2020,SU,1247,01,HOLMDEL PD,,0,0,0,0,P,I,N,N,03,2,NJ 34,S,34,,00000034__,18.75,02,,01,04,02,01,01,01,,,,AT,W,SCHANCK RD,,,,50,35,26,,,N,,0086
2020131820-19352-AC,MONMOUTH,HOLMDEL TWP,12/11/2020,FR,0617,01,HOLMDEL PD,,0,0,0,0,P,B,N,N,12,1,NJ 34,,34,,00000034__,19.14,02,,01,04,02,01,02,01,05,01,100,FE,S,ASHLEY DR,,,,50,25,24,,,N,,100
2020131820-19373-AC,MONMOUTH,HOLMDEL TWP,12/11/2020,FR,1708,01,HOLMDEL PD,,0,0,0,0,P,B,N,N,12,1,NJ 34,S,34,,00000034__,17.42,02,,01,04,02,01,03,01,04,,100,FE,N,ROUTE 520 / MAIN STREET / NEWMAN SP,,,,50,40,24,,,N,,0098
2020131820-19383-AC,MONMOUTH,HOLMDEL TWP,12/11/2020,FR,2007,01,HOLMDEL PD,,0,1,0,0,I,I,N,N,03,2,NJ 35,E,35,,00000035__,39.84,02,,01,04,02,01,06,01,05,01,,AT,E,ROUTE 516 / CR 52 / S LAUREL AVE,,,,50,45,26,,,N,,0095
2020131820-1944-AC,MONMOUTH,HOLMDEL TWP,01/30/2020,TH,0727,01,HOLMDEL PD,,0,0,0,0,P,B,N,N,01,2,MONMOUTH COUNTY 7 I,W,7,1,130000071_,.86,05,,01,04,02,01,01,01,05,,50,FE,E,MAIN ST / MIDDLE AVE,,,,40,35,26,,,N,,0090
2020131820-19448-AC,MONMOUTH,HOLMDEL TWP,12/13/2020,SU,0733,01,HOLMDEL PD,,0,0,0,0,P,B,N,N,11,1,GRANDVIEW DR **,,,,13181103__,.25,07,,01,04,02,01,05,01,05,01,200,FE,S,SILVERBEECH CT,,,,25,25,60,,,N,TIRE TRACKS ON GRASS AND TREE LIMB CRAIG J PERCOPO 13 GRANDVIEW DR HOLMDEL NJ 0?,0096
2020131820-19452-AC,MONMOUTH,HOLMDEL TWP,12/13/2020,SU,0908,01,HOLMDEL PD,,0,0,0,0,P,B,N,N,11,1,MONMOUTH COUNTY 4 II,,4,2,130000042_,4.31,05,,03,04,02,02,05,01,05,01,100,FE,N,CANYON WOODS CT,,,,40,25,60,,,N,,0096
2020131820-19575-AC,MONMOUTH,HOLMDEL TWP,12/15/2020,TU,1631,01,HOLMDEL PD,,0,0,0,0,P,B,N,N,02,2,2170 STATE HWY 35,S,,,,,09,,01,04,02,01,03,01,05,,,,,,,,,5,,26,,,N,,0097
2020131820-19613-AC,MONMOUTH,HOLMDEL TWP,12/16/2020,WE,1649,01,HOLMDEL PD,,0,0,0,0,P,B,N,N,11,1,FREESIA CT,N,,,,,07,,01,04,02,03,06,03,05,,100,FE,N,VIOLET CT,,,,25,25,52,40.412670,74.156200,N,STREET LIGHT - HOLMDEL TWP - 4 CRAWFORDS CORNER RD HOLMDEL NJ 07733,0098
2020131820-19614-AC,MONMOUTH,HOLMDEL TWP,12/16/2020,WE,1710,01,HOLMDEL PD,,0,0,0,0,P,I,N,N,11,1,GALEWOOD DR **,S,,,13181114__,.00,07,,01,05,02,03,06,03,05,,,AT,,MOUNT DR,,,,25,25,56,,,N,UTILITY POLE - JCP&L - 101 CRAWFORDS CORNER RD HOLMDEL NJ 07733,0103
2020131820-19616-AC,MONMOUTH,HOLMDEL TWP,12/16/2020,WE,1724,01,HOLMDEL PD,,0,0,0,0,P,I,N,N,01,2,MONMOUTH COUNTY 52,S,52,,13000052__,5.23,05,,01,04,02,03,06,03,05,,,AT,,NJ 35,,,,45,50,26,,,N,,0098
2020131820-19622-AC,MONMOUTH,HOLMDEL TWP,12/16/2020,WE,1828,01,HOLMDEL PD,,0,0,0,0,P,I,N,N,11,1,MONMOUTH COUNTY 52,W,52,,13000052__,1.98,05,,01,05,02,03,06,03,,,,AT,,CRAWFORDS CORNER EVERETT / MIDDLETO,,,,40,40,50,,,N,TRAFFIC SIGN - HOLMDEL TOWNSHIP - 4 CRAWFORDS CORNER RD HOLMDEL NJ 07733,0067
2020131820-19641-AC,MONMOUTH,HOLMDEL TWP,12/17/2020,TH,0617,01,HOLMDEL PD,,0,0,0,0,P,B,N,N,11,1,MONMOUTH COUNTY 52,S,52,,13000052__,4.00,05,,01,04,02,03,06,03,05,,50,FE,S,CONTINENTAL BLVD / SATINWOOD DR,,,,50,15,,,,N,,0098
2020131820-19650-AC,MONMOUTH,HOLMDEL TWP,12/17/2020,TH,1003,01,HOLMDEL PD,,0,1,0,1,I,B,N,N,08,2,11-13 CENTERVILLE RD,S,,,,,09,,01,05,02,03,01,03,05,,,,,,,,,5,,22,,,N,HOLMDEL FIRE CO CENTERVILLE RD GARAGE DOOR - HOLMDEL TWP - 4 CRAWFORDS CORNER R?,
2020131820-19696-AC,MONMOUTH,HOLMDEL TWP,12/18/2020,FR,1024,01,HOLMDEL PD,,0,1,0,0,I,B,N,N,01,2,UNION AVE,W,,,13181306__,.23,07,,01,04,02,02,01,01,05,01,220,FE,W,NORTHAMPTON AVE,,,,40,25,26,,,N,,0093
2020131820-19697-AC,MONMOUTH,HOLMDEL TWP,12/18/2020,FR,1044,01,HOLMDEL PD,,0,0,0,0,P,B,N,N,01,2,SCHANCK RD **,E,,,13181099__,.01,07,,01,06,02,01,01,01,05,,30,FE,W,CR 4 II / HOLMDELL RD,,,,35,40,26,,,N,,0068
2020131820-19746-AC,MONMOUTH,HOLMDEL TWP,12/19/2020,SA,1241,01,HOLMDEL PD,,0,0,0,0,P,B,N,N,11,1,36 STONEY BROOK RD,S,,,,,09,,01,06,02,04,01,01,05,,,,,,,,,15,,53,,,N,LAMP POST KNOCKED OUT OF GROUND - JCP&L - 101 CRAWFORDS CORNER RD HOLMDEL NJ 07?,0103
2020131820-19824-AC,MONMOUTH,HOLMDEL TWP,12/21/2020,MO,1538,01,HOLMDEL PD,,0,0,0,0,P,B,N,N,01,2,MONMOUTH COUNTY 7 I,W,7,1,130000071_,.59,05,,01,04,02,02,01,01,05,,25,FE,W,MAHORAS AVE,,,,40,25,26,,,N,,0090
2020131820-19829-AC,MONMOUTH,HOLMDEL TWP,12/21/2020,MO,1746,01,HOLMDEL PD,,0,0,0,0,P,B,N,N,08,2,HIXON TER **,N,,,13181234__,.11,07,,01,04,02,02,06,01,05,,600,FE,N,WINDSWEPT LN,,,,25,25,26,,,N,,0090
2020131820-19830-AC,MONMOUTH,HOLMDEL TWP,12/21/2020,MO,1753,01,HOLMDEL PD,,0,0,0,0,P,B,N,N,01,2,NJ 35,S,35,,00000035__,40.12,02,,01,04,02,01,06,01,01,,1500,FE,N,ROUTE 516 / CR 52 / S LAUREL AVE,,,,50,40,26,,,N,,0080
2020131820-19875-AC,MONMOUTH,HOLMDEL TWP,12/22/2020,TU,1706,01,HOLMDEL PD,,0,0,0,0,P,I,N,N,05,2,NJ 34,S,34,,00000034__,17.40,02,,01,04,02,01,06,01,05,,,AT,,ROUTE 520 / MAIN STREET / NEWMAN SP,,,,50,40,26,,,N,,0080
2020131820-19907-AC,MONMOUTH,HOLMDEL TWP,12/23/2020,WE,1005,01,HOLMDEL PD,,0,0,0,0,P,I,N,N,01,2,NJ 35,W,35,,00000035__,39.84,02,,02,04,02,02,01,01,01,01,,AT,,ROUTE 516 / CR 52 / S LAUREL AVE,,,,50,45,26,,,N,,0101
2020131820-20085-AC,MONMOUTH,HOLMDEL TWP,12/26/2020,SA,1515,01,HOLMDEL PD,,0,0,0,0,P,B,N,N,02,2,MONMOUTH COUNTY 52,S,52,,13000052__,5.22,05,,01,05,02,,01,01,04,,50,FE,S,NJ 35,,,,45,50,26,,,N,,102
2020131820-20214-AC,MONMOUTH,HOLMDEL TWP,12/29/2020,TU,1726,01,HOLMDEL PD,,0,0,0,0,P,B,N,N,12,1,ROUTE 520,W,520,,00000520__,11.84,05,,01,04,02,01,04,01,05,01,1000,FE,W,CR 52 / EVERETT RD,,,,45,40,24,,,N,,0094
2020131820-20215-AC,MONMOUTH,HOLMDEL TWP,12/29/2020,TU,1736,01,HOLMDEL PD,,0,0,0,0,P,B,N,N,12,1,ROUTE 520,W,520,,00000520__,11.29,05,,01,04,02,01,03,01,05,,500,FE,E,CHARDONNAY DR,,,,40,25,24,,,N,,0104
2020131820-20216-AC,MONMOUTH,HOLMDEL TWP,12/29/2020,TU,1808,01,HOLMDEL PD,,0,0,0,0,P,I,N,N,03,2,NJ 34,,34,,00000034__,19.49,02,,01,04,02,01,03,01,05,01,,AT,,E LAWN DR,,,,25,50,26,,,N,,0104
2020131820-20340-AC,MONMOUTH,HOLMDEL TWP,12/31/2020,TH,1625,01,HOLMDEL PD,,0,0,0,0,P,B,N,N,03,2,MONMOUTH COUNTY 7 I,S,7,1,130000071_,.01,05,,01,04,02,02,03,02,05,01,50,FE,N,NJ 35,,,,40,50,26,,,N,,0095
2020131820-2040-AC,MONMOUTH,HOLMDEL TWP,01/31/2020,FR,0903,01,HOLMDEL PD,,0,0,0,0,P,B,N,N,02,2,NJ 34,S,34,,00000034__,17.38,02,,01,04,02,01,01,01,05,01,100,FE,S,ROUTE 520 / MAIN STREET / NEWMAN SP,,,,50,40,26,,,N,,100
2020131820-2249-AC,MONMOUTH,HOLMDEL TWP,02/03/2020,MO,1237,01,HOLMDEL PD,,0,0,0,0,P,B,N,N,02,2,NJ 35,S,35,,00000035__,39.93,02,,01,04,02,01,01,01,01,,500,FE,N,ROUTE 516 / CR 52 / S LAUREL AVE,,,,50,45,26,,,N,,0084
2020131820-2262-AC,MONMOUTH,HOLMDEL TWP,02/03/2020,MO,1551,01,HOLMDEL PD,,0,0,0,0,P,B,N,N,01,2,ROUTE 520,E,520,,00000520__,10.07,05,,01,04,02,01,01,01,05,01,100,FE,W,CR 4 / N HOLMDEL RD / S HOLMDEL RD,,,,40,50,26,,,N,,0095
2020131820-2275-AC,MONMOUTH,HOLMDEL TWP,02/03/2020,MO,2032,01,HOLMDEL PD,,0,0,0,0,P,I,N,N,01,2,MONMOUTH COUNTY 52,W,52,,13000052__,2.57,05,,01,04,02,01,06,01,05,,,AT,,GARDEN STATE PARKWAY,,,,45,35,26,,,N,,0098
2020131820-2385-AC,MONMOUTH,HOLMDEL TWP,02/05/2020,WE,1027,01,HOLMDEL PD,,0,2,0,0,I,I,N,N,03,2,MONMOUTH COUNTY 4 II,E,4,2,130000042_,6.63,05,,01,04,02,01,01,01,05,,,AT,,CRAPE MYRTLE DR / N BEERS ST,,,,40,35,26,,,N,CRAPE MYRTLE DRIVE STREET SIGN - HOLMDEL TOWNSHIP DEPT OF PUBLIC WORKS - 14 CRA?,
2020131820-2473-AC,MONMOUTH,HOLMDEL TWP,02/06/2020,TH,1544,01,HOLMDEL PD,,0,0,0,0,P,B,N,N,01,2,MONMOUTH COUNTY 52,N,52,,13000052__,5.22,05,,01,04,02,01,01,02,04,01,60,FE,S,NJ 35,,,,45,50,26,,,N,,0078
2020131820-2609-AC,MONMOUTH,HOLMDEL TWP,02/08/2020,SA,1226,01,HOLMDEL PD,,0,2,0,0,I,I,N,N,03,2,MONMOUTH COUNTY 4 II,S,4,2,130000042_,3.61,05,,01,04,02,01,01,01,05,01,,AT,E,ROBERTS RD,,,,40,40,26,,,N,,0095
2020131820-2616-AC,MONMOUTH,HOLMDEL TWP,02/08/2020,SA,1522,01,HOLMDEL PD,,0,1,0,0,I,B,N,N,11,1,NJ 35,S,35,,00000035__,39.77,02,,02,04,02,01,01,01,01,01,4800,FE,S,CENTERVILLE RD,,,,50,30,56,,,N,LANDSCAPING AND CURB - VOYANT INC - 2182 STATE HWY 35 HOLMDEL NJ 07733,0091
2020131820-2664-AC,MONMOUTH,HOLMDEL TWP,02/09/2020,SU,1501,01,HOLMDEL PD,,0,2,0,0,I,I,N,N,03,2,MONMOUTH COUNTY 4 II,N,4,2,130000042_,5.38,05,,01,04,02,01,01,01,05,01,,AT,W,CRAWFORDS CORNER RD,,,,40,40,26,,,N,,0095
2020131820-2682-AC,MONMOUTH,HOLMDEL TWP,02/10/2020,MO,0357,01,HOLMDEL PD,,0,0,0,0,P,B,N,N,12,1,NJ 35,,35,,00000035__,41.10,02,,01,04,02,01,06,01,05,,100,FE,N,MULBERRY LN,,,,50,25,24,,,N,,0098
2020131820-2700-AC,MONMOUTH,HOLMDEL TWP,02/10/2020,MO,1201,01,HOLMDEL PD,,0,0,0,0,P,B,N,N,03,2,UNION AVE,W,,,13181306__,.06,07,,01,04,02,02,01,02,05,01,300,FE,E,NJ 35,,,,40,50,26,,,N,,0094
2020131820-273-AC,MONMOUTH,HOLMDEL TWP,01/06/2020,MO,0750,01,HOLMDEL PD,,0,0,0,0,P,I,N,N,01,2,EVERETT-CRAWFORDS CORNER RD / MIDDLETOWN RD,W,,,13181001__,4.52,07,,03,04,02,02,01,05,03,01,,AT,,CR 4 II / HOLMDEL RD,,,,45,40,26,,,N,,0076
2020131820-2762-AC,MONMOUTH,HOLMDEL TWP,02/11/2020,TU,0825,01,HOLMDEL PD,,0,0,0,0,P,B,N,N,12,1,NJ 35,N,35,,00000035__,40.56,02,,01,04,02,02,01,02,01,,1000,FE,S,TAKOLUSA DR / UNION AVE,,,,50,40,24,,,N,,0103
2020131820-2772-AC,MONMOUTH,HOLMDEL TWP,02/11/2020,TU,1001,01,HOLMDEL PD,,0,0,0,0,P,B,N,N,02,2,VAN BRAKLE RD **,W,,,13181132__,.43,07,,01,05,02,02,01,02,05,,200,FE,E,S BEERS ST,,,,35,35,26,,,N,,0103