Year(4)-CountyCode(2)-MunicipalityCode(2)-CaseNumber(9),County Name,Municipality Name,Crash Date,Crash Day of Week,Crash Time,Police Department Code,Police Department,Police Station,Total Killed,Total Injured,Pedestrians Killed,Pedestrians Injured,Severity,Intersection,Alcohol Involved,Hazmat Involved,Crash Type,Total Vehicles,Location,Location Direction,Route,Route Suffix,Std Rte Identifier,MilePost,Road System,Road Character,Road Horizontal Alignment,Road Grade,Road Surface Type,Surface Condition,Light Condition,Environmental Condition,Road Divided By,Temporary Traffic Control Zone,Distance To Cross Street,Unit Of Measurement,Direction From Cross Street,Cross Street Name,Is Ramp,Ramp To/From Route Name,Ramp To/From Route Direction,Posted Speed,Posted Speed Cross Street,First Harmful Event,Latitude,Longitude,Cell Phone In Use Flag,Other Property Damage,Reporting Badge No.
2020131820-2781-AC,MONMOUTH,HOLMDEL TWP,02/11/2020,TU,1147,01,HOLMDEL PD,,0,0,0,0,P,B,N,N,01,2,ROUTE 520,W,520,,00000520__,9.68,05,,01,04,02,02,01,02,04,01,800,FE,E,NJ 34,,,,40,50,26,,,N,,0094
2020131820-2799-AC,MONMOUTH,HOLMDEL TWP,02/11/2020,TU,1633,01,HOLMDEL PD,,0,0,0,0,P,B,N,N,01,2,ROUTE 520,W,520,,00000520__,9.55,05,,01,05,02,02,01,01,05,,100,FE,E,NJ 34,,,,40,50,26,,,N,,0103
2020131820-2849-AC,MONMOUTH,HOLMDEL TWP,02/12/2020,WE,0708,01,HOLMDEL PD,,0,0,0,0,P,I,N,N,03,2,LINE RD,N,,,13181131__,1.14,07,,01,04,02,01,01,01,05,,,AT,,VAN BRACKLE RD,,,,30,35,26,,,N,,0084
2020131820-2855-AC,MONMOUTH,HOLMDEL TWP,02/12/2020,WE,0844,01,HOLMDEL PD,,0,0,0,0,P,I,N,N,01,2,MONMOUTH COUNTY 52,W,52,,13000052__,5.23,05,,01,04,02,01,01,01,04,01,,AT,,NJ 35,,,,45,50,26,,,N,,0104
2020131820-2984-AC,MONMOUTH,HOLMDEL TWP,02/14/2020,FR,0758,01,HOLMDEL PD,,0,1,0,0,I,B,N,N,02,2,MONMOUTH COUNTY 52,S,52,,13000052__,5.19,05,,01,04,02,01,01,01,05,01,200,FE,S,NJ 35,,,,45,50,26,,,N,,100
2020131820-310-AC,MONMOUTH,HOLMDEL TWP,01/06/2020,MO,1732,01,HOLMDEL PD,,0,0,0,0,P,B,N,N,02,2,NJ 34,N,34,,00000034__,17.40,02,,01,05,02,01,06,05,05,01,20,FE,S,ROUTE 520 / MAIN STREET / NEWMAN SP,,,,50,40,26,,,N,,0087
2020131820-3204-AC,MONMOUTH,HOLMDEL TWP,02/18/2020,TU,0816,01,HOLMDEL PD,,0,4,0,0,I,I,N,N,07,2,ROUTE 520,E,520,,00000520__,10.09,05,,01,04,02,01,01,01,05,,,AT,,CR 4 / N HOLMDEL RD / S HOLMDEL RD,,,,40,40,26,,,N,,0075
2020131820-3218-AC,MONMOUTH,HOLMDEL TWP,02/18/2020,TU,1348,01,HOLMDEL PD,,0,0,0,0,P,B,N,N,08,2,BELL LABORATORIES RD,S,,,,,09,,01,04,02,01,01,01,05,01,500,FE,S,JANSKY DR,,,,35,25,26,,,N,,0095
2020131820-3234-AC,MONMOUTH,HOLMDEL TWP,02/18/2020,TU,1854,01,HOLMDEL PD,,0,0,0,0,P,I,N,N,01,2,ROUTE 520,W,520,,00000520__,11.45,05,,01,06,02,01,05,04,05,01,,AT,,CROSS RD,,,,45,25,26,,,N,,102
2020131820-3266-AC,MONMOUTH,HOLMDEL TWP,02/19/2020,WE,0951,01,HOLMDEL PD,,0,0,0,0,P,B,N,N,99,2,NJ 34,N,34,,00000034__,18.44,02,,01,04,02,01,01,01,,,700,FE,S,ROBERTS RD,,,,50,40,12,,,N,,0086
2020131820-3358-AC,MONMOUTH,HOLMDEL TWP,02/20/2020,TH,1616,01,HOLMDEL PD,,0,0,0,0,P,I,N,N,07,2,EVERETT-CRAWFORDS CORNER RD / MIDDLETOWN RD,,,,13181001__,3.75,07,,01,04,02,01,01,01,04,01,,AT,,S HOLLAND RD,,,,45,45,26,,,N,,0097
2020131820-3392-AC,MONMOUTH,HOLMDEL TWP,02/21/2020,FR,0803,01,HOLMDEL PD,,0,0,0,0,P,B,N,N,01,2,LINE RD,N,,,13181131__,1.04,07,,01,04,02,01,01,01,05,01,50,FE,S,BETHANY RD / CHURCH ST,,,,25,35,26,,,N,,0104
2020131820-3415-AC,MONMOUTH,HOLMDEL TWP,02/21/2020,FR,1243,01,HOLMDEL PD,,0,0,0,0,P,B,N,N,11,1,2182 STATE HWY 35,S,,,,,09,,01,04,02,01,01,01,05,01,,,,,,,,15,,69,,,N,CABLE/TELEPHONE/INTERNET CABLE PULLED FROM BLDING - VERIZON WIRELESS - 1 VERIZO?,0087
2020131820-3483-AC,MONMOUTH,HOLMDEL TWP,02/22/2020,SA,1512,01,HOLMDEL PD,,0,0,0,0,P,B,N,N,02,2,NJ 35,N,35,,00000035__,39.82,02,,01,04,02,01,01,01,05,,100,FE,S,ROUTE 516 / CR 52 / S LAUREL AVE,,,,50,45,26,,,N,,0098
2020131820-3609-AC,MONMOUTH,HOLMDEL TWP,02/24/2020,MO,1049,01,HOLMDEL PD,,0,0,0,0,P,B,N,N,01,2,MONMOUTH COUNTY 52,W,52,,13000052__,5.22,05,,01,04,02,01,01,01,05,01,50,FE,W,NJ 35,,,,45,50,26,,,N,,0093
2020131820-3628-AC,MONMOUTH,HOLMDEL TWP,02/24/2020,MO,1745,01,HOLMDEL PD,,0,0,0,0,P,B,N,N,11,2,UNION AVE,W,,,13181306__,.02,07,,01,04,02,01,06,01,,,80,FE,E,NJ 35,,,,40,50,56,,,N,,0086
2020131820-3688-AC,MONMOUTH,HOLMDEL TWP,02/25/2020,TU,1532,01,HOLMDEL PD,,0,0,0,0,P,B,N,N,11,1,EVERETT-CRAWFORDS CORNER RD / MIDDLETOWN RD,S,,,13181001__,4.50,07,,01,04,02,02,01,02,,,80,FE,S,CR 4 II / HOLMDEL RD,,,,45,40,56,,,N,,0086
2020131820-3791-AC,MONMOUTH,HOLMDEL TWP,02/27/2020,TH,0703,01,HOLMDEL PD,,0,0,0,0,P,I,N,N,03,2,HOLLAND RD / TELEGRAPH HILL RD,N,,,13312108__,3.01,07,,01,05,02,02,01,01,05,,,AT,N,OVERLOOK DR,,,,35,25,26,,,Y,,0098
2020131820-3840-AC,MONMOUTH,HOLMDEL TWP,02/27/2020,TH,1828,01,HOLMDEL PD,,0,0,0,0,P,I,N,N,01,2,NJ 34,,34,,00000034__,18.57,02,,01,05,02,01,03,01,05,01,,AT,,ROBERTS RD,,,,50,40,26,,,N,,0104
2020131820-3923-AC,MONMOUTH,HOLMDEL TWP,02/28/2020,FR,2040,01,HOLMDEL PD,,0,0,0,0,P,B,N,N,01,2,NJ 35,S,35,,00000035__,39.82,02,,01,04,02,03,06,03,05,01,100,FE,S,ROUTE 516 / CR 52 / S LAUREL AVE,,,,50,45,26,,,N,,100
2020131820-3924-AC,MONMOUTH,HOLMDEL TWP,02/28/2020,FR,2041,01,HOLMDEL PD,,0,1,0,0,I,I,N,N,07,2,NJ 34,S,34,,00000034__,18.57,02,,01,04,02,01,05,01,05,,,AT,,ROBERTS RD,,,,50,35,26,,,N,,0103
2020131820-3950-AC,MONMOUTH,HOLMDEL TWP,02/29/2020,SA,1002,01,HOLMDEL PD,,0,0,0,0,P,B,N,N,12,1,NJ 34,S,34,,00000034__,18.29,02,,01,04,02,01,01,01,05,,1500,FE,S,ROBERTS RD,,,,50,35,24,,,N,,0099
2020131820-3954-AC,MONMOUTH,HOLMDEL TWP,02/29/2020,SA,1117,01,HOLMDEL PD,,0,0,0,0,P,B,N,N,06,2,2101 STATE HWY 35,,,,,,09,,01,04,02,01,01,01,,,,,,,,,,15,,28,,,N,,0097
2020131820-3957-AC,MONMOUTH,HOLMDEL TWP,02/29/2020,SA,1302,01,HOLMDEL PD,,0,0,0,0,P,I,N,N,02,2,CENTERVILLE RD,,,,,,07,,01,04,02,01,01,01,,,,AT,,DEARBORN DR,,,,30,25,26,,,N,,0097
2020131820-4041-AC,MONMOUTH,HOLMDEL TWP,03/01/2020,SU,1814,01,HOLMDEL PD,,0,0,0,0,P,B,N,N,12,1,NJ 34,N,34,,00000034__,17.87,02,,01,04,02,01,07,01,05,01,2500,FE,N,ROUTE 520 / MAIN STREET / NEWMAN SP,,,,50,45,24,,,N,,0093
2020131820-4079-AC,MONMOUTH,HOLMDEL TWP,03/02/2020,MO,0923,01,HOLMDEL PD,,0,0,0,0,P,B,N,N,01,2,NJ 34,N,34,,00000034__,17.40,02,,01,04,02,01,01,01,05,01,15,FE,S,ROUTE 520 / MAIN STREET / NEWMAN SP,,,,50,40,26,,,N,,0104
2020131820-4093-AC,MONMOUTH,HOLMDEL TWP,03/02/2020,MO,1120,01,HOLMDEL PD,,0,0,0,0,P,I,N,N,01,2,NJ 35,S,35,,00000035__,39.84,02,,01,04,02,01,01,01,01,,,AT,,ROUTE 516 / CR 52 / S LAUREL AVE,,,,50,45,26,,,N,,0096
2020131820-4095-AC,MONMOUTH,HOLMDEL TWP,03/02/2020,MO,1134,01,HOLMDEL PD,,0,0,0,0,P,I,N,N,01,2,MONMOUTH COUNTY 52,N,52,,13000052__,2.57,05,,01,04,02,01,01,01,05,,,AT,,GARDEN STATE PARKWAY,,,,45,35,26,,,N,,0098
2020131820-4107-AC,MONMOUTH,HOLMDEL TWP,03/02/2020,MO,1507,01,HOLMDEL PD,,0,1,0,0,I,I,N,N,01,2,ROUTE 516,E,516,,00000516__,13.15,05,,01,04,02,01,01,01,05,01,,AT,,LAUREL AVE / MIDDLE AVE,,,,40,35,26,,,N,,0104
2020131820-4159-AC,MONMOUTH,HOLMDEL TWP,03/03/2020,TU,0842,01,HOLMDEL PD,,0,0,0,0,P,I,N,N,01,2,UNION AVE,,,,13181306__,.00,07,,01,04,02,01,01,01,05,,,AT,,NJ 35,,,,35,50,26,,,N,,0098
2020131820-4254-AC,MONMOUTH,HOLMDEL TWP,03/04/2020,WE,1427,01,HOLMDEL PD,,0,0,0,0,P,B,N,N,02,2,MONMOUTH COUNTY 4 II,,4,2,130000042_,2.38,05,,01,04,02,01,01,01,04,,20,FE,N,ROUTE 520 / W MAIN ST,,,,40,40,26,,,N,,0097
2020131820-4257-AC,MONMOUTH,HOLMDEL TWP,03/04/2020,WE,1448,01,HOLMDEL PD,,0,0,0,0,P,I,N,N,03,2,ALGONQUIN RD / ROSEDALE TER **,E,,,13181010__,.30,07,,01,04,02,01,01,01,05,01,,AT,,COVENTRY SQ,,,,25,25,26,,,N,,0093
2020131820-4316-AC,MONMOUTH,HOLMDEL TWP,03/05/2020,TH,0909,01,HOLMDEL PD,,0,0,0,0,P,I,N,N,04,2,EVERETT-CRAWFORDS CORNER RD / MIDDLETOWN RD,W,,,,,07,,01,04,02,01,01,01,05,,,AT,,BELL LABORATORIES RD,,,,40,25,26,,,N,,0060
2020131820-441-AC,MONMOUTH,HOLMDEL TWP,01/08/2020,WE,1614,01,HOLMDEL PD,,0,0,0,0,P,B,N,N,03,2,UNION AVE,N,,,13181306__,.02,07,,01,04,02,01,01,01,05,,100,FE,E,NJ 35,,,,40,50,26,,,N,,0099
2020131820-4410-AC,MONMOUTH,HOLMDEL TWP,03/06/2020,FR,1735,01,HOLMDEL PD,,0,1,0,0,I,I,N,N,14,1,NJ 35,,35,,00000035__,39.84,02,,01,04,02,02,06,02,01,01,,AT,,ROUTE 516 / CR 52 / S LAUREL AVE,,,,50,45,21,,,N,,0104
2020131820-4546-AC,MONMOUTH,HOLMDEL TWP,03/08/2020,SU,1554,01,HOLMDEL PD,,0,0,0,0,P,I,N,N,03,2,HOLLAND RD / TELEGRAPH HILL RD,,,,13312108__,2.86,07,,01,06,02,01,01,01,05,,,AT,,MOUNT DR,,,,35,25,26,,,N,,0098
2020131820-4624-AC,MONMOUTH,HOLMDEL TWP,03/09/2020,MO,1410,01,HOLMDEL PD,,0,0,0,0,P,B,N,N,01,2,ROUTE 520,,520,,00000520__,9.62,05,,01,04,02,01,01,01,04,,500,FE,E,NJ 34,,,,40,50,26,,,N,,0097
2020131820-4668-AC,MONMOUTH,HOLMDEL TWP,03/10/2020,TU,0011,01,HOLMDEL PD,,0,0,0,0,P,B,N,N,12,1,NJ 35,N,35,,00000035__,39.70,02,,01,04,02,01,07,01,01,,750,FE,S,ROUTE 516 / CR 52 / S LAUREL AVE,,,,50,40,24,,,N,,0072
2020131820-4681-AC,MONMOUTH,HOLMDEL TWP,03/10/2020,TU,0856,01,HOLMDEL PD,,0,0,0,0,P,I,N,N,03,2,BETHANY RD / CHURCH ST / POOLE ST,E,,,13301307__,1.59,07,,01,04,02,01,01,01,05,,,AT,,CHESTNUTRIDGE DR,,,,35,25,26,,,N,,0068
2020131820-469-AC,MONMOUTH,HOLMDEL TWP,01/09/2020,TH,0650,01,HOLMDEL PD,,0,0,0,0,P,B,N,N,12,1,MONMOUTH COUNTY 52,S,52,,13000052__,4.49,05,,01,04,02,01,02,01,05,,20,FE,S,BOXWOOD TER,,,,45,25,24,,,N,,0099
2020131820-4706-AC,MONMOUTH,HOLMDEL TWP,03/10/2020,TU,1328,01,HOLMDEL PD,,0,2,0,0,I,I,N,N,04,2,MONMOUTH COUNTY 4 II,N,4,2,130000042_,4.74,05,,01,04,02,01,01,01,05,,,AT,,LINE RD,,,,40,30,26,,,N,,0099
2020131820-4771-AC,MONMOUTH,HOLMDEL TWP,03/11/2020,WE,1228,01,HOLMDEL PD,,0,0,0,0,P,B,N,N,01,2,ROUTE 520,,520,,00000520__,9.56,05,,01,04,02,01,01,01,05,,150,FE,E,NJ 34,,,,40,50,26,,,N,,0075
2020131820-486-AC,MONMOUTH,HOLMDEL TWP,01/09/2020,TH,1116,01,HOLMDEL PD,,0,0,0,0,P,B,N,N,03,2,UNION AVE,W,,,13181306__,.02,07,,01,04,02,01,01,01,,,80,FE,E,NJ 35,,,,35,50,26,,,N,,0086
2020131820-489-AC,MONMOUTH,HOLMDEL TWP,01/09/2020,TH,1132,01,HOLMDEL PD,,0,0,0,0,P,B,N,N,01,2,MONMOUTH COUNTY 52,S,52,,13000052__,5.19,05,,01,04,02,01,01,01,05,,200,FE,S,NJ 35,,,,40,50,26,,,N,,0099
2020131820-4986-AC,MONMOUTH,HOLMDEL TWP,03/15/2020,SU,0058,01,HOLMDEL PD,,0,1,0,0,I,I,Y,N,10,1,MONMOUTH COUNTY 4 II,N,4,2,130000042_,4.74,05,,03,04,02,01,05,01,05,,,AT,,LINE RD,,,,40,30,58,,,N,,0103
2020131820-4997-AC,MONMOUTH,HOLMDEL TWP,03/15/2020,SU,1415,01,HOLMDEL PD,,0,0,0,0,P,B,N,N,05,2,ROBERTS RD **,S,,,13181071__,.00,07,,01,04,02,01,01,01,05,01,300,FE,S,LONGSTREET RD,,,,40,35,26,,,N,,0093
2020131820-5019-AC,MONMOUTH,HOLMDEL TWP,03/16/2020,MO,0723,01,HOLMDEL PD,,0,0,0,0,P,B,N,N,07,2,HOLLAND RD / TELEGRAPH HILL RD,S,,,13312108__,2.86,07,,03,06,02,01,01,01,05,01,25,FE,S,MOUNT DR,,,,35,25,26,,,N,,0095
2020131820-511-AC,MONMOUTH,HOLMDEL TWP,01/09/2020,TH,1917,01,HOLMDEL PD,,0,0,0,0,P,B,N,N,12,1,EVERETT-CRAWFORDS CORNER RD / MIDDLETOWN RD,W,,,13181001__,3.85,07,,01,04,02,01,07,01,05,01,300,FE,W,LONGSTREET RD,,,,45,35,24,,,N,,0078
2020131820-5118-AC,MONMOUTH,HOLMDEL TWP,03/19/2020,TH,1423,01,HOLMDEL PD,,0,0,0,0,P,B,N,N,04,2,CENTERVILLE RD,S,,,,,07,,01,04,02,01,01,01,05,01,10,FE,N,TAKOLUSA DR,,,,30,25,,,,N,,0078
2020131820-5146-AC,MONMOUTH,HOLMDEL TWP,03/20/2020,FR,1438,01,HOLMDEL PD,,0,0,0,0,P,B,N,N,11,2,S BEERS ST **,S,,,13181151__,.48,07,,01,04,02,01,01,01,05,,15,FE,N,CHASER CT,,,,35,25,26,,,N,#60 LANDSCAPING ROCKS AND SHRUBS - JOHN C FEGGELER - 27 SOUTH BEERS ST HOLMDEL ?,0084
2020131820-5148-AC,MONMOUTH,HOLMDEL TWP,03/20/2020,FR,1552,01,HOLMDEL PD,,0,0,0,0,P,B,N,N,15,1,MONMOUTH COUNTY 4 II,S,4,2,130000042_,3.92,05,,01,05,02,01,01,01,05,01,300,FE,N,SCHANCK RD,,,,40,35,39,,,N,,102
2020131820-5152-AC,MONMOUTH,HOLMDEL TWP,03/20/2020,FR,1718,01,HOLMDEL PD,,0,2,0,0,I,I,N,N,04,2,MONMOUTH COUNTY 4 II,S,4,2,130000042_,2.38,05,,01,04,02,01,01,05,05,,,AT,,ROUTE 520 / W MAIN ST,,,,40,40,26,,,N,UTILITY POLE BOX-127C #52 - VERIZON - 970 HOLMDEL RD HOLMDEL NJ 07733,0079
2020131820-5206-AC,MONMOUTH,HOLMDEL TWP,03/22/2020,SU,1317,01,HOLMDEL PD,,0,0,0,0,P,B,N,N,12,2,MONMOUTH COUNTY 4 II,S,4,2,130000042_,2.28,05,,01,04,02,01,01,01,05,,528,FE,S,ROUTE 520 / W MAIN ST,,,,40,40,24,,,N,,0092
2020131820-5229-AC,MONMOUTH,HOLMDEL TWP,03/23/2020,MO,1002,01,HOLMDEL PD,,0,0,0,0,P,I,N,N,01,2,ROUTE 520,W,520,,00000520__,11.15,05,,01,04,02,02,01,02,05,01,,AT,,LONGBRIDGE RD,,,,45,35,26,,,N,,100
2020131820-5341-AC,MONMOUTH,HOLMDEL TWP,03/27/2020,FR,1636,01,HOLMDEL PD,,0,0,0,0,P,I,N,N,03,2,HOLLAND RD / TELEGRAPH HILL RD,N,,,13312108__,2.13,07,,01,04,02,01,01,01,05,01,,AT,,S HOLLAND RD / TAKOLUSA DR,,,,35,45,26,,,N,,0101
2020131820-5372-AC,MONMOUTH,HOLMDEL TWP,03/28/2020,SA,1600,01,HOLMDEL PD,,0,0,0,0,P,B,N,N,11,1,MONMOUTH COUNTY 4 II,N,4,2,130000042_,3.72,05,,02,04,02,02,01,05,05,,600,FE,N,ROBERTS RD,,,,40,40,58,,,N,MULTIPLE HEADSTONES - HOLMDEL CEMETERY - 900 HOLMDEL RD HOLMDEL NJ 07733,0103
2020131820-5455-AC,MONMOUTH,HOLMDEL TWP,03/31/2020,TU,1530,01,HOLMDEL PD,,0,0,0,0,P,I,N,N,04,2,ROUTE 516,E,516,,00000516__,13.15,05,,01,04,02,01,01,05,05,01,,AT,,LAUREL AVE / MIDDLE AVE,,,,40,35,26,,,N,,102
2020131820-5487-AC,MONMOUTH,HOLMDEL TWP,04/01/2020,WE,2237,01,HOLMDEL PD,,0,0,0,0,P,B,N,N,11,1,BETHANY RD / CHURCH ST / POOLE ST,N,,,13301307__,.64,07,,01,04,02,01,06,01,04,01,300,FE,S,HILLCREST RD,,,,35,35,56,,,Y,,0097
2020131820-5506-AC,MONMOUTH,HOLMDEL TWP,04/02/2020,TH,1327,01,HOLMDEL PD,,0,0,0,0,P,B,N,N,02,2,NJ 35,E,35,,00000035__,40.66,02,,01,04,02,01,01,01,01,01,100,FE,W,CENTERVILLE RD,,,,50,30,26,,,N,,0101
2020131820-5586-AC,MONMOUTH,HOLMDEL TWP,04/04/2020,SA,1608,01,HOLMDEL PD,,0,0,0,0,P,B,N,N,11,1,CONTINENTAL BLVD,S,,,,,07,,03,04,02,01,01,01,05,,5,FE,N,LAUREL AVE,,,,25,45,56,,,N,WOODEN UTILITY POLE - VERIZON - 1 VERIZON WAY BASKING RIDGE NJ 07920,0080
2020131820-5645-AC,MONMOUTH,HOLMDEL TWP,04/06/2020,MO,1301,01,HOLMDEL PD,,0,0,0,0,P,B,N,N,01,2,NJ 34,N,34,,00000034__,17.39,02,,01,05,02,01,01,01,05,,50,FE,S,ROUTE 520 / MAIN STREET / NEWMAN SP,,,,50,40,26,,,N,,0101
2020131820-5652-AC,MONMOUTH,HOLMDEL TWP,04/06/2020,MO,1523,01,HOLMDEL PD,,0,1,0,0,I,I,N,N,01,2,NJ 34,S,34,,00000034__,18.57,02,,01,04,02,01,01,01,05,01,,AT,,ROBERTS RD,,,,50,40,26,,,N,DAMAGE TO LANDCAPE AS WELL AS MAPLE LEAF GARDENS - CASOLA FARMS - 174 STATE HWY?,0101
2020131820-5704-AC,MONMOUTH,HOLMDEL TWP,04/07/2020,TU,1838,01,HOLMDEL PD,,0,0,0,0,P,B,N,N,02,2,NJ 35,S,35,,00000035__,39.84,02,,01,04,02,01,01,01,01,,15,FE,S,ROUTE 516 / CR 52 / S LAUREL AVE,,,,50,45,26,,,N,,0068
2020131820-5792-AC,MONMOUTH,HOLMDEL TWP,04/09/2020,TH,1950,01,HOLMDEL PD,,0,1,0,0,I,B,N,N,01,2,EVERETT-CRAWFORDS CORNER RD / MIDDLETOWN RD,E,,,13181001__,2.41,07,,01,04,02,01,06,01,05,01,15,FE,W,ROUND HILL,,,,40,25,26,,,N,,0104
2020131820-5803-AC,MONMOUTH,HOLMDEL TWP,04/10/2020,FR,0611,01,HOLMDEL PD,,0,0,0,0,P,B,N,N,12,1,HOLLAND RD / TELEGRAPH HILL RD,N,,,13312108__,3.74,07,,01,04,02,02,02,01,05,,150,FE,S,HEYWARD HILLS,,,,35,25,24,,,N,,0087
2020131820-5863-AC,MONMOUTH,HOLMDEL TWP,04/11/2020,SA,1444,01,HOLMDEL PD,,0,0,0,0,P,B,N,N,12,1,NJ 34,N,34,,00000034__,17.60,02,,01,05,02,01,01,01,05,,1050,FE,N,ROUTE 520 / MAIN STREET / NEWMAN SP,,,,50,40,24,,,N,,0078
2020131820-6026-AC,MONMOUTH,HOLMDEL TWP,04/16/2020,TH,0257,01,HOLMDEL PD,,0,0,0,0,P,I,N,N,11,1,MONMOUTH COUNTY 4 II,N,4,2,130000042_,5.38,05,,02,07,02,01,07,01,05,,,AT,,CRAWFORDS CORNER RD,,,,40,45,56,,,N,LANDCAPE/DECORATIVE CURBING - HOLMDEL TOWNSHIP - 4 CRAWFORDS CORNER RD HOLMDEL ?,0072
2020131820-6172-AC,MONMOUTH,HOLMDEL TWP,04/20/2020,MO,0407,01,HOLMDEL PD,,0,0,0,0,P,B,N,N,11,1,MONMOUTH COUNTY 52,S,52,,13000052__,4.82,05,,01,04,02,01,06,01,05,01,250,FE,S,AVON DR,,,,45,15,42,,,N,#42 RAILROAD BRIDGE OVERHEAD STRUCTURE - NJ TRANSIT - 1 PENN PLZ E STE 1 NEWARK?,0095
2020131820-6242-AC,MONMOUTH,HOLMDEL TWP,04/21/2020,TU,1802,01,HOLMDEL PD,,0,0,0,0,P,B,N,N,01,2,NJ 35,S,35,,00000035__,39.84,02,,01,04,02,01,01,01,01,,15,FE,S,ROUTE 516 / CR 52 / S LAUREL AVE,,,,50,45,26,,,N,,0093
2020131820-6270-AC,MONMOUTH,HOLMDEL TWP,04/22/2020,WE,1238,01,HOLMDEL PD,,0,3,0,0,I,I,N,N,03,3,HOLLAND RD / TELEGRAPH HILL RD,N,,,13312108__,2.13,07,,01,04,02,01,01,01,05,,,AT,,S HOLLAND RD / TAKOLUSA DR,,,,35,45,26,,,N,,
2020131820-635-AC,MONMOUTH,HOLMDEL TWP,01/11/2020,SA,1337,01,HOLMDEL PD,,0,0,0,0,P,B,N,N,01,2,NJ 35,S,35,,00000035__,39.82,02,,01,04,02,01,01,01,05,,100,FE,S,ROUTE 516 / CR 52 / S LAUREL AVE,,,,50,45,26,,,N,,0098
2020131820-6561-AC,MONMOUTH,HOLMDEL TWP,04/30/2020,TH,1959,01,HOLMDEL PD,,0,0,0,0,P,B,Y,N,11,1,ROUTE 516,S,516,,00000516__,13.42,05,,01,04,02,02,07,02,04,,40,FE,S,HYLAN RD,,,,40,15,56,,,N,,0072
2020131820-6635-AC,MONMOUTH,HOLMDEL TWP,05/02/2020,SA,1416,01,HOLMDEL PD,,0,0,0,0,P,B,N,N,01,2,MONMOUTH COUNTY 52,S,52,,13000052__,3.01,05,,01,06,02,01,01,01,05,,15,FE,S,GALLOPING HILL RD,,,,45,25,26,,,N,,0089
2020131820-6744-AC,MONMOUTH,HOLMDEL TWP,05/05/2020,TU,1248,01,HOLMDEL PD,,0,0,0,0,P,B,N,N,11,1,WHITEROCK TER **,S,,,13181219__,.00,07,,03,06,02,01,01,01,05,,1000,FE,S,LINE RD,,,,25,30,56,,,N,STONE PILLAR/RETAINING WALL/ SHRUBS - RICHARD J BRUNELLI - 9 WHITE ROCK TER HOL?,0068
2020131820-6797-AC,MONMOUTH,HOLMDEL TWP,05/06/2020,WE,1233,01,HOLMDEL PD,,0,0,0,0,P,B,N,N,01,2,NJ 35,S,35,,00000035__,39.78,02,,01,04,02,02,01,02,01,01,300,FE,S,ROUTE 516 / CR 52 / S LAUREL AVE,,,,50,45,26,,,N,,0096
2020131820-6871-AC,MONMOUTH,HOLMDEL TWP,05/07/2020,TH,2112,01,HOLMDEL PD,,0,0,0,0,P,B,N,N,12,1,NJ 34,S,34,,00000034__,18.48,02,,01,04,02,01,07,01,05,01,500,FE,S,ROBERTS RD,,,,50,40,24,,,N,,0092
2020131820-6934-AC,MONMOUTH,HOLMDEL TWP,05/09/2020,SA,0713,01,HOLMDEL PD,,0,1,0,0,I,I,N,N,03,2,NJ 35,S,35,,00000035__,39.84,02,,01,04,02,01,01,01,01,,,AT,,ROUTE 516 / CR 52 / S LAUREL AVE,,,,50,45,26,,,N,,0097
2020131820-696-AC,MONMOUTH,HOLMDEL TWP,01/12/2020,SU,1455,01,HOLMDEL PD,,0,0,0,0,P,I,N,N,03,2,UNION AVE,S,,,13181306__,.00,07,,01,04,02,01,01,01,05,,,AT,,NJ 35,,,,35,50,26,,,N,,0098
2020131820-7108-AC,MONMOUTH,HOLMDEL TWP,05/12/2020,TU,1505,01,HOLMDEL PD,,0,0,0,0,P,I,N,N,02,2,MONMOUTH COUNTY 4 II,N,4,2,130000042_,4.42,05,,02,04,02,01,01,01,05,01,,AT,N,TULIP LN,,,,40,25,26,,,N,,0076
2020131820-7175-AC,MONMOUTH,HOLMDEL TWP,05/13/2020,WE,1958,01,HOLMDEL PD,,0,0,0,0,P,B,N,N,03,2,LONGSTREET RD / ROBERTS RD,E,,,13181066__,1.76,07,,01,04,02,01,01,01,,,20,FE,W,CRAWFORDS CORNER EVERETT RD,,,,35,45,26,,,N,,0086
2020131820-7210-AC,MONMOUTH,HOLMDEL TWP,05/14/2020,TH,1644,01,HOLMDEL PD,,0,0,0,0,P,B,N,N,12,1,ROUTE 520,E,520,,00000520__,10.63,05,,02,04,02,01,01,01,05,01,300,FE,W,MIDDLETOWN RD / OLD MILL RD,,,,40,25,24,,,N,,0101
2020131820-7306-AC,MONMOUTH,HOLMDEL TWP,05/16/2020,SA,1539,01,HOLMDEL PD,,0,3,0,0,I,I,N,N,04,2,MONMOUTH COUNTY 52,W,52,,13000052__,1.98,05,,01,04,02,01,01,01,05,,,AT,,CRAWFORDS CORNER EVERETT / MIDDLETO,,,,40,40,26,,,N,DAMAGE TO SIGNAL POST - COUNTY OF MONMOUTH - 250 CENTER ST FREEHOLD TWP NJ 07728,0090
2020131820-7441-AC,MONMOUTH,HOLMDEL TWP,05/19/2020,TU,1236,01,HOLMDEL PD,,0,1,0,0,I,B,N,N,15,1,MONMOUTH COUNTY 4 II,N,4,2,130000042_,6.82,05,,01,04,02,01,01,01,05,01,1000,FE,N,CRAPE MYRTLE DR / N BEERS ST,,,,35,25,39,,,N,,0101
2020131820-7453-AC,MONMOUTH,HOLMDEL TWP,05/19/2020,TU,1658,01,HOLMDEL PD,,0,0,0,0,P,B,N,N,12,1,ROUTE 516,S,516,,00000516__,13.44,05,,01,04,02,01,01,01,05,01,50,FE,N,HYLAN RD,,,,40,25,24,,,N,,0101
2020131820-750-AC,MONMOUTH,HOLMDEL TWP,01/13/2020,MO,1740,01,HOLMDEL PD,,0,0,0,0,P,B,N,N,03,2,UNION AVE,N,,,13181306__,.01,07,,01,04,02,01,06,01,05,,50,FE,E,NJ 35,,,,40,50,26,,,N,,0099
2020131820-7543-AC,MONMOUTH,HOLMDEL TWP,05/21/2020,TH,0628,01,HOLMDEL PD,,0,0,0,0,P,B,N,N,12,1,MONMOUTH COUNTY 4 II,N,4,2,130000042_,3.52,05,,01,06,02,01,01,01,05,01,500,FE,S,ROBERTS RD,,,,50,40,24,,,N,,0104
2020131820-7714-AC,MONMOUTH,HOLMDEL TWP,05/24/2020,SU,2018,01,HOLMDEL PD,,0,0,0,0,P,B,N,N,09,2,MONMOUTH COUNTY 7 I,W,7,1,130000071_,.86,05,,01,04,02,01,03,01,,,30,FE,E,MAIN ST / MIDDLE AVE,,,,40,35,26,,,N,,0086