Year(4)-CountyCode(2)-MunicipalityCode(2)-CaseNumber(9),County Name,Municipality Name,Crash Date,Crash Day of Week,Crash Time,Police Department Code,Police Department,Police Station,Total Killed,Total Injured,Pedestrians Killed,Pedestrians Injured,Severity,Intersection,Alcohol Involved,Hazmat Involved,Crash Type,Total Vehicles,Location,Location Direction,Route,Route Suffix,Std Rte Identifier,MilePost,Road System,Road Character,Road Horizontal Alignment,Road Grade,Road Surface Type,Surface Condition,Light Condition,Environmental Condition,Road Divided By,Temporary Traffic Control Zone,Distance To Cross Street,Unit Of Measurement,Direction From Cross Street,Cross Street Name,Is Ramp,Ramp To/From Route Name,Ramp To/From Route Direction,Posted Speed,Posted Speed Cross Street,First Harmful Event,Latitude,Longitude,Cell Phone In Use Flag,Other Property Damage,Reporting Badge No.
2020131820-7811-AC,MONMOUTH,HOLMDEL TWP,05/26/2020,TU,2042,01,HOLMDEL PD,,0,0,0,0,P,B,N,N,12,1,LONGSTREET RD / ROBERTS RD,S,,,13181066__,1.24,07,,01,05,02,01,03,01,05,01,100,FE,N,DONNER ST,,,,40,25,24,,,N,,0104
2020131820-7848-AC,MONMOUTH,HOLMDEL TWP,05/27/2020,WE,1211,01,HOLMDEL PD,,0,0,0,0,P,B,N,N,11,1,MONMOUTH COUNTY 52,S,52,,13000052__,4.81,05,,01,04,02,01,01,01,04,,300,FE,S,AVON DR,,,,45,25,42,,,N,,0103
2020131820-7891-AC,MONMOUTH,HOLMDEL TWP,05/28/2020,TH,1012,01,HOLMDEL PD,HOLMDEL,0,0,0,0,P,I,N,N,03,2,LINE RD,E,,,13181131__,1.14,07,,01,04,02,01,01,01,05,,,AT,,VAN BRACKLE RD,,,,35,30,26,,,N,,0103
2020131820-8020-AC,MONMOUTH,HOLMDEL TWP,05/30/2020,SA,1410,01,HOLMDEL PD,,0,0,0,0,P,B,N,N,11,1,99 LONGSTREET RD,E,,,,,06,,02,04,02,01,01,01,05,01,,,,,,,,15,,56,,,N,,102
2020131820-8200-AC,MONMOUTH,HOLMDEL TWP,06/03/2020,WE,0755,01,HOLMDEL PD,,0,0,0,0,P,I,N,N,01,2,NJ 34,S,34,,00000034__,17.40,02,,01,05,02,01,01,01,04,01,,AT,,ROUTE 520 / MAIN STREET / NEWMAN SP,,,,50,40,26,,,N,,102
2020131820-8293-AC,MONMOUTH,HOLMDEL TWP,06/04/2020,TH,1643,01,HOLMDEL PD,,0,0,0,0,P,I,N,N,03,2,ROUTE 520,W,520,,00000520__,10.69,05,,01,04,02,01,01,01,05,01,,AT,S,MIDDLETOWN RD / OLD MILL RD,,,,40,35,26,,,N,,0095
2020131820-8556-AC,MONMOUTH,HOLMDEL TWP,06/09/2020,TU,1210,01,HOLMDEL PD,,0,0,0,0,P,B,Y,N,11,1,NJ 34,S,34,,00000034__,18.54,02,,01,04,03,01,01,01,05,01,150,FE,S,ROBERTS RD,,,,50,35,69,,,N,DAMAGE TO THE ROCK BARRIER AT THE ENTRANCE - CASOLA FARMS - 178 STATE HWY 34 HO?,0101
2020131820-8558-AC,MONMOUTH,HOLMDEL TWP,06/09/2020,TU,1222,01,HOLMDEL PD,,0,0,0,0,P,I,N,N,03,2,MONMOUTH COUNTY 4 II,S,4,2,130000042_,5.75,05,,01,05,02,01,01,01,05,01,,AT,,LONGVIEW DR,,,,40,25,26,,,N,,0087
2020131820-8665-AC,MONMOUTH,HOLMDEL TWP,06/11/2020,TH,1717,01,HOLMDEL PD,,0,1,0,0,I,B,N,N,01,2,NJ 35,W,35,,00000035__,40.81,02,,01,04,02,01,01,01,01,01,300,FE,E,TAKOLUSA DR / UNION AVE,,,,50,40,26,,,N,,0101
2020131820-8689-AC,MONMOUTH,HOLMDEL TWP,06/12/2020,FR,0924,01,HOLMDEL PD,,0,0,0,0,P,I,N,N,03,2,CENTERVILLE RD,S,,,,,07,,01,05,02,01,01,01,05,01,,AT,,TAKOLUSA DR,,,,30,25,26,,,N,,0096
2020131820-8741-AC,MONMOUTH,HOLMDEL TWP,06/13/2020,SA,0113,01,HOLMDEL PD,,0,0,0,0,P,B,N,N,11,1,MONMOUTH COUNTY 52,N,52,,13000052__,4.68,05,,01,04,02,01,06,01,05,,1000,FE,N,BOXWOOD TER,,,,45,25,42,,,N,NJ TRANSIT RAILROAD BRIDGE - NJ TRANSIT - 1 PENN PLZ E NEWARK NJ 07105,0095
2020131820-8820-AC,MONMOUTH,HOLMDEL TWP,06/14/2020,SU,1008,01,HOLMDEL PD,,0,0,0,0,P,B,N,N,11,1,NJ 35,N,35,,00000035__,39.93,02,,01,04,02,01,01,01,01,01,500,FE,N,ROUTE 516 / CR 52 / S LAUREL AVE,,,,50,40,56,,,N,,0096
2020131820-8853-AC,MONMOUTH,HOLMDEL TWP,06/15/2020,MO,1003,01,HOLMDEL PD,,0,0,0,0,P,B,N,N,01,2,CENTERVILLE RD,E,,,,,07,,01,04,02,01,01,01,05,,20,FE,W,NJ 35,,,,30,50,26,,,N,,0099
2020131820-9078-AC,MONMOUTH,HOLMDEL TWP,06/19/2020,FR,1703,01,HOLMDEL PD,,0,0,0,0,P,B,N,N,01,2,NJ 34,N,34,,00000034__,18.76,02,,01,04,02,01,01,01,,,60,FE,N,SCHANCK RD,,,,50,35,26,,,N,,0086
2020131820-9084-AC,MONMOUTH,HOLMDEL TWP,06/19/2020,FR,2011,01,HOLMDEL PD,,0,0,0,0,P,B,N,N,02,2,MONMOUTH COUNTY 4 II,S,4,2,130000042_,3.40,05,,01,04,02,01,03,01,05,,600,FE,S,HEARTLAND DR,,,,50,25,26,,,N,,0088
2020131820-9109-AC,MONMOUTH,HOLMDEL TWP,06/20/2020,SA,0846,01,HOLMDEL PD,,0,0,0,0,P,B,N,N,08,2,SCHANCK RD **,E,,,13181099__,.38,07,,01,04,02,01,01,01,05,,10,FE,W,NJ 34,,,,35,50,26,,,N,,0099
2020131820-9216-AC,MONMOUTH,HOLMDEL TWP,06/22/2020,MO,1621,01,HOLMDEL PD,,0,0,0,0,P,I,N,N,11,1,MONMOUTH COUNTY 52,,52,,13000052__,3.01,05,,01,05,02,01,01,01,05,,,AT,,GALLOPING HILL RD,,,,45,25,56,,,N,VAN SCHOICK RD & GALLPING HILL RD STREET SIGN - HOLMDEL TWP - 4 CRAWFORDS CORNE?,0098
2020131820-9258-AC,MONMOUTH,HOLMDEL TWP,06/23/2020,TU,1214,01,HOLMDEL PD,,0,0,0,0,P,B,N,N,08,2,INDIAN CREEK RD **,N,,,13181111__,.32,07,,01,04,02,01,01,01,05,,200,FE,N,NORTHVIEW TER,,,,25,25,26,,,N,,0087
2020131820-9266-AC,MONMOUTH,HOLMDEL TWP,06/23/2020,TU,1402,01,HOLMDEL PD,,0,0,0,0,P,B,N,N,02,2,NJ 35,S,35,,00000035__,39.75,02,,01,04,02,01,01,01,05,,500,FE,S,ROUTE 516 / CR 52 / S LAUREL AVE,,,,50,45,26,,,N,,0098
2020131820-9363-AC,MONMOUTH,HOLMDEL TWP,06/25/2020,TH,1623,01,HOLMDEL PD,,0,0,0,0,P,B,N,N,03,2,UNION AVE,W,,,13181306__,.01,07,,01,04,02,02,01,01,05,,50,FE,E,NJ 35,,,,40,50,26,,,N,,0099
2020131820-9493-AC,MONMOUTH,HOLMDEL TWP,06/28/2020,SU,0227,01,HOLMDEL PD,,0,0,0,0,P,B,Y,N,11,1,MONMOUTH COUNTY 4 II,N,4,2,130000042_,5.30,05,,01,04,02,01,06,01,05,01,400,FE,S,CRAWFORDS CORNER RD,,,,40,40,46,,,N,GUARDRAIL - MONMOUTH COUNTY DEPT. OF PUBLIC WORKS - 250 CENTER ST FREEHOLD TWP ?,0095
2020131820-9504-AC,MONMOUTH,HOLMDEL TWP,06/28/2020,SU,1144,01,HOLMDEL PD,,0,0,0,0,P,B,N,N,01,2,BETHANY RD / CHURCH ST / POOLE ST,W,,,13301307__,1.78,07,,01,04,02,01,01,01,05,,25,FE,E,OLD MANOR RD,,,,35,25,26,,,N,,0089
2020131820-9578-AC,MONMOUTH,HOLMDEL TWP,06/29/2020,MO,1812,01,HOLMDEL PD,,0,0,0,0,P,B,N,N,01,2,NJ 35,S,35,,00000035__,39.75,02,,01,04,02,01,01,01,01,,500,FE,S,ROUTE 516 / CR 52 / S LAUREL AVE,,,,50,45,26,,,N,,0097
2020131820-9686-AC,MONMOUTH,HOLMDEL TWP,07/01/2020,WE,2246,01,HOLMDEL PD,,0,0,0,0,P,B,N,N,12,1,NJ 35,S,35,,00000035__,40.12,02,,01,06,02,01,07,01,01,01,1500,FE,N,ROUTE 516 / CR 52 / S LAUREL AVE,,,,50,45,24,,,N,,102
2020131820-9741-AC,MONMOUTH,HOLMDEL TWP,07/02/2020,TH,1806,01,HOLMDEL PD,,0,0,0,0,P,B,N,N,01,3,BETHANY RD / CHURCH ST / POOLE ST,E,,,13301307__,1.59,07,,01,04,02,02,01,02,05,01,20,FE,E,CHESTNUTRIDGE DR,,,,35,25,26,,,N,,
2020131820-9821-AC,MONMOUTH,HOLMDEL TWP,07/04/2020,SA,1041,01,HOLMDEL PD,,0,0,0,0,P,B,N,N,01,2,ROUTE 516,N,516,,00000516__,13.11,05,,01,04,02,01,01,01,,,200,FE,S,LAUREL AVE / MIDDLE AVE,,,,40,35,26,,,N,,0097
20201318E050-2020-00011A,MONMOUTH,HOLMDEL TWP,01/03/2020,FR,1538,02,NEW JERSEY STATE POLICE,HOLMDEL - SQUAD,2,0,0,0,F,B,N,N,11,1,GARDEN STATE PARKWAY,N,444,,00000444__,115.10,03,,01,04,02,02,01,05,01,01,,,,,,,,65,,46,40.384590,74.168740,N,NJTA Guardrail,7660
20201318E050-2020-00018A,MONMOUTH,HOLMDEL TWP,01/01/2020,WE,1123,02,NEW JERSEY STATE POLICE,HOLMDEL - SQUAD,0,0,0,0,P,B,N,N,01,2,GARDEN STATE PARKWAY,N,444,,00000444__,116.00,03,,01,04,02,01,01,01,01,01,,,,,,,,65,,26,40.391100,74.180280,N,,7382
20201318E050-2020-00019A,MONMOUTH,HOLMDEL TWP,01/05/2020,SU,1207,02,NEW JERSEY STATE POLICE,HOLMDEL - SQUAD,0,0,0,0,P,B,N,N,12,1,GARDEN STATE PARKWAY,S,444,,00000444__,117.60,03,,01,05,02,01,01,01,03,01,,,,,,,,65,,24,40.409540,74.200370,N,,7453
20201318E050-2020-00026A,MONMOUTH,HOLMDEL TWP,01/06/2020,MO,1554,02,NEW JERSEY STATE POLICE,HOLMDEL - SQUAD,0,0,0,0,P,B,N,N,01,2,GARDEN STATE PARKWAY,N,444,,00000444__,114.00,03,,01,04,02,01,01,01,01,01,,,,COUNTY ROAD  52,,,,35,35,26,40.361650,74.351650,N,,7470
20201318E050-2020-00032A,MONMOUTH,HOLMDEL TWP,01/08/2020,WE,1419,02,NEW JERSEY STATE POLICE,HOLMDEL - SQUAD,0,0,0,0,P,B,N,N,06,2,GARDEN STATE PARKWAY,N,444,,00000444__,117.00,03,,01,04,02,01,01,01,01,01,,,,,,,,65,,26,40.402420,74.191540,N,,7639
20201318E050-2020-00058A,MONMOUTH,HOLMDEL TWP,01/14/2020,TU,1610,02,NEW JERSEY STATE POLICE,HOLMDEL - SQUAD,0,1,0,0,I,B,N,N,01,2,GARDEN STATE PARKWAY,S,444,,00000444__,115.70,03,,01,04,02,02,01,02,03,01,,,,,,,,65,,26,40.386550,74.177130,N,,7887
20201318E050-2020-00077A,MONMOUTH,HOLMDEL TWP,01/11/2020,SA,1854,02,NEW JERSEY STATE POLICE,HOLMDEL - SQUAD,0,0,0,0,P,B,N,N,01,2,GARDEN STATE PARKWAY,N,444,,00000444__,117.00,03,,01,04,02,01,01,01,01,01,,,,,,,,65,,26,40.402560,74.191270,N,,7845
20201318E050-2020-00113A,MONMOUTH,HOLMDEL TWP,01/21/2020,TU,0804,02,NEW JERSEY STATE POLICE,HOLMDEL - SQUAD,0,0,0,0,P,B,N,N,11,1,GARDEN STATE PARKWAY,N,444,,00000444__,116.40,03,,01,04,02,01,01,01,01,01,,,,,,,,65,,51,40.527770,74.297950,N,REFLECTIVE TRAFFIC SIGN OWNED BY NJTA,7570
20201318E050-2020-00132A,MONMOUTH,HOLMDEL TWP,01/24/2020,FR,2215,02,NEW JERSEY STATE POLICE,HOLMDEL - SQUAD,0,0,0,0,P,B,N,N,01,2,GARDEN STATE PARKWAY,N,444,,00000444__,115.60,03,,03,06,02,01,05,01,01,01,,,,,,,,65,,26,40.386940,74.175010,N,,7798
20201318E050-2020-00136A,MONMOUTH,HOLMDEL TWP,01/25/2020,SA,1204,02,NEW JERSEY STATE POLICE,HOLMDEL - SQUAD,0,0,0,0,P,B,N,N,02,2,GARDEN STATE PARKWAY,S,444,,00000444__,117.00,03,,01,04,02,02,01,02,01,01,,,,,,,,65,,26,40.402120,74.193370,N,,7501
20201318E050-2020-00137A,MONMOUTH,HOLMDEL TWP,01/25/2020,SA,1230,02,NEW JERSEY STATE POLICE,HOLMDEL - SQUAD,0,0,0,0,P,B,N,N,11,1,GARDEN STATE PARKWAY,N,444,,00000444__,115.50,03,,01,04,02,02,01,02,01,01,,,,,,,,65,,46,40.386200,74.173500,N,NJTA GUARDRAIL,7501
20201318E050-2020-00139A,MONMOUTH,HOLMDEL TWP,01/25/2020,SA,1433,02,NEW JERSEY STATE POLICE,HOLMDEL - SQUAD,0,0,0,0,P,B,N,N,11,1,GARDEN STATE PARKWAY,S,444,,00000444__,114.00,03,,01,04,02,02,01,02,01,01,,,,,,,,65,,52,40.373050,74.146470,N,NJTA WOODEN LIGHTPOLE,7501
20201318E050-2020-00142A,MONMOUTH,HOLMDEL TWP,01/27/2020,MO,1745,02,NEW JERSEY STATE POLICE,HOLMDEL - SQUAD,0,1,0,0,I,B,N,N,01,2,GARDEN STATE PARKWAY,N,444,,00000444__,117.00,03,,01,04,01,02,06,02,01,01,,,,,,,,35,,26,40.786450,74.354650,N,,7887
20201318E050-2020-00150A,MONMOUTH,HOLMDEL TWP,01/26/2020,SU,1620,02,NEW JERSEY STATE POLICE,HOLMDEL - SQUAD,0,0,0,0,P,B,N,N,12,1,GARDEN STATE PARKWAY,N,444,,00000444__,116.60,03,,02,04,02,01,01,01,01,01,,,,,,,,65,,24,40.398670,74.185760,N,,7469
20201318E050-2020-00151A,MONMOUTH,HOLMDEL TWP,01/25/2020,SA,1435,02,NEW JERSEY STATE POLICE,HOLMDEL - SQUAD,0,0,0,0,P,B,N,N,11,1,GARDEN STATE PARKWAY,N,444,,00000444__,116.80,03,,02,04,02,02,01,02,01,01,,,,,,,,65,,46,40.400810,74.188230,N,NJTA Guardrail.,7469
20201318E050-2020-00168A,MONMOUTH,HOLMDEL TWP,01/31/2020,FR,1201,02,NEW JERSEY STATE POLICE,HOLMDEL - SQUAD,0,0,0,0,P,B,N,N,02,2,GARDEN STATE PARKWAY,S,444,,00000444__,114.00,03,,01,05,02,01,01,01,05,01,,,,,,,,35,,26,40.396800,74.091590,N,,7639
20201318E050-2020-00178A,MONMOUTH,HOLMDEL TWP,01/24/2020,FR,1615,02,NEW JERSEY STATE POLICE,HOLMDEL - SQUAD,0,0,0,0,P,B,N,N,01,3,GARDEN STATE PARKWAY,S,444,,00000444__,117.00,03,,03,04,02,01,01,01,01,01,,,,,T,NJ 35,SB,65,,26,40.424780,74.203450,N,,7570
20201318E050-2020-00183A,MONMOUTH,HOLMDEL TWP,02/04/2020,TU,0315,02,NEW JERSEY STATE POLICE,HOLMDEL - SQUAD,0,0,0,0,P,B,N,N,12,1,GARDEN STATE PARKWAY,N,444,,00000444__,115.20,03,,01,04,02,01,05,01,03,01,,,,,,,,65,,24,40.386550,74.177130,N,,7469
20201318E050-2020-00197A,MONMOUTH,HOLMDEL TWP,02/08/2020,SA,1731,02,NEW JERSEY STATE POLICE,HOLMDEL - SQUAD,0,0,0,0,P,B,Y,N,02,2,GARDEN STATE PARKWAY,S,444,,00000444__,115.30,03,,01,04,02,01,01,01,01,01,,,,,,,,65,,26,40.386550,74.177130,N,,7661
20201318E050-2020-00223A,MONMOUTH,HOLMDEL TWP,02/14/2020,FR,0617,02,NEW JERSEY STATE POLICE,HOLMDEL - SQUAD,0,0,0,0,P,B,N,N,01,2,GARDEN STATE PARKWAY,N,444,,00000444__,117.00,03,,03,04,02,01,04,01,01,01,,,,,,,,65,,26,40.402420,74.191540,N,,7369
20201318E050-2020-00241A,MONMOUTH,HOLMDEL TWP,02/19/2020,WE,0755,02,NEW JERSEY STATE POLICE,HOLMDEL - SQUAD,0,0,0,0,P,B,N,N,02,2,GARDEN STATE PARKWAY,S,444,,00000444__,116.00,03,,01,04,02,01,01,01,03,01,,,,,,,,65,,26,40.386550,74.177130,N,,7794
20201318E050-2020-00246A,MONMOUTH,HOLMDEL TWP,02/19/2020,WE,1405,02,NEW JERSEY STATE POLICE,HOLMDEL - SQUAD,0,1,0,0,I,B,N,N,01,2,GARDEN STATE PARKWAY,S,444,,00000444__,117.00,03,,01,04,02,01,01,01,03,01,,,,,,,,35,,26,40.386550,74.177130,N,,7887
20201318E050-2020-00253A,MONMOUTH,HOLMDEL TWP,02/21/2020,FR,0801,02,NEW JERSEY STATE POLICE,HOLMDEL - SQUAD,0,1,0,0,I,B,N,N,01,2,GARDEN STATE PARKWAY,S,444,,00000444__,117.00,03,,01,04,02,01,01,01,01,01,,,,NJ 35,,,,65,45,26,40.420930,74.213840,N,,7661
20201318E050-2020-00289A,MONMOUTH,HOLMDEL TWP,02/27/2020,TH,0831,02,NEW JERSEY STATE POLICE,HOLMDEL - SQUAD,0,0,0,0,P,B,N,N,01,2,GARDEN STATE PARKWAY,N,444,,00000444__,114.00,03,,01,04,02,02,01,01,01,01,,,,,,,,65,,26,40.368960,74.142570,N,,7501
20201318E050-2020-00290A,MONMOUTH,HOLMDEL TWP,02/27/2020,TH,0837,02,NEW JERSEY STATE POLICE,HOLMDEL - SQUAD,0,2,0,0,I,B,N,N,01,2,GARDEN STATE PARKWAY,N,444,,00000444__,117.00,03,,02,06,02,02,01,01,01,01,,,,,F,STATE HIGHWAY 35,NB,65,,26,40.386550,74.177130,N,,7501
20201318E050-2020-00319A,MONMOUTH,HOLMDEL TWP,03/04/2020,WE,0807,02,NEW JERSEY STATE POLICE,HOLMDEL - SQUAD,0,1,0,0,I,B,N,N,11,1,GARDEN STATE PARKWAY,N,444,,00000444__,117.00,03,,01,04,02,01,01,01,01,01,,,,,,,,65,,52,40.424410,74.204750,N,POLE # JC1490,7578
20201318E050-2020-00348A,MONMOUTH,HOLMDEL TWP,03/13/2020,FR,1201,02,NEW JERSEY STATE POLICE,HOLMDEL - SQUAD,0,3,0,0,I,B,N,N,01,2,GARDEN STATE PARKWAY,S,444,,00000444__,115.10,03,,01,06,02,02,01,01,01,01,,,,,,,,65,,26,40.382900,74.166630,N,NJTA Guardrail,7794
20201318E050-2020-00357A,MONMOUTH,HOLMDEL TWP,03/17/2020,TU,1203,02,NEW JERSEY STATE POLICE,HOLMDEL - SQUAD,0,0,0,0,P,B,N,N,02,2,GARDEN STATE PARKWAY,N,444,,00000444__,117.00,03,,01,04,02,02,01,01,01,01,,,,,,,,65,,26,40.420930,74.213840,N,,7845
20201318E050-2020-00373A,MONMOUTH,HOLMDEL TWP,03/23/2020,MO,1557,02,NEW JERSEY STATE POLICE,HOLMDEL - SQUAD,0,0,0,0,P,B,N,N,11,1,GARDEN STATE PARKWAY,N,444,,00000444__,115.40,03,,01,04,02,02,01,02,01,01,,,,,,,,65,,47,40.385490,74.171740,N,DAMAGE TO NJTA GUARDRAIL,7227
20201318E050-2020-00376A,MONMOUTH,HOLMDEL TWP,03/23/2020,MO,1701,02,NEW JERSEY STATE POLICE,HOLMDEL - SQUAD,0,0,0,0,P,B,N,N,11,1,GARDEN STATE PARKWAY,N,444,,00000444__,115.70,03,,01,06,02,02,01,02,01,01,,,,,,,,65,,46,40.391170,74.180050,N,NJTA - METAL GUARDRAIL,7411
20201318E050-2020-00378A,MONMOUTH,HOLMDEL TWP,03/25/2020,WE,2247,02,NEW JERSEY STATE POLICE,HOLMDEL - SQUAD,0,0,0,0,P,B,N,N,12,1,GARDEN STATE PARKWAY,N,444,,00000444__,116.90,03,,01,04,02,01,06,01,01,01,,,,,,,,65,,24,40.401700,74.189740,N,,7470
20201318E050-2020-00382A,MONMOUTH,HOLMDEL TWP,03/27/2020,FR,,02,NEW JERSEY STATE POLICE,HOLMDEL - SQUAD,0,0,0,0,P,B,N,N,12,1,GARDEN STATE PARKWAY,S,444,,00000444__,114.20,03,,01,05,02,01,05,05,01,01,,,,,,,,65,,24,40.377810,74.152320,N,,6468
20201318E050-2020-00390A,MONMOUTH,HOLMDEL TWP,03/29/2020,SU,2001,02,NEW JERSEY STATE POLICE,HOLMDEL - SQUAD,0,0,0,0,P,B,N,N,01,2,GARDEN STATE PARKWAY,N,444,,00000444__,117.00,03,,01,06,02,01,06,01,01,01,,,,,,,,35,,26,40.433200,74.199600,N,,7639
20201318E050-2020-00397A,MONMOUTH,HOLMDEL TWP,04/01/2020,WE,0708,02,NEW JERSEY STATE POLICE,HOLMDEL - SQUAD,0,0,0,0,P,B,N,N,12,1,GARDEN STATE PARKWAY,N,444,,00000444__,116.90,03,,02,04,02,01,01,01,01,01,,,,,,,,65,,24,40.401530,74.190040,N,,8068
20201318E050-2020-00399A,MONMOUTH,HOLMDEL TWP,04/04/2020,SA,,02,NEW JERSEY STATE POLICE,HOLMDEL - SQUAD,0,0,0,0,P,B,N,N,12,1,GARDEN STATE PARKWAY,S,444,,00000444__,115.20,03,,01,04,02,01,07,01,03,01,,,,,,,,65,,24,40.382900,74.166630,N,,6910
20201318E050-2020-00405A,MONMOUTH,HOLMDEL TWP,04/06/2020,MO,1028,02,NEW JERSEY STATE POLICE,HOLMDEL - SQUAD,0,0,0,0,P,B,N,N,12,1,GARDEN STATE PARKWAY,N,444,,00000444__,116.00,03,,01,04,02,01,01,01,01,01,,,,,,,,65,,25,40.387440,74.176010,N,,7639
20201318E050-2020-00418A,MONMOUTH,HOLMDEL TWP,04/11/2020,SA,0125,02,NEW JERSEY STATE POLICE,HOLMDEL - SQUAD,0,0,0,0,P,B,N,N,12,1,GARDEN STATE PARKWAY,N,444,,00000444__,115.60,03,,03,06,02,01,01,01,01,01,,,,,,,,65,,24,40.386750,74.175420,N,,8068
20201318E050-2020-00434A,MONMOUTH,HOLMDEL TWP,04/15/2020,WE,0813,02,NEW JERSEY STATE POLICE,HOLMDEL - SQUAD,0,0,0,0,P,B,N,N,01,3,GARDEN STATE PARKWAY,N,444,,00000444__,115.00,03,,01,04,02,01,01,01,01,01,,,,,,,,65,,26,40.383550,74.164600,N,,7779
20201318E050-2020-00446A,MONMOUTH,HOLMDEL TWP,04/15/2020,WE,0213,02,NEW JERSEY STATE POLICE,HOLMDEL - SQUAD,0,0,0,0,P,B,N,N,11,1,GARDEN STATE PARKWAY,S,444,,00000444__,114.00,03,,01,04,02,01,06,01,01,01,,,,,,,,65,,69,40.386550,74.177130,N,NJTA TOLL PLAZA ARROW LIGHT BOX.,7661
20201318E050-2020-00466A,MONMOUTH,HOLMDEL TWP,04/25/2020,SA,2048,02,NEW JERSEY STATE POLICE,HOLMDEL - SQUAD,0,1,0,0,I,B,N,N,12,1,GARDEN STATE PARKWAY,S,444,,00000444__,115.20,03,,01,04,02,01,05,01,01,01,,,,,,,,65,,24,40.383620,74.170560,N,,8003
20201318E050-2020-00477A,MONMOUTH,HOLMDEL TWP,04/29/2020,WE,0541,02,NEW JERSEY STATE POLICE,HOLMDEL - SQUAD,0,0,0,0,P,B,N,N,12,1,GARDEN STATE PARKWAY,N,444,,00000444__,114.80,03,,01,04,02,01,01,01,03,01,,,,,,,,65,,24,40.382160,74.161620,N,,7471
20201318E050-2020-00480A,MONMOUTH,HOLMDEL TWP,04/29/2020,WE,0656,02,NEW JERSEY STATE POLICE,HOLMDEL - SQUAD,0,0,0,0,P,B,N,N,12,1,GARDEN STATE PARKWAY,N,444,,00000444__,114.20,03,,02,04,02,01,02,01,01,01,,,,,,,,65,,24,40.378300,74.151020,N,,8068
20201318E050-2020-00484A,MONMOUTH,HOLMDEL TWP,05/01/2020,FR,0437,02,NEW JERSEY STATE POLICE,HOLMDEL - SQUAD,0,0,0,0,P,B,N,N,12,1,GARDEN STATE PARKWAY,S,444,,00000444__,116.00,03,,01,04,02,02,02,02,01,01,,,,,,,,65,,24,40.391130,74.181360,N,,8093
20201318E050-2020-00488A,MONMOUTH,HOLMDEL TWP,05/02/2020,SA,0816,02,NEW JERSEY STATE POLICE,HOLMDEL - SQUAD,0,0,0,0,P,B,N,N,02,2,GARDEN STATE PARKWAY,N,444,,00000444__,116.00,03,,02,06,02,01,01,01,05,01,,,,,,,,65,,26,40.725480,74.645890,N,,8093
20201318E050-2020-00502A,MONMOUTH,HOLMDEL TWP,05/07/2020,TH,2033,02,NEW JERSEY STATE POLICE,HOLMDEL - SQUAD,0,1,0,0,I,B,N,N,12,1,GARDEN STATE PARKWAY,S,444,,00000444__,116.20,03,,01,04,02,01,06,01,01,01,,,,,,,,65,,24,40.391170,74.181090,N,,7470
20201318E050-2020-00503A,MONMOUTH,HOLMDEL TWP,05/07/2020,TH,2035,02,NEW JERSEY STATE POLICE,HOLMDEL - SQUAD,0,1,0,0,I,B,N,N,01,2,GARDEN STATE PARKWAY,S,444,,00000444__,116.20,03,,01,04,02,01,06,01,02,01,,,,,,,,65,,26,40.391170,74.181090,N,,7470
20201318E050-2020-00519A,MONMOUTH,HOLMDEL TWP,05/14/2020,TH,1905,02,NEW JERSEY STATE POLICE,HOLMDEL - SQUAD,0,0,0,0,P,B,N,N,11,1,GARDEN STATE PARKWAY,S,444,,00000444__,115.10,03,,01,06,02,01,01,01,01,01,,,,,,,,65,,46,40.383180,74.168740,N,NJTA Guardrail,7794
20201318E050-2020-00524A,MONMOUTH,HOLMDEL TWP,05/12/2020,TU,1248,02,NEW JERSEY STATE POLICE,HOLMDEL - SQUAD,0,0,0,0,P,B,N,N,01,2,GARDEN STATE PARKWAY,N,444,,00000444__,117.00,03,,03,06,02,01,01,01,01,01,,,,,F,NJ35,NB,50,,26,40.425240,74.205830,N,,7469
20201318E050-2020-00525A,MONMOUTH,HOLMDEL TWP,05/16/2020,SA,1241,02,NEW JERSEY STATE POLICE,HOLMDEL - SQUAD,0,2,0,0,I,B,N,N,12,1,GARDEN STATE PARKWAY,S,444,,00000444__,115.00,03,,01,04,02,01,01,01,01,01,,,,,,,,65,,24,40.381910,74.163100,N,,7661
20201318E050-2020-00541A,MONMOUTH,HOLMDEL TWP,05/23/2020,SA,1125,02,NEW JERSEY STATE POLICE,HOLMDEL - SQUAD,0,0,0,0,P,B,N,N,11,1,GARDEN STATE PARKWAY,N,444,,00000444__,117.30,03,,01,04,02,02,01,02,01,01,,,,,,,,65,,46,40.405280,74.195700,N,NJTA Guardrail,7852
20201318E050-2020-00569A,MONMOUTH,HOLMDEL TWP,05/30/2020,SA,1819,02,NEW JERSEY STATE POLICE,HOLMDEL - SQUAD,0,0,0,0,P,B,N,N,01,2,GARDEN STATE PARKWAY,N,444,,00000444__,117.00,03,,03,04,02,01,01,01,01,01,,,,,T,STATE HIGHWAY 35,SB,65,,26,40.422270,74.205710,N,UTILITY POLE # JC790KP,7501
20201318E050-2020-00573A,MONMOUTH,HOLMDEL TWP,06/01/2020,MO,0839,02,NEW JERSEY STATE POLICE,HOLMDEL - SQUAD,0,0,0,0,P,B,N,N,08,2,GARDEN STATE PARKWAY,S,444,,00000444__,114.00,03,,01,04,02,01,01,01,01,01,,,,,,,,65,,26,40.386550,74.177130,N,,7411