Year(4)-CountyCode(2)-MunicipalityCode(2)-CaseNumber(9),County Name,Municipality Name,Crash Date,Crash Day of Week,Crash Time,Police Department Code,Police Department,Police Station,Total Killed,Total Injured,Pedestrians Killed,Pedestrians Injured,Severity,Intersection,Alcohol Involved,Hazmat Involved,Crash Type,Total Vehicles,Location,Location Direction,Route,Route Suffix,Std Rte Identifier,MilePost,Road System,Road Character,Road Horizontal Alignment,Road Grade,Road Surface Type,Surface Condition,Light Condition,Environmental Condition,Road Divided By,Temporary Traffic Control Zone,Distance To Cross Street,Unit Of Measurement,Direction From Cross Street,Cross Street Name,Is Ramp,Ramp To/From Route Name,Ramp To/From Route Direction,Posted Speed,Posted Speed Cross Street,First Harmful Event,Latitude,Longitude,Cell Phone In Use Flag,Other Property Damage,Reporting Badge No.
2020131920-2199-AC,MONMOUTH,HOWELL TWP,01/13/2020,MO,0928,01,HOWELL TWP PD,,0,0,0,0,P,B,N,N,01,2,GEORGIA RD / W FARMS RD,E,,,13161011__,2.23,07,,01,04,02,01,01,05,05,01,20,FE,W,US 9,,,,35,50,26,,,N,,353
2020131920-22037-AC,MONMOUTH,HOWELL TWP,05/27/2020,WE,1259,01,HOWELL TWP PD,,0,0,0,0,P,B,N,N,01,2,US 9,S,9,,00000009__,106.63,02,,01,04,02,01,01,01,01,01,440,FE,S,STANLEY BLVD,,,,50,25,26,,,N,,643
2020131920-22101-AC,MONMOUTH,HOWELL TWP,05/28/2020,TH,1530,01,HOWELL TWP PD,,0,0,0,0,P,B,N,N,01,2,ROUTE 547,,547,,00000547__,15.06,05,,01,04,02,01,01,01,05,01,100,FE,N,I-195,,,,45,65,26,,,N,,662
2020131920-22184-AC,MONMOUTH,HOWELL TWP,05/28/2020,TH,1427,01,HOWELL TWP PD,,0,0,0,0,P,B,N,N,03,2,KENT RD **,,,,13191087__,1.59,07,,01,04,02,01,01,01,04,03,200,FE,N,FORD RD,,,,35,35,26,,,N,,668
2020131920-22191-AC,MONMOUTH,HOWELL TWP,05/28/2020,TH,1530,01,HOWELL TWP PD,,0,0,0,0,P,B,N,N,01,2,ROUTE 547,N,547,,00000547__,15.06,05,,01,04,02,01,01,01,05,01,100,FE,N,I-195,,,,45,65,26,,,N,,662
2020131920-22373-AC,MONMOUTH,HOWELL TWP,05/29/2020,FR,2055,01,HOWELL TWP PD,,0,1,0,0,I,B,N,N,14,1,GEORGIA TAVERN RD / HULSES CORNER RD,,,,13191073__,.91,07,,01,04,02,01,05,01,05,01,500,FE,S,LEMON RD / PESKIN RD,,,,40,35,21,,,N,,357
2020131920-22538-AC,MONMOUTH,HOWELL TWP,05/31/2020,SU,1240,01,HOWELL TWP PD,,0,0,0,0,P,B,N,N,01,2,TINTON FALLS RD **,S,,,13191065__,.55,07,,01,04,02,01,01,01,05,01,25,FE,S,NJ 34,,,,25,50,26,,,N,,189
2020131920-22553-AC,MONMOUTH,HOWELL TWP,05/31/2020,SU,1612,01,HOWELL TWP PD,,0,0,0,0,P,I,N,N,11,1,COLTS NECK RD **,N,,,,,07,,01,04,02,01,01,01,05,01,,AT,S,,,,,50,,59,40.237320,74.177090,N,FENCE ON COLTS NECK RD - NAVAL WEAPONS STATION EARLE - RT 34 COLTS NECK NJ 07722,624
2020131920-2262-AC,MONMOUTH,HOWELL TWP,01/13/2020,MO,1629,01,HOWELL TWP PD,,0,0,0,0,P,I,N,N,04,2,US 9,N,9,,00000009__,109.95,02,,01,04,02,01,01,01,01,01,,AT,,BERGERVILLE RD / CASINO DR,,,,55,40,26,,,N,,684
2020131920-22651-AC,MONMOUTH,HOWELL TWP,06/01/2020,MO,1235,01,HOWELL TWP PD,,0,0,0,0,P,B,N,N,12,1,ROUTE 547,N,547,,00000547__,13.11,05,,01,04,02,01,01,01,05,01,1500,FE,S,VICTORY RD,,,,50,40,24,,,N,,660
2020131920-22676-AC,MONMOUTH,HOWELL TWP,06/01/2020,MO,1707,01,HOWELL TWP PD,,0,0,0,0,P,I,N,N,03,2,GEORGIA RD / W FARMS RD,,,,13161011__,4.82,07,,01,04,02,01,01,01,05,01,,AT,,CASINO DR,,,,40,40,26,,,N,,683
2020131920-22809-AC,MONMOUTH,HOWELL TWP,06/02/2020,TU,1951,01,HOWELL TWP PD,,0,0,0,0,P,I,N,N,02,2,ALDRICH RD / E ALDRICH RD / W ALDRICH RD,,,,13191056__,1.09,07,,01,04,02,01,03,01,05,01,,AT,,PINE RD,,,,40,25,26,,,N,,659
2020131920-22892-AC,MONMOUTH,HOWELL TWP,06/03/2020,WE,1155,01,HOWELL TWP PD,,0,0,0,0,P,B,N,N,08,2,VAN DERVEER RD **,,,,13191038__,.09,07,,01,04,02,01,01,01,05,01,500,FE,E,ROUTE 524,,,,45,45,26,,,N,,195
2020131920-22970-AC,MONMOUTH,HOWELL TWP,06/03/2020,WE,1907,01,HOWELL TWP PD,,0,0,0,0,P,B,N,N,02,2,US 9,,9,,00000009__,106.32,02,,01,04,02,01,01,01,01,01,15,FE,S,ALDRICH RD,,,,50,40,26,,,N,,357
2020131920-23015-AC,MONMOUTH,HOWELL TWP,06/04/2020,TH,0448,01,HOWELL TWP PD,,0,0,0,0,P,I,Y,N,11,1,ROUTE 524,,524,,00000524__,29.92,05,,01,04,02,01,02,01,05,01,,AT,,WEST FARMS RD,,,,50,45,52,,,N,UTILITY POLE CONNECTED TO POLE #B90268H - JCP&L - PREVENTORIUM RD FARMINGDALE NJ,677
2020131920-23318-AC,MONMOUTH,HOWELL TWP,06/06/2020,SA,1835,01,HOWELL TWP PD,,0,1,0,0,I,I,N,N,03,2,GEORGIA RD / W FARMS RD,E,,,13161011__,3.64,07,,01,04,02,01,01,01,05,01,,AT,,LEMON RD,,,,45,40,26,,,N,,684
2020131920-23406-AC,MONMOUTH,HOWELL TWP,06/07/2020,SU,1123,01,HOWELL TWP PD,,0,0,0,0,P,B,N,N,01,3,GEORGIA RD / W FARMS RD,E,,,13161011__,2.22,07,,01,04,02,01,01,01,04,01,50,FE,W,US 9,,,,40,50,26,,,N,,189
2020131920-23736-AC,MONMOUTH,HOWELL TWP,06/09/2020,TU,1745,01,HOWELL TWP PD,,0,0,0,0,P,B,N,N,11,1,GEORGIA RD / W FARMS RD,,,,13161011__,1.94,07,,01,04,02,01,01,01,05,01,25,FE,E,FORT PLAINS RD,,,,40,40,56,,,N,,659
2020131920-23797-AC,MONMOUTH,HOWELL TWP,06/10/2020,WE,0945,01,HOWELL TWP PD,,0,1,0,0,I,B,N,N,01,2,US 9,S,9,,00000009__,107.37,02,,01,04,02,01,01,01,01,01,300,FE,N,E 6TH ST / W 6TH ST,,,,50,25,26,,,N,,643
2020131920-23820-AC,MONMOUTH,HOWELL TWP,06/10/2020,WE,1251,01,HOWELL TWP PD,,0,0,0,0,P,B,N,N,02,2,US 9,N,9,,00000009__,107.66,02,,01,04,02,01,01,01,01,01,400,FE,S,E 1ST ST / W 1ST ST,,,,50,25,26,,,N,,643
2020131920-23973-AC,MONMOUTH,HOWELL TWP,06/11/2020,TH,1649,01,HOWELL TWP PD,,0,0,0,0,P,B,N,N,11,1,ROUTE 547,,547,,00000547__,11.08,05,,01,04,02,01,01,01,05,01,100,FE,N,ALEXANDER AVE,,,,50,45,54,,,N,,654
2020131920-23978-AC,MONMOUTH,HOWELL TWP,06/11/2020,TH,1748,01,HOWELL TWP PD,,0,1,0,0,I,B,N,N,11,1,ROUTE 549,S,549,,00000549__,17.63,05,,03,04,02,02,01,02,05,01,1000,FE,S,ROUTE 547 / FARMINGDALE LAKEWOOD RD,,,,40,50,57,,,N,POLE# JC1521HL - JCPL - 331 NEWMANS SPRINGS RD RED BANK NJ,644
2020131920-23982-AC,MONMOUTH,HOWELL TWP,06/11/2020,TH,1805,01,HOWELL TWP PD,,0,0,0,0,P,B,N,N,11,1,US 9,N,9,,00000009__,104.56,02,,03,04,02,02,01,05,03,01,350,FE,N,LANES MILL RD,,,,50,40,56,,,N,,185
2020131920-24000-AC,MONMOUTH,HOWELL TWP,06/11/2020,TH,2134,01,HOWELL TWP PD,,0,0,0,0,P,B,N,N,11,1,FIVE POINTS RD / HOWELL RD,,,,13091141__,1.84,07,,01,04,02,01,07,01,05,01,200,FE,S,ASBURY AVE,,,,45,35,52,,,N,UTILITY POLE #BT4766 - VERIZON - FIVE POINTS RD HOWELL NJ 07731,615
2020131920-24058-AC,MONMOUTH,HOWELL TWP,06/12/2020,FR,1030,01,HOWELL TWP PD,,0,0,0,0,P,I,N,N,02,2,US 9,,9,,00000009__,107.05,02,,01,04,02,01,01,01,01,01,,AT,,I-195,,,,50,55,26,,,N,,650
2020131920-24109-AC,MONMOUTH,HOWELL TWP,06/12/2020,FR,1723,01,HOWELL TWP PD,,0,0,0,0,P,B,N,N,02,2,NJ 33,E,33,,00000033__,34.80,02,,01,04,02,01,01,01,04,01,10,FE,S,TINTON FALLS RD,,,,50,35,26,,,N,,669
2020131920-24199-AC,MONMOUTH,HOWELL TWP,06/13/2020,SA,1306,01,HOWELL TWP PD,,0,0,0,0,P,I,N,N,01,3,US 9,,9,,00000009__,105.23,02,,01,04,02,01,01,01,01,01,,AT,,NEW FRIENDSHIP RD,,,,50,35,26,,,N,,
2020131920-24205-AC,MONMOUTH,HOWELL TWP,06/13/2020,SA,1359,01,HOWELL TWP PD,,0,1,0,0,I,B,N,N,99,1,US 9,N,9,,00000009__,110.15,02,,01,04,02,01,01,01,01,01,350,FE,S,WYCKOFF MILL RD,,,,55,35,01,,,N,,643
2020131920-24211-AC,MONMOUTH,HOWELL TWP,06/13/2020,SA,1553,01,HOWELL TWP PD,,0,0,0,0,P,I,N,N,01,3,US 9,S,9,,00000009__,106.71,02,,01,04,02,01,01,01,01,01,,AT,,STANLEY BLVD,,,,50,25,26,,,N,,
2020131920-24242-AC,MONMOUTH,HOWELL TWP,06/13/2020,SA,1958,01,HOWELL TWP PD,,0,1,0,0,I,B,N,N,01,3,FIVE POINTS RD / HOWELL RD,N,,,13091141__,3.24,07,,01,04,02,01,01,01,05,01,20,FE,S,NJ 33,,,,50,50,26,,,N,,686
2020131920-24337-AC,MONMOUTH,HOWELL TWP,06/14/2020,SU,1625,01,HOWELL TWP PD,,0,1,0,0,I,I,N,N,01,4,US 9,N,9,,00000009__,106.32,02,,01,04,02,01,01,01,01,01,,AT,,ALDRICH RD,,,,50,40,26,,,N,,
2020131920-24338-AC,MONMOUTH,HOWELL TWP,06/14/2020,SU,1701,01,HOWELL TWP PD,,0,0,0,0,P,I,N,N,01,3,US 9,S,9,,00000009__,107.31,02,,01,04,02,01,01,01,01,01,,AT,,E 6TH ST / W 6TH ST,,,,50,25,26,,,N,,
2020131920-24342-AC,MONMOUTH,HOWELL TWP,06/14/2020,SU,1746,01,HOWELL TWP PD,,0,1,0,0,I,B,N,N,11,1,ALLENWOOD RD,,,,,,07,,01,04,02,01,01,01,05,01,700,FE,E,RT 549 (HERBERTSVILLE),,,,45,45,60,40.142670,74.143620,Y,,683
2020131920-24466-AC,MONMOUTH,HOWELL TWP,06/15/2020,MO,1722,01,HOWELL TWP PD,,0,0,0,0,P,B,N,N,01,2,NJ 33,E,33,,00000033__,33.21,02,,01,04,02,01,01,01,05,01,1000,FE,W,CR 35 / COLTS NECK RD,,,,50,45,26,,,N,,614
2020131920-24591-AC,MONMOUTH,HOWELL TWP,06/16/2020,TU,1358,01,HOWELL TWP PD,,0,0,0,0,P,B,N,N,03,2,NJ 33,,33,,00000033__,33.41,02,,01,04,02,01,01,01,05,01,77,FE,E,CR 35 / COLTS NECK RD,,,,50,45,26,,,N,JCPL POLE JC4956HL - JCPL - PREVENTORIUM RD FARMINGDALE NJ 07727,195
2020131920-24594-AC,MONMOUTH,HOWELL TWP,06/16/2020,TU,1419,01,HOWELL TWP PD,,0,0,0,0,P,B,N,N,01,2,US 9,S,9,,00000009__,105.26,02,,01,04,02,01,01,01,01,01,150,FE,N,NEW FRIENDSHIP RD,,,,50,35,26,,,N,,185
2020131920-24606-AC,MONMOUTH,HOWELL TWP,06/16/2020,TU,1606,01,HOWELL TWP PD,,0,1,0,0,I,B,N,N,11,1,GEORGIA RD / W FARMS RD,,,,13161011__,1.49,07,,02,04,02,01,01,01,05,01,300,FE,W,CITATION ST,,,,45,25,60,,,N,THIN WIRE FENCE - ANNETTE THONNARD - 1222 WEST FARMS RD HOWELL TOWNSHIP NJ 07731,683
2020131920-24747-AC,MONMOUTH,HOWELL TWP,06/17/2020,WE,1240,01,HOWELL TWP PD,,0,0,0,0,P,B,N,N,02,2,ALDRICH RD / E ALDRICH RD / W ALDRICH RD,E,,,13191056__,1.79,07,,01,04,02,01,01,01,05,01,300,FE,W,US 9,,,,40,50,26,,,N,,624
2020131920-24769-AC,MONMOUTH,HOWELL TWP,06/17/2020,WE,1613,01,HOWELL TWP PD,,0,1,0,0,I,B,N,N,01,2,US 9,N,9,,00000009__,110.36,02,,01,04,02,02,01,01,01,,50,FE,S,STRICKLAND RD,,,,55,35,26,,,N,,644
2020131920-24842-AC,MONMOUTH,HOWELL TWP,06/18/2020,TH,0817,01,HOWELL TWP PD,,0,0,0,0,P,B,N,N,11,1,KETCHAM RD **,,,,13191058__,.12,07,,03,04,02,02,01,02,05,01,250,FE,N,MCQUEEN BLVD,,,,35,25,52,,,N,DAMAGE TO UTILITY POLE - JCP&L - CLIFTON AVE LAKEWOOD NJ 08701,197
2020131920-24844-AC,MONMOUTH,HOWELL TWP,06/18/2020,TH,0850,01,HOWELL TWP PD,,0,0,0,0,P,I,N,N,03,2,ROUTE 549,,549,,00000549__,16.40,05,,01,04,02,02,01,02,05,01,,AT,,NEWTON CORNER RD,,,,40,35,26,,,N,,186
2020131920-24854-AC,MONMOUTH,HOWELL TWP,06/18/2020,TH,1016,01,HOWELL TWP PD,,0,0,0,0,P,I,N,N,01,2,NEWTONS CORNER RD,,,,13191103__,1.18,07,,01,04,02,02,01,02,05,01,,AT,,JACOB DR,,,,25,25,26,,,N,,186
2020131920-24865-AC,MONMOUTH,HOWELL TWP,06/18/2020,TH,1155,01,HOWELL TWP PD,,0,0,0,0,P,B,N,N,11,1,ROUTE 549,N,549,,00000549__,17.73,05,,02,06,02,,,,05,01,450,FE,S,ROUTE 547 / FARMINGDALE LAKEWOOD RD,,,,45,45,,,,N,DAMAGE TO BRIDGE GUARDRAIL AND STRUCTURE,643
2020131920-24883-AC,MONMOUTH,HOWELL TWP,06/18/2020,TH,1344,01,HOWELL TWP PD,,0,0,0,0,P,I,N,N,11,1,FORT PLAINS RD,,,,13191057__,2.18,07,,03,04,02,01,01,05,05,01,,AT,,WEST FARMS RD,,,,40,40,52,,,N,UTILITY POLE JC2382HL - JCP&L - CLIFTON AVE LAKEWOOD NJ 08701,197
2020131920-24888-AC,MONMOUTH,HOWELL TWP,06/18/2020,TH,1415,01,HOWELL TWP PD,,0,0,0,0,P,B,N,N,09,2,CASCADE AVE **,S,,,13191558__,.00,07,,01,04,02,01,01,01,05,01,5,FE,N,LAKEWOOD ALLENWOOD RD,,,,25,50,26,,,N,,643
2020131920-24993-AC,MONMOUTH,HOWELL TWP,06/19/2020,FR,1234,01,HOWELL TWP PD,,0,0,0,0,P,B,N,N,02,2,US 9,N,9,,00000009__,106.42,02,,01,04,02,01,01,01,01,01,510,FE,N,ALDRICH RD,,,,50,40,26,,,N,,643
2020131920-25094-AC,MONMOUTH,HOWELL TWP,06/20/2020,SA,0305,01,HOWELL TWP PD,,0,0,0,0,P,B,N,N,06,2,N APPLETREE RD / S APPLETREE RD **,,,,13191331__,.22,07,,01,04,02,01,06,01,05,,20,FE,S,BLUEBERRY PATH,,,,25,25,28,,,Y,,604
2020131920-25113-AC,MONMOUTH,HOWELL TWP,06/20/2020,SA,1237,01,HOWELL TWP PD,,0,2,0,0,I,B,N,N,02,2,GEORGIA RD / W FARMS RD,,,,13161011__,5.85,07,,01,04,02,01,01,01,,,500,FE,W,ROUTE 524,,,,45,45,26,,,N,,180
2020131920-25132-AC,MONMOUTH,HOWELL TWP,06/20/2020,SA,1620,01,HOWELL TWP PD,,0,0,0,0,P,B,N,N,01,2,US 9,,9,,00000009__,106.24,02,,01,04,02,01,01,05,01,01,2500,FE,S,STANLEY BLVD,,,,50,25,26,,,N,,683
2020131920-25148-AC,MONMOUTH,HOWELL TWP,06/20/2020,SA,1921,01,HOWELL TWP PD,,0,2,0,0,I,I,N,N,02,2,NJ 33,,33,,00000033__,34.80,02,,01,04,02,01,01,01,,,,AT,,TINTON FALLS RD,,,,50,25,26,,,N,,681
2020131920-25210-AC,MONMOUTH,HOWELL TWP,06/21/2020,SU,1057,01,HOWELL TWP PD,,0,1,0,0,I,B,N,N,01,2,US 9,S,9,,00000009__,108.67,02,,01,04,02,01,01,01,01,01,10,FE,N,WEST FARM RD,,,,55,40,26,,,N,,624
2020131920-25309-AC,MONMOUTH,HOWELL TWP,06/22/2020,MO,0153,01,HOWELL TWP PD,,0,0,0,0,P,I,Y,N,11,1,E ALDRICH RD / WINDELER RD,,,,13191053__,1.63,07,,01,04,02,01,06,01,03,01,,AT,,ALDRICH RD,,,,40,40,60,,,N,,674
2020131920-25345-AC,MONMOUTH,HOWELL TWP,06/22/2020,MO,0946,01,HOWELL TWP PD,,0,0,0,0,P,B,N,N,06,2,10 SMITH ST,,,,,,09,,01,04,02,,,,,01,,,,,,,,25,,26,,,N,,352
2020131920-25394-AC,MONMOUTH,HOWELL TWP,06/22/2020,MO,1615,01,HOWELL TWP PD,,0,0,0,0,P,I,N,N,01,2,ALDRICH RD / E ALDRICH RD / W ALDRICH RD,,,,13191056__,1.30,07,,01,04,02,01,01,01,05,01,,AT,,PINEWOOD RD,,,,40,35,26,,,N,,659
2020131920-25513-AC,MONMOUTH,HOWELL TWP,06/23/2020,TU,1224,01,HOWELL TWP PD,,0,0,0,0,P,I,N,N,01,2,US 9,S,9,,00000009__,106.32,02,,01,04,02,01,01,01,01,01,,AT,,ALDRICH RD,,,,50,40,26,,,N,,667
2020131920-25542-AC,MONMOUTH,HOWELL TWP,06/23/2020,TU,1632,01,HOWELL TWP PD,,0,1,0,0,I,I,N,N,03,2,BURGERVILLE RD / CASINO RD / STONEHILL RD,,,,13191012__,4.03,07,,01,04,02,01,01,01,05,01,,AT,,POINT O WOODS,,,,40,25,26,,,N,,659
2020131920-25556-AC,MONMOUTH,HOWELL TWP,06/23/2020,TU,1744,01,HOWELL TWP PD,,0,0,0,0,P,B,N,N,02,2,US 9,,9,,00000009__,106.60,02,,01,04,02,01,01,01,01,01,1500,FE,S,NORTHWOODS PL,,,,50,25,26,,,N,,683
2020131920-25676-AC,MONMOUTH,HOWELL TWP,06/24/2020,WE,1531,01,HOWELL TWP PD,,0,1,0,0,I,B,N,N,11,1,BROOK RD / LAKEWOOD-ALLENWOOD RD,,,,13191100__,.87,07,,01,05,02,01,01,01,05,01,,,,VIENNA RD,,,,45,,52,,,Y,POLE JC 148 HL - JCPL - 2971 LAKEWOOD ALLENWOOD RD HOWELL NJ 07731,654
2020131920-25711-AC,MONMOUTH,HOWELL TWP,06/24/2020,WE,1836,01,HOWELL TWP PD,,0,0,0,0,P,B,N,N,01,2,NEWTONS CORNER RD,,,,13191103__,1.73,07,,01,04,02,01,01,01,05,01,50,FE,S,JOSHUA CT,,,,35,25,26,,,N,,654
2020131920-25745-AC,MONMOUTH,HOWELL TWP,06/24/2020,WE,2339,01,HOWELL TWP PD,,0,0,0,0,P,B,N,N,12,1,GEORGIA RD / W FARMS RD,,,,13161011__,4.28,07,,01,04,02,01,06,01,05,01,1000,FE,E,GEORGIA TAVERN RD,,,,40,40,24,,,N,,670
2020131920-25783-AC,MONMOUTH,HOWELL TWP,06/25/2020,TH,0727,01,HOWELL TWP PD,,0,0,0,0,P,B,N,N,06,2,ALDRICH RD / E ALDRICH RD / W ALDRICH RD,,,,13191056__,2.58,07,,01,04,02,01,00,01,05,,25,FE,W,GLEN ARDEN DR,,,,40,25,28,,,N,,184
2020131920-25816-AC,MONMOUTH,HOWELL TWP,06/25/2020,TH,1058,01,HOWELL TWP PD,,0,0,0,0,P,B,N,N,06,2,PRINCETON DR **,E,,,13191163__,.18,07,,01,04,02,,,,05,01,800,FE,W,DARIEN RD,,,,25,25,28,,,N,,643
2020131920-25820-AC,MONMOUTH,HOWELL TWP,06/25/2020,TH,1103,01,HOWELL TWP PD,,0,0,0,0,P,B,N,N,02,2,US 9,N,9,,00000009__,108.76,02,,01,04,02,01,01,01,01,02,500,FE,N,WEST FARM RD,,,,50,40,26,,,N,,608
2020131920-25945-AC,MONMOUTH,HOWELL TWP,06/26/2020,FR,1058,01,HOWELL TWP PD,,0,0,0,0,P,B,N,N,11,1,HAVEN BRIDGE RD / HAVENBRIDGE RD / PESKIN RD **,,,,13191050__,2.81,07,,01,04,02,01,01,01,05,01,,,,RICHARD RD,,,,40,,59,,,N,DAMAGED LOG FENCE AS WELL AS LANDSCAPING - LINDA A ALDYCKI - 154 PESKIN RD HOWE?,353
2020131920-25985-AC,MONMOUTH,HOWELL TWP,06/26/2020,FR,1501,01,HOWELL TWP PD,,0,1,0,0,I,I,N,N,01,2,US 9,N,9,,00000009__,103.23,02,,01,04,02,01,01,01,05,01,,AT,S,FORD RD,,,,50,40,26,,,Y,,604
2020131920-26039-AC,MONMOUTH,HOWELL TWP,06/26/2020,FR,2229,01,HOWELL TWP PD,,0,0,0,0,P,B,N,N,01,3,US 9,N,9,,00000009__,108.67,02,,01,04,02,01,06,01,01,,25,FE,S,WEST FARM RD,,,,50,40,26,,,N,,
2020131920-26093-AC,MONMOUTH,HOWELL TWP,06/27/2020,SA,0925,01,HOWELL TWP PD,,0,0,0,0,P,I,N,N,02,2,GEORGIA TAVERN RD / HULSES CORNER RD,E,,,13191073__,2.14,07,,01,04,02,01,01,01,05,01,,AT,,HELEN AVE,,,,45,25,26,,,N,,660
2020131920-26135-AC,MONMOUTH,HOWELL TWP,06/27/2020,SA,1654,01,HOWELL TWP PD,,0,0,0,0,P,B,N,N,01,2,US 9,,9,,00000009__,105.80,02,,01,04,02,02,01,02,01,01,200,FE,N,FRIENDSHIP RD,,,,50,35,26,,,N,,668
2020131920-26149-AC,MONMOUTH,HOWELL TWP,06/27/2020,SA,1808,01,HOWELL TWP PD,,0,0,0,0,P,B,N,N,11,1,ROUTE 549,,549,,00000549__,17.82,05,,02,04,02,02,01,02,05,01,1000,FE,E,ROUTE 547 / FARMINGDALE LAKEWOOD RD,,,,45,45,46,,,N,,683
2020131920-26154-AC,MONMOUTH,HOWELL TWP,06/27/2020,SA,1927,01,HOWELL TWP PD,,0,0,0,0,P,B,N,N,11,1,ROUTE 549,,549,,00000549__,17.82,05,,02,04,02,02,01,05,05,01,1000,FE,E,ROUTE 547 / FARMINGDALE LAKEWOOD RD,,,,45,45,45,,,N,METAL GUARD RAIL/CEMENT BRIDGE BARRIER - COUNTY ROADS - HERBERTSVILLE RD HOWELL,683
2020131920-26172-AC,MONMOUTH,HOWELL TWP,06/27/2020,SA,2136,01,HOWELL TWP PD,,0,0,0,0,P,B,N,N,11,1,KENT RD **,,,,,,07,,01,04,02,02,05,02,05,01,500,FE,N,,,,,35,,61,40.113020,74.233280,N,MAILBOX - CHAYA R KLEIN - 388 KENT RD HOWELL NJ 07731,668
2020131920-26180-AC,MONMOUTH,HOWELL TWP,06/27/2020,SA,2228,01,HOWELL TWP PD,,0,1,0,0,I,B,N,N,01,2,NJ 34,,34,,00000034__,9.50,02,,01,04,02,01,05,01,05,01,3000,FE,S,NAVY BRIDGE,,,,50,25,26,,,N,,677
2020131920-26362-AC,MONMOUTH,HOWELL TWP,06/29/2020,MO,1318,01,HOWELL TWP PD,,0,0,0,0,P,I,N,N,02,2,US 9,N,9,,00000009__,108.67,02,,01,04,02,01,01,01,05,01,,AT,,WEST FARM RD,,,,50,40,26,,,N,,660
2020131920-26378-AC,MONMOUTH,HOWELL TWP,06/29/2020,MO,1520,01,HOWELL TWP PD,,0,0,0,0,P,B,N,N,03,2,KENT RD **,,,,13191087__,.35,07,,01,04,02,01,01,01,,01,300,FE,E,CHURCH RD,,,,45,40,26,,,N,,186
2020131920-26383-AC,MONMOUTH,HOWELL TWP,06/29/2020,MO,1556,01,HOWELL TWP PD,,0,0,0,0,P,B,N,N,01,2,US 9,,9,,00000009__,106.38,02,,01,04,02,01,01,01,01,01,300,FE,N,ALDRICH RD,,,,50,40,26,,,N,,659
2020131920-26566-AC,MONMOUTH,HOWELL TWP,06/30/2020,TU,1942,01,HOWELL TWP PD,,0,0,0,0,P,B,N,N,02,2,US 9,,9,,00000009__,110.22,02,,01,04,02,01,01,01,01,01,800,FE,S,STRICKLAND RD,,,,55,35,,,,N,,615
2020131920-26594-AC,MONMOUTH,HOWELL TWP,07/01/2020,WE,0039,01,HOWELL TWP PD,,0,0,0,0,P,B,N,N,12,1,MAXIM RD **,,,,13191082__,1.31,07,,01,04,02,01,05,01,05,01,750,FE,E,MAXIM SOUTHARD RD,,,,45,40,24,,,N,,648
2020131920-26624-AC,MONMOUTH,HOWELL TWP,07/01/2020,WE,0757,01,HOWELL TWP PD,,0,0,0,0,P,I,N,N,03,2,ROUTE 547,S,547,,00000547__,14.67,05,,01,04,02,01,01,01,05,,,AT,,CR 21/ROUTE 549/HERBERTSVILLE RD/OL,,,,45,40,26,,,N,,616
2020131920-26698-AC,MONMOUTH,HOWELL TWP,07/01/2020,WE,1420,01,HOWELL TWP PD,,0,1,0,0,I,B,N,N,01,2,US 9,,9,,00000009__,104.47,02,,01,04,02,02,01,02,01,,100,FE,S,LANES MILL RD,,,,50,45,26,,,N,,180
2020131920-268-AC,MONMOUTH,HOWELL TWP,01/02/2020,TH,1600,01,HOWELL TWP PD,,0,0,0,0,P,B,N,N,03,2,LANES MILL RD **,,,,13191078__,.21,07,,01,04,02,01,01,01,05,01,100,FE,W,US 9,,,,40,50,26,,,N,,654
2020131920-26859-AC,MONMOUTH,HOWELL TWP,07/02/2020,TH,1839,01,HOWELL TWP PD,,0,0,0,0,P,B,N,N,01,2,NJ 33,,33,,00000033__,33.38,02,,01,04,02,02,01,02,,,100,FE,W,CR 35 / COLTS NECK RD,,,,40,35,26,,,N,,668
2020131920-26888-AC,MONMOUTH,HOWELL TWP,07/02/2020,TH,2333,01,HOWELL TWP PD,,0,1,0,0,I,B,N,N,06,2,VIRGINIA DR **,,,,13191300__,.27,07,,01,04,02,01,06,01,05,01,,,,GLADIOLA DR,,,,25,,28,,,N,,648
2020131920-26923-AC,MONMOUTH,HOWELL TWP,07/03/2020,FR,0900,01,HOWELL TWP PD,,0,0,0,0,P,I,N,N,04,2,ROUTE 547,N,547,,00000547__,15.33,05,,01,04,02,01,01,01,05,01,,AT,,RT 524A (SQUMKUM-YLLWBK),,,,45,45,26,,,N,,616
2020131920-26941-AC,MONMOUTH,HOWELL TWP,07/03/2020,FR,1217,01,HOWELL TWP PD,,0,1,0,0,I,B,N,N,02,2,US 9,,9,,00000009__,103.32,02,,01,05,02,01,01,01,04,01,500,FE,N,FORD RD,,,,50,40,26,,,N,,621
2020131920-27054-AC,MONMOUTH,HOWELL TWP,07/04/2020,SA,1058,01,HOWELL TWP PD,,0,0,0,0,P,I,N,N,01,2,NJ 33,E,33,,00000033__,34.77,02,,02,04,02,01,01,01,01,01,,AT,,NJ 34,,,,50,50,26,,,N,,673
2020131920-27115-AC,MONMOUTH,HOWELL TWP,07/04/2020,SA,1917,01,HOWELL TWP PD,,0,0,0,0,P,B,N,N,11,1,BURGERVILLE RD / CASINO RD / STONEHILL RD,,,,13191012__,1.39,07,,01,04,02,01,01,01,05,01,,,,KETCHAM RD,,,,40,,,,,N,MAILBOX  ROCK FIXTURES- HAROLD P KELLEY- 300 CASINO DR HOWELL TOWNSHIP NJ 07731,683
2020131920-2713-AC,MONMOUTH,HOWELL TWP,01/15/2020,WE,1725,01,HOWELL TWP PD,,0,1,0,1,I,B,N,N,13,1,ALDRICH DR / LAKE DR **,,,,13191215__,.78,07,,01,06,02,01,01,01,05,,100,FE,W,AARON AVE,,,,25,25,22,,,N,,352