Year(4)-CountyCode(2)-MunicipalityCode(2)-CaseNumber(9),County Name,Municipality Name,Crash Date,Crash Day of Week,Crash Time,Police Department Code,Police Department,Police Station,Total Killed,Total Injured,Pedestrians Killed,Pedestrians Injured,Severity,Intersection,Alcohol Involved,Hazmat Involved,Crash Type,Total Vehicles,Location,Location Direction,Route,Route Suffix,Std Rte Identifier,MilePost,Road System,Road Character,Road Horizontal Alignment,Road Grade,Road Surface Type,Surface Condition,Light Condition,Environmental Condition,Road Divided By,Temporary Traffic Control Zone,Distance To Cross Street,Unit Of Measurement,Direction From Cross Street,Cross Street Name,Is Ramp,Ramp To/From Route Name,Ramp To/From Route Direction,Posted Speed,Posted Speed Cross Street,First Harmful Event,Latitude,Longitude,Cell Phone In Use Flag,Other Property Damage,Reporting Badge No.
2020131920-27251-AC,MONMOUTH,HOWELL TWP,07/05/2020,SU,1122,01,HOWELL TWP PD,,0,1,0,0,I,I,N,N,03,3,LOCUST AVE **,S,,,13191180__,1.10,07,,01,04,02,01,01,01,04,01,,AT,,MAXIM SOUTHARD RD,,,,45,45,26,,,N,,
2020131920-27252-AC,MONMOUTH,HOWELL TWP,07/05/2020,SU,1124,01,HOWELL TWP PD,,0,0,0,0,P,B,N,N,06,2,ESSEX LN,,,,,,07,,01,04,02,01,01,01,,01,25,FE,W,CITRUS LN,,,,10,10,28,40.180430,74.257960,N,,357
2020131920-27394-AC,MONMOUTH,HOWELL TWP,07/06/2020,MO,0832,01,HOWELL TWP PD,,0,0,0,0,P,B,N,N,01,2,US 9,N,9,,00000009__,109.93,02,,01,04,02,01,01,01,,01,100,FE,S,BERGERVILLE RD / CASINO DR,,,,55,45,26,,,Y,,660
2020131920-27441-AC,MONMOUTH,HOWELL TWP,07/06/2020,MO,1524,01,HOWELL TWP PD,,0,0,0,0,P,B,N,N,02,2,US 9,,9,,00000009__,103.25,02,,01,04,02,01,01,01,04,01,100,FE,N,FORD RD,,,,50,40,26,,,N,,661
2020131920-27446-AC,MONMOUTH,HOWELL TWP,07/06/2020,MO,1556,01,HOWELL TWP PD,,0,0,0,0,P,B,N,N,01,2,US 9,S,9,,00000009__,107.40,02,,01,04,02,02,01,02,01,01,500,FE,N,E 6TH ST / W 6TH ST,,,,50,25,26,,,N,,672
2020131920-27587-AC,MONMOUTH,HOWELL TWP,07/07/2020,TU,1535,01,HOWELL TWP PD,,0,0,0,0,P,B,N,N,99,2,US 9,,9,,00000009__,109.86,02,,01,04,02,01,01,01,01,01,500,FE,S,BERGERVILLE RD / CASINO DR,,,,55,40,99,,,N,,659
2020131920-27622-AC,MONMOUTH,HOWELL TWP,07/08/2020,WE,0024,01,HOWELL TWP PD,,0,0,0,0,P,B,N,N,12,1,FRIENDSHIP RD **,,,,13191075__,.22,07,,01,05,02,01,07,01,05,01,75,FE,W,TEAK RD,,,,35,25,24,,,N,,621
2020131920-27709-AC,MONMOUTH,HOWELL TWP,07/08/2020,WE,1616,01,HOWELL TWP PD,,0,0,0,0,P,B,N,N,11,1,NEWBURY RD **,,,,13191035__,1.45,07,,03,06,02,01,01,01,05,01,,,,BEACON DR,,,,25,,,,,N,TREE/FENCE - MARKESE E BEVERLY - 10 NEWBURY RD HOWELL NJ 07731,654
2020131920-27918-AC,MONMOUTH,HOWELL TWP,07/10/2020,FR,1041,01,HOWELL TWP PD,,0,0,0,0,P,B,N,N,11,1,ROUTE 549,,549,,00000549__,17.63,05,,01,04,02,02,01,02,04,01,1000,FE,S,ROUTE 547 / FARMINGDALE LAKEWOOD RD,,,,50,50,46,,,N,,678
2020131920-27920-AC,MONMOUTH,HOWELL TWP,07/10/2020,FR,1122,01,HOWELL TWP PD,,0,0,0,0,P,B,N,N,03,2,ROUTE 547,,547,,00000547__,18.76,05,,03,04,02,02,01,02,05,01,1800,FE,S,CRANBERRY RD,,,,45,45,26,,,N,,677
2020131920-27946-AC,MONMOUTH,HOWELL TWP,07/10/2020,FR,1352,01,HOWELL TWP PD,,0,0,0,0,P,B,N,N,11,1,ROUTE 549,,549,,00000549__,17.76,05,,02,05,02,02,01,02,,,300,FE,S,ROUTE 547 / FARMINGDALE LAKEWOOD RD,,,,40,40,46,,,N,,668
2020131920-27952-AC,MONMOUTH,HOWELL TWP,07/10/2020,FR,1423,01,HOWELL TWP PD,,0,0,0,0,P,I,N,N,01,2,US 9,,9,,00000009__,106.32,02,,01,04,02,02,01,02,01,01,,AT,,ALDRICH RD,,,,55,40,26,,,N,,668
2020131920-27959-AC,MONMOUTH,HOWELL TWP,07/10/2020,FR,1532,01,HOWELL TWP PD,,0,1,0,0,I,I,N,N,03,2,US 9,S,9,,00000009__,103.23,02,,01,04,02,02,01,02,,,,AT,E,FORD RD,,,,50,40,26,,,N,,644
2020131920-27965-AC,MONMOUTH,HOWELL TWP,07/10/2020,FR,1619,01,HOWELL TWP PD,,0,3,0,0,I,I,N,N,01,2,FORT PLAINS RD,,,,13191057__,.09,07,,03,05,02,02,01,02,05,01,,AT,,PALOMINO CT,,,,40,25,26,,,N,,670
2020131920-27976-AC,MONMOUTH,HOWELL TWP,07/10/2020,FR,1819,01,HOWELL TWP PD,,0,1,0,0,I,B,N,N,11,1,ROUTE 549,,549,,00000549__,17.82,05,,02,05,02,02,01,02,05,01,500,FE,E,ROUTE 547 / FARMINGDALE LAKEWOOD RD,,,,45,50,46,,,N,,654
2020131920-28015-AC,MONMOUTH,HOWELL TWP,07/11/2020,SA,0052,01,HOWELL TWP PD,,0,0,0,0,P,B,N,N,11,1,ROUTE 524,,524,,00000524__,28.26,05,,03,04,02,02,05,01,05,01,150,FE,W,KETCHAM RD,,,,45,35,60,,,N,,677
2020131920-28050-AC,MONMOUTH,HOWELL TWP,07/11/2020,SA,0909,01,HOWELL TWP PD,,0,0,0,0,P,B,N,N,01,2,CLAIRE CIR **,W,,,13191212__,.02,07,,01,04,02,01,01,01,05,01,100,FE,E,ADDISON RD,,,,25,35,26,,,N,,673
2020131920-28065-AC,MONMOUTH,HOWELL TWP,07/11/2020,SA,1208,01,HOWELL TWP PD,,0,1,0,0,I,I,N,N,01,2,FIVE POINTS RD / HOWELL RD,,,,,,07,,01,04,02,01,01,01,05,01,,AT,,RAILROAD TRACKS,,,,45,,26,,,N,,650
2020131920-2822-AC,MONMOUTH,HOWELL TWP,01/16/2020,TH,0833,01,HOWELL TWP PD,,0,0,0,0,P,B,N,N,02,2,US 9,N,9,,00000009__,105.74,02,,01,04,02,02,01,01,01,01,200,FE,S,SALEM HILL RD,,,,50,25,26,,,N,,643
2020131920-28224-AC,MONMOUTH,HOWELL TWP,07/12/2020,SU,1822,01,HOWELL TWP PD,,0,0,0,0,P,B,Y,N,11,1,FRIENDSHIP RD **,,,,13191075__,.25,07,,01,04,02,01,01,01,,01,100,FE,E,TEAK RD,,,,35,25,,,,Y,CONCRETE WALL/MAILBOX - EDMUND W SCHISSEL - 36 FRIENDSHIP RD HOWELL NJ 07731-19?,357
2020131920-28508-AC,MONMOUTH,HOWELL TWP,07/14/2020,TU,1649,01,HOWELL TWP PD,,0,0,0,0,P,B,N,N,02,2,LANES MILL RD **,W,,,13191078__,.25,07,,01,04,02,01,01,01,05,01,100,FE,E,US 9,,,,40,50,26,,,N,,655
2020131920-28512-AC,MONMOUTH,HOWELL TWP,07/14/2020,TU,1809,01,HOWELL TWP PD,,0,1,0,0,I,B,N,N,02,2,US 9,N,9,,00000009__,103.24,02,,01,04,02,01,01,01,04,01,50,FE,N,FORD RD,,,,50,40,26,,,N,,655
2020131920-28628-AC,MONMOUTH,HOWELL TWP,07/15/2020,WE,1324,01,HOWELL TWP PD,,0,1,0,0,I,B,N,N,01,2,LANES MILL RD **,W,,,13191078__,.24,07,,01,06,02,01,01,01,05,01,50,FE,E,US 9,,,,40,50,26,,,N,,624
2020131920-28654-AC,MONMOUTH,HOWELL TWP,07/15/2020,WE,1537,01,HOWELL TWP PD,,0,0,0,0,P,B,N,N,01,2,US 9,S,9,,00000009__,103.61,02,,01,04,02,01,01,01,05,01,2000,FE,N,FORD RD,,,,50,45,26,,,N,,662
2020131920-28655-AC,MONMOUTH,HOWELL TWP,07/15/2020,WE,1551,01,HOWELL TWP PD,,0,0,0,0,P,I,N,N,05,3,BIRDSAL RD **,,,,13191120__,1.45,07,,01,04,02,01,01,01,05,,,AT,,ROUTE 547 / SQUANCUM RD,,,,45,50,26,,,N,,
2020131920-2871-AC,MONMOUTH,HOWELL TWP,01/16/2020,TH,1125,01,HOWELL TWP PD,,0,0,0,0,P,I,N,N,01,2,US 9,S,9,,00000009__,104.00,02,,01,04,02,01,01,01,01,01,,AT,,ESTELLE LN,,,,50,25,26,,,N,,184
2020131920-28787-AC,MONMOUTH,HOWELL TWP,07/16/2020,TH,1045,01,HOWELL TWP PD,,0,0,0,0,P,B,N,N,01,2,US 9,,9,,00000009__,109.30,02,,01,04,02,01,01,01,01,01,300,FE,S,JUGHANDLE (BY NJ TRANSIT),,,,55,25,26,,,N,,650
2020131920-28846-AC,MONMOUTH,HOWELL TWP,07/16/2020,TH,1802,01,HOWELL TWP PD,,0,1,0,0,I,I,N,N,03,2,FRIENDSHIP RD **,,,,13191075__,.98,07,,01,04,02,01,01,01,05,01,,AT,,PLYMOUTH DR,,,,35,25,26,,,N,,685
2020131920-28867-AC,MONMOUTH,HOWELL TWP,07/16/2020,TH,2129,01,HOWELL TWP PD,,0,0,0,0,P,I,N,N,01,2,NJ 34,S,34,,00000034__,8.81,02,,01,04,02,01,06,01,03,,,AT,S,NJ 33,,,,50,50,26,,,N,,192
2020131920-28976-AC,MONMOUTH,HOWELL TWP,07/17/2020,FR,1535,01,HOWELL TWP PD,,0,1,0,0,I,B,N,N,01,2,GEORGIA TAVERN RD / HULSES CORNER RD,,,,13191073__,2.67,07,,01,04,02,01,01,01,,,25,FE,W,US 9,,,,40,50,26,,,N,,664
2020131920-28999-AC,MONMOUTH,HOWELL TWP,07/17/2020,FR,1813,01,HOWELL TWP PD,,0,0,0,0,P,B,N,N,02,2,LANES MILL RD **,,,,13191078__,.14,07,,01,04,02,01,01,01,05,01,750,FE,E,KENT RD,,,,35,40,26,,,N,,662
2020131920-29168-AC,MONMOUTH,HOWELL TWP,07/19/2020,SU,0118,01,HOWELL TWP PD,,0,1,0,0,I,I,N,N,02,2,US 9,,9,,00000009__,107.23,02,,01,04,02,01,06,01,01,01,,AT,,GEORGIA TAVERN RD / HULSE RD,,,,50,45,26,,,N,,675
2020131920-29229-AC,MONMOUTH,HOWELL TWP,07/19/2020,SU,1302,01,HOWELL TWP PD,,0,2,0,0,I,B,N,N,01,3,US 9,S,9,,00000009__,105.32,02,,01,04,02,01,01,01,,01,500,FE,N,NEW FRIENDSHIP RD,,,,50,35,00,,,N,,660
2020131920-29324-AC,MONMOUTH,HOWELL TWP,07/20/2020,MO,0632,01,HOWELL TWP PD,,0,0,0,0,P,B,N,N,12,1,LOCUST AVE **,E,,,13191180__,.46,07,,01,04,02,01,01,01,04,01,20,FE,W,SYLVAN BLVD,,,,40,25,25,,,N,,646
2020131920-29336-AC,MONMOUTH,HOWELL TWP,07/20/2020,MO,0847,01,HOWELL TWP PD,,0,0,0,0,P,B,N,N,02,2,NJ 33,E,33,,00000033__,34.80,02,,01,04,02,01,01,01,01,01,15,FE,E,TINTON FALLS RD,,,,50,25,26,,,N,,673
2020131920-29391-AC,MONMOUTH,HOWELL TWP,07/20/2020,MO,1421,01,HOWELL TWP PD,,0,0,0,0,P,B,N,N,01,3,US 9,,9,,00000009__,103.30,02,,01,04,02,01,01,01,05,01,350,FE,N,FORD RD,,,,50,45,26,,,N,,645
2020131920-29398-AC,MONMOUTH,HOWELL TWP,07/20/2020,MO,1508,01,HOWELL TWP PD,,0,0,0,0,P,B,N,N,11,1,ROUTE 524,E,524,,00000524__,25.81,05,,01,04,02,01,01,01,05,01,,,,WYCKOFF MILLS RD,,,,,,,,,N,STRUCTURAL AND COSMETIC DAMAGE TO 939 RT. 524 - MARTIN J SUMNER - 12 BUNTING TE?,667
2020131920-29486-AC,MONMOUTH,HOWELL TWP,07/21/2020,TU,0718,01,HOWELL TWP PD,,0,0,0,0,P,I,N,N,11,1,YELLOWBROOK RD **,N,,,13191068__,1.04,07,,01,04,02,01,01,01,05,01,,AT,,CRANBERRY RD,,,,45,45,56,,,N,,624
2020131920-29489-AC,MONMOUTH,HOWELL TWP,07/21/2020,TU,0742,01,HOWELL TWP PD,,0,1,0,0,I,B,N,N,01,2,ALDRICH RD / E ALDRICH RD / W ALDRICH RD,W,,,13191056__,2.59,07,,01,04,02,01,01,01,05,01,75,FE,E,GLEN ARDEN DR,,,,40,25,26,,,N,,185
2020131920-29498-AC,MONMOUTH,HOWELL TWP,07/21/2020,TU,0822,01,HOWELL TWP PD,,0,0,0,0,P,B,N,N,11,1,US 9,,9,,00000009__,108.67,02,,01,04,02,01,01,01,01,01,20,FE,S,WEST FARM RD,,,,55,40,48,,,N,,195
2020131920-29567-AC,MONMOUTH,HOWELL TWP,07/21/2020,TU,1525,01,HOWELL TWP PD,,0,0,0,0,P,B,N,N,02,2,PORTER RD **,N,,,13191099__,.09,07,,01,04,02,01,01,01,05,01,500,FE,N,LAKEWOOD - ALLENWOOD RD,,,,40,40,26,,,N,,655
2020131920-29676-AC,MONMOUTH,HOWELL TWP,07/22/2020,WE,0923,01,HOWELL TWP PD,,0,4,0,0,I,I,N,N,03,2,ROUTE 524,W,524,,00000524__,26.42,05,,01,04,02,01,01,01,05,01,,AT,,HOWELL RD,,,,40,45,26,,,N,,663
2020131920-29737-AC,MONMOUTH,HOWELL TWP,07/22/2020,WE,1514,01,HOWELL TWP PD,,0,0,0,0,P,B,N,N,11,2,US 9,,9,,00000009__,107.59,02,,01,04,02,01,01,01,01,01,100,FE,N,E 3RD ST / W 3RD ST,,,,50,25,56,,,N,,661
2020131920-29841-AC,MONMOUTH,HOWELL TWP,07/23/2020,TH,0943,01,HOWELL TWP PD,,0,1,0,0,I,I,N,N,03,2,US 9,S,9,,00000009__,109.95,02,,01,04,02,02,01,02,01,01,,AT,,BERGERVILLE RD / CASINO DR,,,,55,35,26,,,N,,185
2020131920-29844-AC,MONMOUTH,HOWELL TWP,07/23/2020,TH,1029,01,HOWELL TWP PD,,0,1,0,0,I,B,N,N,10,1,KETCHAM RD **,S,,,13191058__,.33,07,,02,05,02,02,01,02,05,01,800,FE,S,ROUTE 524,,,,35,45,60,,,N,,663
2020131920-29892-AC,MONMOUTH,HOWELL TWP,07/23/2020,TH,1459,01,HOWELL TWP PD,,0,0,0,0,P,I,N,N,01,2,US 9,,9,,00000009__,103.15,02,,01,04,02,01,01,01,04,01,,AT,,FORD RD,,,,50,,26,,,N,,652
2020131920-29909-AC,MONMOUTH,HOWELL TWP,07/23/2020,TH,1620,01,HOWELL TWP PD,,0,0,0,0,P,I,N,N,02,2,NJ 33,E,33,,00000033__,34.80,02,,01,04,02,01,01,01,02,01,,AT,,TINTON FALLS RD,,,,50,25,26,,,N,,684
2020131920-29912-AC,MONMOUTH,HOWELL TWP,07/23/2020,TH,1646,01,HOWELL TWP PD,,0,0,0,0,P,B,N,N,01,2,ALDRICH RD / E ALDRICH RD / W ALDRICH RD,,,,13191056__,1.74,07,,03,04,02,01,01,01,05,,250,FE,W,US 9,,,,40,50,26,,,N,,664
2020131920-29929-AC,MONMOUTH,HOWELL TWP,07/23/2020,TH,1850,01,HOWELL TWP PD,,0,1,0,0,I,I,N,N,01,2,KENT RD **,,,,13191087__,.52,07,,01,04,02,01,01,01,05,01,,AT,,LANES MILL RD,,,,40,40,26,,,N,,652
2020131920-29963-AC,MONMOUTH,HOWELL TWP,07/23/2020,TH,2353,01,HOWELL TWP PD,,0,0,0,0,P,B,N,N,11,1,ROUTE 524 ALTERNATE,,524,A,00000524A_,.00,05,,01,04,02,01,06,01,05,01,2000,FE,S,ROUTE 524 / ADELPHIA FARMINGDALE RD,,,,45,50,61,,,N,MAILBOX FOR #712 RT 524A- TRACEY K HUBBARD- 721 SQUANKUM YELLOWBROOK RD FARMING?,675
2020131920-30026-AC,MONMOUTH,HOWELL TWP,07/24/2020,FR,1324,01,HOWELL TWP PD,,0,0,0,0,P,B,N,N,01,2,US 9,,9,,00000009__,107.19,02,,01,04,02,02,01,02,01,01,200,FE,S,GEORGIA TAVERN RD / HULSE RD,,,,50,45,26,,,N,,671
2020131920-30029-AC,MONMOUTH,HOWELL TWP,07/24/2020,FR,1338,01,HOWELL TWP PD,,0,0,0,0,P,B,N,N,01,2,US 9,,9,,00000009__,107.19,02,,01,04,02,02,01,01,01,01,200,FE,S,GEORGIA TAVERN RD / HULSE RD,,,,50,45,26,,,N,,671
2020131920-30030-AC,MONMOUTH,HOWELL TWP,07/24/2020,FR,1341,01,HOWELL TWP PD,,0,0,0,0,P,I,N,N,01,2,ARNOLD BLVD **,,,,13191101__,.00,07,,01,04,02,02,01,02,05,01,,AT,,LAKEWOOD-ALLENWOOD RD,,,,45,50,26,,,N,,662
2020131920-30041-AC,MONMOUTH,HOWELL TWP,07/24/2020,FR,1506,01,HOWELL TWP PD,,0,0,0,0,P,B,N,N,11,1,MONMOUTH COUNTY 21,,21,,13000021__,1.32,05,,03,04,02,02,01,02,05,01,1500,FE,W,OLD TAVERN RD,,,,40,35,,,,N,,662
2020131920-30042-AC,MONMOUTH,HOWELL TWP,07/24/2020,FR,1520,01,HOWELL TWP PD,,0,0,0,0,P,I,N,N,01,2,ROUTE 524,W,524,,00000524__,33.05,05,,01,04,02,02,01,02,05,01,,AT,,ROUTE 524 ALT/547/MAIN ST/SQUANKUM,,,,50,50,26,,,N,,673
2020131920-30147-AC,MONMOUTH,HOWELL TWP,07/25/2020,SA,1434,01,HOWELL TWP PD,,0,1,0,0,I,I,N,N,03,2,MAXIM SOUTHARD RD **,,,,13191084__,2.49,07,,01,04,02,01,01,01,05,01,,AT,,LANES MILL RD,,,,45,45,26,,,N,,671
2020131920-30149-AC,MONMOUTH,HOWELL TWP,07/25/2020,SA,1437,01,HOWELL TWP PD,,0,0,0,0,P,I,N,N,03,2,GEORGIA RD / W FARMS RD,,,,13161011__,3.64,07,,01,04,02,01,01,01,05,01,,AT,,LEMON RD,,,,40,40,26,,,N,,674
2020131920-30271-AC,MONMOUTH,HOWELL TWP,07/26/2020,SU,1412,01,HOWELL TWP PD,HOWELL,0,0,0,0,P,B,N,N,01,4,LANES MILL RD **,E,,,13191078__,.09,07,,01,04,02,01,01,01,05,01,500,FE,E,KENT RD,,,,25,40,26,,,N,,
2020131920-30297-AC,MONMOUTH,HOWELL TWP,07/26/2020,SU,1739,01,HOWELL TWP PD,,0,0,0,0,P,B,N,N,01,2,NJ 33,N,33,,00000033__,34.71,02,,01,04,02,01,01,01,01,01,500,FE,S,TINTON FALLS RD,,,,50,35,26,,,N,,642
2020131920-30313-AC,MONMOUTH,HOWELL TWP,07/26/2020,SU,1957,01,HOWELL TWP PD,,0,0,0,0,P,B,N,N,03,2,GEORGIA RD / W FARMS RD,,,,13161011__,2.17,07,,01,04,02,01,01,01,,01,300,FE,W,US 9,,,,40,50,26,,,N,,357
2020131920-30413-AC,MONMOUTH,HOWELL TWP,07/27/2020,MO,1407,01,HOWELL TWP PD,,0,1,0,0,I,I,N,N,01,2,NJ 33,,33,,00000033__,30.64,02,,01,04,02,01,01,01,04,02,,AT,,FAIRFIELD RD,,,,55,50,26,,,N,,685
2020131920-30450-AC,MONMOUTH,HOWELL TWP,07/27/2020,MO,1716,01,HOWELL TWP PD,,0,0,0,0,P,B,N,N,02,2,NJ 33,E,33,,00000033__,34.80,02,,01,04,02,01,01,01,,01,25,FE,E,TINTON FALLS RD,,,,50,25,26,,,N,,189
2020131920-30559-AC,MONMOUTH,HOWELL TWP,07/28/2020,TU,1031,01,HOWELL TWP PD,,0,1,0,0,I,B,N,N,01,2,ROUTE 549,N,549,,00000549__,17.82,05,,01,05,02,01,01,01,05,01,350,FE,E,ROUTE 547 / FARMINGDALE LAKEWOOD RD,,,,45,50,26,,,N,,645
2020131920-30741-AC,MONMOUTH,HOWELL TWP,07/29/2020,WE,1542,01,HOWELL TWP PD,,0,0,0,0,P,B,N,N,01,2,US 9,,9,,00000009__,110.88,02,,01,04,02,01,01,01,01,01,100,FE,S,EDINBURGH DR,,,,55,25,26,,,N,,615
2020131920-3091-AC,MONMOUTH,HOWELL TWP,01/17/2020,FR,1252,01,HOWELL TWP PD,,0,0,0,0,P,I,N,N,02,2,LOWES EXIT,S,,,,,09,,01,04,02,01,01,01,05,,,AT,,LANES MILL RD,,,,25,40,26,,,N,,184
2020131920-30921-AC,MONMOUTH,HOWELL TWP,07/30/2020,TH,2019,01,HOWELL TWP PD,,0,2,0,0,I,I,N,N,03,2,OAK GLEN RD,N,,,13191081__,2.68,07,,01,04,02,01,03,01,,,,AT,N,MAXIM SOUTHARD RD,,,,40,40,26,,,N,,644
2020131920-3096-AC,MONMOUTH,HOWELL TWP,01/17/2020,FR,1326,01,HOWELL TWP PD,,0,0,0,0,P,I,N,N,03,2,GEORGIA RD / W FARMS RD,,,,13161011__,3.64,07,,01,04,02,01,01,01,05,01,,AT,,LEMON RD,,,,50,45,26,,,N,,617
2020131920-30969-AC,MONMOUTH,HOWELL TWP,07/31/2020,FR,0747,01,HOWELL TWP PD,,0,0,0,0,P,B,N,N,11,1,KENT RD **,S,,,13191087__,.36,07,,01,04,02,02,01,02,05,01,30,FE,N,CHURCH RD,,,,35,35,56,,,N,FIRE HYDRANT - #718 - NJ AMERICAN WATER - 154 ELLISDALE RD ALLENTOWN NJ 08501,673
2020131920-30970-AC,MONMOUTH,HOWELL TWP,07/31/2020,FR,0800,01,HOWELL TWP PD,,0,0,0,0,P,B,N,N,11,1,ROUTE 524 ALTERNATE,,524,A,00000524A_,3.61,05,,03,04,02,02,01,02,05,01,1200,FE,N,NEW CASTLE ST,,,,45,25,,,,N,,621
2020131920-31028-AC,MONMOUTH,HOWELL TWP,07/31/2020,FR,1903,01,HOWELL TWP PD,,0,1,0,0,I,B,N,N,02,2,US 9,,9,,00000009__,108.95,02,,01,04,02,01,01,01,01,01,5280,FE,S,BERGERVILLE RD / CASINO DR,,,,55,40,26,,,N,,681
2020131920-31048-AC,MONMOUTH,HOWELL TWP,07/31/2020,FR,2229,01,HOWELL TWP PD,,0,0,0,0,P,B,N,N,01,2,US 9,,9,,00000009__,107.33,02,,01,04,02,01,06,01,01,01,100,FE,N,E 6TH ST / W 6TH ST,,,,50,35,26,,,N,,678
2020131920-3107-AC,MONMOUTH,HOWELL TWP,01/17/2020,FR,1525,01,HOWELL TWP PD,,0,0,0,0,P,I,N,N,01,2,FORT PLAINS RD,,,,13191057__,2.18,07,,01,04,02,01,01,01,04,,,AT,,WEST FARMS RD,,,,35,40,26,,,N,,668
2020131920-31192-AC,MONMOUTH,HOWELL TWP,08/01/2020,SA,2208,01,HOWELL TWP PD,,0,2,0,0,I,I,N,N,03,2,NJ 33 BUSINESS,,33,B,00000033B_,5.97,02,,01,04,02,01,06,01,05,01,,AT,,OAKERSON RD,,,,50,45,26,,,N,,675
2020131920-31228-AC,MONMOUTH,HOWELL TWP,08/02/2020,SU,1139,01,HOWELL TWP PD,,0,0,0,0,P,I,N,N,02,2,BRANDYWINE DR **,E,,,13191257__,.11,07,,01,04,02,01,01,01,05,01,,AT,,CANNONBALL DR / DECK CT,,,,25,25,26,,,N,,673
2020131920-31245-AC,MONMOUTH,HOWELL TWP,08/02/2020,SU,1335,01,HOWELL TWP PD,,0,0,0,0,P,B,N,N,01,2,US 9,,9,,00000009__,105.21,02,,01,04,02,01,01,01,01,01,100,FE,S,NEW FRIENDSHIP RD,,,,50,35,26,,,N,,353
2020131920-31246-AC,MONMOUTH,HOWELL TWP,08/02/2020,SU,1341,01,HOWELL TWP PD,,0,0,0,0,P,B,N,N,01,2,ROUTE 549,E,549,,00000549__,16.45,05,,01,04,02,01,01,01,05,01,250,FE,E,NEWTON CORNER RD,,,,45,45,26,,,N,,686
2020131920-31304-AC,MONMOUTH,HOWELL TWP,08/02/2020,SU,2326,01,HOWELL TWP PD,,0,0,0,0,P,I,N,N,11,1,US 9,,9,,00000009__,107.48,02,,01,04,02,01,06,01,01,,,AT,,E 4TH ST / W 4TH ST,,,,25,50,50,,,N,MAILBOX - INDERJIT S SAWHNEY - 2879 9NB HOWELL NJ 07731-3744,675
2020131920-31366-AC,MONMOUTH,HOWELL TWP,08/03/2020,MO,1216,01,HOWELL TWP PD,,0,0,0,0,P,I,N,N,11,1,BROOK RD / LAKEWOOD-ALLENWOOD RD,W,,,13191100__,.45,07,,01,04,02,01,01,01,05,01,,AT,,ARNOLD BLVD,,,,50,35,,,,N,,663
2020131920-31385-AC,MONMOUTH,HOWELL TWP,08/03/2020,MO,1408,01,HOWELL TWP PD,,0,0,0,0,P,B,N,N,03,2,SALEM HILL RD **,S,,,13191021__,.08,07,,01,04,02,01,01,01,03,,250,FE,W,NORTH LONGVIEW RD / SOUTH LONGVIEW,,,,25,25,26,,,N,,667
2020131920-31397-AC,MONMOUTH,HOWELL TWP,08/03/2020,MO,1541,01,HOWELL TWP PD,,0,0,0,0,P,B,N,N,12,1,NJ 33,W,33,,00000033__,31.85,02,,01,04,02,01,01,01,05,01,1500,FE,W,YELLOW BROOK RD,,,,45,45,24,,,N,,686
2020131920-31446-AC,MONMOUTH,HOWELL TWP,08/03/2020,MO,2033,01,HOWELL TWP PD,,0,2,0,0,I,B,N,N,01,3,US 9,N,9,,00000009__,106.30,02,,01,04,02,02,06,02,01,01,100,FE,S,ALDRICH RD,,,,50,40,26,,,N,,
2020131920-31498-AC,MONMOUTH,HOWELL TWP,08/04/2020,TU,0702,01,HOWELL TWP PD,,0,0,0,0,P,I,N,N,03,2,VIRGINIA DR **,,,,13191300__,.27,07,,01,06,02,02,01,01,05,01,,AT,,GLADIOLA DR,,,,25,25,26,,,N,,645
2020131920-31577-AC,MONMOUTH,HOWELL TWP,08/04/2020,TU,1144,01,HOWELL TWP PD,,0,2,0,0,I,B,N,N,99,1,NJ 33,,33,,00000033__,30.92,02,,01,04,02,01,01,10,05,01,1500,FE,E,FAIRFIELD RD,,,,50,40,12,,,N,,642
2020131920-31899-AC,MONMOUTH,HOWELL TWP,08/04/2020,TU,1850,01,HOWELL TWP PD,,0,2,0,0,I,B,N,N,01,3,US 9,S,9,,00000009__,106.63,02,,01,04,02,01,01,01,01,,400,FE,S,STANLEY BLVD,,,,50,25,26,,,N,,
2020131920-32105-AC,MONMOUTH,HOWELL TWP,08/05/2020,WE,1500,01,HOWELL TWP PD,,0,0,0,0,P,B,N,N,02,2,US 9,N,9,,00000009__,103.23,02,,01,06,02,01,01,01,05,01,25,FE,S,FORD RD,,,,50,40,26,,,N,,655
2020131920-32109-AC,MONMOUTH,HOWELL TWP,08/05/2020,WE,1516,01,HOWELL TWP PD,,0,1,0,0,I,B,N,N,01,2,US 9,N,9,,00000009__,103.23,02,,01,04,02,01,01,01,05,01,10,FE,S,FORD RD,,,,50,35,26,,,N,,624
2020131920-32114-AC,MONMOUTH,HOWELL TWP,08/05/2020,WE,1543,01,HOWELL TWP PD,,0,0,0,0,P,B,N,N,02,2,US 9,,9,,00000009__,103.21,02,,01,04,02,01,01,01,04,01,100,FE,S,FORD RD,,,,50,35,26,,,N,,661
2020131920-32116-AC,MONMOUTH,HOWELL TWP,08/05/2020,WE,1612,01,HOWELL TWP PD,,0,0,0,0,P,I,N,N,03,2,FRIENDSHIP RD **,W,,,13191075__,.45,07,,01,05,02,01,01,01,05,01,,AT,,BRANDYWINE DR,,,,35,25,26,,,N,,655
2020131920-32164-AC,MONMOUTH,HOWELL TWP,08/05/2020,WE,2045,01,HOWELL TWP PD,,0,1,0,0,I,B,N,N,04,2,MONMOUTH COUNTY 21,W,21,,13000021__,1.51,05,,01,04,02,01,06,01,,,500,FE,W,OLD TAVERN RD,,,,40,40,26,,,N,,644