Year(4)-CountyCode(2)-MunicipalityCode(2)-CaseNumber(9),County Name,Municipality Name,Crash Date,Crash Day of Week,Crash Time,Police Department Code,Police Department,Police Station,Total Killed,Total Injured,Pedestrians Killed,Pedestrians Injured,Severity,Intersection,Alcohol Involved,Hazmat Involved,Crash Type,Total Vehicles,Location,Location Direction,Route,Route Suffix,Std Rte Identifier,MilePost,Road System,Road Character,Road Horizontal Alignment,Road Grade,Road Surface Type,Surface Condition,Light Condition,Environmental Condition,Road Divided By,Temporary Traffic Control Zone,Distance To Cross Street,Unit Of Measurement,Direction From Cross Street,Cross Street Name,Is Ramp,Ramp To/From Route Name,Ramp To/From Route Direction,Posted Speed,Posted Speed Cross Street,First Harmful Event,Latitude,Longitude,Cell Phone In Use Flag,Other Property Damage,Reporting Badge No.
20201319C060-2020-00029A,MONMOUTH,HOWELL TWP,01/06/2020,MO,1209,02,NEW JERSEY STATE POLICE,HAMILTON-SUB -,0,0,0,0,P,B,N,N,01,2,I-195,E,195,,00000195__,28.00,01,,01,04,02,01,01,01,01,01,,,,,,,,65,,26,40.166630,74.220230,N,,8144
20201319C060-2020-00065A,MONMOUTH,HOWELL TWP,01/11/2020,SA,0153,02,NEW JERSEY STATE POLICE,HAMILTON-SUB -,0,0,0,0,P,B,N,N,15,1,I-195,W,195,,00000195__,27.60,01,,01,04,02,01,07,01,01,01,,,,,,,,65,,46,40.166880,74.227900,N,DOT Equipment and Guardrail  P.O. BOX 600  Trenton  NJ 08625.,7997
20201319C060-2020-00070A,MONMOUTH,HOWELL TWP,01/13/2020,MO,1138,02,NEW JERSEY STATE POLICE,HAMILTON-SUB -,0,0,0,0,P,B,N,N,15,1,I-195,W,195,,00000195__,27.50,01,,02,04,02,01,01,01,03,02,,,,,,,,65,,29,40.166690,74.230410,N,,8194
20201319C060-2020-00113A,MONMOUTH,HOWELL TWP,01/18/2020,SA,1213,02,NEW JERSEY STATE POLICE,HAMILTON-SUB -,0,0,0,0,P,B,N,N,11,1,I-195,E,195,,00000195__,30.60,01,,01,04,02,03,01,03,01,01,,,,,,,,65,,46,40.165110,74.171410,N,MINOR GUARD RAIL DAMAGE,8182
20201319C060-2020-00147A,MONMOUTH,HOWELL TWP,01/21/2020,TU,2235,02,NEW JERSEY STATE POLICE,HAMILTON-SUB -,0,0,0,0,P,B,N,N,12,1,ROUTE 524,W,524,,00000524__,27.00,05,,01,04,02,01,05,01,04,01,,,,,,,,45,,24,40.182360,74.498120,N,,7480
20201319C060-2020-00163A,MONMOUTH,HOWELL TWP,01/24/2020,FR,2358,02,NEW JERSEY STATE POLICE,HAMILTON-SUB -,0,0,0,0,P,B,N,N,02,2,I-195,E,195,,00000195__,29.60,01,,01,04,02,01,05,01,01,01,,,,,,,,65,,26,40.167010,74.190070,N,,8141
20201319C060-2020-00171A,MONMOUTH,HOWELL TWP,01/31/2020,FR,1730,02,NEW JERSEY STATE POLICE,HAMILTON-SUB -,0,0,0,0,P,B,N,N,01,2,I-195,E,195,,00000195__,31.40,01,,01,04,02,02,06,02,01,01,,,,,,,,65,,26,40.258470,74.157890,N,,8182
20201319C060-2020-00202A,MONMOUTH,HOWELL TWP,02/06/2020,TH,1235,02,NEW JERSEY STATE POLICE,HAMILTON-SUB -,0,0,0,0,P,B,N,N,11,1,I-195,E,195,,00000195__,27.60,01,,01,04,02,02,01,02,01,01,,,,,,,,65,,60,40.166520,74.227770,N,,8168
20201319C060-2020-00281A,MONMOUTH,HOWELL TWP,02/26/2020,WE,1349,02,NEW JERSEY STATE POLICE,HAMILTON-SUB -,0,0,0,0,P,B,N,N,01,2,I-195,E,195,,00000195__,29.00,01,,01,04,02,02,01,01,03,01,,,,,,,,65,,26,40.166880,74.201390,N,,8198
20201319C060-2020-00283A,MONMOUTH,HOWELL TWP,02/27/2020,TH,2201,02,NEW JERSEY STATE POLICE,HAMILTON-SUB -,0,0,0,0,P,B,N,N,12,1,I-195,E,195,,00000195__,28.80,01,,01,04,02,02,05,03,01,01,,,,,,,,65,,24,40.166830,74.205160,N,,8272
20201319C060-2020-00342A,MONMOUTH,HOWELL TWP,03/13/2020,FR,1542,02,NEW JERSEY STATE POLICE,HAMILTON-SUB -,0,1,0,0,I,B,N,N,01,2,I-195,W,195,,00000195__,32.00,01,,01,04,02,01,01,01,01,01,,,,,,,,65,,26,40.163670,74.145080,N,,7982
20201319C060-2020-00367A,MONMOUTH,HOWELL TWP,03/23/2020,MO,1740,02,NEW JERSEY STATE POLICE,HAMILTON-SUB -,0,0,0,0,P,B,N,N,11,1,I-195,E,195,,00000195__,32.00,01,,02,06,02,02,01,02,01,01,,,,,,,,65,,46,40.163300,74.145010,N,25 feet of guard rail damage.,8360
20201319C060-2020-00427A,MONMOUTH,HOWELL TWP,04/17/2020,FR,1333,02,NEW JERSEY STATE POLICE,HAMILTON-SUB -,0,0,0,0,P,B,N,N,12,1,I-195,E,195,,00000195__,31.40,01,,01,04,02,01,01,01,01,01,,,,,,,,65,,25,40.163540,74.156340,N,,8037
20201319C060-2020-00440A,MONMOUTH,HOWELL TWP,04/24/2020,FR,0430,02,NEW JERSEY STATE POLICE,HAMILTON-SUB -,0,0,0,0,P,B,N,N,12,1,I-195,W,195,,00000195__,31.00,01,,01,04,02,02,05,02,01,01,,,,,,,,65,,24,40.164210,74.160740,N,,7893
20201319C060-2020-00455A,MONMOUTH,HOWELL TWP,04/28/2020,TU,0814,02,NEW JERSEY STATE POLICE,HAMILTON-SUB -,0,0,0,0,P,B,N,N,12,1,I-195,E,195,,00000195__,28.40,01,,01,04,02,01,01,01,03,01,,,,,,,,65,,24,40.166720,74.212700,N,,8113
20201319C060-2020-00484A,MONMOUTH,HOWELL TWP,05/08/2020,FR,1505,02,NEW JERSEY STATE POLICE,HAMILTON-SUB -,0,0,0,0,P,B,N,N,02,2,I-195,E,195,,00000195__,32.20,01,,01,04,02,02,01,05,03,01,,,,,,,,65,,26,40.163630,74.143170,N,,8249
20201319C060-2020-00495A,MONMOUTH,HOWELL TWP,05/11/2020,MO,1652,02,NEW JERSEY STATE POLICE,HAMILTON-SUB -,0,0,0,0,P,B,N,N,15,2,I-195,E,195,,00000195__,29.60,01,,01,04,02,01,01,01,03,01,,,,,,,,65,,30,40.167010,74.190070,N,,8198
20201319C060-2020-00504A,MONMOUTH,HOWELL TWP,05/15/2020,FR,2221,02,NEW JERSEY STATE POLICE,HAMILTON-SUB -,0,0,0,0,P,B,N,N,10,1,I-195,W,195,,00000195__,28.00,01,,01,04,02,01,05,01,03,01,,,,,,,,65,,01,40.166990,74.220340,N,,8206
20201319C060-2020-00506A,MONMOUTH,HOWELL TWP,05/15/2020,FR,1541,02,NEW JERSEY STATE POLICE,HAMILTON-SUB -,0,0,0,0,P,B,N,N,02,2,I-195,W,195,,00000195__,28.60,01,,01,04,02,01,01,01,03,01,,,,,,,,65,,26,40.167140,74.208990,N,,8117
20201319C060-2020-00523A,MONMOUTH,HOWELL TWP,05/22/2020,FR,1226,02,NEW JERSEY STATE POLICE,HAMILTON-SUB -,0,0,0,0,P,B,N,N,12,1,I-195,E,195,,00000195__,29.00,01,,01,04,02,01,01,01,03,01,,,,,,,,65,,24,40.166930,74.197620,N,,8368
20201319C060-2020-00536A,MONMOUTH,HOWELL TWP,05/25/2020,MO,2247,02,NEW JERSEY STATE POLICE,HAMILTON-SUB -,0,0,0,0,P,B,N,N,12,1,I-195,W,195,,00000195__,31.60,01,,01,04,02,01,04,01,03,01,,,,,,,,65,,24,40.163690,74.152640,N,,8198
20201319C060-2020-00541A,MONMOUTH,HOWELL TWP,05/27/2020,WE,2124,02,NEW JERSEY STATE POLICE,HAMILTON-SUB -,0,0,0,0,P,B,N,N,12,1,I-195,W,195,,00000195__,27.80,01,,01,04,02,01,05,01,01,01,,,,,,,,65,,24,40.166830,74.227650,N,,8252
20201319C060-2020-00551A,MONMOUTH,HOWELL TWP,05/29/2020,FR,2227,02,NEW JERSEY STATE POLICE,HAMILTON-SUB -,0,0,0,0,P,B,N,N,01,2,I-195,W,195,,00000195__,31.40,01,,01,04,02,01,05,01,01,01,,,,,,,,65,,26,40.163910,74.156410,N,,7997
20201319C060-2020-00552A,MONMOUTH,HOWELL TWP,05/30/2020,SA,0530,02,NEW JERSEY STATE POLICE,HAMILTON-SUB -,0,0,0,0,P,B,N,N,12,1,I-195,W,195,,00000195__,30.80,01,,01,04,02,01,02,01,03,01,,,,,,,,65,,24,40.165040,74.167630,N,,8014
20201319C060-2020-00554A,MONMOUTH,HOWELL TWP,05/29/2020,FR,2212,02,NEW JERSEY STATE POLICE,HAMILTON-SUB -,0,1,0,0,I,B,Y,N,11,1,I-195,W,195,,00000195__,31.40,01,,01,04,02,01,04,01,03,01,,,,,,,,65,,60,40.163910,74.156410,N,,8198
20201319C060-2020-00569A,MONMOUTH,HOWELL TWP,06/04/2020,TH,1108,02,NEW JERSEY STATE POLICE,HAMILTON-SUB -,0,0,0,0,P,B,N,N,02,2,I-195,E,195,,00000195__,32.21,01,,01,04,02,01,01,01,03,01,,,,,,,,65,,26,40.163300,74.145010,N,,8014
20201319C060-2020-00584A,MONMOUTH,HOWELL TWP,06/05/2020,FR,1627,02,NEW JERSEY STATE POLICE,HAMILTON-SUB -,0,0,0,0,P,B,N,N,11,1,I-195,E,195,,00000195__,27.40,01,,01,04,02,02,01,02,01,01,,,,,,,,65,,46,40.166030,74.231430,N,,7982
20201319C060-2020-00636A,MONMOUTH,HOWELL TWP,06/21/2020,SU,2140,02,NEW JERSEY STATE POLICE,HAMILTON-SUB -,0,1,0,0,I,B,N,N,11,1,I-195,E,195,,00000195__,29.80,01,,01,04,02,01,05,01,03,01,,,,,,,,65,,60,40.166830,74.186330,N,,8275
20201319C060-2020-00698A,MONMOUTH,HOWELL TWP,07/10/2020,FR,1312,02,NEW JERSEY STATE POLICE,HAMILTON-SUB -,0,0,0,0,P,B,N,N,11,1,I-195,E,195,,00000195__,31.40,01,,01,04,02,02,01,02,03,01,,,,,,,,65,,60,40.163540,74.156340,N,,8206
20201319C060-2020-00718A,MONMOUTH,HOWELL TWP,07/13/2020,MO,1538,02,NEW JERSEY STATE POLICE,HAMILTON-SUB -,0,0,0,0,P,B,N,N,15,2,I-195,E,195,,00000195__,29.00,01,,01,04,02,01,01,01,03,01,,,,,,,,65,,30,40.166880,74.201390,N,,7623
20201319C060-2020-00719A,MONMOUTH,HOWELL TWP,07/14/2020,TU,1319,02,NEW JERSEY STATE POLICE,HAMILTON-SUB -,0,0,0,0,P,B,N,N,15,2,I-195,E,195,,00000195__,28.00,01,,01,04,02,01,01,01,01,01,,,,,,,,65,,30,40.658790,74.687940,N,,8371
20201319C060-2020-00757A,MONMOUTH,HOWELL TWP,07/22/2020,WE,2247,02,NEW JERSEY STATE POLICE,HAMILTON-SUB -,0,1,0,0,I,B,N,N,11,1,I-195,E,195,,00000195__,26.80,01,,01,04,02,02,06,02,03,01,,,,,,,,65,,60,40.160730,74.240080,N,,8347
20201319C060-2020-00797A,MONMOUTH,HOWELL TWP,07/30/2020,TH,1342,02,NEW JERSEY STATE POLICE,HAMILTON-SUB -,0,0,0,0,P,B,N,N,01,2,ROUTE 524,N,524,,00000524__,30.20,05,,01,04,02,01,01,01,05,01,,,,,,,,25,,26,40.194840,74.167150,N,,8113
20201319C060-2020-00817A,MONMOUTH,HOWELL TWP,08/07/2020,FR,0804,02,NEW JERSEY STATE POLICE,HAMILTON-SUB -,0,0,0,0,P,B,N,N,11,1,I-195,W,195,,00000195__,32.20,01,,01,04,02,02,01,02,03,01,,,,,,,,65,,46,40.164480,74.141520,N,GUARD RAIL  PO BOX 600 TRENTON  NJ 08625,8187
20201319C060-2020-00818A,MONMOUTH,HOWELL TWP,08/07/2020,FR,0738,02,NEW JERSEY STATE POLICE,HAMILTON-SUB -,0,0,0,0,P,B,N,N,11,1,I-195,E,195,,00000195__,32.00,01,,01,04,02,02,01,02,01,01,,,,,,,,65,,48,40.163300,74.145010,N,CONCRETE BARRIER  P.O BOX 600 TRENTON  NJ 08625,8187
20201319C060-2020-00819A,MONMOUTH,HOWELL TWP,08/07/2020,FR,2103,02,NEW JERSEY STATE POLICE,HAMILTON-SUB -,0,2,0,0,I,B,N,N,11,1,I-195,E,195,,00000195__,26.20,01,,01,04,02,02,06,02,01,01,,,,,,,,65,,46,40.156100,74.249280,N,NJ DOT 2419 Paynters Road  Manasquan  NJ 08736,8113
20201319C060-2020-00851A,MONMOUTH,HOWELL TWP,08/14/2020,FR,1831,02,NEW JERSEY STATE POLICE,HAMILTON-SUB -,0,0,0,0,P,B,N,N,01,2,I-195,W,195,,00000195__,31.20,01,,01,04,02,01,01,01,01,01,,,,,,,,65,,26,40.164170,74.160160,N,,8241
20201319C060-2020-00852A,MONMOUTH,HOWELL TWP,08/14/2020,FR,1745,02,NEW JERSEY STATE POLICE,HAMILTON-SUB -,0,1,0,0,I,B,N,N,15,1,I-195,E,195,,00000195__,27.40,01,,03,05,02,01,01,01,01,01,,,,,,,,65,,39,40.166030,74.231430,N,,7893
20201319C060-2020-00857A,MONMOUTH,HOWELL TWP,08/16/2020,SU,1036,02,NEW JERSEY STATE POLICE,HAMILTON-SUB -,0,0,0,0,P,B,N,N,11,1,I-195,W,195,,00000195__,27.40,01,,03,04,02,02,01,02,01,01,,,,,T,US 9,NB,25,,46,40.166480,74.233780,N,GUARD RAIL;DOT;1035 Parkway Ave  Ewing  NJ 08618;609-963-1284,8289
20201319C060-2020-00869A,MONMOUTH,HOWELL TWP,08/18/2020,TU,2147,02,NEW JERSEY STATE POLICE,HAMILTON-SUB -,0,0,0,0,P,B,N,N,02,2,I-195,W,195,,00000195__,27.00,01,,03,06,02,01,05,01,03,01,,,,,F,US 9,SB,65,,26,40.154560,74.231140,N,,8198
20201319C060-2020-00870A,MONMOUTH,HOWELL TWP,08/19/2020,WE,0713,02,NEW JERSEY STATE POLICE,HAMILTON-SUB -,0,0,0,0,P,B,N,N,11,1,I-195,E,195,,00000195__,31.20,01,,01,04,02,01,01,01,05,01,,,,,T,CR 547,SB,65,,47,40.163700,74.158360,N,Guard rail approximately 10 feet.,8184
20201319C060-2020-00909A,MONMOUTH,HOWELL TWP,08/27/2020,TH,2207,02,NEW JERSEY STATE POLICE,HAMILTON-SUB -,0,1,0,0,I,B,Y,N,11,1,I-195,W,195,,00000195__,32.00,01,,03,04,02,02,05,02,01,01,,,,,,,,65,,46,40.163670,74.145080,N,Guardrail. Monmouth County DOT 250 Center Street  Freehold  NJ 07728.,8206
20201319C060-2020-00949A,MONMOUTH,HOWELL TWP,09/05/2020,SA,1457,02,NEW JERSEY STATE POLICE,HAMILTON-SUB -,0,0,0,0,P,B,N,N,02,2,I-195,W,195,,00000195__,27.40,01,,02,04,02,01,01,01,03,01,,,,,,,,65,,26,40.166370,74.231630,N,,8198
20201319C060-2020-00960A,MONMOUTH,HOWELL TWP,09/11/2020,FR,0533,02,NEW JERSEY STATE POLICE,HAMILTON-SUB -,0,0,0,0,P,B,N,N,11,1,I-195,E,195,,00000195__,28.00,01,,03,04,02,02,02,01,01,01,,,,,F,US 9,NB,65,,60,40.165970,74.231480,N,,7941
20201319C060-2020-00963A,MONMOUTH,HOWELL TWP,09/11/2020,FR,1646,02,NEW JERSEY STATE POLICE,HAMILTON-SUB -,0,1,0,0,I,B,N,N,11,1,I-195,E,195,,00000195__,31.40,01,,03,04,02,01,01,01,01,01,,,,,T,CR 547,SB,65,,60,40.167050,74.211070,N,,8168
20201319C060-2020-00991A,MONMOUTH,HOWELL TWP,09/21/2020,MO,1046,02,NEW JERSEY STATE POLICE,HAMILTON-SUB -,0,0,0,0,P,B,N,N,15,2,I-195,W,195,,00000195__,28.00,01,,01,04,02,01,01,01,03,01,,,,,,,,65,,30,40.166990,74.220340,N,,8371
20201319C060-2020-00992A,MONMOUTH,HOWELL TWP,09/21/2020,MO,1307,02,NEW JERSEY STATE POLICE,HAMILTON-SUB -,0,0,0,0,P,B,N,N,11,1,I-195,W,195,,00000195__,32.20,01,,01,04,02,01,01,01,01,01,,,,,,,,65,,47,40.164480,74.141520,N,Approximately 10 feet of guardrail owned by NJDOT,8371
20201319C060-2020-01074A,MONMOUTH,HOWELL TWP,10/12/2020,MO,0939,02,NEW JERSEY STATE POLICE,HAMILTON-SUB -,0,0,0,0,P,B,N,N,11,1,I-195,W,195,,00000195__,28.00,01,,03,04,02,02,01,02,01,01,,,,,T,US 9,NB,65,,46,40.174570,74.098750,N,15 feet of guardrail.,8501
20201319C060-2020-01075A,MONMOUTH,HOWELL TWP,10/12/2020,MO,1338,02,NEW JERSEY STATE POLICE,HAMILTON-SUB -,0,1,0,0,I,B,N,N,11,1,I-195,E,195,,00000195__,28.00,01,,03,04,02,02,01,02,03,01,,,,,F,US 9,NB,65,,60,40.566510,74.530560,N,,8501
20201319C060-2020-01080A,MONMOUTH,HOWELL TWP,10/13/2020,TU,1946,02,NEW JERSEY STATE POLICE,HAMILTON-SUB -,0,0,0,0,P,B,N,N,12,1,I-195,E,195,,00000195__,29.80,01,,01,04,02,01,05,01,03,01,,,,,,,,65,,24,40.166830,74.186330,N,,8187
20201319C060-2020-01108A,MONMOUTH,HOWELL TWP,10/18/2020,SU,2126,02,NEW JERSEY STATE POLICE,HAMILTON-SUB -,0,0,0,0,P,B,N,N,15,1,I-195,E,195,,00000195__,31.40,01,,01,04,02,01,05,01,01,01,,,,,,,,65,,39,40.163540,74.156340,N,,8345
20201319C060-2020-01111A,MONMOUTH,HOWELL TWP,10/19/2020,MO,0855,02,NEW JERSEY STATE POLICE,HAMILTON-SUB -,0,0,0,0,P,B,N,N,02,2,I-195,W,195,,00000195__,31.40,01,,01,04,02,01,01,01,01,05,,,,,,,,65,,26,40.163910,74.156410,N,,7982
20201319C060-2020-01113A,MONMOUTH,HOWELL TWP,10/19/2020,MO,0844,02,NEW JERSEY STATE POLICE,HAMILTON-SUB -,0,2,0,0,I,B,N,N,02,2,I-195,W,195,,00000195__,31.20,01,,01,04,02,01,01,01,01,01,,,,,,,,65,,26,40.164170,74.160160,N,10ft of guardrail damage;NJ DOT;1035 Parkway Avenue;Ewing  NJ,7861
20201319C060-2020-01114A,MONMOUTH,HOWELL TWP,10/19/2020,MO,1308,02,NEW JERSEY STATE POLICE,HAMILTON-SUB -,0,0,0,0,P,B,N,N,01,2,I-195,W,195,,00000195__,29.40,01,,01,04,02,01,01,01,01,01,,,,,,,,65,,26,40.167350,74.193880,N,,8275
20201319C060-2020-01131A,MONMOUTH,HOWELL TWP,10/18/2020,SU,2126,02,NEW JERSEY STATE POLICE,HAMILTON-SUB -,0,0,0,0,P,B,N,N,11,1,I-195,E,195,,00000195__,31.40,01,,01,04,02,01,05,01,01,01,,,,,,,,65,,46,40.163540,74.156340,N,,8345
20201319C060-2020-01134A,MONMOUTH,HOWELL TWP,10/23/2020,FR,0742,02,NEW JERSEY STATE POLICE,HAMILTON-SUB -,0,0,0,0,P,B,N,N,11,1,I-195,W,195,,00000195__,28.00,01,,03,04,02,02,01,02,01,01,,,,,T,US 9,SB,65,,46,40.176490,74.526370,N,50 FT OF GUARDRAIL,8293
20201319C060-2020-01148A,MONMOUTH,HOWELL TWP,10/26/2020,MO,1104,02,NEW JERSEY STATE POLICE,HAMILTON-SUB -,0,0,0,0,P,B,N,N,01,2,I-195,E,195,,00000195__,27.40,01,,01,04,02,02,01,02,03,01,,,,,,,,65,,26,40.166030,74.231430,N,,8345
20201319C060-2020-01152A,MONMOUTH,HOWELL TWP,10/26/2020,MO,1928,02,NEW JERSEY STATE POLICE,HAMILTON-SUB -,0,0,0,0,P,B,N,N,11,1,I-195,W,195,,00000195__,27.20,01,,03,05,02,02,05,02,05,01,,,,,T,RT 9,SB,65,,46,40.165430,74.237240,N,Guard Rail - NJ DOT PO BOX 600  Trenton  NJ 08625,8194
20201319C060-2020-01184A,MONMOUTH,HOWELL TWP,10/30/2020,FR,1900,02,NEW JERSEY STATE POLICE,HAMILTON-SUB -,0,0,0,0,P,B,N,N,12,1,I-195,W,195,,00000195__,25.80,01,,01,04,02,01,05,01,03,01,,,,,,,,65,,24,40.156040,74.257060,N,,8165
20201319C060-2020-01205A,MONMOUTH,HOWELL TWP,11/03/2020,TU,1744,02,NEW JERSEY STATE POLICE,HAMILTON-SUB -,0,0,0,0,P,B,N,N,12,1,I-195,E,195,,00000195__,31.80,01,,01,04,02,01,03,01,01,01,,,,,,,,65,,24,40.163110,74.148780,N,,8241
20201319C060-2020-01207A,MONMOUTH,HOWELL TWP,11/03/2020,TU,2239,02,NEW JERSEY STATE POLICE,HAMILTON-SUB -,0,0,0,0,P,B,N,N,12,1,I-195,E,195,,00000195__,28.40,01,,01,04,02,01,05,01,01,01,,,,,,,,65,,24,40.207050,74.081250,N,,8241
20201319C060-2020-01215A,MONMOUTH,HOWELL TWP,11/04/2020,WE,2235,02,NEW JERSEY STATE POLICE,HAMILTON-SUB -,0,1,0,0,I,B,N,N,12,1,I-195,W,195,,00000195__,31.00,01,,01,04,02,01,05,01,03,01,,,,,,,,65,,24,40.165500,74.181500,N,,8373
20201319C060-2020-01216A,MONMOUTH,HOWELL TWP,11/05/2020,TH,0117,02,NEW JERSEY STATE POLICE,HAMILTON-SUB -,0,0,0,0,P,B,N,N,12,1,I-195,W,195,,00000195__,31.00,01,,01,04,02,01,06,01,05,01,,,,,,,,65,,24,40.164600,74.163900,N,,8304
20201319C060-2020-01221A,MONMOUTH,HOWELL TWP,11/05/2020,TH,1007,02,NEW JERSEY STATE POLICE,HAMILTON-SUB -,0,0,0,0,P,B,N,N,99,1,I-195,W,195,,00000195__,31.60,01,,01,04,02,01,01,01,01,01,,,,,,,,65,,30,40.163690,74.152640,N,,8084
20201319C060-2020-01234A,MONMOUTH,HOWELL TWP,11/07/2020,SA,0620,02,NEW JERSEY STATE POLICE,HAMILTON-SUB -,0,0,0,0,P,B,N,N,12,1,I-195,W,195,,00000195__,28.20,01,,01,04,02,01,02,01,01,01,,,,,,,,65,,24,40.167040,74.216560,N,None,8084
20201319C060-2020-01263A,MONMOUTH,HOWELL TWP,11/12/2020,TH,2015,02,NEW JERSEY STATE POLICE,HAMILTON-SUB -,0,0,0,0,P,B,N,N,11,1,I-195,E,195,,00000195__,27.40,01,,,,02,02,05,02,01,01,,,,,F,US 9,,,,,40.166030,74.231430,N,DOT guardrail,8371
20201319C060-2020-01266A,MONMOUTH,HOWELL TWP,11/14/2020,SA,0657,02,NEW JERSEY STATE POLICE,HAMILTON-SUB -,0,0,0,0,P,B,N,N,11,1,I-195,W,195,,00000195__,28.00,01,,03,04,02,01,01,01,01,01,,,,,T,US 9,SB,65,,46,40.166950,74.202010,N,,8299
20201319C060-2020-01267A,MONMOUTH,HOWELL TWP,11/14/2020,SA,0746,02,NEW JERSEY STATE POLICE,HAMILTON-SUB -,0,0,0,0,P,B,N,N,12,1,I-195,E,195,,00000195__,29.00,01,,01,04,02,01,01,01,01,01,,,,,,,,65,,24,40.155800,74.374930,N,,8299
20201319C060-2020-01290A,MONMOUTH,HOWELL TWP,11/19/2020,TH,2024,02,NEW JERSEY STATE POLICE,HAMILTON-SUB -,0,0,0,0,P,B,N,N,12,1,I-195,W,195,,00000195__,28.80,01,,01,04,02,01,07,01,05,01,,,,,,,,65,,24,40.167190,74.205190,N,,8117
20201319C060-2020-01299A,MONMOUTH,HOWELL TWP,11/19/2020,TH,1029,02,NEW JERSEY STATE POLICE,HAMILTON-SUB -,0,0,0,0,P,B,N,N,15,2,I-195,W,195,,00000195__,31.00,01,,01,04,02,01,01,01,01,01,,,,,,,,65,,30,40.164600,74.163900,N,,8113
20201319C060-2020-01341A,MONMOUTH,HOWELL TWP,12/03/2020,TH,0429,02,NEW JERSEY STATE POLICE,HAMILTON-SUB -,0,0,0,0,P,B,N,N,12,1,I-195,E,195,,00000195__,27.60,01,,01,04,02,01,06,01,01,01,,,,,,,,65,,24,40.166520,74.227770,N,,8299
20201319C060-2020-01346A,MONMOUTH,HOWELL TWP,12/04/2020,FR,1548,02,NEW JERSEY STATE POLICE,HAMILTON-SUB -,0,0,0,0,P,B,N,N,11,1,I-195,W,195,,00000195__,27.40,01,,02,04,02,02,01,01,01,01,,,,,T,US 9,NB,65,,46,40.166290,74.231750,N,Guardrail approximatly 10 feet. (Minor),8184
20201319C060-2020-01382A,MONMOUTH,HOWELL TWP,12/16/2020,WE,1151,02,NEW JERSEY STATE POLICE,HAMILTON-SUB -,0,0,0,0,P,B,N,N,15,1,I-195,W,195,,00000195__,28.40,01,,01,04,02,01,01,01,03,01,,,,,,,,65,,39,40.167100,74.212770,N,,8194
20201319C060-2020-01400A,MONMOUTH,HOWELL TWP,12/18/2020,FR,1416,02,NEW JERSEY STATE POLICE,HAMILTON-SUB -,0,0,0,0,P,B,N,N,15,2,I-195,E,195,,00000195__,30.80,01,,01,04,02,01,01,03,03,01,,,,,,,,65,,30,40.164680,74.167690,N,,8293
20201319C060-2020-01409A,MONMOUTH,HOWELL TWP,12/22/2020,TU,1749,02,NEW JERSEY STATE POLICE,HAMILTON-SUB -,0,0,0,0,P,B,N,N,01,2,I-195,W,195,,00000195__,28.00,01,,03,05,02,01,05,01,03,01,,,,,T,US 9,NB,65,,26,40.166200,74.231750,N,,8373
20201319C060-2020-01433A,MONMOUTH,HOWELL TWP,11/08/2020,SU,0846,02,NEW JERSEY STATE POLICE,HAMILTON-SUB -,0,1,0,0,I,B,N,N,12,1,I-195,E,195,,00000195__,25.80,01,,01,04,02,01,01,01,01,01,,,,,,,,65,,24,40.155680,74.256810,N,,7960
20201320IPD2020-001344,MONMOUTH,INTERLAKEN BORO,08/15/2020,SA,1037,01,DEAL PD,INTERLAKEN,0,1,0,0,I,B,N,N,03,2,IONA ST / RONA ST / WINDMERE **,E,,,13201005__,.43,07,,01,04,02,01,01,01,05,01,100,FE,E,WESTRA ST,,,,25,25,26,,,N,,136
20201320IPD2020-001586,MONMOUTH,INTERLAKEN BORO,09/14/2020,MO,1358,01,DEAL PD,INTERLAKEN,0,0,0,0,P,B,N,N,06,2,MONMOUTH COUNTY 15,E,,,,,05,,01,04,02,01,01,01,04,01,,,,,,,,25,,26,40.243300,74.321600,N,,130