Year(4)-CountyCode(2)-MunicipalityCode(2)-CaseNumber(9),County Name,Municipality Name,Crash Date,Crash Day of Week,Crash Time,Police Department Code,Police Department,Police Station,Total Killed,Total Injured,Pedestrians Killed,Pedestrians Injured,Severity,Intersection,Alcohol Involved,Hazmat Involved,Crash Type,Total Vehicles,Location,Location Direction,Route,Route Suffix,Std Rte Identifier,MilePost,Road System,Road Character,Road Horizontal Alignment,Road Grade,Road Surface Type,Surface Condition,Light Condition,Environmental Condition,Road Divided By,Temporary Traffic Control Zone,Distance To Cross Street,Unit Of Measurement,Direction From Cross Street,Cross Street Name,Is Ramp,Ramp To/From Route Name,Ramp To/From Route Direction,Posted Speed,Posted Speed Cross Street,First Harmful Event,Latitude,Longitude,Cell Phone In Use Flag,Other Property Damage,Reporting Badge No.
20201320IPD2020-001680,MONMOUTH,INTERLAKEN BORO,09/23/2020,WE,1418,01,INTERLAKEN PD,,0,0,0,0,P,B,N,N,99,1,WOODMERE RD **,W,,,13201014__,,07,,01,04,02,01,01,01,05,01,,,,,,,,25,,99,,,N,ELECTRICAL SERVICE TO 605 WOODMERE PULLED FROM THE RESIDENCE SCRATCHES TO NJ RE?,130
202013212020000016,MONMOUTH,KEANSBURG BORO,01/01/2020,WE,1119,01,KEANSBURG PD,,0,0,0,0,P,B,N,N,06,2,FOURTH ST / KENNEDY WAY **,E,,,13211118__,.23,07,,00,04,02,01,00,01,05,01,25,FE,W,CREEK RD,,,,25,25,28,40.445591,74.137605,N,,0089
202013212020000047,MONMOUTH,KEANSBURG BORO,01/02/2020,TH,1439,01,KEANSBURG PD,,0,1,0,1,I,B,N,N,13,1,TITAN TRAIL,,,,,,07,,01,04,02,01,01,01,05,01,100,FE,S,PORT MONMOUTH RD,,,,10,25,22,40.439376,74.124070,N,,0628
202013212020000144,MONMOUTH,KEANSBURG BORO,01/05/2020,SU,2201,01,KEANSBURG PD,,0,0,0,0,P,B,N,N,06,2,HANCOCK ST **,,,,,,07,,01,04,02,01,07,01,05,01,,,,,,,,25,,28,40.440275,74.128785,N,,0552
202013212020000266,MONMOUTH,KEANSBURG BORO,01/10/2020,FR,0957,01,KEANSBURG PD,,0,0,0,0,P,B,Y,N,06,2,MONMOUTH COUNTY 56,,56,,13000056__,.03,05,,01,04,02,01,01,01,04,01,150,FE,S,BEACHWAY AVE,,,,25,25,28,40.453712,74.131409,N,,0556
202013212020000300,MONMOUTH,KEANSBURG BORO,01/11/2020,SA,0851,01,KEANSBURG PD,,0,0,0,0,P,I,N,N,11,1,LINTON PL **,,,,13211080__,.00,07,,01,04,02,01,01,01,05,01,,AT,,LEROY PL,,,,25,25,69,40.438598,74.132822,N,STREET SIGN FOR LINTON PL/LEROY PL BORO OWNED FIRE HYDRANT,0628
202013212020000325,MONMOUTH,KEANSBURG BORO,01/12/2020,SU,0306,01,KEANSBURG PD,,0,1,0,0,I,B,N,N,14,1,FOURTH ST / KENNEDY WAY **,,,,13211118__,.23,07,,01,04,02,02,06,02,05,01,25,FE,W,CREEK RD,,,,25,25,26,40.445798,74.137310,N,,0081
202013212020000397,MONMOUTH,KEANSBURG BORO,01/14/2020,TU,1640,01,KEANSBURG PD,,0,0,0,0,P,I,N,N,03,2,MAIN ST,,,,13211001__,.11,07,,01,04,02,02,03,02,05,01,,AT,,MANNING PL / LEOLA AVE,,,,25,25,26,40.443514,74.129584,N,,0064
202013212020000482,MONMOUTH,KEANSBURG BORO,01/17/2020,FR,1909,01,KEANSBURG PD,,0,0,0,0,P,B,N,N,08,2,SEELEY AVE **,W,,,,,07,,01,04,02,01,06,01,05,01,,,,,,,,25,,26,40.449703,74.135673,N,,0095
202013212020000495,MONMOUTH,KEANSBURG BORO,01/17/2020,FR,2310,01,KEANSBURG PD,,0,0,0,0,P,B,N,N,05,2,FOURTH ST / KENNEDY WAY **,W,,,,,07,,01,04,02,01,06,01,05,01,,,,,,,,25,,26,40.445632,74.138173,N,,0095
202013212020000578,MONMOUTH,KEANSBURG BORO,01/20/2020,MO,1555,01,KEANSBURG PD,,0,0,0,0,P,I,N,N,03,2,OAK ST / SEAVIEW AVE / ST MARKS PL **,,,,13211027__,.29,07,,01,04,02,01,01,01,05,01,,AT,,RARITAN ST,,,,25,25,26,40.451518,74.133631,N,,0094
202013212020000725,MONMOUTH,KEANSBURG BORO,01/24/2020,FR,2023,01,KEANSBURG PD,,0,0,0,0,P,B,N,N,06,2,MONMOUTH COUNTY 7 I,,7,1,130000071_,2.42,05,,01,04,02,01,07,01,05,01,50,FE,N,CHURCH ST / CREEK RD,,,,25,25,28,40.443280,74.129590,N,,0628
202013212020000748,MONMOUTH,KEANSBURG BORO,01/25/2020,SA,1804,01,KEANSBURG PD,,0,0,0,0,P,B,N,N,01,2,MAIN ST,,,,13211001__,.44,07,,01,04,02,02,06,02,04,01,10,FE,S,MAPLE AVE,,,,25,25,26,40.448207,74.129313,N,,0086
202013212020000976,MONMOUTH,KEANSBURG BORO,02/02/2020,SU,1359,01,KEANSBURG PD,,0,0,0,0,P,B,N,N,06,2,MAPLE AVE **,W,,,13211061__,.03,07,,01,04,02,01,00,01,05,01,150,FE,W,CR 7 / MAIN ST,,,,25,25,28,40.448131,74.129537,N,,0093
202013212020001009,MONMOUTH,KEANSBURG BORO,02/03/2020,MO,1748,01,KEANSBURG PD,,0,0,0,0,P,B,N,N,06,2,MONMOUTH COUNTY 56,,56,,13000056__,.62,05,,01,04,02,01,06,01,04,01,20,FE,S,KENNEDY AVE,,,,25,25,26,40.446571,74.133008,N,,0081
202013212020001064,MONMOUTH,KEANSBURG BORO,02/05/2020,WE,0720,01,KEANSBURG PD,,0,0,0,0,P,I,N,N,08,2,LINCOLN CT / LOCUST ST **,,,,13211059__,.00,07,,01,04,02,01,01,01,05,01,,AT,,MAIN ST,,,,,,28,40.447382,74.129893,N,,0088
2020132120200010789,MONMOUTH,KEANSBURG BORO,02/05/2020,WE,1905,01,KEANSBURG PD,,0,0,0,0,P,I,N,N,02,2,MONMOUTH COUNTY 7 I,N,7,1,130000071_,1.87,05,,01,04,02,01,06,01,05,01,,AT,,PALMER PL,,,,25,25,26,40.435489,74.131295,N,,0089
202013212020001109,MONMOUTH,KEANSBURG BORO,02/06/2020,TH,1639,01,KEANSBURG PD,,0,0,0,0,P,I,N,N,05,2,HARDING AVE **,E,,,13211043__,.17,07,,01,04,02,02,01,02,05,01,,AT,,CR 7 II / PORT MONMOUTH RD,,,,30,,26,40.441210,74.127988,N,,0552
202013212020001183,MONMOUTH,KEANSBURG BORO,02/08/2020,SA,1953,01,KEANSBURG PD,,0,2,0,0,I,I,N,N,07,2,MONMOUTH COUNTY 56,,56,,13000056__,.52,05,,01,04,02,01,06,01,04,01,,AT,,CIRCUIT ST / WASHINGTON,,,,25,25,27,40.448405,74.133426,N,,0085
202013212020001344,MONMOUTH,KEANSBURG BORO,02/13/2020,TH,1655,01,KEANSBURG PD,,0,0,0,0,P,I,N,N,06,2,MONMOUTH COUNTY 56,S,56,,13000056__,.62,05,,01,04,02,02,03,02,05,01,,AT,,KENNEDY AVE,,,,,,28,40.446994,74.133307,N,,0083
202013212020001438,MONMOUTH,KEANSBURG BORO,02/16/2020,SU,1900,01,KEANSBURG PD,,0,0,0,0,P,B,N,N,06,2,MYRTLE AVE,,,,,,07,,01,04,02,00,00,00,05,01,,,,,,,,25,,28,40.442043,74.132861,N,,0092
202013212020001588,MONMOUTH,KEANSBURG BORO,02/21/2020,FR,0554,01,KEANSBURG PD,,0,0,0,0,P,I,N,N,02,2,NJ 36,W,36,,00000036__,20.42,02,,01,04,02,01,01,01,01,01,,AT,,CR 7 / MAIN ST / PALMER AVE,,,,50,50,26,40.435715,74.131516,N,,0552
202013212020001653,MONMOUTH,KEANSBURG BORO,02/23/2020,SU,1404,01,KEANSBURG PD,,0,0,0,0,P,B,N,N,06,2,MORNINGSIDE AVE **,N,,,,,07,,01,04,02,01,00,01,05,01,,,,,,,,,,28,40.444338,74.119958,N,,0085
202013212020001692,MONMOUTH,KEANSBURG BORO,02/24/2020,MO,1217,01,KEANSBURG PD,,0,0,0,0,P,B,N,N,06,2,MONMOUTH COUNTY 56,N,56,,13000056__,.83,05,,01,04,02,01,01,01,04,01,100,FE,N,FRANCES PL,,,,25,25,26,40.444544,74.132141,N,,0089
202013212020001752,MONMOUTH,KEANSBURG BORO,02/26/2020,WE,0858,01,KEANSBURG PD,,0,0,0,0,P,I,N,N,02,3,BEACHWAY / PINEVIEW AVE **,S,,,13211114__,.66,07,,01,04,02,02,01,02,05,01,,AT,,SEELEY AVE,,,,25,25,26,40.449414,74.132393,N,,0085
202013212020002009,MONMOUTH,KEANSBURG BORO,03/05/2020,TH,1113,01,KEANSBURG PD,,0,0,0,0,P,I,N,N,06,2,CIRCUIT ST / GILLETTE ST **,,,,13211022__,.19,07,,01,04,02,01,01,01,05,01,,AT,,W SHORE ST,,,,,,26,40.450030,74.134970,N,,0095
202013212020002143,MONMOUTH,KEANSBURG BORO,03/09/2020,MO,1849,01,KEANSBURG PD,,0,0,0,0,P,I,N,N,04,2,WOOD AVE,E,,,,,07,,03,04,02,01,01,01,05,01,,AT,,RAILROAD,,,,25,25,26,40.440470,74.133220,N,,0552
202013212020002309,MONMOUTH,KEANSBURG BORO,03/15/2020,SU,1735,01,KEANSBURG PD,,0,1,0,0,I,B,N,N,07,2,MANNING PL,E,,,,,07,,01,04,02,01,01,01,05,01,25,FE,W,MYRTLE AVE,,,,25,25,26,40.442910,74.132971,N,,0069
202013212020002417,MONMOUTH,KEANSBURG BORO,03/19/2020,TH,1054,01,KEANSBURG PD,,0,0,0,0,P,B,N,N,06,2,BAYVIEW AVE **,,,,,,07,,01,04,02,02,01,01,05,01,,,,,,,,25,,26,40.450528,74.132180,N,,0095
202013212020002489,MONMOUTH,KEANSBURG BORO,03/22/2020,SU,1539,01,KEANSBURG PD,,0,0,0,0,P,I,N,N,11,1,MONMOUTH COUNTY 7 II,,7,2,130000072_,.12,05,,01,04,02,01,01,01,05,01,,AT,,HARDING AVE,,,,30,25,52,40.441290,74.128374,N,,0628
202013212020002573,MONMOUTH,KEANSBURG BORO,03/26/2020,TH,1004,01,KEANSBURG PD,,0,0,0,0,P,B,N,N,06,2,JOHNSON LN **,W,,,13211094__,,07,,01,04,02,01,01,01,05,01,,,,JOHNSON LN,,,,25,,26,40.449088,74.126181,N,,0086
202013212020002584,MONMOUTH,KEANSBURG BORO,03/26/2020,TH,1829,01,KEANSBURG PD,,0,0,0,0,P,B,N,N,06,2,SEELEY AVE **,,,,13211032__,.49,07,,01,04,02,01,01,01,05,01,35,FE,E,PINEVIEW AVE / BROOKSIDE AVE,,,,25,25,26,40.449374,74.131832,N,DAMAGE TO THE FENCE AT 59 SEELEY AVE,0081
202013212020002673,MONMOUTH,KEANSBURG BORO,03/30/2020,MO,2030,01,KEANSBURG PD,,0,0,0,0,P,B,N,N,06,4,SEABREEZE WAY,W,,,,,07,,01,04,02,01,06,01,05,01,,,,,,,,25,,26,40.452811,74.138675,N,PROPERTY OF 91 SEABREEZE WAY,
202013212020002850,MONMOUTH,KEANSBURG BORO,04/07/2020,TU,1401,01,KEANSBURG PD,,0,1,0,0,I,I,N,N,01,2,MONMOUTH COUNTY 7 I,S,7,1,130000071_,2.00,05,,01,04,02,01,01,01,05,01,,AT,,WOOD ST,,,,25,25,26,40.439538,74.130434,N,,0093
202013212020002872,MONMOUTH,KEANSBURG BORO,04/08/2020,WE,1053,01,KEANSBURG PD,,0,0,0,0,P,I,N,N,08,2,MONMOUTH COUNTY 56,N,56,,13000056__,.40,05,,01,04,02,01,01,01,05,01,,AT,,SEELEY AVE,,,,25,25,26,40.450031,74.134054,N,,0072
202013212020002995,MONMOUTH,KEANSBURG BORO,04/13/2020,MO,0541,01,KEANSBURG PD,,0,0,0,0,P,B,N,N,06,2,CRESCENT AVE **,W,,,13211101__,.38,07,,01,04,02,02,06,02,05,01,25,FE,W,FOREST AVE,,,,25,25,28,40.443045,74.125481,N,,0085
202013212020003116,MONMOUTH,KEANSBURG BORO,04/18/2020,SA,1855,01,KEANSBURG PD,,0,0,0,0,P,B,N,N,08,2,LEOLA AVE **,W,,,13211053__,.15,07,,01,04,02,01,03,01,05,01,30,FE,E,MAIN ST,,,,25,25,28,40.443514,74.129553,N,,0556
202013212020003170,MONMOUTH,KEANSBURG BORO,04/20/2020,MO,1431,01,KEANSBURG PD,,0,1,0,0,I,I,N,N,08,2,FOURTH ST / KENNEDY WAY **,W,,,13211118__,.17,07,,01,04,02,01,01,01,05,01,,AT,,,,WAACKNACK AVE,,25,,26,40.446140,74.136103,N,,0088
202013212020003377,MONMOUTH,KEANSBURG BORO,04/29/2020,WE,1123,01,KEANSBURG PD,,0,0,0,0,P,I,N,N,03,2,MAIN ST,N,,,13211001__,.11,07,,01,04,02,01,01,05,05,01,,AT,,MANNING PL / LEOLA AVE,,,,30,,26,40.443514,74.129553,N,,0088
202013212020003491,MONMOUTH,KEANSBURG BORO,05/03/2020,SU,2047,01,KEANSBURG PD,,0,0,0,0,P,B,N,N,08,2,MAIN ST,S,,,13211001__,.61,07,,01,04,02,01,06,01,05,01,50,FE,N,CENTER AVE / SHORE BLVD,,,,25,25,26,40.450101,74.128210,N,,0095
202013212020003502,MONMOUTH,KEANSBURG BORO,05/04/2020,MO,0913,01,KEANSBURG PD,,0,2,0,0,I,I,N,N,01,2,MONMOUTH COUNTY 7 I,,7,1,130000071_,2.09,05,,01,04,02,01,01,01,05,01,,AT,,CR 7 / PORT MONMOUTH RD,,,,25,25,26,40.441165,74.130202,N,,0072
202013212020003516,MONMOUTH,KEANSBURG BORO,05/04/2020,MO,1900,01,KEANSBURG PD,,0,0,0,0,P,I,N,N,08,2,MAIN ST,,,,13211001__,.11,07,,01,04,02,01,01,01,05,01,,AT,,MANNING PL / LEOLA AVE,,,,,,26,40.443514,74.129584,N,,0092
202013212020003648,MONMOUTH,KEANSBURG BORO,05/10/2020,SU,1145,01,KEANSBURG PD,,0,0,0,0,P,I,N,N,03,2,CRESCENT AVE **,,,,13211101__,.09,07,,01,04,02,01,01,01,05,01,,AT,,MORNINGSIDE AVE,,,,25,,26,40.443418,74.120425,N,,0546
202013212020003832,MONMOUTH,KEANSBURG BORO,05/16/2020,SA,2133,01,KEANSBURG PD,,0,0,0,0,P,B,N,N,02,3,MONMOUTH COUNTY 56,,56,,13000056__,.31,05,,01,04,02,01,06,01,05,01,30,FE,S,E SHORE ST / W SHORE ST,,,,25,25,26,40.450395,74.133962,N,,
202013212020003855,MONMOUTH,KEANSBURG BORO,05/17/2020,SU,1638,01,KEANSBURG PD,,0,0,0,0,P,B,N,N,06,2,OCEANVIEW AVE,N,,,,,07,,01,04,02,01,01,01,05,01,,,,,,,,25,,28,40.452369,74.132499,N,,0088
202013212020003957,MONMOUTH,KEANSBURG BORO,05/21/2020,TH,1732,01,KEANSBURG PD,,0,0,0,0,P,I,N,N,08,2,OAKWOOD PL **,E,,,13211016__,.19,07,,03,04,02,01,01,01,05,01,,AT,,ST MARKS PL,,,,25,25,26,40.449904,74.138493,N,,0093
202013212020004030,MONMOUTH,KEANSBURG BORO,05/24/2020,SU,0040,01,KEANSBURG PD,,0,0,0,0,P,B,N,N,08,2,WILSON AVE,S,,,,,07,,01,04,02,02,06,02,05,01,,,,,,,,25,,26,40.446875,74.132376,N,,0092
202013212020004136,MONMOUTH,KEANSBURG BORO,05/27/2020,WE,1901,01,KEANSBURG PD,,0,1,0,0,I,B,N,N,14,1,BEACHWAY,,,,,,07,,01,04,02,01,01,01,05,01,50,FE,W,MAIN ST,,,,25,25,21,40.451255,74.127651,N,,0628
202013212020004293,MONMOUTH,KEANSBURG BORO,06/02/2020,TU,0913,01,KEANSBURG PD,,0,0,0,0,P,I,N,N,01,2,MONMOUTH COUNTY 7 I,,7,1,130000071_,1.72,05,,01,04,02,01,01,01,05,01,,AT,,NJ 36,,,,,,26,40.435489,74.131295,N,,0552
202013212020004365,MONMOUTH,KEANSBURG BORO,06/04/2020,TH,1656,01,KEANSBURG PD,,0,0,0,0,P,B,Y,N,06,2,SEABREEZE WAY,W,,,,,07,,01,04,02,01,01,01,05,01,,,,,,,,25,,26,40.453011,74.138640,N,,0086
202013212020004424,MONMOUTH,KEANSBURG BORO,06/06/2020,SA,1330,01,KEANSBURG PD,,0,0,0,0,P,B,N,N,06,2,BEACHWAY / PINEVIEW AVE **,,,,,,07,,01,04,05,01,01,01,05,01,400,FE,,PINEVIEW AVE,,,,15,25,26,40.451842,74.126972,N,,0079
202013212020004567,MONMOUTH,KEANSBURG BORO,06/10/2020,WE,1544,01,KEANSBURG PD,,0,0,0,0,P,I,N,N,01,3,MONMOUTH COUNTY 7 I,E,7,1,130000071_,2.40,05,,01,04,02,01,01,01,05,01,,AT,,RAILROAD AVE,,,,25,,26,40.441525,74.134142,N,,
202013212020004799,MONMOUTH,KEANSBURG BORO,06/18/2020,TH,1055,01,KEANSBURG PD,,0,0,0,0,P,I,N,N,13,1,MONMOUTH COUNTY 7 I,,7,1,130000071_,2.41,05,,01,04,02,01,01,01,05,01,,AT,,CHURCH ST / CREEK RD,,,,,25,26,40.441871,74.129923,N,,0094
202013212020004806,MONMOUTH,KEANSBURG BORO,06/18/2020,TH,1713,01,KEANSBURG PD,,0,0,0,0,P,B,N,N,06,2,MONMOUTH COUNTY 56,,56,,13000056__,.70,05,,01,04,02,01,01,01,05,01,20,FE,N,TERRACE PL,,,,25,25,26,40.445227,74.132367,N,,0095
202013212020005055,MONMOUTH,KEANSBURG BORO,06/26/2020,FR,1459,01,KEANSBURG PD,,0,0,0,0,P,I,N,N,06,2,BEECHWOOD AVE / BERRY ST / BRIARWOOD AVE **,S,,,13211058__,.07,07,,01,04,02,01,01,01,05,01,,AT,,LAWRENCE AVE,,,,25,25,26,40.445427,74.128809,N,,0085
202013212020005076,MONMOUTH,KEANSBURG BORO,06/27/2020,SA,1105,01,KEANSBURG PD,,0,0,0,0,P,I,N,N,08,2,BRADEN PL **,,,,13211036__,.00,07,,01,04,02,01,01,01,05,01,,AT,,MAPLE AVE,,,,25,25,26,40.447895,74.131362,N,,0085
202013212020005083,MONMOUTH,KEANSBURG BORO,06/27/2020,SA,1512,01,KEANSBURG PD,,0,0,0,0,P,I,N,N,06,2,MAIN ST,,,,13211001__,.28,07,,01,04,02,01,01,05,05,01,,AT,,CARLO DR,,,,25,25,26,40.445784,74.129944,N,,0085
202013212020005152,MONMOUTH,KEANSBURG BORO,06/29/2020,MO,1744,01,KEANSBURG PD,,0,0,0,0,P,B,N,N,01,2,MONMOUTH COUNTY 7 I,,7,1,130000071_,2.08,05,,01,04,02,01,01,01,05,01,20,FE,S,BEECH ST,,,,30,25,26,40.440666,74.130189,N,,0069
202013212020005230,MONMOUTH,KEANSBURG BORO,07/02/2020,TH,1415,01,KEANSBURG PD,,0,0,0,0,P,I,N,N,01,2,MONMOUTH COUNTY 56,,56,,13000056__,.87,05,,01,04,02,01,01,01,05,01,,AT,,MANNING PL,,,,25,25,26,40.443108,74.131923,N,,0554
202013212020005385,MONMOUTH,KEANSBURG BORO,07/05/2020,SU,1728,01,KEANSBURG PD,,0,0,0,0,P,I,N,N,01,2,MONMOUTH COUNTY 7 I,N,7,1,130000071_,2.00,05,,01,04,02,01,01,01,04,01,,AT,,WOOD ST,,,,25,25,26,40.439538,74.130434,N,,0089
202013212020005452,MONMOUTH,KEANSBURG BORO,07/07/2020,TU,2208,01,KEANSBURG PD,,0,0,0,0,P,B,N,N,06,2,SHADYSIDE AVE,E,,,,,07,,01,04,02,01,01,01,05,01,,,,,,,,25,,26,40.444104,74.124744,N,,0094
202013212020005548,MONMOUTH,KEANSBURG BORO,07/11/2020,SA,1250,01,KEANSBURG PD,,0,0,0,0,P,B,Y,N,02,3,RAMSEY AVE **,,,,13211062__,.18,07,,01,04,02,01,01,05,05,01,75,FE,N,TERRACE PL,,,,25,25,26,40.445578,74.134704,N,,
202013212020005594,MONMOUTH,KEANSBURG BORO,07/12/2020,SU,1456,01,KEANSBURG PD,,0,0,0,0,P,B,N,N,08,2,FOX ST / OCEANVIEW AVE **,S,,,13211028__,.00,07,,01,04,02,01,01,01,05,01,25,FE,N,BEACHWAY,,,,25,25,26,40.453712,74.131409,N,,0095
202013212020005603,MONMOUTH,KEANSBURG BORO,07/12/2020,SU,1736,01,KEANSBURG PD,,0,0,0,0,P,I,N,N,08,2,BEACON BLVD **,,,,13211097__,.32,07,,01,04,02,01,01,01,05,01,,AT,,SHORE BLVD,,,,25,25,26,40.446832,74.120556,N,,0095
202013212020005629,MONMOUTH,KEANSBURG BORO,07/13/2020,MO,1254,01,KEANSBURG PD,,0,0,0,0,P,I,N,N,01,2,MAIN ST,S,,,13211001__,.48,07,,01,04,02,01,01,01,05,01,,AT,,SEELEY AVE,,,,25,,26,40.448664,74.129183,N,,0088
202013212020005663,MONMOUTH,KEANSBURG BORO,07/14/2020,TU,1536,01,KEANSBURG PD,,0,0,0,0,P,I,N,N,01,2,MONMOUTH COUNTY 7 I,,7,1,130000071_,2.41,05,,01,04,02,01,01,01,05,01,,AT,,CHURCH ST / CREEK RD,,,,25,25,26,40.443280,74.129590,N,,0552
202013212020005703,MONMOUTH,KEANSBURG BORO,07/15/2020,WE,2001,01,KEANSBURG PD,,0,0,0,0,P,B,N,N,02,2,MONMOUTH COUNTY 56,S,56,,13000056__,.41,05,,01,04,02,01,01,01,05,01,75,FE,N,SEELEY AVE,,,,25,25,26,40.448646,74.133647,N,,0556
202013212020005709,MONMOUTH,KEANSBURG BORO,07/15/2020,WE,2246,01,KEANSBURG PD,,0,1,0,0,I,I,N,N,04,2,MONMOUTH COUNTY 7 I,E,7,1,130000071_,2.41,05,,01,04,02,01,06,01,05,01,,AT,,CHURCH ST / CREEK RD,,,,25,25,26,40.441757,74.131557,N,,0556
202013212020005784,MONMOUTH,KEANSBURG BORO,07/18/2020,SA,1005,01,KEANSBURG PD,,0,0,0,0,P,B,N,N,04,3,CHARLES AVE / MAPLEWOOD AVE / SEABREEZE WAY **,,,,13211012__,.31,07,,01,04,02,01,00,01,05,01,1320,FE,W,OAKWOOD PL,,,,25,25,00,40.450705,74.141447,N,,
202013212020005787,MONMOUTH,KEANSBURG BORO,07/18/2020,SA,1157,01,KEANSBURG PD,,0,0,0,0,P,B,N,N,01,2,MAIN ST,,,,13211001__,.16,07,,01,04,02,01,01,01,05,01,15,FE,N,PARK AVE,,,,25,25,26,40.444157,74.129513,N,,0556
202013212020005814,MONMOUTH,KEANSBURG BORO,07/19/2020,SU,0623,01,KEANSBURG PD,,0,0,0,0,P,B,N,N,08,2,COTTAGE PL,,,,,,07,,01,04,02,01,02,01,05,01,,,,,,,,,,26,40.444118,74.122778,N,,0069
202013212020005849,MONMOUTH,KEANSBURG BORO,07/20/2020,MO,0103,01,KEANSBURG PD,,0,0,0,0,P,B,N,N,11,1,MONMOUTH COUNTY 7 II,E,7,2,130000072_,.02,05,,01,04,02,01,06,01,04,01,100,FE,E,CR 7 / MAIN ST,,,,25,25,28,40.440807,74.130150,N,,0089
202013212020005878,MONMOUTH,KEANSBURG BORO,07/20/2020,MO,2238,01,KEANSBURG PD,,0,2,0,0,I,I,N,N,04,2,MONMOUTH COUNTY 7 I,,7,1,130000071_,1.91,05,,01,04,02,01,07,01,04,01,,AT,,CHARLES ST,,,,25,25,26,40.438208,74.130699,N,,0628
202013212020005919,MONMOUTH,KEANSBURG BORO,07/22/2020,WE,1142,01,KEANSBURG PD,,0,0,0,0,P,I,N,N,05,2,WOOD ST **,W,,,13211077__,.20,07,,01,04,02,01,01,01,05,01,,AT,,CR 7 I / MAIN ST,,,,25,,26,40.439538,74.130434,N,,0552
202013212020005967,MONMOUTH,KEANSBURG BORO,07/23/2020,TH,1726,01,KEANSBURG PD,,0,1,0,0,I,I,N,N,03,2,MONMOUTH COUNTY 56,N,56,,13000056__,.40,05,,01,04,02,01,01,01,05,01,,AT,,SEELEY AVE,,,,25,25,26,40.449623,74.133954,N,,0088
202013212020006142,MONMOUTH,KEANSBURG BORO,07/28/2020,TU,1556,01,KEANSBURG PD,,0,0,0,0,P,B,N,N,06,2,BEECH ST / CARR AVE **,N,,,,,07,,01,04,02,01,01,01,05,01,,,,,,,,30,,28,40.453220,74.134799,N,,0088
202013212020006147,MONMOUTH,KEANSBURG BORO,07/28/2020,TU,2049,01,KEANSBURG PD,,0,1,0,0,I,I,N,N,03,2,MAIN ST,,,,13211001__,.60,07,,01,04,02,01,06,01,05,01,,AT,,CENTER AVE / SHORE BLVD,,,,25,,26,40.450094,74.128170,N,,0092
202013212020006172,MONMOUTH,KEANSBURG BORO,07/29/2020,WE,1535,01,KEANSBURG PD,,0,0,0,0,P,B,N,N,06,2,MAIN ST,N,,,13211001__,.11,07,,01,04,02,01,01,01,05,01,20,FE,N,MANNING PL / LEOLA AVE,,,,25,25,28,40.443514,74.129584,N,,0095
202013212020006306,MONMOUTH,KEANSBURG BORO,08/02/2020,SU,1141,01,KEANSBURG PD,,0,2,0,0,I,I,N,N,03,2,HIGHLAND AVE **,W,,,13211010__,.04,07,,01,04,02,01,01,01,05,01,,AT,,HIGHLAND BLVD,,,,25,25,26,40.453273,74.136285,N,,0552
202013212020006326,MONMOUTH,KEANSBURG BORO,08/02/2020,SU,1921,01,KEANSBURG PD,,0,2,0,2,I,B,N,N,08,1,MAPLE AVE **,W,,,,,07,,01,04,02,01,01,01,05,01,,,,,,,,25,,22,40.447802,74.131119,N,,
202013212020006366,MONMOUTH,KEANSBURG BORO,08/04/2020,TU,0704,01,KEANSBURG PD,,0,0,0,0,P,B,N,N,11,1,BEACHWAY / LAUREL AVE,,,,,,07,,01,05,03,00,06,05,05,01,,,,,,,,,,26,40.448474,74.142819,N,,0081
202013212020006465,MONMOUTH,KEANSBURG BORO,08/05/2020,WE,1809,01,KEANSBURG PD,,0,0,0,0,P,I,N,N,03,2,FOREST AVE / WILLIAMS AVE **,S,,,13311112__,.49,07,,01,04,02,01,01,01,05,01,,AT,,LAWRENCE AVE,,,,25,25,26,40.446099,74.126360,N,,0093
202013212020006621,MONMOUTH,KEANSBURG BORO,08/09/2020,SU,1912,01,KEANSBURG PD,,0,0,0,0,P,I,N,N,06,2,MONMOUTH COUNTY 56,N,56,,13000056__,.04,05,,01,04,02,01,01,01,04,01,,AT,,BAY AVE,,,,,,28,40.454708,74.135543,N,,0628
202013212020006667,MONMOUTH,KEANSBURG BORO,08/10/2020,MO,1850,01,KEANSBURG PD,,0,0,0,0,P,B,N,N,06,2,BEACHWAY / PINEVIEW AVE **,S,,,,,07,,01,04,02,01,00,00,05,01,,,,,,,,25,,00,40.449744,74.132254,N,,0088
202013212020006673,MONMOUTH,KEANSBURG BORO,08/10/2020,MO,2029,01,KEANSBURG PD,,0,0,0,0,P,B,N,N,01,2,MONMOUTH COUNTY 7 I,S,7,1,130000071_,1.72,05,,01,04,02,01,06,01,05,01,10,FE,N,NJ 36,,,,30,50,26,40.435715,74.131516,N,,0552