Year(4)-CountyCode(2)-MunicipalityCode(2)-CaseNumber(9),County Name,Municipality Name,Crash Date,Crash Day of Week,Crash Time,Police Department Code,Police Department,Police Station,Total Killed,Total Injured,Pedestrians Killed,Pedestrians Injured,Severity,Intersection,Alcohol Involved,Hazmat Involved,Crash Type,Total Vehicles,Location,Location Direction,Route,Route Suffix,Std Rte Identifier,MilePost,Road System,Road Character,Road Horizontal Alignment,Road Grade,Road Surface Type,Surface Condition,Light Condition,Environmental Condition,Road Divided By,Temporary Traffic Control Zone,Distance To Cross Street,Unit Of Measurement,Direction From Cross Street,Cross Street Name,Is Ramp,Ramp To/From Route Name,Ramp To/From Route Direction,Posted Speed,Posted Speed Cross Street,First Harmful Event,Latitude,Longitude,Cell Phone In Use Flag,Other Property Damage,Reporting Badge No.
202013212020006786,MONMOUTH,KEANSBURG BORO,08/14/2020,FR,0744,01,KEANSBURG PD,,0,0,0,0,P,B,N,N,06,2,TWILIGHT AVE **,S,,,13211110__,.54,07,,01,04,02,01,01,01,05,01,300,FE,N,CRESCENT ST,,,,25,,28,40.443382,74.123677,N,,0069
202013212020006821,MONMOUTH,KEANSBURG BORO,08/15/2020,SA,1758,01,KEANSBURG PD,,0,0,0,0,P,B,N,N,06,2,CAMPVIEW PL **,W,,,13211004__,.00,07,,01,04,02,01,01,01,05,01,25,FE,E,MAIN ST,,,,25,25,26,40.450642,74.128027,N,,0093
202013212020006885,MONMOUTH,KEANSBURG BORO,08/17/2020,MO,1756,01,KEANSBURG PD,,0,0,0,0,P,I,N,N,02,2,NJ 36,W,36,,00000036__,20.42,02,,01,04,02,02,01,01,01,01,,AT,,CR 7 / MAIN ST / PALMER AVE,,,,50,25,26,40.436110,74.131146,N,,0085
202013212020006946,MONMOUTH,KEANSBURG BORO,08/19/2020,WE,1751,01,KEANSBURG PD,,0,1,0,0,I,I,N,N,01,2,MONMOUTH COUNTY 7 I,N,7,1,130000071_,2.00,05,,01,04,02,01,01,01,05,01,,AT,,WOOD ST,,,,25,,26,40.439538,74.130434,N,,0092
202013212020006958,MONMOUTH,KEANSBURG BORO,08/20/2020,TH,0056,01,KEANSBURG PD,,0,0,0,0,P,B,N,N,06,2,BAYWALK EAST,,,,,,07,,01,04,03,01,04,01,05,01,150,FE,S,BEACHWAY AVE,,,,,25,26,40.451842,74.126972,N,,0079
202013212020007150,MONMOUTH,KEANSBURG BORO,08/25/2020,TU,1200,01,KEANSBURG PD,,0,0,0,0,P,B,N,N,01,2,MONMOUTH COUNTY 7 I,S,7,1,130000071_,1.74,05,,01,04,02,01,01,01,04,01,100,FE,N,NJ 36,,,,30,,26,40.435489,74.131295,N,,0069
202013212020007177,MONMOUTH,KEANSBURG BORO,08/26/2020,WE,1058,01,KEANSBURG PD,,0,1,0,0,I,I,N,N,03,2,CENTER AVE,,,,13211119__,.22,07,,01,04,02,01,01,01,05,01,,AT,,BAYVIEW AVE,,,,25,25,26,40.451385,74.131508,N,,0095
202013212020007182,MONMOUTH,KEANSBURG BORO,08/26/2020,WE,1500,01,KEANSBURG PD,,0,0,0,0,P,B,N,N,05,2,MONMOUTH COUNTY 7 I,E,7,1,130000071_,2.25,05,,01,04,02,01,01,01,05,01,300,FE,W,MYRTLE AVE,,,,25,25,26,40.441455,74.133160,N,,0095
202013212020007272,MONMOUTH,KEANSBURG BORO,08/29/2020,SA,1147,01,KEANSBURG PD,,0,0,0,0,P,I,N,N,06,2,MYRTLE AVE **,S,,,13211063__,.23,07,,01,04,02,02,01,02,05,01,,AT,,KENNEDY PARK,,,,25,25,26,40.446377,74.134053,N,,0089
202013212020007300,MONMOUTH,KEANSBURG BORO,08/30/2020,SU,2250,01,KEANSBURG PD,,0,0,0,0,P,B,N,N,06,2,MAPLE AVE **,E,,,13211061__,.21,07,,01,04,02,01,06,01,05,01,15,FE,W,CR 56 / CARR AVE,,,,25,25,26,40.447314,74.133738,N,,0093
202013212020007426,MONMOUTH,KEANSBURG BORO,09/04/2020,FR,1230,01,KEANSBURG PD,,0,0,0,0,P,I,N,N,03,2,MONMOUTH COUNTY 7 I,W,7,1,130000071_,2.21,05,,01,04,02,01,01,01,05,01,,AT,,RANDALL PL,,,,25,,26,40.441833,74.130692,N,,0081
202013212020007453,MONMOUTH,KEANSBURG BORO,09/05/2020,SA,1039,01,KEANSBURG PD,,0,0,0,0,P,B,N,N,08,2,ATLANTIC AVE,N,,,,,07,,01,04,02,01,01,01,05,01,,,,,,,,,,26,40.444370,74.118539,N,,0083
202013212020007459,MONMOUTH,KEANSBURG BORO,09/05/2020,SA,1327,01,KEANSBURG PD,,0,0,0,0,P,I,N,N,02,2,NJ 36,N,36,,00000036__,20.55,02,,01,04,02,01,01,01,05,01,,AT,,ST JOHNS PL,,,,,,26,40.435715,74.131516,N,,0083
202013212020007500,MONMOUTH,KEANSBURG BORO,09/06/2020,SU,1553,01,KEANSBURG PD,,0,0,0,0,P,B,N,N,08,2,COLLINS ST **,W,,,13211033__,.03,07,,01,04,02,01,01,01,05,01,150,FE,W,MAIN ST,,,,25,25,26,40.449785,74.129505,N,,0094
202013212020007530,MONMOUTH,KEANSBURG BORO,09/07/2020,MO,1943,01,KEANSBURG PD,,0,0,0,0,P,B,N,N,01,2,BEACHWAY AVE,W,,,,,07,,01,04,02,01,06,01,04,01,,,,,,,,,,26,40.455385,74.136153,N,,0076
202013212020007583,MONMOUTH,KEANSBURG BORO,09/09/2020,WE,1647,01,KEANSBURG PD,,0,1,0,1,I,B,N,N,13,1,MONROE ST,,,,,,07,,01,04,02,01,01,01,04,01,250,FE,S,CHURCH ST,,,,25,25,26,40.441499,74.134329,N,,0094
202013212020007766,MONMOUTH,KEANSBURG BORO,09/15/2020,TU,1218,01,KEANSBURG PD,,0,0,0,0,P,I,N,N,02,5,RAMSEY AVE **,,,,13211062__,.17,07,,01,04,02,01,01,01,05,01,,AT,,TERRACE PL,,,,25,25,26,40.445125,74.134770,N,,
202013212020007884,MONMOUTH,KEANSBURG BORO,09/19/2020,SA,0900,01,KEANSBURG PD,,0,0,0,0,P,B,N,N,02,3,SHORE BLVD,W,,,,,07,,01,04,02,01,01,01,05,01,,,,,,,,25,,26,40.448269,74.122662,N,,
202013212020007889,MONMOUTH,KEANSBURG BORO,09/19/2020,SA,1115,01,KEANSBURG PD,,0,0,0,0,P,I,N,N,02,2,MONMOUTH COUNTY 7 I,S,7,1,130000071_,2.09,05,,01,04,02,01,01,01,05,01,,AT,,CR 7 / PORT MONMOUTH RD,,,,25,,26,40.441165,74.130202,N,,0083
202013212020008010,MONMOUTH,KEANSBURG BORO,09/23/2020,WE,1059,01,KEANSBURG PD,,0,0,0,0,P,B,N,N,99,1,WALTERS ST **,N,,,,,07,,01,04,02,00,00,00,05,01,,,,,,,,25,,28,40.451835,74.136684,N,,0094
202013212020008135,MONMOUTH,KEANSBURG BORO,09/27/2020,SU,0701,01,KEANSBURG PD,,0,0,0,0,P,B,N,N,03,2,CREEK RD **,,,,13211064__,.58,07,,03,04,02,01,01,01,05,01,100,FE,N,FRANCES PL,,,,25,25,26,40.442852,74.136131,N,,0079
202013212020008355,MONMOUTH,KEANSBURG BORO,10/03/2020,SA,1935,01,KEANSBURG PD,,0,0,0,0,P,B,N,N,06,2,NEPTUNE PL **,,,,13211091__,.00,07,,01,04,02,01,06,01,05,01,5,FE,N,SHORE BLVD,,,,25,25,28,40.449914,74.126201,N,,0095
202013212020008398,MONMOUTH,KEANSBURG BORO,10/05/2020,MO,1328,01,KEANSBURG PD,,0,0,0,0,P,B,N,N,06,2,WOODLAND AVE **,E,,,13211095__,.11,07,,01,04,02,01,01,01,05,01,100,FE,W,TWILIGHT AVE,,,,25,25,28,40.449326,74.126402,N,,0092
202013212020008561,MONMOUTH,KEANSBURG BORO,10/11/2020,SU,0000,01,KEANSBURG PD,,0,0,0,0,P,I,N,N,13,1,BEACHWAY / PINEVIEW AVE **,N,,,13211114__,.66,07,,01,04,02,01,06,01,05,01,,AT,,SEELEY AVE,,,,25,25,22,40.449676,74.132304,N,,0088
202013212020008660,MONMOUTH,KEANSBURG BORO,10/14/2020,WE,1149,01,KEANSBURG PD,,0,1,0,0,I,B,N,N,06,2,FOREST AVE / SEAWOOD AVE **,E,,,,,07,,01,04,02,01,01,01,05,01,,,,,,,,25,,28,40.447931,74.127957,N,,0089
202013212020008728,MONMOUTH,KEANSBURG BORO,10/16/2020,FR,1211,01,KEANSBURG PD,,0,0,0,0,P,I,N,N,11,1,LEOLA AVE **,,,,13211053__,.14,07,,01,04,02,02,01,02,04,01,,AT,,MAIN ST,,,,,,26,40.443514,74.129553,N,STRUCK TELEPHONE POLE # JC468KB CAUSING THE STREET LIGHT TO FALL AND BREAK.,0085
202013212020008729,MONMOUTH,KEANSBURG BORO,10/16/2020,FR,1213,01,KEANSBURG PD,,0,0,0,0,P,B,N,N,02,2,RAMSEY AVE **,N,,,13211062__,.15,07,,01,04,02,02,01,02,05,01,100,FE,S,TERRACE PL,,,,25,25,26,40.443520,74.134270,N,,0085
202013212020008903,MONMOUTH,KEANSBURG BORO,10/23/2020,FR,0946,01,KEANSBURG PD,,0,0,0,0,P,B,N,N,08,2,HILL ST / ROLAND ST **,S,,,13211018__,.04,07,,01,04,02,01,01,01,05,01,200,FE,S,SEELEY AVE,,,,25,25,26,40.448045,74.136724,N,,0069
202013212020009034,MONMOUTH,KEANSBURG BORO,10/28/2020,WE,1140,01,KEANSBURG PD,,0,0,0,0,P,B,N,N,02,3,FOREST AVE / WILLIAMS AVE **,S,,,13311112__,.28,07,,01,04,02,02,01,01,05,01,500,FE,N,PT MONMOUTH RD,,,,25,30,26,40.442213,74.125788,N,,0069
202013212020009070,MONMOUTH,KEANSBURG BORO,10/29/2020,TH,1727,01,KEANSBURG PD,,0,0,0,0,P,B,N,N,06,2,HILL ST / ROLAND ST **,S,,,13211018__,.03,07,,01,04,02,02,03,02,05,01,200,FE,S,WILLOW ST,,,,25,25,26,40.448108,74.137470,N,,0069
202013212020009143,MONMOUTH,KEANSBURG BORO,11/01/2020,SU,0608,01,KEANSBURG PD,,0,0,0,0,P,I,N,N,06,2,BEACHWAY / LAUREL AVE,N,,,,,07,,03,04,02,00,00,00,05,01,,AT,,BEACHWAY AVE,,,,,,28,40.450397,74.142542,N,,0095
202013212020009296,MONMOUTH,KEANSBURG BORO,11/06/2020,FR,1159,01,KEANSBURG PD,,0,0,0,0,P,B,N,N,08,2,MONMOUTH COUNTY 56,,,,,,05,,01,04,02,01,01,01,04,01,,,,,,,,,,26,40.447634,74.133145,N,,0076
202013212020009334,MONMOUTH,KEANSBURG BORO,11/07/2020,SA,2030,01,KEANSBURG PD,,0,0,0,0,P,I,N,N,05,2,MYRTLE AVE **,,,,13211063__,.48,07,,01,04,02,01,06,01,05,01,,AT,,MANNING PL,,,,,,26,40.442910,74.132971,N,,0095
202013212020009561,MONMOUTH,KEANSBURG BORO,11/16/2020,MO,0534,01,KEANSBURG PD,,0,0,0,0,P,B,N,N,06,2,BEACON BLVD **,,,,,,07,,01,04,02,01,07,01,05,01,,,,,,,,25,,28,40.444750,74.121233,N,,0554
202013212020009570,MONMOUTH,KEANSBURG BORO,11/16/2020,MO,1001,01,KEANSBURG PD,,0,0,0,0,P,I,N,N,06,1,E SHORE ST / N SHORE ST / W SHORE BLVD **,E,,,13211029__,.28,07,,01,04,02,00,06,05,05,01,,AT,,OAK ST,,,,25,25,28,40.451026,74.136928,N,,0093
202013212020009598,MONMOUTH,KEANSBURG BORO,11/17/2020,TU,1224,01,KEANSBURG PD,,0,0,0,0,P,I,N,N,02,2,MAIN ST,,,,13211001__,.06,07,,01,04,02,01,01,01,05,01,,AT,,LANCASTER AVE,,,,25,25,26,40.442714,74.129718,N,,0552
202013212020009688,MONMOUTH,KEANSBURG BORO,11/20/2020,FR,1925,01,KEANSBURG PD,,0,0,0,0,P,B,N,N,11,1,HIGHLAND BLVD **,W,,,13211015__,.01,07,,01,04,02,01,06,01,05,01,50,FE,E,CR 56 / CARR AVE,,,,25,25,26,40.453475,74.135159,N,THE TENSION GUIDE WIRE ATTACHED TO UTILITY POLE # JC-363-KG WAS STRUCK DURING T?,0089
202013212020009755,MONMOUTH,KEANSBURG BORO,11/23/2020,MO,1824,01,KEANSBURG PD,,0,1,0,0,I,I,N,N,01,2,MONMOUTH COUNTY 7 I,,7,1,130000071_,1.86,05,,01,04,02,01,06,01,04,01,,AT,,MAGNOLIA PL,,,,30,25,26,40.437545,74.130845,N,,0095
202013212020009874,MONMOUTH,KEANSBURG BORO,11/27/2020,FR,2335,01,KEANSBURG PD,,0,3,0,0,I,B,N,N,02,3,SEABREEZE AVE / SHORE BLVD **,W,,,13211113__,.18,07,,01,04,02,01,06,01,05,01,75,FE,E,TWILIGHT AVE,,,,25,25,26,40.449369,74.125213,N,,0556
202013212020009937,MONMOUTH,KEANSBURG BORO,11/30/2020,MO,1810,01,KEANSBURG PD,,0,0,0,0,P,I,N,N,03,2,MONMOUTH COUNTY 56,,56,,13000056__,.09,05,,01,04,02,01,06,01,05,01,,AT,,SEABREEZE AVE,,,,25,25,26,40.454093,74.135353,N,,0069
202013212020010047,MONMOUTH,KEANSBURG BORO,12/04/2020,FR,0908,01,KEANSBURG PD,,0,0,0,0,P,I,N,N,08,2,HIGHLAND AVE **,N,,,13211010__,.09,07,,01,04,02,01,01,01,05,01,,AT,,SEABREEZE WAY,,,,25,25,26,40.453978,74.136376,N,,0069
202013212020010061,MONMOUTH,KEANSBURG BORO,12/04/2020,FR,1957,01,KEANSBURG PD,,0,1,0,1,I,B,N,N,08,2,LEOLA AVE **,,,,13211053__,.14,07,,01,04,02,02,05,02,05,01,10,FE,E,MAIN ST,,,,25,25,26,40.443514,74.129553,N,,0076
202013212020010228,MONMOUTH,KEANSBURG BORO,12/11/2020,FR,0731,01,KEANSBURG PD,,0,0,0,0,P,I,N,N,03,2,MAPLE AVE **,,,,13211061__,.32,07,,01,04,02,01,01,01,05,01,,AT,,RAMSEY AVE,,,,25,25,26,40.446928,74.135335,N,,0095
202013212020010369,MONMOUTH,KEANSBURG BORO,12/16/2020,WE,1437,01,KEANSBURG PD,,0,0,0,0,P,I,N,N,11,1,BEECH ST / CARR AVE **,,,,,,07,,01,04,02,03,01,03,05,01,,AT,,ROLAND ST,,,,25,25,26,40.440666,74.130189,N,STUCK STREET SIGN CAUING IT TO BREAK,0085
202013212020010399,MONMOUTH,KEANSBURG BORO,12/17/2020,TH,0818,01,KEANSBURG PD,,0,0,0,0,P,I,N,N,04,2,MAIN ST,,,,13211001__,.60,07,,01,04,02,03,01,03,05,01,,AT,,CENTER AVE / SHORE BLVD,,,,25,25,26,40.450094,74.128170,N,,0628
202013212020010463,MONMOUTH,KEANSBURG BORO,12/19/2020,SA,1937,01,KEANSBURG PD,,0,0,0,0,P,I,N,N,03,2,FOURTH ST / KENNEDY WAY **,,,,13211118__,.11,07,,01,04,02,04,06,01,05,01,,AT,,RAMSEY AVE,,,,25,25,26,40.446194,74.135106,N,,0093
202013212020010498,MONMOUTH,KEANSBURG BORO,12/21/2020,MO,1258,01,KEARNY PD,,0,1,0,0,I,B,N,N,13,1,MAIN ST,N,,,13211001__,.00,07,,01,04,02,01,01,01,05,01,10,FE,N,CR 7 I / CHURCH ST,,,,25,25,26,40.441876,74.129958,N,,0094
202013212020010619,MONMOUTH,KEANSBURG BORO,12/26/2020,SA,1139,01,KEARNY PD,,0,0,0,0,P,B,N,N,08,2,CAMPVIEW PL **,,,,13211004__,.02,07,,01,04,02,04,01,01,05,01,100,FE,W,MAIN ST,,,,25,25,28,40.450977,74.129447,N,,0081
20201321202002355,MONMOUTH,KEANSBURG BORO,03/17/2020,TU,1131,01,KEANSBURG PD,,0,0,0,0,P,B,N,N,06,2,CHARLES AVE / MAPLEWOOD AVE / SEABREEZE WAY **,W,,,13211012__,.72,07,,01,04,02,01,01,05,05,01,50,FE,W,HIGHLAND AVE,,,,25,25,26,40.453934,74.136689,N,,0556
2020132219KP11742,MONMOUTH,KEYPORT BORO,01/03/2020,FR,0852,01,KEYPORT PD,KEG-345,0,0,0,0,P,B,N,N,11,1,WAVERLY ST **,S,,,13221019__,.00,07,,01,04,02,02,06,02,05,01,25,FE,N,3RD ST,,,,25,25,69,,,N,FIVE CONCRETE DRAINAGE PIPES BELONGING TO UNDERGROUND UTILITIES,22024
2020132220BR05124,MONMOUTH,KEYPORT BORO,06/26/2020,FR,1216,01,BRIELLE PD,,0,0,0,0,P,B,N,N,01,2,NJ 35,S,35,,00000035__,43.62,02,,01,06,01,01,01,01,01,01,,,,,,,,50,,26,,,N,,99169
2020132220BR05440,MONMOUTH,KEYPORT BORO,07/05/2020,SU,1324,01,BRIELLE PD,,0,0,0,0,P,B,N,N,01,2,NJ 35,S,35,,00000035__,43.73,02,,01,07,01,01,01,01,01,01,,,,,,,,50,,26,40.103659,74.053104,N,,99171
2020132220HZ10973,MONMOUTH,KEYPORT BORO,07/30/2020,TH,0817,01,HAZLET TWP PD,HAZLET TWP,0,0,0,0,P,B,N,N,11,1,NJ 35,N,35,,00000035__,42.95,02,,01,04,02,01,01,01,01,01,10,FE,S,CLARK ST,,,,50,25,56,,,N,,39106
2020132220K09095,MONMOUTH,KEYPORT BORO,10/15/2020,TH,1650,01,KEYPORT PD,KEYPORT PD,0,1,0,0,I,I,N,N,03,2,MONMOUTH COUNTY 6 IV,E,6,4,130000064_,.44,05,,01,04,02,01,01,01,04,01,,AT,,WAVERLY ST,,,,35,25,26,,,N,,22041
2020132220KP00024,MONMOUTH,KEYPORT BORO,01/01/2020,WE,2002,01,KEYPORT PD,,0,0,0,0,P,B,N,N,08,2,WASHINGTON ST **,,,,13221080__,.06,07,,01,04,02,01,06,01,05,01,25,FE,S,W FRONT ST,,,,25,25,28,40.435060,74.210640,N,,22038
2020132220KP00147,MONMOUTH,KEYPORT BORO,01/06/2020,MO,1218,01,KEYPORT PD,KEYPORT PD,0,0,0,0,P,B,N,N,06,2,MONMOUTH COUNTY 4 II,N,4,2,130000042_,9.20,05,,01,05,02,01,01,01,04,01,50,FE,N,CR 6 / E FRONT ST,,,,25,25,28,40.437610,74.202030,N,,22031
2020132220KP00181,MONMOUTH,KEYPORT BORO,01/07/2020,TU,1220,01,KEYPORT PD,KEYPORT,0,0,0,0,P,B,N,N,03,2,MONMOUTH COUNTY 4 II,S,4,2,130000042_,8.21,05,,03,04,02,01,01,01,04,01,15,FE,W,ATLANTIC ST,,,,30,25,26,,,N,,22245
2020132220KP00332,MONMOUTH,KEYPORT BORO,01/11/2020,SA,1547,01,KEYPORT PD,KEYPORT PD,0,1,0,0,I,B,N,N,08,2,BROAD ST MUNICIPAL LOT,S,,,,,08,,01,04,02,01,01,01,,,50,FE,W,BROAD ST,,,,15,25,26,,,N,,22041
2020132220KP00346,MONMOUTH,KEYPORT BORO,01/11/2020,SA,2310,01,KEYPORT PD,KEYPORT,0,0,0,0,P,B,Y,N,06,2,PINE ST **,E,,,13221009__,.07,07,,01,04,02,01,07,01,05,01,500,FE,E,CEDAR ST,,,,35,35,26,40.440200,74.192450,N,,22036
2020132220KP00422,MONMOUTH,KEYPORT BORO,01/14/2020,TU,0758,01,KEYPORT PD,,0,0,0,0,P,B,N,N,06,2,MONMOUTH COUNTY 4 II,N,4,2,130000042_,8.52,05,,01,04,02,01,01,01,05,01,50,FE,S,JACKSON ST,,,,25,25,28,40.428360,74.196100,N,,22038
2020132220KP00476,MONMOUTH,KEYPORT BORO,01/16/2020,TH,1155,01,KEYPORT PD,KEYPORT PD,0,0,0,0,P,B,N,N,01,2,GARDEN STATE PARKWAY,E,,,,,03,,03,04,02,01,01,01,04,01,,,,,T,NJ 35,SB,50,,26,,,N,,22041
2020132220KP00483,MONMOUTH,KEYPORT BORO,01/15/2020,WE,2142,01,KEYPORT PD,KEYPORT,0,0,0,0,P,I,N,N,03,2,ROUTE 516,W,516,,00000516__,9.31,05,,01,04,02,01,06,01,05,01,,AT,,CR 6 II / BROADWAY,,,,35,35,26,40.429690,74.210560,N,,22039
2020132220KP00552,MONMOUTH,KEYPORT BORO,01/18/2020,SA,0629,01,KEYPORT PD,,0,0,0,0,P,B,N,N,01,2,ROUTE 516,N,516,,00000516__,9.22,05,,03,04,02,01,06,01,,01,25,FE,S,NJ 35,,,,25,50,26,,,N,,22032
2020132220KP00580,MONMOUTH,KEYPORT BORO,01/18/2020,SA,1244,01,KEYPORT PD,KEG-345,0,0,0,0,P,B,N,N,01,2,ROUTE 516,S,516,,00000516__,9.14,05,,02,05,02,02,01,03,05,01,10,FE,N,CR 3 / MAPLE PL / MAY ST / NAPPI ST,,,,35,35,26,40.427540,74.212040,N,,22024
2020132220KP00656,MONMOUTH,KEYPORT BORO,01/21/2020,TU,0652,01,KEYPORT PD,KEYPORT PD,0,0,0,0,P,B,N,N,01,2,MONMOUTH COUNTY 3,S,3,,13000003__,13.21,05,,03,05,02,01,01,01,02,01,5,FE,N,NJ 35,,,,30,50,26,,,N,,22041
2020132220KP00692,MONMOUTH,KEYPORT BORO,01/22/2020,WE,1728,01,KEYPORT PD,KEG-345,0,1,0,0,I,B,N,N,01,2,MONMOUTH COUNTY 6 I,E,6,1,130000061_,.94,05,,01,04,02,02,06,01,05,,200,FE,W,BEERS ST,,,,30,25,26,40.435310,74.207010,N,,22024
2020132220KP00761,MONMOUTH,KEYPORT BORO,01/24/2020,FR,1704,01,KEYPORT PD,KEYPORT PD,0,1,0,0,I,B,N,N,01,3,NJ 36,S,36,,00000036__,24.12,02,,01,04,02,01,01,01,01,01,10,FE,E,CR 4 / BROAD ST,,,,50,25,26,,,N,,22041
2020132220KP00829,MONMOUTH,KEYPORT BORO,01/26/2020,SU,1002,01,KEYPORT PD,KEYPORT PD,0,1,0,0,I,I,N,N,04,2,ROUTE 516,W,516,,00000516__,9.31,05,,03,04,02,02,01,01,05,01,,AT,,CR 6 II / BROADWAY,,,,30,30,26,40.428370,74.210510,N,,22031
2020132220KP00870,MONMOUTH,KEYPORT BORO,01/27/2020,MO,1824,01,KEYPORT PD,,0,0,0,0,P,B,N,N,01,2,NJ 35,S,35,,00000035__,43.11,02,,02,04,02,01,07,01,,01,,,,,T,NJ 35,,50,,26,,,N,,22032
2020132220KP00884,MONMOUTH,KEYPORT BORO,01/28/2020,TU,0736,01,KEYPORT PD,,0,0,0,0,P,B,N,N,06,2,WASHINGTON ST **,S,,,13221080__,.04,07,,01,04,02,01,01,01,05,01,100,FE,S,W FRONT ST,,,,25,25,28,40.434640,74.209690,N,,22038
2020132220KP00887,MONMOUTH,KEYPORT BORO,01/28/2020,TU,0845,01,KEYPORT PD,KEYPORT,0,0,0,0,P,B,N,N,01,2,NJ 36,W,36,,00000036__,24.05,02,,01,04,02,01,01,01,01,01,150,FE,E,ATLANTIC ST,,,,50,25,26,,,N,,22245
2020132220KP00910,MONMOUTH,KEYPORT BORO,01/29/2020,WE,1301,01,KEYPORT PD,KEYPORT,0,0,0,0,P,B,N,N,02,2,NJ 35,E,35,,00000035__,43.30,02,,02,06,02,01,01,01,05,01,200,FE,E,BEERS ST,,,,50,25,26,,,N,,22245
2020132220KP00946,MONMOUTH,KEYPORT BORO,01/30/2020,TH,1302,01,KEYPORT PD,KEYPORT,0,1,0,0,I,B,N,N,01,2,ROUTE 516,E,516,,00000516__,9.22,05,,03,04,02,01,01,01,04,01,5,FE,S,NJ 35,,,,35,50,26,,,N,,22245
2020132220KP01137,MONMOUTH,KEYPORT BORO,02/05/2020,WE,1418,01,KEYPORT PD,,0,0,0,0,P,I,N,N,01,2,ROUTE 516,N,516,,00000516__,9.22,05,,01,04,02,01,01,01,05,01,,AT,,NJ 35,,,,25,50,26,40.427800,74.210430,N,,22038
2020132220KP01256,MONMOUTH,KEYPORT BORO,02/09/2020,SU,1456,01,KEYPORT PD,KEYPORT PD,0,0,0,0,P,B,N,N,01,2,ROUTE 516,E,516,,00000516__,9.22,05,,03,04,02,01,01,01,02,01,5,FE,W,NJ 35,,,,25,50,26,,,N,,22041
2020132220KP01266,MONMOUTH,KEYPORT BORO,02/09/2020,SU,2145,01,KEYPORT PD,KEYPORT,0,0,0,0,P,B,N,N,06,2,LUPPATATONG AVE **,N,,,13221072__,.20,07,,01,04,02,01,07,01,05,01,300,FE,N,MAPLE ST,,,,35,35,26,40.429130,74.208520,N,,22036
2020132220KP01283,MONMOUTH,KEYPORT BORO,02/10/2020,MO,1621,01,KEYPORT PD,,0,2,0,0,I,B,N,N,01,5,NJ 36,S,36,,00000036__,24.13,02,,01,04,02,02,01,02,01,01,50,FE,N,CR 4 / BROAD ST,,,,50,25,26,40.428670,74.197530,N,,
2020132220KP01292,MONMOUTH,KEYPORT BORO,02/11/2020,TU,0609,01,KEYPORT PD,,0,0,0,0,P,B,N,N,01,2,NJ 36,W,36,,00000036__,24.12,02,,01,04,02,02,02,02,01,01,25,FE,N,CR 4 / BROAD ST,,,,50,25,26,40.428670,74.197530,N,,22037
2020132220KP01352,MONMOUTH,KEYPORT BORO,02/12/2020,WE,1908,01,KEYPORT PD,KEYPORT,0,0,0,0,P,B,N,N,01,2,ROUTE 516,S,516,,00000516__,9.22,05,,03,04,02,02,07,02,,,10,FE,N,NJ 35,,,,35,55,26,40.427800,74.210430,N,,22036
2020132220KP01449,MONMOUTH,KEYPORT BORO,02/16/2020,SU,0836,01,KEYPORT PD,,0,0,0,0,P,B,N,N,03,3,ROUTE 516,W,516,,00000516__,9.08,05,,01,04,02,01,01,01,05,01,100,FE,E,ORCHARD ST,,,,35,25,26,,,N,KEYPORT DECORATIVE LIGHT POLE  DAYS FUNERAL HOME BUSHES  TREE  SIGN  AND AWNING.,
2020132220KP01539,MONMOUTH,KEYPORT BORO,02/19/2020,WE,0750,01,KEYPORT PD,,0,0,0,0,P,B,N,N,06,2,95 W FRONT ST; USPS KEYPO,,,,,,10,,01,04,02,01,01,01,,,,,,,,,,,,28,40.436670,74.205200,N,,22024
2020132220KP01651,MONMOUTH,KEYPORT BORO,02/22/2020,SA,1348,01,KEYPORT PD,KEYPORT,0,0,0,0,P,B,N,N,05,2,NAPPI PL **,S,,,13221092__,.06,07,,01,04,02,,01,01,04,01,10,FE,S,ROUTE 516 / MAPLE PL,,,,25,35,26,,,N,,22245
2020132220KP01711,MONMOUTH,KEYPORT BORO,02/24/2020,MO,0313,01,KEYPORT PD,KEYPORT,0,0,0,0,P,I,N,N,02,2,NJ 36,N,36,,00000036__,24.02,02,,01,04,02,01,06,01,01,01,,AT,N,ATLANTIC ST,,,,55,25,26,40.427560,74.195050,N,,22036
2020132220KP01734,MONMOUTH,KEYPORT BORO,02/24/2020,MO,1830,01,KEYPORT PD,,0,0,0,0,P,B,N,N,02,2,NJ 36,N,36,,00000036__,23.87,02,,01,04,02,01,06,01,01,,20,FE,N,FLORENCE AVE,,,,50,25,26,,,N,,22040
2020132220KP01833,MONMOUTH,KEYPORT BORO,02/27/2020,TH,1931,01,KEYPORT PD,KEYPORT,0,1,0,0,I,B,N,N,11,2,MONMOUTH COUNTY 3,S,3,,13000003__,12.93,05,,01,04,02,01,06,01,05,01,10,FE,N,GERAN ST,,,,35,25,52,40.424860,74.211520,N,VERIZON POLE (BT470KP) AND 382 BROADWAY (SERVICE WIRES),22039