Year(4)-CountyCode(2)-MunicipalityCode(2)-CaseNumber(9),County Name,Municipality Name,Crash Date,Crash Day of Week,Crash Time,Police Department Code,Police Department,Police Station,Total Killed,Total Injured,Pedestrians Killed,Pedestrians Injured,Severity,Intersection,Alcohol Involved,Hazmat Involved,Crash Type,Total Vehicles,Location,Location Direction,Route,Route Suffix,Std Rte Identifier,MilePost,Road System,Road Character,Road Horizontal Alignment,Road Grade,Road Surface Type,Surface Condition,Light Condition,Environmental Condition,Road Divided By,Temporary Traffic Control Zone,Distance To Cross Street,Unit Of Measurement,Direction From Cross Street,Cross Street Name,Is Ramp,Ramp To/From Route Name,Ramp To/From Route Direction,Posted Speed,Posted Speed Cross Street,First Harmful Event,Latitude,Longitude,Cell Phone In Use Flag,Other Property Damage,Reporting Badge No.
2020132220KP01858,MONMOUTH,KEYPORT BORO,02/28/2020,FR,0930,01,KEYPORT PD,KEYPORT,0,0,0,0,P,B,N,N,01,2,CLARK ST **,E,,,,,07,,01,04,02,01,01,01,04,01,15,FE,E,BROADWAY,,,,30,40,26,40.422700,74.211420,N,,22245
2020132220KP01905,MONMOUTH,KEYPORT BORO,02/29/2020,SA,2058,01,KEYPORT PD,,0,0,0,0,P,B,N,N,01,2,NJ 35,S,35,,00000035__,43.82,02,,01,04,02,01,06,01,01,,20,FE,S,ROUTE 516,,,,50,25,26,,,N,,22040
2020132220KP01927,MONMOUTH,KEYPORT BORO,03/01/2020,SU,1512,01,KEYPORT PD,,0,0,0,0,P,B,N,N,02,2,NJ 36,S,36,,00000036__,24.09,02,,01,04,02,01,01,01,01,01,150,FE,S,CR 4 / BROAD ST,,,,50,25,26,40.426820,74.196140,N,,22038
2020132220KP02008,MONMOUTH,KEYPORT BORO,03/04/2020,WE,1508,01,KEYPORT PD,,0,0,0,0,P,B,N,N,06,2,JACKSON ST,W,,,,,07,,01,04,02,01,01,01,05,,40,FE,E,DIVISION ST.,,,,25,30,26,40.428360,74.196100,N,,22024
2020132220KP02021,MONMOUTH,KEYPORT BORO,03/04/2020,WE,1757,01,KEYPORT PD,,0,0,0,0,P,B,N,N,01,2,ROUTE 516,N,516,,00000516__,9.22,05,,03,04,02,01,01,01,05,01,25,FE,S,NJ 35,,,,25,50,26,,,N,,22038
2020132220KP02107,MONMOUTH,KEYPORT BORO,03/07/2020,SA,0503,01,KEYPORT PD,KEYPORT,0,0,0,0,P,B,Y,N,06,2,8TH ST / FULTON ST **,W,,,13221013__,.43,07,,01,04,02,01,06,01,05,,50,FE,E,MANCHESTER AVE,,,,25,25,26,40.433950,74.191860,N,,22036
2020132220KP02127,MONMOUTH,KEYPORT BORO,03/07/2020,SA,1900,01,KEYPORT PD,KEYPORT,0,1,0,0,I,I,Y,N,11,2,ROUTE 516,N,516,,00000516__,10.52,05,,01,04,02,01,06,01,05,,,AT,E,WILLIAMSON ST,,,,25,25,59,40.433170,74.190920,N,DAMAGE FENCE STRUCTURE SURROUNDING DUMPSTER AT 99 GREEN GROVE,22039
2020132220KP02182,MONMOUTH,KEYPORT BORO,03/09/2020,MO,1426,01,KEYPORT PD,,0,0,0,0,P,B,N,N,01,2,ROUTE 516,E,516,,00000516__,9.22,05,,03,04,02,01,01,01,05,01,25,FE,W,NJ 35,,,,25,50,26,,,N,,22032
2020132220KP02191,MONMOUTH,KEYPORT BORO,03/10/2020,TU,1930,01,KEYPORT PD,,0,0,0,0,P,I,N,N,06,2,ROUTE 516,W,516,,00000516__,9.06,05,,01,04,02,01,01,01,00,01,,AT,,ORCHARD ST,,,,25,25,26,,,N,,22023
2020132220KP02207,MONMOUTH,KEYPORT BORO,03/10/2020,TU,0838,01,KEYPORT PD,,0,0,0,0,P,B,N,N,06,2,MONMOUTH COUNTY 4 II,N,4,2,130000042_,9.03,05,,01,04,02,01,00,01,05,01,150,FE,N,WARREN ST,,,,25,25,26,,,N,,22032
2020132220KP02267,MONMOUTH,KEYPORT BORO,03/12/2020,TH,0037,01,KEYPORT PD,KEYPORT,0,0,0,0,P,B,N,N,06,2,ROUTE 516,W,516,,00000516__,10.00,05,,01,04,02,01,06,01,,01,10,FE,W,DIVISION ST,,,,25,25,26,40.433470,74.199590,N,,22039
2020132220KP02311,MONMOUTH,KEYPORT BORO,03/13/2020,FR,1215,01,KEYPORT PD,,0,1,0,0,I,B,N,N,11,1,NJ 36,S,36,,00000036__,24.35,02,,02,05,02,02,01,05,03,,100,FE,E,NJ 35,,,,50,65,,40.425690,74.202300,N,GSP GUARD RAIL,22024
2020132220KP02322,MONMOUTH,KEYPORT BORO,03/13/2020,FR,1825,01,KEYPORT PD,,0,0,0,0,P,B,N,N,06,2,KEYPORT MUNICIPAL LOT,E,,,,,09,,01,04,02,01,01,01,05,,75,FE,W,BROAD ST,,,,10,25,26,,,N,,22040
2020132220KP02326,MONMOUTH,KEYPORT BORO,03/13/2020,FR,2127,01,KEYPORT PD,,0,0,0,0,P,B,N,N,06,2,WASHINGTON ST **,N,,,13221080__,.06,07,,01,04,02,01,06,01,05,01,25,FE,E,W FRONT ST,,,,25,35,26,40.435230,74.210840,N,,22037
2020132220KP02346,MONMOUTH,KEYPORT BORO,03/14/2020,SA,1232,01,KEYPORT PD,,0,0,0,0,P,B,N,N,06,2,ST PETERS PL **,E,,,13221044__,.04,07,,01,04,02,01,01,01,05,01,200,FE,W,BEER ST,,,,25,25,26,40.427140,74.202450,Y,,22038
2020132220KP02385,MONMOUTH,KEYPORT BORO,03/16/2020,MO,1356,01,KEYPORT PD,KEYPORT PD,0,0,0,0,P,B,N,N,06,2,MONMOUTH COUNTY 4 II,N,4,2,130000042_,9.20,05,,01,05,02,01,01,05,04,01,50,FE,N,CR 6 / E FRONT ST,,,,25,25,28,,,N,,22031
2020132220KP02410,MONMOUTH,KEYPORT BORO,03/20/2020,FR,0951,01,KEYPORT PD,KEYPOR PD,0,0,0,0,P,I,N,N,03,2,THIRD ST **,S,,,13221005__,.19,07,,01,04,02,01,01,01,04,,,AT,,ATLANTIC ST,,,,25,25,26,,,N,,22041
2020132220KP02457,MONMOUTH,KEYPORT BORO,03/19/2020,TH,1535,01,KEYPORT PD,,0,1,0,0,I,B,N,N,11,2,NJ 35,S,35,,00000035__,42.96,02,,01,04,02,01,01,01,01,01,50,FE,N,CLARK ST,,,,50,25,52,,,N,POLE #:JC593,22032
2020132220KP02608,MONMOUTH,KEYPORT BORO,03/26/2020,TH,2336,01,KEYPORT PD,KEYPORT,0,1,0,0,I,B,Y,N,06,2,MONMOUTH COUNTY 6 I,W,6,1,130000061_,1.09,05,,01,04,02,01,06,01,05,01,50,FE,W,MAIN ST,,,,35,25,26,40.437130,74.204160,N,,22039
2020132220KP02775,MONMOUTH,KEYPORT BORO,04/03/2020,FR,2050,01,KEYPORT PD,KEYPORT,0,0,0,0,P,B,N,N,06,2,DIVISION ST **,S,,,,,07,,01,04,02,02,07,01,05,,50,FE,S,HURLEY,,,,25,25,26,40.431740,74.198150,N,,22036
2020132220KP02789,MONMOUTH,KEYPORT BORO,04/04/2020,SA,1409,01,KEYPORT PD,KEYPROT PD,0,0,0,0,P,B,N,N,01,2,MONMOUTH COUNTY 4 II,N,4,2,130000042_,8.41,05,,01,04,02,01,01,05,04,01,10,FE,S,NJ 36,,,,30,50,26,40.428670,74.197530,N,,22031
2020132220KP02795,MONMOUTH,KEYPORT BORO,04/04/2020,SA,2014,01,KEYPORT PD,KEYPORT,0,1,0,0,I,I,N,N,99,1,NJ 35,N,35,,00000035__,43.75,02,,01,06,02,01,06,01,00,01,,AT,,CR 3 / BROADWAY,,,,35,50,11,40.427800,74.210430,N,,22039
2020132220KP02843,MONMOUTH,KEYPORT BORO,04/06/2020,MO,1053,01,KEYPORT PD,,0,0,0,0,P,B,N,N,01,2,ROUTE 516,N,516,,00000516__,9.22,05,,03,04,02,01,01,01,05,01,25,FE,S,NJ 35,,,,25,50,26,,,N,,22032
2020132220KP03020,MONMOUTH,KEYPORT BORO,04/11/2020,SA,1328,01,KEYPORT PD,,0,1,0,0,I,B,N,N,01,2,ROUTE 516,N,516,,00000516__,9.22,05,,03,04,02,01,01,01,05,01,25,FE,N,NJ 35,,,,25,50,26,,,N,,22032
2020132220KP03174,MONMOUTH,KEYPORT BORO,04/15/2020,WE,1642,01,KEYPORT PD,,0,0,0,0,P,I,N,N,01,2,ROUTE 516,E,516,,00000516__,9.22,05,,01,04,02,01,01,01,02,01,,AT,,NJ 35,,,,25,50,26,,,N,,22038
2020132220KP03175,MONMOUTH,KEYPORT BORO,04/15/2020,WE,1652,01,KEYPORT PD,KEYPORT,0,0,0,0,P,B,N,N,08,2,CHINGADORA AVE **,N,,,13221067__,.02,07,,01,04,02,01,01,01,05,01,100,FE,N,ROLLO PL,,,,25,25,26,,,N,,22245
2020132220KP03222,MONMOUTH,KEYPORT BORO,04/16/2020,TH,1659,01,KEYPORT PD,,0,0,0,0,P,B,N,N,06,2,MAIN ST **,N,,,13221035__,.06,07,,01,04,02,01,01,01,05,,300,FE,S,W FRONT ST,,,,25,25,26,,,N,,22032
2020132220KP03330,MONMOUTH,KEYPORT BORO,04/21/2020,TU,0648,01,KEYPORT PD,,0,0,0,0,P,B,N,N,02,2,NJ 35,N,35,,00000035__,43.25,02,,03,04,02,01,01,01,01,01,100,FE,N,BEERS ST,,,,50,25,26,,,N,,22032
2020132220KP03392,MONMOUTH,KEYPORT BORO,04/22/2020,WE,1539,01,KEYPORT PD,KEYPORT PD,0,2,0,0,I,B,N,N,01,2,ROUTE 516,E,516,,00000516__,9.22,05,,03,04,02,01,01,01,02,01,5,FE,W,NJ 35,,,,25,50,26,40.428400,74.211390,N,,22031
2020132220KP03472,MONMOUTH,KEYPORT BORO,04/25/2020,SA,1501,01,KEYPORT PD,,0,0,0,0,P,I,N,N,01,2,ROUTE 516,N,516,,00000516__,9.22,05,,01,04,02,01,01,01,,01,,AT,,NJ 35,,,,25,50,26,40.427800,74.210430,N,,22038
2020132220KP03484,MONMOUTH,KEYPORT BORO,04/25/2020,SA,1927,01,KEYPORT PD,,0,0,0,0,P,B,N,N,02,2,NJ 36,W,36,,00000036__,24.30,02,,01,04,02,01,03,01,01,01,500,FE,N,BEERS STREET,,,,50,25,26,40.426200,74.204110,N,,22037
2020132220KP03502,MONMOUTH,KEYPORT BORO,04/26/2020,SU,1509,01,KEYPORT PD,,0,0,0,0,P,B,N,N,06,2,FLORENCE AVE,N,,,,,07,,01,04,02,01,01,01,05,01,50,FE,S,VAN DORN ST,,,,25,25,28,40.425670,74.193910,Y,,22038
2020132220KP03521,MONMOUTH,KEYPORT BORO,04/27/2020,MO,1552,01,KEYPORT PD,KEYPORT PD,0,1,0,0,I,B,N,N,99,1,SECOND ST / WALNUT ST **,S,,,13221001__,.22,07,,01,04,01,01,01,05,05,01,5,FE,N,CR 6 / FIRST ST,,,,25,30,19,40.438720,74.200090,N,,22031
2020132220KP03580,MONMOUTH,KEYPORT BORO,04/29/2020,WE,0800,01,KEYPORT PD,,0,0,0,0,P,B,N,N,02,2,NJ 35,N,35,,00000035__,43.58,02,,01,05,02,01,01,01,01,,500,FE,S,LUPPATATONG AVE,,,,50,25,26,,,N,,22032
2020132220KP03581,MONMOUTH,KEYPORT BORO,04/29/2020,WE,0728,01,KEYPORT PD,KEYPORT,0,1,0,0,I,B,N,N,01,2,NJ 36,N,36,,00000036__,24.02,02,,01,04,02,01,01,05,01,01,5,FE,S,ATLANTIC ST,,,,50,25,26,,,N,,22245
2020132220KP03732,MONMOUTH,KEYPORT BORO,05/02/2020,SA,1751,01,KEYPORT PD,KEYPORT PD,0,1,0,0,I,B,Y,N,11,1,MAIN ST **,S,,,13221035__,.07,07,,01,04,02,01,01,01,04,01,40,FE,N,BROAD ST / RARITAN AVE,,,,25,25,52,40.425850,74.196630,N,DAMAGE TO ELECTRICAL SERVICE ON 418 MAIN ST AND TELPHONE POLE #40225KP,22031
2020132220KP03874,MONMOUTH,KEYPORT BORO,05/06/2020,WE,1451,01,KEYPORT PD,KEYPORT PD,0,0,0,0,P,B,N,N,11,1,FLORENCE AVE,W,,,,,07,,01,04,05,09,01,05,05,01,300,FE,W,NJ 36,,,,15,50,99,,,N,KEYPORT BORO DUMPSTER/ TRASH COMPACTOR IN RECYCLING CENTER,22041
2020132220KP03921,MONMOUTH,KEYPORT BORO,05/07/2020,TH,1702,01,KEYPORT PD,KEYPORT PD,0,0,0,0,P,B,N,N,01,2,ROUTE 516,E,516,,00000516__,9.22,05,,01,04,02,01,01,01,01,01,5,FE,S,NJ 35,,,,35,50,26,40.427800,74.210430,N,,22030
2020132220KP04050,MONMOUTH,KEYPORT BORO,05/11/2020,MO,1106,01,KEYPORT PD,KEYPORT PD,0,0,0,0,P,B,N,N,08,2,MONMOUTH COUNTY 6 II,N,6,2,130000062_,.06,05,,01,04,02,01,01,01,05,01,30,FE,S,PROVOST AVE,,,,35,30,26,40.430710,74.210380,N,,22030
2020132220KP04132,MONMOUTH,KEYPORT BORO,05/13/2020,WE,1538,01,KEYPORT PD,,0,0,0,0,P,B,N,N,01,2,ROUTE 516,N,516,,00000516__,9.22,05,,03,04,02,01,01,01,05,01,25,FE,N,NJ 35,,,,25,50,26,,,N,,22032
2020132220KP04202,MONMOUTH,KEYPORT BORO,05/15/2020,FR,1644,01,KEYPORT PD,KEYPORT PD,0,0,0,0,P,B,N,N,01,2,NJ 36,S,36,,00000036__,23.87,02,,01,04,02,01,01,01,01,,10,FE,E,FLORENCE AVE,,,,50,30,26,40.428280,74.192170,N,,22031
2020132220KP04203,MONMOUTH,KEYPORT BORO,05/16/2020,SA,0730,01,KEYPORT PD,KEYPORT PD,0,0,0,0,P,I,N,N,01,2,NJ 36,S,36,,00000036__,23.87,02,,01,04,02,01,01,01,01,01,,AT,,FLORENCE AVE,,,,50,30,26,,,N,,22041
2020132220KP04204,MONMOUTH,KEYPORT BORO,05/15/2020,FR,1736,01,KEYPORT PD,KEYPORT,0,0,0,0,P,B,N,N,06,2,MONMOUTH COUNTY 4 II,N,4,2,130000042_,9.08,05,,01,04,02,01,01,01,00,01,20,FE,N,3RD ST / W 3RD ST,,,,35,35,26,40.436360,74.201100,N,,22030
2020132220KP04228,MONMOUTH,KEYPORT BORO,05/16/2020,SA,1323,01,KEYPORT PD,KEYPORT PD,0,0,0,0,P,B,N,N,01,2,NJ 35,S,35,,00000035__,42.98,02,,03,04,02,01,01,01,01,01,150,FE,N,CLARK ST,,,,50,30,26,,,N,,22041
2020132220KP04231,MONMOUTH,KEYPORT BORO,05/16/2020,SA,1523,01,KEYPORT PD,KEYPORT PD,0,0,0,0,P,B,N,N,01,2,ROUTE 516,S,516,,00000516__,9.32,05,,03,04,02,01,01,01,02,01,30,FE,N,CR 6 II / BROADWAY,,,,30,30,26,,,N,,22041
2020132220KP04325,MONMOUTH,KEYPORT BORO,05/19/2020,TU,0154,01,KEYPORT PD,,0,0,0,0,P,B,N,N,11,2,MONMOUTH COUNTY 3,E,3,,13000003__,13.13,05,,02,04,02,01,06,01,02,,20,FE,W,ROUTE 516 / MAPLE PL / MAY ST,,,,25,25,,,,N,,22040
2020132220KP04340,MONMOUTH,KEYPORT BORO,05/19/2020,TU,1319,01,KEYPORT PD,KEYPORT,0,0,0,0,P,B,N,N,01,2,AMERICAN LEGION DR **,S,,,13221085__,.34,07,,01,04,02,01,01,01,05,01,50,FE,S,CR 6,,,,15,35,26,,,N,,22245
2020132220KP04489,MONMOUTH,KEYPORT BORO,05/23/2020,SA,1827,01,KEYPORT PD,,0,1,0,0,I,I,N,N,01,2,NJ 36,S,36,,00000036__,24.12,02,,01,04,02,02,01,05,01,,,AT,,CR 4 / BROAD ST,,,,50,25,26,,,N,,22040
2020132220KP04571,MONMOUTH,KEYPORT BORO,05/26/2020,TU,1019,01,KEYPORT PD,KEYPORT PD,0,0,0,0,P,B,N,N,06,2,MONMOUTH COUNTY 6 IV,E,6,4,130000064_,.37,05,,01,04,02,01,01,01,04,,40,FE,W,PROSPECT ST,,,,30,25,28,40.438790,74.195190,N,,22031
2020132220KP04583,MONMOUTH,KEYPORT BORO,05/26/2020,TU,1634,01,KEYPORT PD,KEYPORT PD,0,0,0,0,P,B,N,N,02,2,MONMOUTH COUNTY 4 II,N,4,2,130000042_,9.26,05,,01,05,02,01,01,01,04,01,10,FE,S,CR 6 / 1ST ST,,,,35,35,26,,,N,,22041
2020132220KP04687,MONMOUTH,KEYPORT BORO,05/29/2020,FR,1336,01,KEYPORT PD,KEYPORT PD,0,1,0,0,I,B,N,N,99,1,NJ 36,S,36,,00000036__,24.17,02,,02,04,02,01,01,01,02,01,60,FE,N,MAIN ST,,,,50,35,26,,,N,,22041
2020132220KP04695,MONMOUTH,KEYPORT BORO,05/28/2020,TH,1808,01,KEYPORT PD,KEYPORT PD,0,0,0,0,P,B,N,N,08,2,FRANCIS ST **,W,,,13221047__,.06,07,,01,04,02,01,01,01,05,01,20,FE,E,PERRY ST,,,,25,25,26,,,N,,22041
2020132220KP04697,MONMOUTH,KEYPORT BORO,05/29/2020,FR,1220,01,KEYPORT PD,KEYPORT PD,0,1,0,1,I,B,N,N,13,1,MONMOUTH COUNTY 6 I,W,6,1,130000061_,1.09,05,,01,04,02,01,01,01,04,01,50,FE,W,MAIN ST,,,,30,35,22,,,N,,22041
2020132220KP04752,MONMOUTH,KEYPORT BORO,05/30/2020,SA,1735,01,KEYPORT PD,KEYPORT PD,0,0,0,0,P,B,N,N,01,2,ROUTE 516,E,516,,00000516__,9.22,05,,03,04,02,01,01,01,02,,5,FE,W,NJ 35,,,,30,50,26,40.428400,74.211390,N,,22031
2020132220KP04861,MONMOUTH,KEYPORT BORO,06/03/2020,WE,1039,01,KEYPORT PD,KEYPORT PD,0,0,0,0,P,B,N,N,06,2,MONMOUTH COUNTY 4 II,N,4,2,130000042_,8.57,05,,01,04,02,01,01,01,04,,200,FE,N,JACKSON ST,,,,30,25,28,40.429920,74.196470,N,,22031
2020132220KP04904,MONMOUTH,KEYPORT BORO,06/04/2020,TH,1728,01,KEYPORT PD,KEYPORT PD,0,0,0,0,P,B,N,N,01,2,NJ 36,N,36,,00000036__,23.97,02,,01,04,02,01,01,01,04,,10,FE,S,VAN DORN ST,,,,50,25,26,,,N,,22041
2020132220KP04975,MONMOUTH,KEYPORT BORO,06/07/2020,SU,1824,01,KEYPORT PD,,0,0,0,0,P,B,N,N,01,2,NJ 35,N,35,,00000035__,43.23,02,,03,04,02,01,01,01,01,01,25,FE,N,BEERS ST,,,,50,25,26,,,N,,22032
2020132220KP04994,MONMOUTH,KEYPORT BORO,06/08/2020,MO,1448,01,KEYPORT PD,KEYPORT PD,0,1,0,0,I,I,N,N,04,2,ROUTE 516,E,516,,00000516__,9.14,05,,03,04,02,01,01,01,05,,,AT,,CR 3 / MAPLE PL / MAY ST / NAPPI ST,,,,25,30,26,40.426140,74.213660,N,,22031
2020132220KP05031,MONMOUTH,KEYPORT BORO,06/09/2020,TU,1149,01,KEYPORT PD,KEYPORT PD,0,0,0,0,P,B,N,N,11,1,ROUTE 516,W,516,,00000516__,9.21,05,,01,04,02,01,01,01,04,,50,FE,W,NJ 35,,,,25,50,56,40.428400,74.211390,N,VEHICLE STRUCK POLE # VZ271KP  MINOR SCRAPES TO POLE.,22031
2020132220KP05076,MONMOUTH,KEYPORT BORO,06/10/2020,WE,1604,01,KEYPORT PD,KEYPORT,0,0,0,0,P,B,N,N,01,2,NJ 35,S,35,,00000035__,43.30,02,,01,04,02,01,01,01,01,01,15,FE,N,NJ 35,,,,50,60,26,,,N,,22245
2020132220KP05079,MONMOUTH,KEYPORT BORO,06/10/2020,WE,1912,01,KEYPORT PD,,0,1,0,0,I,I,N,N,99,2,ROUTE 516,E,516,,00000516__,9.31,05,,01,04,02,01,01,01,04,,,AT,,CR 6 II / BROADWAY,,,,25,25,26,,,N,,22040
2020132220KP05150,MONMOUTH,KEYPORT BORO,06/13/2020,SA,1002,01,KEYPORT PD,KEYPORT PD,0,0,0,0,P,B,N,N,01,2,ROUTE 516,S,516,,00000516__,9.22,05,,03,04,02,01,01,01,02,01,5,FE,W,NJ 35,,,,35,50,26,,,N,,22041
2020132220KP05189,MONMOUTH,KEYPORT BORO,06/14/2020,SU,1233,01,KEYPORT PD,KEYPORT PD,0,0,0,0,P,B,N,N,06,2,MONMOUTH COUNTY 6 II,S,6,2,130000062_,.07,05,,01,04,02,00,00,00,04,,20,FE,S,PROVOST AVE,,,,35,25,28,40.430730,74.210440,N,,22031
2020132220KP05218,MONMOUTH,KEYPORT BORO,06/15/2020,MO,1545,01,KEYPORT PD,,0,0,0,0,P,B,N,N,11,1,NJ 35,N,35,,00000035__,43.71,02,,03,05,02,01,01,01,01,01,200,FE,S,CR 3 / BROADWAY,,,,50,35,43,,,N,MINOR COSMETIC DAMAGE TO 35 OVERPASS SUPPORT BEAM.,22245
2020132220KP05255,MONMOUTH,KEYPORT BORO,06/17/2020,WE,0845,01,KEYPORT PD,KEYPORT PD,0,0,0,0,P,B,N,N,01,2,ROUTE 516,E,516,,00000516__,9.22,05,,01,04,02,01,01,01,02,01,5,FE,W,NJ 35,,,,25,50,26,40.428400,74.211390,N,,22030
2020132220KP05358,MONMOUTH,KEYPORT BORO,06/20/2020,SA,1152,01,KEYPORT PD,,0,0,0,0,P,B,N,N,01,2,NJ 35,N,35,,00000035__,43.78,02,,02,04,02,01,01,01,01,01,200,FE,S,ROUTE 516,,,,50,30,26,,,N,,22245
2020132220KP05363,MONMOUTH,KEYPORT BORO,06/20/2020,SA,1326,01,KEYPORT PD,,0,0,0,0,P,B,N,N,03,2,MONMOUTH COUNTY 6 IV,W,6,4,130000064_,.28,05,,01,04,02,01,01,01,05,01,50,FE,W,GREEN GROVE AVE,,,,30,25,26,40.438740,74.197120,N,"DAMAGE TO """"CARRIAGE STONE"""" IN FRONT OF 129 1ST ST. LOCATED ON THE SIDEWALK",22038
2020132220KP05470,MONMOUTH,KEYPORT BORO,06/24/2020,WE,1130,01,KEYPORT PD,,0,1,0,0,I,B,N,N,01,2,CLARK ST / GERARD AVE **,W,,,13221062__,.41,07,,01,06,02,01,01,01,04,01,10,FE,W,ALLAN ST,,,,30,25,26,,,N,,22245
2020132220KP05498,MONMOUTH,KEYPORT BORO,06/25/2020,TH,1900,01,KEYPORT PD,,0,0,0,0,P,I,N,N,01,2,ROUTE 516,N,516,,00000516__,9.14,05,,01,04,02,01,01,01,05,01,,AT,,CR 3 / MAPLE PL / MAY ST / NAPPI ST,,,,35,35,26,40.427540,74.212040,N,,22037
2020132220KP05513,MONMOUTH,KEYPORT BORO,06/26/2020,FR,1227,01,KEYPORT PD,KEYPORT PD,0,0,0,0,P,B,N,N,06,2,MONMOUTH COUNTY 6 I,E,6,1,130000061_,1.09,05,,01,04,02,01,01,01,04,01,50,FE,W,MAIN ST,,,,35,35,26,,,N,,22041
2020132220KP05514,MONMOUTH,KEYPORT BORO,06/26/2020,FR,1104,01,KEYPORT PD,KEYPORT PD,0,0,0,0,P,B,N,N,01,2,ROUTE 516,E,516,,00000516__,9.22,05,,03,04,02,01,01,01,02,,10,FE,W,NJ 35,,,,25,50,26,,,N,,22031
2020132220KP05526,MONMOUTH,KEYPORT BORO,06/26/2020,FR,1421,01,KEYPORT PD,KEYPORT PD,0,0,0,0,P,B,N,N,01,2,NJ 36,N,36,,00000036__,24.12,02,,01,04,02,01,01,01,01,,5,FE,S,CR 4 / BROAD ST,,,,50,30,26,40.428670,74.197530,N,,22031
2020132220KP05536,MONMOUTH,KEYPORT BORO,06/26/2020,FR,1749,01,KEYPORT PD,KEYPORT PD,0,0,0,0,P,B,N,N,02,2,MONMOUTH COUNTY 4 II,S,4,2,130000042_,9.19,05,,01,04,02,01,01,01,05,01,10,FE,N,CR 6 / E FRONT ST,,,,25,25,26,40.437450,74.202100,N,,22030
2020132220KP05564,MONMOUTH,KEYPORT BORO,06/27/2020,SA,1529,01,KEYPORT PD,KEYPORT PD,0,0,0,0,P,B,N,N,06,2,MONMOUTH COUNTY 4 II,S,4,2,130000042_,9.18,05,,01,04,02,01,01,01,04,01,50,FE,S,CR 6 / E FRONT ST,,,,35,35,28,,,N,,22041
2020132220KP05572,MONMOUTH,KEYPORT BORO,06/27/2020,SA,2003,01,KEYPORT PD,KEYPORT,0,0,0,0,P,B,N,N,02,2,MONMOUTH COUNTY 4 II,N,4,2,130000042_,9.19,05,,01,04,02,01,01,01,04,,25,FE,S,CR 6 / E FRONT ST,,,,30,30,,40.437610,74.202030,N,,22039
2020132220KP05654,MONMOUTH,KEYPORT BORO,06/30/2020,TU,0945,01,KEYPORT PD,,0,0,0,0,P,I,N,N,03,2,MONMOUTH COUNTY 6 II,N,6,2,130000062_,.36,05,,01,04,02,01,01,01,05,01,,AT,,CR 61 / W FRONT ST,,,,35,25,26,40.434940,74.209610,N,,22032
2020132220KP05655,MONMOUTH,KEYPORT BORO,06/30/2020,TU,1008,01,KEYPORT PD,,0,0,0,0,P,I,N,N,03,2,ROUTE 516,E,516,,00000516__,9.72,05,,01,04,02,01,01,01,,,,AT,,BEERS ST,,,,35,25,26,40.431960,74.203860,N,,22038
2020132220KP05668,MONMOUTH,KEYPORT BORO,06/30/2020,TU,1800,01,KEYPORT PD,,0,0,0,0,P,B,N,N,01,2,ROUTE 516,E,516,,00000516__,9.22,05,,03,04,02,01,01,01,05,01,5,FE,W,NJ 35,,,,25,50,26,40.426300,74.198960,N,,22038
2020132220KP05764,MONMOUTH,KEYPORT BORO,07/03/2020,FR,1543,01,KEYPORT PD,,0,0,0,0,P,B,N,N,01,2,ROUTE 516,N,516,,00000516__,9.22,05,,01,04,02,01,01,01,,01,25,FE,N,NJ 35,,,,25,50,26,,,N,,22032
2020132220KP05795,MONMOUTH,KEYPORT BORO,07/04/2020,SA,1102,01,KEYPORT PD,,0,0,0,0,P,B,N,N,02,2,NJ 35,S,35,,00000035__,43.24,02,,01,04,02,01,01,01,01,01,50,FE,N,BEERS ST,,,,50,25,26,,,N,,22245
2020132220KP05801,MONMOUTH,KEYPORT BORO,07/04/2020,SA,1552,01,KEYPORT PD,,0,0,0,0,P,B,N,N,01,2,ROUTE 516,N,516,,00000516__,9.22,05,,01,04,02,01,01,01,05,01,25,FE,S,NJ 35,,,,25,50,26,,,N,,22032
2020132220KP05851,MONMOUTH,KEYPORT BORO,07/05/2020,SU,1402,01,KEYPORT PD,,0,0,0,0,P,B,N,N,03,2,MONMOUTH COUNTY 6 I,W,6,1,130000061_,.96,05,,01,04,02,01,01,01,,,50,FE,W,AMERICAN LEGION DR,,,,25,15,26,,,N,,22245
2020132220KP05930,MONMOUTH,KEYPORT BORO,07/08/2020,WE,1002,01,KEYPORT PD,,0,0,0,0,P,B,N,N,11,1,ROUTE 516,S,516,,00000516__,9.22,05,,03,04,02,01,01,01,,,25,FE,S,NJ 35,,,,35,50,56,,,N,,22245
2020132220KP06015,MONMOUTH,KEYPORT BORO,07/11/2020,SA,1213,01,KEYPORT PD,KEYPORT PD,0,0,0,0,P,B,N,N,11,1,MONMOUTH COUNTY 6 I,E,6,1,130000061_,1.11,05,,01,04,02,01,01,05,04,01,75,FE,E,MAIN ST,,,,25,25,52,40.437160,74.203180,N,PROPERTY OF BOROUGH OF KEYPORT STREET LIGHT AND POLE IN FRONT OF 32 W. FRONT ST,22031
2020132220KP06060,MONMOUTH,KEYPORT BORO,07/12/2020,SU,2120,01,KEYPORT PD,KEYPORT,0,0,0,0,P,I,N,N,01,2,NJ 36,N,36,,00000036__,24.12,02,,01,04,02,01,06,01,01,01,,AT,N,CR 4 / BROAD ST,,,,50,25,26,40.428670,74.197530,N,,22036