Year(4)-CountyCode(2)-MunicipalityCode(2)-CaseNumber(9),County Name,Municipality Name,Crash Date,Crash Day of Week,Crash Time,Police Department Code,Police Department,Police Station,Total Killed,Total Injured,Pedestrians Killed,Pedestrians Injured,Severity,Intersection,Alcohol Involved,Hazmat Involved,Crash Type,Total Vehicles,Location,Location Direction,Route,Route Suffix,Std Rte Identifier,MilePost,Road System,Road Character,Road Horizontal Alignment,Road Grade,Road Surface Type,Surface Condition,Light Condition,Environmental Condition,Road Divided By,Temporary Traffic Control Zone,Distance To Cross Street,Unit Of Measurement,Direction From Cross Street,Cross Street Name,Is Ramp,Ramp To/From Route Name,Ramp To/From Route Direction,Posted Speed,Posted Speed Cross Street,First Harmful Event,Latitude,Longitude,Cell Phone In Use Flag,Other Property Damage,Reporting Badge No.
2020132220KP10384,MONMOUTH,KEYPORT BORO,11/25/2020,WE,1943,01,KEYPORT PD,,0,1,0,1,I,B,N,N,13,1,MONMOUTH COUNTY 6 II,S,6,2,130000062_,.29,05,,01,04,02,01,06,05,04,,25,FE,S,W FIRST ST,,,,25,25,26,,,N,,22040
2020132220KP10473,MONMOUTH,KEYPORT BORO,11/30/2020,MO,1357,01,KEYPORT PD,KEYPORT PD,0,0,0,0,P,B,N,N,11,1,NJ 36,S,36,,00000036__,24.17,02,,02,05,02,02,01,02,01,01,50,FE,N,MAIN ST,,,,50,65,46,40.426650,74.199750,N,DENT IN THE METAL BARRIER,22030
2020132220KP10481,MONMOUTH,KEYPORT BORO,11/30/2020,MO,2153,01,KEYPORT PD,,0,0,0,0,P,B,N,N,11,1,NJ 36,E,36,,00000036__,24.21,02,,01,04,02,02,06,01,05,01,250,FE,E,MAIN ST,,,,50,30,26,40.424110,74.197150,N,GUARDRAIL,22037
2020132220KP10482,MONMOUTH,KEYPORT BORO,11/30/2020,MO,2216,01,KEYPORT PD,,0,0,0,0,P,I,N,N,03,2,ATLANTIC ST **,S,,,13221027__,.83,07,,01,04,02,02,06,02,01,01,,AT,,NJ 36,,,,25,50,26,,,N,,22040
2020132220KP10529,MONMOUTH,KEYPORT BORO,12/02/2020,WE,1408,01,KEYPORT PD,KEYPORT PD,0,0,0,0,P,I,N,N,02,2,ROUTE 516,W,516,,00000516__,9.31,05,,01,04,02,01,01,01,04,01,,AT,,CR 6 II / BROADWAY,,,,35,35,26,40.428370,74.210510,N,,22203
2020132220KP10543,MONMOUTH,KEYPORT BORO,12/03/2020,TH,0901,01,KEYPORT PD,,0,0,0,0,P,B,N,N,01,2,ROUTE 516,E,516,,00000516__,9.22,05,,03,04,02,01,01,01,02,01,5,FE,W,NJ 35,,,,25,50,26,40.427800,74.210430,N,,22031
2020132220KP10545,MONMOUTH,KEYPORT BORO,12/03/2020,TH,1131,01,KEYPORT PD,,0,0,0,0,P,B,N,N,06,2,MONMOUTH COUNTY 4 II,N,4,2,130000042_,8.55,05,,01,04,02,01,01,01,04,01,100,FE,N,JACKSON ST,,,,25,25,28,,,N,,22042
2020132220KP10550,MONMOUTH,KEYPORT BORO,12/03/2020,TH,1305,01,KEYPORT PD,KEYPORT PD,0,0,0,0,P,B,N,N,11,2,99 GREEN GROVE AVE; GREEN,,,,,,09,,01,04,02,01,01,01,05,01,50,FE,S,8TH ST,,,,15,25,52,40.433170,74.190920,N,SCRAPES TO FIGERGLASS WRAPPING ON POLE #JC591K,22203
2020132220KP10555,MONMOUTH,KEYPORT BORO,12/03/2020,TH,1713,01,KEYPORT PD,,0,0,0,0,P,B,N,N,02,2,NJ 35,N,35,,00000035__,43.21,02,,02,06,02,01,06,01,02,01,100,FE,S,BEERS ST,,,,50,25,26,,,N,,22042
2020132220KP10563,MONMOUTH,KEYPORT BORO,12/04/2020,FR,0821,01,KEYPORT PD,,0,0,0,0,P,B,N,N,06,2,MONMOUTH COUNTY 6 IV,E,6,4,130000064_,.65,05,,01,04,02,01,00,01,05,01,50,FE,W,NJ 63 / STONE RD,,,,35,25,28,40.439430,74.190050,N,,22038
2020132220KP10570,MONMOUTH,KEYPORT BORO,12/04/2020,FR,1321,01,KEYPORT PD,KEYPORT PD,0,1,0,0,I,B,Y,N,01,4,NJ 36,N,36,,00000036__,24.02,02,,01,04,02,01,01,01,01,01,20,FE,S,ATLANTIC ST,,,,50,25,26,,,N,,
2020132220KP10583,MONMOUTH,KEYPORT BORO,12/05/2020,SA,0718,01,KEYPORT PD,KEYPORT PD,0,0,0,0,P,B,N,N,02,2,NJ 35,S,35,,00000035__,43.67,02,,01,05,02,02,01,02,01,01,10,FE,N,LUPPATATONG AVE,,,,50,35,26,,,N,,22041
2020132220KP10593,MONMOUTH,KEYPORT BORO,12/05/2020,SA,1425,01,KEYPORT PD,,0,0,0,0,P,B,N,N,06,2,WARREN ST **,E,,,13221021__,.20,07,,01,04,02,01,00,01,05,01,40,FE,E,CHURCH ST,,,,25,25,28,40.435720,74.198190,N,,22038
2020132220KP10619,MONMOUTH,KEYPORT BORO,12/06/2020,SU,1209,01,KEYPORT PD,KEYPORT PD,0,0,0,0,P,B,N,N,01,2,NJ 35,S,35,,00000035__,43.82,02,,01,04,02,01,01,01,01,01,10,FE,S,ROUTE 516,,,,50,35,26,,,N,,22041
2020132220KP10637,MONMOUTH,KEYPORT BORO,12/07/2020,MO,1246,01,KEYPORT PD,,0,0,0,0,P,I,N,N,03,2,NJ 36,N,36,,00000036__,24.12,02,,01,04,02,01,01,01,01,01,,AT,,CR 4 / BROAD ST,,,,50,30,26,40.426590,74.196830,N,,22031
2020132220KP10641,MONMOUTH,KEYPORT BORO,12/07/2020,MO,1517,01,KEYPORT PD,,0,0,0,0,P,B,N,N,02,2,NJ 36,N,36,,00000036__,24.00,02,,01,04,02,01,01,01,01,01,100,FE,S,ATLANTIC ST,,,,50,25,26,,,N,,22042
2020132220KP10696,MONMOUTH,KEYPORT BORO,12/09/2020,WE,1743,01,KEYPORT PD,,0,0,0,0,P,I,N,N,02,2,NJ 35,S,35,,00000035__,43.82,02,,01,04,02,01,06,01,05,01,,AT,,ROUTE 516,,,,50,35,26,,,N,,22027
2020132220KP10823,MONMOUTH,KEYPORT BORO,12/14/2020,MO,0613,01,KEYPORT PD,KEYPORT,0,1,0,0,I,B,N,N,06,2,ATLANTIC ST **,N,,,13221027__,.46,07,,01,04,02,01,06,01,05,01,100,FE,S,HURLEY ST,,,,30,25,28,40.431820,74.196530,N,,22039
2020132220KP10824,MONMOUTH,KEYPORT BORO,12/14/2020,MO,0946,01,KEYPORT PD,KEYPORT PD,0,0,0,0,P,B,N,N,01,2,PARKING LOT OF 100 RT 36,N,,,,,09,,03,04,02,01,01,05,02,01,10,FE,E,NJ 35,,,,15,50,26,,,N,,22041
2020132220KP10851,MONMOUTH,KEYPORT BORO,12/15/2020,TU,1715,01,KEYPORT PD,,0,0,0,0,P,I,N,N,03,2,BEERS ST **,W,,,,,07,,01,04,02,01,01,01,05,01,,AT,,CLARK ST,,,,25,25,26,40.423410,74.201550,N,,22038
2020132220KP10858,MONMOUTH,KEYPORT BORO,12/16/2020,WE,0738,01,KEYPORT PD,,0,0,0,0,P,B,N,N,01,2,NJ 36,N,36,,00000036__,24.03,02,,01,04,02,01,01,05,01,01,40,FE,E,ATLANTIC ST,,,,50,30,26,40.427630,74.194980,N,,22031
2020132220KP10874,MONMOUTH,KEYPORT BORO,12/16/2020,WE,1821,01,KEYPORT PD,,0,0,0,0,P,B,N,N,04,2,SECOND ST / WALNUT ST **,E,,,13221001__,.24,07,,02,04,02,03,06,03,05,01,200,FE,W,CR 6,,,,25,30,26,40.439540,74.189320,N,,22031
2020132220KP10927,MONMOUTH,KEYPORT BORO,12/17/2020,TH,2236,01,KEYPORT PD,KEYPORT,0,0,0,0,P,B,N,N,06,2,BEERS ST **,N,,,13221038__,.02,07,,01,04,02,03,06,03,,,125,FE,S,FRONT ST,,,,25,30,,40.434950,74.204990,N,,22039
2020132220KP10936,MONMOUTH,KEYPORT BORO,12/18/2020,FR,1347,01,KEYPORT PD,,0,0,0,0,P,B,N,N,08,2,KEARNY ST **,N,,,13221049__,.03,07,,01,04,02,04,01,01,05,01,150,FE,N,PEARSHING ST,,,,25,,28,,,N,,22038
2020132220KP10949,MONMOUTH,KEYPORT BORO,12/18/2020,FR,1800,01,KEYPORT PD,KEYPORT PD,0,0,0,0,P,B,N,N,01,3,NJ 36,S,36,,00000036__,24.12,02,,01,04,02,04,06,01,01,01,10,FE,S,CR 4 / BROAD ST,,,,50,25,26,40.428670,74.197530,N,,
2020132220KP10997,MONMOUTH,KEYPORT BORO,12/21/2020,MO,1334,01,KEYPORT PD,,0,0,0,0,P,B,N,N,01,2,MONMOUTH COUNTY 3,S,3,,13000003__,13.21,05,,03,04,02,01,01,01,02,01,5,FE,N,NJ 35,,,,30,50,26,40.428820,74.211180,N,,22031
2020132220KP11005,MONMOUTH,KEYPORT BORO,12/21/2020,MO,1943,01,KEYPORT PD,KETPORT,0,0,0,0,P,B,N,N,03,2,ATLANTIC ST **,S,,,13221027__,.79,07,,01,04,01,01,06,01,,,200,FE,S,NJ 36,,,,25,50,26,40.427560,74.195050,N,,22036
2020132220KP11030,MONMOUTH,KEYPORT BORO,12/22/2020,TU,2232,01,KEYPORT PD,KEYPORT PD,0,1,0,0,I,I,Y,N,03,4,MONMOUTH COUNTY 6 IV,W,6,4,130000064_,.20,05,,01,04,02,01,06,01,,,,AT,,ATLANTIC ST,,,,30,30,26,40.438810,74.198400,N,,
2020132220KP11068,MONMOUTH,KEYPORT BORO,12/24/2020,TH,1231,01,KEYPORT PD,KEYPORT PD,0,0,0,0,P,B,N,N,01,2,BEERS ST **,N,,,13221038__,.74,07,,03,04,02,02,01,01,03,01,5,FE,S,NJ 35,,,,35,50,26,,,N,,22041
2020132220KP11107,MONMOUTH,KEYPORT BORO,12/25/2020,FR,1705,01,KEYPORT PD,,0,2,0,0,I,I,N,N,03,2,MONMOUTH COUNTY 6 IV,E,6,4,130000064_,.44,05,,01,04,02,01,06,01,04,01,,AT,,WAVERLY ST,,,,30,25,26,40.439090,74.194100,N,SKID MARKS ON FRONT LAWN OF 10 WAVERLY ST.,22031
2020132220KP11167,MONMOUTH,KEYPORT BORO,12/27/2020,SU,1314,01,KEYPORT PD,,0,0,0,0,P,B,N,N,08,3,MONMOUTH COUNTY 6 I,W,6,1,130000061_,1.11,05,,01,04,02,01,01,01,04,01,50,FE,E,MAIN ST,,,,25,25,26,,,N,,
2020132220KP11169,MONMOUTH,KEYPORT BORO,12/27/2020,SU,1339,01,KEYPORT PD,,0,0,0,0,P,B,N,N,01,2,ROUTE 516,E,516,,00000516__,9.22,05,,03,04,02,01,01,01,04,01,5,FE,E,NJ 35,,,,25,50,26,,,N,,22042
2020132220KP11184,MONMOUTH,KEYPORT BORO,12/27/2020,SU,2127,01,KEYPORT PD,,0,0,0,0,P,B,N,N,01,3,NJ 36,W,36,,00000036__,24.03,02,,01,04,02,01,06,01,01,01,50,FE,E,ATLANTIC ST,,,,50,25,26,,,N,,22040
2020132220KP11212,MONMOUTH,KEYPORT BORO,12/29/2020,TU,1419,01,KEYPORT PD,KEYPORT PD,0,0,0,0,P,I,N,N,03,2,ROUTE 516,E,516,,00000516__,10.27,05,,01,04,02,01,01,01,04,,,AT,,ROUTE 516 / GREEN GROVE AVE / MAPLE,,,,35,35,26,,,N,,22205
2020132220KP11235,MONMOUTH,KEYPORT BORO,12/30/2020,WE,1041,01,KEYPORT PD,,0,1,0,0,I,B,N,N,01,2,ROUTE 516,E,516,,00000516__,9.22,05,,03,04,02,01,01,01,04,01,5,FE,W,NJ 35,,,,35,50,26,,,N,,22042
2020132220KP11247,MONMOUTH,KEYPORT BORO,12/22/2020,TU,2223,01,KEYPORT PD,KEYPORT,0,0,0,0,P,B,Y,N,06,2,MONMOUTH COUNTY 4 II,S,4,2,130000042_,9.18,05,,01,04,02,01,06,,,,400,FE,S,CR 6 / 1ST ST,,,,30,30,26,40.437610,74.202030,N,,22036
2020132220P04861,MONMOUTH,KEYPORT BORO,06/03/2020,WE,1039,01,KEYPORT PD,KEYPORT PD,0,0,0,0,P,B,N,N,06,2,MONMOUTH COUNTY 4 II,N,4,2,130000042_,8.57,05,,01,04,02,01,01,01,04,,200,FE,N,JACKSON ST,,,,30,25,28,40.429920,74.196470,N,,22031
2020132320-18316,MONMOUTH,LITTLE SILVER BORO,12/28/2020,MO,1623,01,RED BANK PD,RED BANK POLICE,0,0,0,0,P,I,N,N,01,2,MONMOUTH COUNTY 11 II,S,11,2,130000112_,2.33,05,,01,04,02,01,01,01,,,,AT,,ROUTE 520 / RUMSON RD,,,,25,25,26,,,N,,226
20201323I-202--013498,MONMOUTH,LITTLE SILVER BORO,12/17/2020,TH,1120,01,LITTLE SILVER PD,,0,0,0,0,P,B,N,N,08,2,N SUNNYCREST DR **,,,,13231057__,.12,07,,01,04,02,03,01,03,05,01,25,FE,W,LITTLE SILVER PKWY,,,,25,25,28,,,N,,134
20201323I-2020-000066,MONMOUTH,LITTLE SILVER BORO,01/02/2020,TH,1648,01,LITTLE SILVER PD,,0,1,0,0,I,B,N,N,01,2,MONMOUTH COUNTY 11 II,,11,2,130000112_,2.32,05,,01,04,02,01,03,01,05,01,50,FE,S,ROUTE 520 / RUMSON RD,,,,35,35,26,,,N,,126
20201323I-2020-000096,MONMOUTH,LITTLE SILVER BORO,01/03/2020,FR,1445,01,LITTLE SILVER PD,,0,0,0,0,P,I,N,N,01,2,MONMOUTH COUNTY 34,,34,,13000034__,1.01,05,,01,04,02,02,01,01,05,01,,AT,,HARRISON AVE,,,,40,25,26,,,N,,131
20201323I-2020-000125,MONMOUTH,LITTLE SILVER BORO,01/04/2020,SA,2022,01,LITTLE SILVER PD,,0,0,0,0,P,I,N,N,03,2,MONMOUTH COUNTY 33,,33,,13000033__,2.63,05,,01,04,02,02,06,02,05,01,,AT,,LITTLE SILVER POINT RD,,,,40,25,26,,,N,SEE CRASH DESCRIPTION FIELD,140
20201323I-2020-000365,MONMOUTH,LITTLE SILVER BORO,01/09/2020,TH,0752,01,LITTLE SILVER PD,,0,0,0,0,P,I,N,N,03,2,MONMOUTH COUNTY 34,,34,,13000034__,1.23,05,,01,04,02,01,01,01,05,01,,AT,,HARDING RD,,,,40,35,26,,,N,,142
20201323I-2020-000543,MONMOUTH,LITTLE SILVER BORO,01/12/2020,SU,1556,01,LITTLE SILVER PD,,0,0,0,0,P,B,N,N,01,2,MONMOUTH COUNTY 13B II,,13,2,13000013B2,.14,05,,01,04,02,01,01,01,05,01,100,FE,W,CHURCH LN,,,,35,25,26,,,Y,,126
20201323I-2020-000639,MONMOUTH,LITTLE SILVER BORO,01/14/2020,TU,1927,01,LITTLE SILVER PD,,0,1,0,0,I,I,N,N,03,2,MONMOUTH COUNTY 11 II,,11,2,130000112_,1.48,05,,01,04,02,02,06,02,05,01,,AT,,CR 13 A / SYCAMORE DR / WILLOW DR,,,,35,40,26,,,N,,142
20201323I-2020-000657,MONMOUTH,LITTLE SILVER BORO,01/15/2020,WE,0710,01,LITTLE SILVER PD,,0,0,0,0,P,B,N,N,01,2,MONMOUTH COUNTY 13B II,,13,2,13000013B2,.30,05,,01,05,02,02,02,01,05,01,10,FE,W,ROUTE 520 / RUMSON RD,,,,35,35,26,,,N,,125
20201323I-2020-000807,MONMOUTH,LITTLE SILVER BORO,01/18/2020,SA,1257,01,LITTLE SILVER PD,,0,0,0,0,P,B,N,N,01,2,PROSPECT AVE **,,,,13231070__,.64,07,,01,04,02,03,01,03,05,01,25,FE,S,CR 34 / HARDING RD,,,,35,35,26,,,N,,129
20201323I-2020-000810,MONMOUTH,LITTLE SILVER BORO,01/18/2020,SA,1745,01,LITTLE SILVER PD,,0,0,0,0,P,B,N,N,01,2,SILVERSIDE AVE,,,,13231113__,.89,07,,01,04,02,02,06,02,05,01,25,FE,W,CR 33 / SEVEN BRIDGE RD,,,,35,40,26,,,N,,129
20201323I-2020-001225,MONMOUTH,LITTLE SILVER BORO,01/27/2020,MO,1626,01,LITTLE SILVER PD,,0,0,0,0,P,B,N,N,03,2,MONMOUTH COUNTY 13B I,,13,1,13000013B1,.85,05,,01,04,02,01,01,01,05,01,150,FE,S,MARKHAM PL,,,,30,25,26,,,N,,129
20201323I-2020-001303,MONMOUTH,LITTLE SILVER BORO,01/29/2020,WE,0751,01,LITTLE SILVER PD,,0,0,0,0,P,B,N,N,02,2,MONMOUTH COUNTY 11 II,,11,2,130000112_,1.27,05,,01,04,02,01,01,01,05,01,50,FE,N,SILVERSIDE AVE,,,,35,35,26,,,N,,141
20201323I-2020-001324,MONMOUTH,LITTLE SILVER BORO,01/29/2020,WE,1508,01,LITTLE SILVER PD,,0,0,0,0,P,I,N,N,03,2,LAUREL DR **,,,,13231080__,.00,07,,01,04,02,01,01,01,05,01,,AT,,MARKUM PL,,,,25,25,26,,,N,,141
20201323I-2020-001726,MONMOUTH,LITTLE SILVER BORO,02/06/2020,TH,1506,01,LITTLE SILVER PD,,0,0,0,0,P,B,N,N,01,2,MONMOUTH COUNTY 34,,34,,13000034__,1.52,05,,01,04,02,02,01,02,05,01,50,FE,W,HANCE ROAD,,,,40,25,26,,,N,,140
20201323I-2020-001729,MONMOUTH,LITTLE SILVER BORO,02/06/2020,TH,1551,01,LITTLE SILVER PD,,0,0,0,0,P,B,N,N,01,2,SILVERSIDE AVE,,,,13231113__,.04,07,,01,04,02,02,01,02,05,01,25,FE,E,FAIRVIEW AVE,,,,35,25,26,,,N,,129
20201323I-2020-001947,MONMOUTH,LITTLE SILVER BORO,02/11/2020,TU,1202,01,LITTLE SILVER PD,,0,0,0,0,P,I,N,N,01,2,MONMOUTH COUNTY 34,,34,,13000034__,1.01,05,,01,05,02,02,01,02,05,01,,AT,,HARRISON AVE,,,,40,25,26,,,N,,142
20201323I-2020-002128,MONMOUTH,LITTLE SILVER BORO,02/13/2020,TH,1803,01,LITTLE SILVER PD,,0,0,0,0,P,B,N,N,01,2,ROUTE 520,,520,,00000520__,18.03,05,,01,04,02,02,05,05,05,01,50,FE,E,CROSS ST,,,,40,25,26,,,N,,126
20201323I-2020-002303,MONMOUTH,LITTLE SILVER BORO,02/16/2020,SU,1347,01,LITTLE SILVER PD,,0,0,0,0,P,B,N,N,08,2,N SUNNYCREST DR **,,,,13231057__,.01,07,,01,04,02,01,01,01,05,01,60,FE,S,WHITE RD,,,,25,35,26,,,N,,120
20201323I-2020-002317,MONMOUTH,LITTLE SILVER BORO,02/16/2020,SU,1800,01,LITTLE SILVER PD,,0,0,0,0,P,B,N,N,12,1,WHITE RD,,,,13451114__,.58,07,,01,04,02,01,03,01,05,01,45,FE,W,N SUNNYCREST,,,,35,25,24,,,N,,139
20201323I-2020-002415,MONMOUTH,LITTLE SILVER BORO,02/18/2020,TU,1821,01,LITTLE SILVER PD,,0,0,0,0,P,I,N,N,09,2,KINGS RD **,,,,,,07,,01,04,02,01,05,01,05,01,,AT,,PROSPECT AVENUE,,,,25,30,26,40.336690,74.036450,N,,130
20201323I-2020-002630,MONMOUTH,LITTLE SILVER BORO,02/23/2020,SU,1152,01,LITTLE SILVER PD,,0,0,0,0,P,B,N,N,02,2,ROUTE 520,,520,,00000520__,18.63,05,,01,04,02,01,01,01,05,01,50,FE,W,HARDING RD,,,,35,35,26,,,N,NEW JERSEY AMERICAN WATER COMPANY FIRE HYDRANT,126
20201323I-2020-002669,MONMOUTH,LITTLE SILVER BORO,02/24/2020,MO,1454,01,LITTLE SILVER PD,,0,0,0,0,P,I,N,N,07,2,MONMOUTH COUNTY 13B I,,13,1,13000013B1,.11,05,,01,04,02,01,01,01,05,01,,AT,,PARKER AVE,,,,35,25,26,,,N,,142
20201323I-2020-002705,MONMOUTH,LITTLE SILVER BORO,02/25/2020,TU,1029,01,LITTLE SILVER PD,,0,0,0,0,P,B,N,N,01,2,WHITE RD,,,,13451114__,.81,07,,01,04,02,01,01,01,05,01,35,FE,W,CR 11 II / BRANCH AVE,,,,35,35,26,,,N,,139
20201323I-2020-002707,MONMOUTH,LITTLE SILVER BORO,02/25/2020,TU,1117,01,LITTLE SILVER PD,,0,0,0,0,P,B,N,N,11,1,SILVERSIDE AVE,,,,13231113__,.25,07,,01,04,02,01,01,01,05,01,50,FE,E,EDGEWOOD AVE,,,,35,25,62,,,N,FIRE HYDRANT  AMERICA WATER COMPANY  661 SHREWSBURY AVE  SHREWSBURY NJ  732-933?,142
20201323I-2020-002980,MONMOUTH,LITTLE SILVER BORO,03/02/2020,MO,1013,01,LITTLE SILVER PD,,0,0,0,0,P,B,N,N,01,3,MONMOUTH COUNTY 13B I,,13,1,13000013B1,.88,05,,01,04,02,01,01,01,05,01,5,FE,S,MARKHAM PL,,,,30,25,26,,,N,,143
20201323I-2020-003136,MONMOUTH,LITTLE SILVER BORO,03/05/2020,TH,1326,01,LITTLE SILVER PD,,0,0,0,0,P,B,N,N,01,2,WHITE RD,,,,13451114__,.82,07,,01,04,02,01,01,01,05,01,20,FE,W,CR 11 II / BRANCH AVE,,,,35,35,26,,,N,,142
20201323I-2020-003360,MONMOUTH,LITTLE SILVER BORO,03/10/2020,TU,1523,01,LITTLE SILVER PD,,0,1,0,0,I,B,N,N,01,3,ROUTE 520,,520,,00000520__,18.46,05,,01,04,02,01,01,01,05,01,75,FE,E,CR 13 B / CHURCH ST,,,,35,35,26,,,N,,140
20201323I-2020-003865,MONMOUTH,LITTLE SILVER BORO,03/27/2020,FR,1440,01,LITTLE SILVER PD,,0,0,0,0,P,B,N,N,11,1,MONMOUTH COUNTY 33,,33,,13000033__,1.88,05,,01,06,01,01,01,01,05,01,400,FE,S,SILVERSIDE AVE,,,,40,35,56,,,N,,140
20201323I-2020-003962,MONMOUTH,LITTLE SILVER BORO,03/31/2020,TU,0627,01,LITTLE SILVER PD,,0,0,0,0,P,B,N,N,12,1,ROUTE 520,,520,,00000520__,18.66,05,,01,04,02,01,02,01,05,01,100,FE,E,HARDING RD,,,,35,35,24,,,N,,142
20201323I-2020-004036,MONMOUTH,LITTLE SILVER BORO,04/02/2020,TH,1912,01,LITTLE SILVER PD,,0,0,0,0,P,I,N,N,12,1,ROUTE 520,,520,,00000520__,18.45,05,,01,04,02,01,03,01,05,01,,AT,,CR 13 B / CHURCH ST,,,,35,25,24,,,N,,141
20201323I-2020-004037,MONMOUTH,LITTLE SILVER BORO,04/02/2020,TH,1945,01,LITTLE SILVER PD,,0,0,0,0,P,B,N,N,12,1,ROUTE 520,,520,,00000520__,18.87,05,,01,04,02,01,06,01,05,01,25,FE,W,OAKES RD,,,,35,25,24,,,N,,141
20201323I-2020-004250,MONMOUTH,LITTLE SILVER BORO,04/11/2020,SA,0952,01,LITTLE SILVER PD,,0,0,0,0,P,B,N,N,08,2,MONMOUTH COUNTY 13B II,,13,2,13000013B2,.01,05,,01,04,02,01,01,01,05,01,50,FE,E,CR 13B / PROSPECT AVE,,,,35,30,28,,,N,,140
20201323I-2020-004253,MONMOUTH,LITTLE SILVER BORO,04/11/2020,SA,1719,01,LITTLE SILVER PD,,0,1,0,0,I,B,N,N,01,2,MONMOUTH COUNTY 13B I,,13,1,13000013B1,.52,05,,01,04,02,01,01,01,05,01,25,FE,W,LOVETT AVE,,,,35,25,26,,,N,,140
20201323I-2020-004425,MONMOUTH,LITTLE SILVER BORO,04/19/2020,SU,1644,01,LITTLE SILVER PD,,0,0,0,0,P,B,N,N,09,2,MONMOUTH COUNTY 11 II,,11,2,130000112_,2.33,05,,01,04,02,01,01,01,05,01,5,FE,S,ROUTE 520 / RUMSON RD,,,,35,35,26,,,N,,143
20201323I-2020-004598,MONMOUTH,LITTLE SILVER BORO,04/27/2020,MO,0824,01,LITTLE SILVER PD,,0,1,0,0,I,B,N,N,05,2,MONMOUTH COUNTY 33,,33,,13000033__,3.34,05,,01,04,02,02,01,05,05,01,10,FE,S,ROUTE 520 / RUMSON RD,,,,40,35,26,,,N,,143
20201323I-2020-004951,MONMOUTH,LITTLE SILVER BORO,05/11/2020,MO,0824,01,LITTLE SILVER PD,,0,1,0,0,I,I,N,N,14,1,MONMOUTH COUNTY 13B I,,13,1,13000013B1,.20,05,,01,04,02,01,01,01,05,01,,AT,,LITTLE SILVER POINT RD,,,,35,25,21,,,N,,131
20201323I-2020-005038,MONMOUTH,LITTLE SILVER BORO,05/14/2020,TH,1842,01,LITTLE SILVER PD,,0,0,0,0,P,B,N,N,08,2,MONMOUTH COUNTY 13B I,,13,1,13000013B1,1.09,05,,01,04,02,01,01,01,05,01,15,FE,S,ROUTE 520 / RUMSON RD,,,,30,35,26,,,N,,127
20201323I-2020-005109,MONMOUTH,LITTLE SILVER BORO,05/17/2020,SU,1337,01,LITTLE SILVER PD,,0,0,0,0,P,B,N,N,01,2,ROUTE 520,,520,,00000520__,18.66,05,,01,04,02,01,01,01,01,01,125,FE,E,HARDING RD,,,,35,35,26,,,N,,125
20201323I-2020-005204,MONMOUTH,LITTLE SILVER BORO,05/21/2020,TH,0755,01,LITTLE SILVER PD,,0,0,0,0,P,B,N,N,02,2,MONMOUTH COUNTY 13B II,,13,2,13000013B2,.19,05,,01,06,02,01,01,01,05,01,150,FE,E,CHURCH LN,,,,35,25,26,,,N,,125
20201323I-2020-005317,MONMOUTH,LITTLE SILVER BORO,05/25/2020,MO,1028,01,LITTLE SILVER PD,,0,0,0,0,P,B,N,N,99,1,SILVERTON AVE **,,,,13231036__,.00,07,,01,04,02,01,01,01,05,01,25,FE,W,ROUTE 520 / BRANCH AVE,,,,25,35,02,,,N,TREE ON THE CURB LINE OF 10 SILVERTON AVE,131
20201323I-2020-005350,MONMOUTH,LITTLE SILVER BORO,05/26/2020,TU,1337,01,LITTLE SILVER PD,,0,0,0,0,P,B,N,N,01,2,MONMOUTH COUNTY 33,,33,,13000033__,2.63,05,,01,04,02,01,01,01,05,01,25,FE,N,LITTLE SILVER POINT RD,,,,40,25,26,,,N,,125
20201323I-2020-005591,MONMOUTH,LITTLE SILVER BORO,06/02/2020,TU,1400,01,LITTLE SILVER PD,,0,0,0,0,P,B,N,N,01,2,AYERS LN **,,,,13231100__,.13,07,,01,04,02,01,01,01,05,01,10,FE,N,CR 11 II / OCEANPORT AVE,,,,25,35,26,,,N,,142
20201323I-2020-005592,MONMOUTH,LITTLE SILVER BORO,06/02/2020,TU,1434,01,LITTLE SILVER PD,,0,1,0,0,I,I,N,N,14,1,MONMOUTH COUNTY 11 II,,11,2,130000112_,2.16,05,,01,04,02,01,01,01,05,01,,AT,,MARKHAM PL,,,,35,25,21,,,N,,139
20201323I-2020-005621,MONMOUTH,LITTLE SILVER BORO,06/03/2020,WE,1444,01,LITTLE SILVER PD,,0,0,0,0,P,B,N,N,01,2,MONMOUTH COUNTY 11 II,,11,2,130000112_,2.67,05,,01,04,02,01,01,05,05,01,75,FE,S,ROUTE 520 / PINCKNEY RD,,,,35,35,26,,,N,,126
20201323I-2020-005714,MONMOUTH,LITTLE SILVER BORO,06/06/2020,SA,1859,01,LITTLE SILVER PD,,0,0,0,0,P,I,N,N,11,1,MONMOUTH COUNTY 13B I,,13,1,13000013B1,.00,05,,02,04,02,01,01,01,02,01,,AT,,CR 11 / BRANCH AVE,,,,35,40,56,,,N,,134
20201323I-2020-005800,MONMOUTH,LITTLE SILVER BORO,06/09/2020,TU,0916,01,LITTLE SILVER PD,,0,0,0,0,P,B,N,N,01,2,MONMOUTH COUNTY 11 II,,11,2,130000112_,1.08,05,,01,04,01,01,01,01,05,01,300,FE,S,TINTON PL,,,,35,25,26,,,N,,143