Year(4)-CountyCode(2)-MunicipalityCode(2)-CaseNumber(9),County Name,Municipality Name,Crash Date,Crash Day of Week,Crash Time,Police Department Code,Police Department,Police Station,Total Killed,Total Injured,Pedestrians Killed,Pedestrians Injured,Severity,Intersection,Alcohol Involved,Hazmat Involved,Crash Type,Total Vehicles,Location,Location Direction,Route,Route Suffix,Std Rte Identifier,MilePost,Road System,Road Character,Road Horizontal Alignment,Road Grade,Road Surface Type,Surface Condition,Light Condition,Environmental Condition,Road Divided By,Temporary Traffic Control Zone,Distance To Cross Street,Unit Of Measurement,Direction From Cross Street,Cross Street Name,Is Ramp,Ramp To/From Route Name,Ramp To/From Route Direction,Posted Speed,Posted Speed Cross Street,First Harmful Event,Latitude,Longitude,Cell Phone In Use Flag,Other Property Damage,Reporting Badge No.
20201323I-2020-012663,MONMOUTH,LITTLE SILVER BORO,11/21/2020,SA,1119,01,LITTLE SILVER PD,,0,0,0,0,P,B,N,N,09,2,MARKHAM PL **,,,,13231074__,.36,07,,01,04,02,01,01,01,05,01,5,FE,E,CR 11 II / BRANCH AVE,,,,25,35,26,,,N,,142
20201323I-2020-012736,MONMOUTH,LITTLE SILVER BORO,11/23/2020,MO,1353,01,LITTLE SILVER PD,,0,1,0,0,I,B,N,N,01,2,MONMOUTH COUNTY 13B II,,13,2,13000013B2,.30,05,,01,04,02,01,01,01,05,01,10,FE,W,ROUTE 520 / RUMSON RD,,,,35,35,26,,,N,,130
20201323I-2020-012755,MONMOUTH,LITTLE SILVER BORO,11/24/2020,TU,0841,01,LITTLE SILVER PD,,0,0,0,0,P,B,N,N,01,2,MONMOUTH COUNTY 11 II,,11,2,130000112_,2.15,05,,01,04,02,01,01,01,05,01,50,FE,S,MARKHAM PL,,,,35,25,26,,,N,,134
20201323I-2020-012778,MONMOUTH,LITTLE SILVER BORO,11/25/2020,WE,1159,01,LITTLE SILVER PD,,0,1,0,0,I,I,N,N,03,4,ROUTE 520,,520,,00000520__,17.91,05,,01,04,02,01,01,01,05,01,,AT,,RUSTIC TER,,,,35,25,26,,,N,,142
20201323I-2020-012802,MONMOUTH,LITTLE SILVER BORO,11/26/2020,TH,1831,01,LITTLE SILVER PD,,0,0,0,0,P,I,Y,N,07,2,ROUTE 520,,520,,00000520__,18.60,05,,01,04,02,01,06,01,05,01,,AT,,CR 33 / SEVEN BRIDGES RD,,,,35,40,26,,,N,,143
20201323I-2020-012936,MONMOUTH,LITTLE SILVER BORO,12/01/2020,TU,1750,01,LITTLE SILVER PD,,0,0,0,0,P,B,N,N,06,2,FAIRVIEW AVE **,,,,13231098__,.14,07,,01,04,02,01,06,01,05,01,50,FE,N,TINTON PL,,,,25,25,28,,,N,,142
20201323I-2020-013214,MONMOUTH,LITTLE SILVER BORO,12/09/2020,WE,0910,01,LITTLE SILVER PD,,0,2,0,0,I,B,N,N,07,3,ROUTE 520,,520,,00000520__,17.24,05,,01,04,02,01,01,01,05,01,200,FE,E,SILVERWHITE AVE.,,,,35,25,26,,,N,,142
20201323I-2020-013343,MONMOUTH,LITTLE SILVER BORO,12/12/2020,SA,1705,01,LITTLE SILVER PD,,0,0,0,0,P,I,N,N,07,2,ROUTE 520,,520,,00000520__,18.60,05,,01,04,02,01,03,01,05,01,,AT,,CR 33 / SEVEN BRIDGES RD,,,,35,40,26,,,N,,117
20201323I-2020-013424,MONMOUTH,LITTLE SILVER BORO,12/15/2020,TU,1249,01,LITTLE SILVER PD,,0,0,0,0,P,I,N,N,03,2,ROUTE 520,,520,,00000520__,18.95,05,,01,04,02,01,01,01,05,05,,AT,S,HANCE RD,,,,35,25,26,,,N,,127
20201323I-2020-013728,MONMOUTH,LITTLE SILVER BORO,12/23/2020,WE,1339,01,LITTLE SILVER PD,,0,0,0,0,P,B,N,N,01,2,SILVERSIDE AVE,,,,13231113__,.89,07,,01,04,02,01,01,01,05,01,10,FE,W,CR 33 / SEVEN BRIDGE RD,,,,35,40,26,,,N,,140
20201323I-2020-013880,MONMOUTH,LITTLE SILVER BORO,12/28/2020,MO,0656,01,LITTLE SILVER PD,,0,0,0,0,P,B,N,N,01,2,MONMOUTH COUNTY 33,,33,,13000033__,3.22,05,,01,05,02,01,02,01,05,01,20,FE,S,PIRATES COVE,,,,40,25,26,,,N,,140
20201323I-2020-013952,MONMOUTH,LITTLE SILVER BORO,12/30/2020,WE,1022,01,LITTLE SILVER PD,,0,0,0,0,P,B,N,N,11,1,1 HARRISON AVE (PARKING LOT),,,,,,09,,01,04,02,01,01,01,05,01,,,,,,,,,,69,,,N,THE REAR OF THE TRUCK STRUCK THE END OF THE BUILDING CAUSING DAMAGE TO THE SIDI?,141
20201323I-20202-002674,MONMOUTH,LITTLE SILVER BORO,02/24/2020,MO,1927,01,LITTLE SILVER PD,,0,0,0,0,P,B,N,N,12,1,MONMOUTH COUNTY 13B II,,13,2,13000013B2,.27,05,,01,05,02,01,06,01,05,01,75,FE,W,QUEENS LN,,,,35,25,25,,,N,,140
20201323I-20290-005425,MONMOUTH,LITTLE SILVER BORO,05/28/2020,TH,1354,01,LITTLE SILVER PD,,0,0,0,0,P,B,N,N,06,2,ROUTE 520,,520,,00000520__,17.39,05,,01,04,02,02,01,02,05,01,50,FE,W,SALEM LN,,,,35,25,28,,,N,,134
20201324LAPD2020-000044,MONMOUTH,LOCH ARBOUR VILLAGE,01/10/2020,FR,1448,01,DEAL PD,,0,0,0,0,P,I,N,N,01,2,OCEAN AVE,S,,,13031088__,1.10,07,,01,04,02,01,01,01,04,01,,AT,S,EDGEMONT RD,,,,25,25,26,,,N,,125
20201324LAPD2020-000486,MONMOUTH,LOCH ARBOUR VILLAGE,05/08/2020,FR,1818,01,DEAL PD,,0,0,0,0,P,I,N,N,03,2,NJ 71,N,71,,00000071__,9.47,02,,02,04,02,01,01,05,04,01,,AT,W,EDGEMONT AVE,,,,35,25,26,,,N,,143
20201324LAPD2020-000627,MONMOUTH,LOCH ARBOUR VILLAGE,06/08/2020,MO,2304,01,DEAL PD,LOCH ARBOUR,0,1,0,0,I,B,N,N,06,2,NJ 71,N,71,,00000071__,9.55,02,,01,04,02,01,06,01,04,01,100,FE,S,EUCLID AVE,,,,35,,28,,,N,,142
20201324LAPD2020-000730,MONMOUTH,LOCH ARBOUR VILLAGE,06/28/2020,SU,0811,01,DEAL PD,BOROUGH OF DEA?,0,0,0,0,P,I,N,N,07,2,OCEAN AVE,S,,,13031088__,1.22,07,,01,04,02,01,01,01,04,01,,AT,,EUCLID AVE,,,,25,25,26,,,N,,138
20201324LAPD2020-000825,MONMOUTH,LOCH ARBOUR VILLAGE,07/13/2020,MO,0830,01,DEAL PD,LAPD,0,0,0,0,P,B,N,N,01,2,EUCLID AVE **,W,,,13241005__,.33,07,,01,04,01,01,01,01,05,01,50,FE,E,NJ 71 / NORWOOD AVE,,,,25,35,26,,,N,,141
20201324LAPD2020-001003,MONMOUTH,LOCH ARBOUR VILLAGE,08/10/2020,MO,1525,01,DEAL PD,LOCH ARBOUR,0,1,0,0,I,B,N,N,06,3,OCEAN AVE,N,,,13031088__,1.23,07,,01,04,02,01,01,01,05,01,50,FE,N,EUCLID AVE,,,,25,25,28,,,N,VEHICLE 3 ATTACHED TO REPORT,143
20201324LAPD2020-001019,MONMOUTH,LOCH ARBOUR VILLAGE,08/12/2020,WE,2020,01,DEAL PD,,0,1,0,0,I,I,N,N,01,2,OCEAN AVE,S,,,13031088__,1.10,07,,01,04,02,01,06,01,04,01,,AT,,EDGEMONT RD,,,,25,25,26,,,N,,130
20201324LAPD2020-001041,MONMOUTH,LOCH ARBOUR VILLAGE,08/15/2020,SA,2141,01,DEAL PD,LA,0,0,0,0,P,I,N,N,03,2,NJ 71,N,71,,00000071__,9.57,02,,01,04,02,01,06,01,05,01,,AT,W,EUCLID AVE,,,,35,25,26,,,N,,139
20201324LAPD2020-001084,MONMOUTH,LOCH ARBOUR VILLAGE,08/21/2020,FR,1739,01,DEAL PD,,0,0,0,0,P,I,N,N,14,1,EDGEMONT DRIVE,,,,,,07,,02,04,02,01,01,01,04,01,,AT,,,,,,25,,21,40.231760,73.998410,N,,130
20201324LAPD2020-001128,MONMOUTH,LOCH ARBOUR VILLAGE,08/27/2020,TH,1302,01,DEAL PD,LAPD,0,0,0,0,P,I,N,N,09,2,EDGEMONT AVE **,W,,,13241006__,.49,07,,01,04,02,01,01,01,05,01,,AT,S,MAIN ST,,,,25,25,26,,,N,,138
20201324LAPD2020-001477,MONMOUTH,LOCH ARBOUR VILLAGE,11/12/2020,TH,0602,01,DEAL PD,LOCH ARBOUR,0,0,0,0,P,B,N,N,06,2,EDGEMONT AVE **,W,,,13241006__,.11,07,,03,04,02,02,06,02,04,01,125,FE,E,EUCLID AVE,,,,25,25,26,,,N,,143
2020132520;B01068,MONMOUTH,LONG BRANCH CITY,01/12/2020,SU,1417,01,LONG BRANCH PD,MUNICIPAL,0,1,0,0,I,I,Y,N,07,2,BROADWAY,E,,,13251351__,1.25,07,,01,04,02,01,01,01,05,,,AT,W,LIBERTY ST / MEMORIAL PKWY,,,,25,25,26,40.304710,73.985670,N,,25365
2020132520;B04930,MONMOUTH,LONG BRANCH CITY,02/24/2020,MO,2312,01,LONG BRANCH PD,MUNICIPAL,0,0,0,0,P,I,N,N,11,1,ROUTE 547,,547,,00000547__,30.36,05,,01,04,02,01,06,01,05,,,AT,E,CR 29 / MYRTLE AVE,,,,25,25,52,40.298550,74.006900,N,,25314
2020132520LB00224,MONMOUTH,LONG BRANCH CITY,01/03/2020,FR,1020,01,LONG BRANCH PD,MUNICIPAL,0,0,0,0,P,B,N,N,08,2,COLUMBIA AVE **,E,,,13251285__,.20,07,,01,04,02,02,01,05,05,,250,FE,W,WEST ST,,,,25,25,28,40.322940,73.981350,N,,25360
2020132520LB00358,MONMOUTH,LONG BRANCH CITY,01/04/2020,SA,2124,01,LONG BRANCH PD,MUNICIPAL,0,1,0,0,I,I,N,N,03,2,NJ 36,E,36,,00000036__,4.56,02,,01,04,02,02,06,05,05,,,AT,,EDWARDS AVE,,,,35,25,26,,,N,,25379
2020132520LB00427,MONMOUTH,LONG BRANCH CITY,01/05/2020,SU,1457,01,LONG BRANCH PD,MUNICIPAL,0,1,0,0,I,I,N,N,01,2,BROADWAY,E,,,13251351__,.19,07,,01,04,02,01,01,01,05,,,AT,E,GRAND AVE,,,,25,25,26,,,N,,25372
2020132520LB00680,MONMOUTH,LONG BRANCH CITY,01/08/2020,WE,0730,01,LONG BRANCH PD,MUNICIPAL,0,0,0,0,P,B,N,N,08,2,S FIFTH ST **,S,,,13251214__,.27,07,,01,04,02,04,01,01,05,,100,FE,N,ROUTE 537 / BROADWAY,,,,25,25,26,40.306150,73.991170,N,,25362
2020132520LB00959,MONMOUTH,LONG BRANCH CITY,01/11/2020,SA,0318,01,LONG BRANCH PD,MUNICIPAL,0,0,0,0,P,B,N,N,06,4,MONMOUTH COUNTY 57,,57,,13000057__,.07,05,,01,04,02,01,06,01,05,,20,FE,N,NEW CT,,,,30,25,28,40.283450,73.984420,N,JCP&L POLE JC1470LB,25310
2020132520LB00992,MONMOUTH,LONG BRANCH CITY,01/11/2020,SA,1716,01,LONG BRANCH PD,MUNICIPAL,0,1,0,0,I,I,N,N,01,2,MONMOUTH COUNTY 57,S,57,,13000057__,.00,05,,01,04,02,01,06,01,04,,,AT,N,CR 25 / CEDAR AVE,,,,40,40,26,40.281550,73.999970,N,,25372
2020132520LB01050,MONMOUTH,LONG BRANCH CITY,01/19/2020,SU,0929,01,LONG BRANCH PD,MUNICIPAL,0,2,0,0,I,I,N,N,03,2,NJ 36,W,36,,00000036__,5.24,02,,01,04,02,01,01,01,05,,,AT,,LIBERTY ST,,,,35,25,26,,,N,,25299
2020132520LB01054,MONMOUTH,LONG BRANCH CITY,01/12/2020,SU,1135,01,LONG BRANCH PD,MUNICIPAL,0,1,0,0,I,I,N,N,03,2,N SECOND AVE / SECOND AVE / UNION AVE **,S,,,13251099__,1.50,07,,01,04,02,01,01,01,05,,,AT,,GARFIELD AVE,,,,25,25,26,,,N,,25361
2020132520LB01740,MONMOUTH,LONG BRANCH CITY,01/19/2020,SU,1209,01,LONG BRANCH PD,MUNICIPAL,0,0,0,0,P,I,N,N,02,2,THIRD AVE,S,,,13251126__,.05,07,,01,04,02,01,01,01,05,,,AT,,CHELSEA AVE,,,,25,25,26,,,N,,25361
2020132520LB01813,MONMOUTH,LONG BRANCH CITY,01/20/2020,MO,1404,01,LONG BRANCH PD,MUNICIPAL,0,1,0,0,I,I,N,N,01,2,NJ 71,,71,,00000071__,12.40,02,,01,04,02,01,01,01,05,,,AT,,PERRINE AVE,,,,35,25,26,,,N,,25325
2020132520LB01932,MONMOUTH,LONG BRANCH CITY,01/21/2020,TU,2111,01,LONG BRANCH PD,MUNICIPAL,0,0,0,0,P,B,Y,N,06,2,ALLEN PL **,W,,,13251216__,.15,07,,01,04,02,01,06,01,05,,50,FE,E,ROCKWELL AVE,,,,25,25,28,40.313050,73.994020,N,,25320
2020132520LB02005,MONMOUTH,LONG BRANCH CITY,01/22/2020,WE,1514,01,LONG BRANCH PD,MUNICIPAL,0,1,0,0,I,B,N,N,11,1,HOLLYWOOD AVE **,,,,13251303__,.10,07,,01,04,02,01,01,01,05,,50,FE,E,WESTWOOD AVE,,,,25,25,,40.286060,73.997890,N,,25316
2020132520LB02245,MONMOUTH,LONG BRANCH CITY,01/24/2020,FR,2122,01,LONG BRANCH PD,MUNICIPAL,0,0,0,0,P,I,N,N,03,2,MONMOUTH COUNTY 25 I,,25,1,130000251_,.68,05,,01,04,02,01,06,01,05,,,AT,,CIOFFI PL,,,,30,,26,40.281550,73.999970,N,,25316
2020132520LB02406,MONMOUTH,LONG BRANCH CITY,01/27/2020,MO,0946,01,LONG BRANCH PD,MUNICIPAL,0,1,0,0,I,B,N,N,03,2,CHELSEA AVE **,E,,,13251137__,.45,07,,01,04,02,01,01,01,05,,40,FE,W,S FIFTH AVE,,,,25,25,69,40.300600,73.990200,N,270 CHELSEA AVE. FRONT CONCRETE RETAINING WALL CRACKED.,25276
2020132520LB02619,MONMOUTH,LONG BRANCH CITY,01/29/2020,WE,1316,01,LONG BRANCH PD,LONG BRANCH,0,1,0,0,I,I,N,N,11,1,MONMOUTH COUNTY 25 I,N,25,1,130000251_,.86,05,,01,04,02,01,01,01,05,,,AT,,2ND AVE,,,,25,35,52,40.281530,73.987060,N,SUPPORT WIRE TO POLE # BT 75008,25352
2020132520LB02632,MONMOUTH,LONG BRANCH CITY,01/29/2020,WE,1625,01,LONG BRANCH PD,MUNICIPAL,0,0,0,0,P,I,N,N,01,2,NJ 36,W,36,,00000036__,4.84,02,,01,04,02,01,01,01,05,,,AT,,LIPPONCOTT AVE / SPRUCE ST,,,,35,25,26,40.308750,73.995700,N,,25371
2020132520LB02924,MONMOUTH,LONG BRANCH CITY,02/01/2020,SA,1614,01,LONG BRANCH PD,MUNICIPAL,0,0,0,0,P,B,N,N,01,2,MONMOUTH COUNTY 25 II,,25,2,130000252_,.78,05,,01,04,02,02,01,01,05,,30,FE,S,CR 32 / WALL ST,,,,30,25,26,40.293200,74.001360,N,,25327
2020132520LB03074,MONMOUTH,LONG BRANCH CITY,02/03/2020,MO,1153,01,LONG BRANCH PD,,0,0,0,0,P,I,N,N,02,2,MONMOUTH COUNTY 57,S,57,,13000057__,1.09,05,,01,04,02,01,01,01,02,,,AT,,PAVILION AVE,,,,45,25,26,40.281700,73.984690,N,,25276
2020132520LB03124,MONMOUTH,LONG BRANCH CITY,02/03/2020,MO,2329,01,LONG BRANCH PD,MUNICIPAL,0,0,0,0,P,I,Y,N,03,2,LINCOLN AVE **,,,,13251028__,.00,07,,01,04,02,01,06,01,05,,,AT,,OCEAN AVE,,,,35,25,26,40.268670,74.987720,N,,25310
2020132520LB03223,MONMOUTH,LONG BRANCH CITY,02/05/2020,WE,0821,01,LONG BRANCH PD,MUNICIPAL,0,0,0,0,P,B,N,N,01,2,NJ 36,E,36,,00000036__,5.00,02,,01,04,02,02,01,01,05,,300,FE,W,ROCKWELL AVE,,,,25,25,26,40.310150,73.991480,N,,25365
2020132520LB03727,MONMOUTH,LONG BRANCH CITY,02/10/2020,MO,1917,01,LONG BRANCH PD,MUNICIPAL,0,0,0,0,P,I,N,N,03,2,LAIRD ST,E,,,,,07,,01,04,02,02,06,02,05,,,AT,,LANDMARK PL,,,,25,25,26,40.303100,73.980510,N,,25376
2020132520LB03806,MONMOUTH,LONG BRANCH CITY,02/11/2020,TU,1747,01,LONG BRANCH PD,MUNICIPAL,0,0,0,0,P,B,N,N,06,2,LIBERTY ST / MEMORIAL  PKWY **,,,,13251223__,.79,07,,01,04,02,01,07,01,05,,10,FE,N,ALATMO TER,,,,25,25,28,40.312270,73.988720,N,,25377
2020132520LB04072,MONMOUTH,LONG BRANCH CITY,02/14/2020,FR,1246,01,LONG BRANCH PD,MUNICIPAL,0,0,0,0,P,B,N,N,06,2,BROADWAY,,,,13251351__,1.24,07,,01,04,02,01,01,01,05,,50,FE,W,LIBERTY ST / MEMORIAL PKWY,,,,25,25,28,40.304520,73.986000,N,,25325
2020132520LB04113,MONMOUTH,LONG BRANCH CITY,02/15/2020,SA,0207,01,LONG BRANCH PD,MUNICIPAL,0,0,0,0,P,B,Y,N,06,2,WAVERLY PL **,,,,13251163__,.00,07,,01,04,02,01,06,01,05,,15,FE,W,SPRINGDALE AVE,,,,25,25,28,40.294160,73.997830,N,,25314
2020132520LB04129,MONMOUTH,LONG BRANCH CITY,02/15/2020,SA,1010,01,LONG BRANCH PD,MUNICIPAL,0,0,0,0,P,B,N,N,06,2,BRIGHTON AVE,W,,,13251311__,1.00,07,,01,04,02,01,01,01,05,,300,FE,W,CR 57 / OCEAN AVE,,,,25,25,28,40.284630,73.985600,N,,25351
2020132520LB04174,MONMOUTH,LONG BRANCH CITY,02/16/2020,SU,0025,01,LONG BRANCH PD,MUNICIPAL,0,0,0,0,P,B,Y,N,11,1,MONMOUTH COUNTY 25 II,,25,2,130000252_,.35,05,,03,04,02,01,06,01,05,,300,FE,N,HOLLYWOOD AVE,,,,40,25,52,,,N,WOODEN UTILITY POLE # 295 WLB,25314
2020132520LB04256,MONMOUTH,LONG BRANCH CITY,02/17/2020,MO,0831,01,LONG BRANCH PD,MUNICIPAL,0,1,0,0,I,I,N,N,03,2,BROOKDALE AVE / HOLLYWOOD AVE **,W,,,13251066__,.13,07,,01,04,02,01,01,01,05,,,AT,,WESTWOOD AVE,,,,25,25,26,40.287020,73.998050,N,,25351
2020132520LB04371,MONMOUTH,LONG BRANCH CITY,02/18/2020,TU,1557,01,LONG BRANCH PD,MUNICIPAL,0,0,0,0,P,B,N,N,02,2,MONMOUTH COUNTY 29,,29,,13000029__,1.43,05,,01,04,02,01,01,01,05,,50,FE,E,6TH AVE,,,,35,25,26,40.313350,73.995730,N,,25377
2020132520LB04662,MONMOUTH,LONG BRANCH CITY,02/21/2020,FR,1813,01,LONG BRANCH PD,MUNICIPAL,0,0,0,0,P,B,N,N,01,2,NJ 36,,36,,00000036__,4.99,02,,01,04,02,01,06,01,05,,50,FE,W,N FIFTH AVE,,,,35,25,26,40.309780,73.992630,N,,25340
2020132520LB04735,MONMOUTH,LONG BRANCH CITY,02/22/2020,SA,1549,01,LONG BRANCH PD,MUNICIPAL,0,1,0,0,I,I,N,N,01,2,NJ 36,,36,,00000036__,4.43,02,,01,04,02,01,01,01,05,,,AT,,WASHINGTON ST,,,,35,25,26,40.306790,74.002230,N,,25373
2020132520LB04752,MONMOUTH,LONG BRANCH CITY,02/22/2020,SA,1938,01,LONG BRANCH PD,MUNICIPAL,0,0,0,0,P,I,N,N,01,2,NJ 36,,36,,00000036__,4.79,02,,01,04,02,01,06,01,05,,,AT,,LUDLOW ST,,,,35,25,26,40.308700,73.996310,N,,25340
2020132520LB04820,MONMOUTH,LONG BRANCH CITY,02/23/2020,SU,1808,01,LONG BRANCH PD,MUNICIPAL,0,0,0,0,P,B,N,N,11,1,BATH AVE / N BATH AVE,E,,,13251314__,.43,07,,01,04,02,01,06,01,05,,15,FE,W,PROSPECT ST,,,,25,25,52,40.295980,73.996670,N,UTILITY POLE #40905LB VERIZON,25371
2020132520LB04863,MONMOUTH,LONG BRANCH CITY,02/24/2020,MO,0957,01,LONG BRANCH PD,MUNICIPAL,0,0,0,0,P,I,N,N,08,2,THIRD AVE,,,,13251126__,.55,07,,01,04,02,01,01,01,05,,,AT,,BATH AVE,,,,25,25,26,40.292530,73.985450,N,,25352
2020132520LB04999,MONMOUTH,LONG BRANCH CITY,02/25/2020,TU,1820,01,LONG BRANCH PD,MUNICIPAL,0,0,0,0,P,B,N,N,08,2,ART ST **,,,,13251186__,.15,07,,01,04,02,02,07,02,05,,200,FE,W,GRAND AVE,,,,25,25,28,40.302250,74.006620,N,,25377
2020132520LB05039,MONMOUTH,LONG BRANCH CITY,02/26/2020,WE,0753,01,LONG BRANCH PD,MUNICIPAL,0,0,0,0,P,B,N,N,01,2,MONMOUTH COUNTY 25 I,W,25,1,130000251_,.13,05,,01,04,02,02,01,02,04,,200,FE,E,CR 25 / NORWOOD AVE,,,,35,35,26,40.281650,74.001600,N,,25311
2020132520LB05091,MONMOUTH,LONG BRANCH CITY,02/26/2020,WE,1900,01,LONG BRANCH PD,MUNICIPAL,0,2,0,0,I,I,N,N,01,2,BATH AVE / N BATH AVE,N,,,13251314__,.36,07,,01,04,02,02,05,02,05,,,AT,,SPRINGDALE AVE,,,,25,25,26,40.296510,73.997110,N,,25366
2020132520LB05295,MONMOUTH,LONG BRANCH CITY,02/28/2020,FR,1824,01,LONG BRANCH PD,MUNICIPAL,0,0,0,0,P,I,N,N,03,2,BROADWAY,E,,,13251351__,1.39,07,,02,04,02,01,06,01,05,,,AT,,SECOND ST / SOUTH BROADWAY,,,,25,25,26,,,N,,25379
2020132520LB05474,MONMOUTH,LONG BRANCH CITY,03/01/2020,SU,1938,01,LONG BRANCH PD,MUNICIPAL,0,0,0,0,P,B,N,N,06,2,POOLE AVE **,,,,13251152__,.25,07,,01,04,01,01,05,01,05,,0,FE,E,WESTWOOD AVE,,,,25,25,28,40.296670,73.992050,N,,25366
2020132520LB05480,MONMOUTH,LONG BRANCH CITY,03/01/2020,SU,2040,01,LONG BRANCH PD,MUNICIPAL,0,0,0,0,P,B,N,N,11,1,MONMOUTH COUNTY 57,N,57,,13000057__,1.20,05,,01,04,02,01,06,01,05,,5,FE,E,MORRIS AVE,,,,25,25,69,40.299150,73.979050,N,DESTRUCTION OF OUTDOOR PLANT VASE (OWNER: PIER VILLAGE),25378
2020132520LB05568,MONMOUTH,LONG BRANCH CITY,03/03/2020,TU,0713,01,LONG BRANCH PD,MUNICIPAL,0,1,0,0,I,I,N,N,03,2,BATH AVE / N BATH AVE,,,,13251314__,.13,07,,01,04,02,01,01,01,05,,,AT,,PEARL ST,,,,25,25,,,,N,DAMAGE WAS CAUSED BY V2 WHICH STOPPED ON TOP OF HEDGES OF 500 BATH FRONT YARD,25276
2020132520LB05683,MONMOUTH,LONG BRANCH CITY,03/03/2020,TU,1908,01,LONG BRANCH PD,MUNICIPAL,0,1,0,0,I,I,N,N,01,4,BROADWAY,E,,,13251351__,.13,07,,01,04,02,01,06,01,05,,,AT,,GROVE ST,,,,25,25,26,40.299270,74.004720,N,,
2020132520LB05769,MONMOUTH,LONG BRANCH CITY,03/04/2020,WE,1958,01,LONG BRANCH PD,MUNICIPAL,0,0,0,0,P,I,N,N,01,2,MONMOUTH COUNTY 57,N,57,,13000057__,1.50,05,,01,04,02,01,06,01,02,,,AT,S,1ST AVE / GARFIELD AVE,,,,35,25,26,40.302760,73.980740,N,,25374
2020132520LB05917,MONMOUTH,LONG BRANCH CITY,03/06/2020,FR,1223,01,LONG BRANCH PD,MUNICIPAL,0,0,0,0,P,I,N,N,03,2,BROADWAY,,,,13251351__,.00,07,,01,04,02,02,01,02,05,,,AT,,CR 29A / MYRTLE AVE,,,,25,25,26,40.298770,74.007130,N,,25373
2020132520LB06011,MONMOUTH,LONG BRANCH CITY,03/07/2020,SA,2000,01,LONG BRANCH PD,MUNICIPAL,0,0,0,0,P,B,N,N,02,2,THIRD AVE,E,,,13251126__,.03,07,,01,04,02,01,07,01,05,,100,FE,S,CHELSEA AVE,,,,25,25,26,40.300910,73.987380,N,,25365
2020132520LB06080,MONMOUTH,LONG BRANCH CITY,03/08/2020,SU,1627,01,LONG BRANCH PD,MUNICIPAL,0,0,0,0,P,B,N,N,03,2,MARKET PL **,,,,13251098__,.02,07,,01,04,02,01,01,01,05,,100,FE,N,CR 25 I / CEDAR AVE,,,,25,25,26,40.283110,73.989120,N,,25316
2020132520LB06086,MONMOUTH,LONG BRANCH CITY,03/08/2020,SU,1801,01,LONG BRANCH PD,MUNICIPAL,0,0,0,0,P,B,Y,N,08,2,DIVISION ST **,N,,,13251148__,.10,07,,01,04,02,01,01,01,05,,10,FE,N,TRINITY WAY,,,,25,25,28,40.298440,73.995890,N,,25371
2020132520LB06277,MONMOUTH,LONG BRANCH CITY,03/10/2020,TU,1644,01,LONG BRANCH PD,MUNICIPAL,0,1,0,0,I,B,Y,N,06,2,HIGH ST **,W,,,13251164__,.34,07,,01,04,01,01,01,01,05,,50,FE,E,WARDELL PL,,,,25,25,28,40.293000,74.000500,N,,25371
2020132520LB06507,MONMOUTH,LONG BRANCH CITY,03/13/2020,FR,1504,01,LONG BRANCH PD,MUNICIPAL,0,0,0,0,P,I,N,N,03,2,NJ 36,,36,,00000036__,4.33,02,,01,04,02,01,01,01,05,,,AT,,BRANCHPORT AVE,,,,25,35,26,40.306050,74.004160,N,,25376
2020132520LB06834,MONMOUTH,LONG BRANCH CITY,03/19/2020,TH,1609,01,LONG BRANCH PD,MUNICIPAL,0,0,0,0,P,B,N,N,08,2,CENTRAL AVE **,,,,13251219__,.26,07,,01,04,02,01,01,01,05,,15,FE,E,ELLIS AVE,,,,25,25,28,40.309550,73.985040,N,,25377
2020132520LB06887,MONMOUTH,LONG BRANCH CITY,03/20/2020,FR,1302,01,LONG BRANCH PD,MUNICIPAL,0,0,0,0,P,I,N,N,03,2,NJ 36,E,36,,00000036__,5.00,02,,01,04,02,01,01,01,05,,,AT,,N FIFTH AVE,,,,35,25,26,,,N,,25361
2020132520LB07296,MONMOUTH,LONG BRANCH CITY,03/27/2020,FR,1728,01,LONG BRANCH PD,MUNICIPAL,0,0,0,0,P,B,N,N,01,2,NJ 36,E,36,,00000036__,5.00,02,,01,04,02,01,01,,05,,10,FE,E,N FIFTH AVE,,,,35,25,26,40.309800,73.992640,N,,25378
2020132520LB08044,MONMOUTH,LONG BRANCH CITY,04/09/2020,TH,2057,01,LONG BRANCH PD,MUNICIPAL,0,0,0,0,P,B,Y,N,01,2,WESTWOOD AVE,S,,,13251312__,1.24,07,,01,04,02,01,06,01,05,,100,FE,S,MORRIS AVE,,,,25,25,26,40.297560,73.989430,N,,25359
2020132520LB08174,MONMOUTH,LONG BRANCH CITY,04/12/2020,SU,0033,01,LONG BRANCH PD,MUNICIPAL,0,0,0,0,P,B,N,N,11,1,TABOR ST **,W,,,13251158__,.07,07,,01,04,02,01,05,01,05,,50,FE,W,WESTBOURNE AVE,,,,25,25,52,40.296600,74.002320,N,JCP&L POLE JC1836/499 TABOR ST. SERVICE LINES ATTACHED TO HOUSE,25342