Year(4)-CountyCode(2)-MunicipalityCode(2)-CaseNumber(9),County Name,Municipality Name,Crash Date,Crash Day of Week,Crash Time,Police Department Code,Police Department,Police Station,Total Killed,Total Injured,Pedestrians Killed,Pedestrians Injured,Severity,Intersection,Alcohol Involved,Hazmat Involved,Crash Type,Total Vehicles,Location,Location Direction,Route,Route Suffix,Std Rte Identifier,MilePost,Road System,Road Character,Road Horizontal Alignment,Road Grade,Road Surface Type,Surface Condition,Light Condition,Environmental Condition,Road Divided By,Temporary Traffic Control Zone,Distance To Cross Street,Unit Of Measurement,Direction From Cross Street,Cross Street Name,Is Ramp,Ramp To/From Route Name,Ramp To/From Route Direction,Posted Speed,Posted Speed Cross Street,First Harmful Event,Latitude,Longitude,Cell Phone In Use Flag,Other Property Damage,Reporting Badge No.
2020132520LB17077,MONMOUTH,LONG BRANCH CITY,07/27/2020,MO,1516,01,LONG BRANCH PD,MUNICIPAL,0,0,0,0,P,B,N,N,02,2,WESTEND AVE **,E,,,13251103__,.97,07,,01,04,02,01,01,01,05,,200,FE,E,SECOND AVE,,,,25,25,26,40.283660,73.986100,N,,25351
2020132520LB17108,MONMOUTH,LONG BRANCH CITY,07/27/2020,MO,2151,01,LONG BRANCH PD,MUNICIPAL,0,9,0,0,I,I,N,N,03,3,N SECOND AVE / SECOND AVE / UNION AVE **,N,,,13251099__,.64,07,,01,04,02,01,06,01,05,,,AT,,COTTAGE PL,,,,25,25,26,40.290240,73.983830,N,,
2020132520LB17409,MONMOUTH,LONG BRANCH CITY,07/30/2020,TH,2148,01,LONG BRANCH PD,MUNICIPAL,0,1,0,0,I,B,N,N,11,1,HOLLYWOOD AVE **,E,,,13251303__,.27,07,,01,04,01,01,07,01,04,,100,FE,E,CR 25 II,,,,25,,52,40.285860,74.002420,N,UTILITY POLE JC2167LBJCP&L,25366
2020132520LB17436,MONMOUTH,LONG BRANCH CITY,07/31/2020,FR,0600,01,LONG BRANCH PD,MUNICIPAL,0,0,0,0,P,B,N,N,06,4,SPRINGDALE AVE / WINTER ST **,S,,,,,07,,01,04,02,02,01,02,05,,100,FE,,WESTBOURNE AVE,,,,25,25,28,40.295090,73.998250,N,,
2020132520LB17451,MONMOUTH,LONG BRANCH CITY,07/31/2020,FR,1036,01,LONG BRANCH PD,MUNICIPAL,0,0,0,0,P,I,N,N,03,2,MONMOUTH COUNTY 25 I,W,25,1,130000251_,.53,05,,01,04,02,02,01,02,02,,,AT,W,HOEY AVE,,,,25,25,26,40.280870,73.993330,N,,25313
2020132520LB17531,MONMOUTH,LONG BRANCH CITY,08/01/2020,SA,0930,01,LONG BRANCH PD,MUNICIPAL,0,3,0,0,I,I,N,N,02,2,BROADWAY,W,,,13251351__,1.15,07,,01,04,02,01,01,01,05,,,AT,,THIRD AVE,,,,25,25,26,40.304560,73.988460,N,,25369
2020132520LB17668,MONMOUTH,LONG BRANCH CITY,08/02/2020,SU,1537,01,LONG BRANCH PD,MUNICIPAL,0,0,0,0,P,I,N,N,03,2,N SECOND AVE / SECOND AVE / UNION AVE **,S,,,13251099__,1.50,07,,01,04,02,01,01,01,05,,,AT,,GARFIELD AVE,,,,25,25,26,40.302880,73.982810,N,,25320
2020132520LB18227,MONMOUTH,LONG BRANCH CITY,08/06/2020,TH,2057,01,LONG BRANCH PD,MUNICIPAL,0,2,0,0,I,I,N,N,03,2,THIRD AVE,N,,,13251126__,.05,07,,01,04,02,01,05,01,05,,,AT,,CHELSEA AVE,,,,25,25,26,,,N,,25319
2020132520LB18425,MONMOUTH,LONG BRANCH CITY,08/08/2020,SA,1444,01,LONG BRANCH PD,MUNICIPAL,0,0,0,0,P,B,N,N,02,2,FLORENCE AVE,S,,,,,05,,03,04,02,01,01,01,05,,20,FE,N,SHREWSBURY DR,,,,35,25,22,40.319250,73.991760,N,,
2020132520LB18452,MONMOUTH,LONG BRANCH CITY,08/08/2020,SA,1928,01,LONG BRANCH PD,MUNICIPAL,0,1,0,0,I,B,N,N,14,1,MONMOUTH COUNTY 25 I,W,25,1,130000251_,.86,05,,01,04,02,01,01,01,05,,10,FE,W,2ND AVE,,,,35,25,21,40.281530,73.987060,N,,25359
2020132520LB18558,MONMOUTH,LONG BRANCH CITY,08/09/2020,SU,1648,01,LONG BRANCH PD,MUNICIPAL,0,0,0,0,P,B,N,N,06,2,FRANKLIN AVE **,W,,,13251136__,.05,07,,01,04,02,01,01,01,05,,100,FE,W,SECOND AVE,,,,25,25,28,40.299790,73.984950,N,,25359
2020132520LB18691,MONMOUTH,LONG BRANCH CITY,08/10/2020,MO,2045,01,LONG BRANCH PD,MUNICIPAL,0,0,0,0,P,B,N,N,06,2,LAUREL ST **,,,,13251242__,.01,07,,01,04,02,01,06,01,05,,50,FE,N,HALBURTON ST,,,,25,25,28,40.308530,73.994120,N,,25340
2020132520LB18787,MONMOUTH,LONG BRANCH CITY,08/11/2020,TU,1613,01,LONG BRANCH PD,MUNICIPAL,0,0,0,0,P,I,N,N,03,2,MORRIS AVE,N,,,13251343__,.24,07,,01,04,02,01,01,01,05,,,AT,,SECOND AVE,,,,25,25,26,40.298410,73.983130,N,,25351
2020132520LB18802,MONMOUTH,LONG BRANCH CITY,08/11/2020,TU,1835,01,LONG BRANCH PD,MUNICIPAL,0,0,0,0,P,B,N,N,06,2,EAST ST **,W,,,13251192__,.06,07,,01,04,02,01,01,01,05,,300,FE,E,CR 29 / BRANCHPORT AVE,,,,25,25,28,40.309250,74.003960,N,,25351
2020132520LB19035,MONMOUTH,LONG BRANCH CITY,08/14/2020,FR,0946,01,LONG BRANCH PD,MUNICIPAL,0,1,0,0,I,I,N,N,03,2,NJ 36,E,36,,00000036__,5.24,02,,01,04,02,01,01,01,05,,,AT,,LIBERTY ST,,,,35,25,26,40.311630,73.988600,N,,25369
2020132520LB19461,MONMOUTH,LONG BRANCH CITY,08/18/2020,TU,1525,01,LONG BRANCH PD,MUNICIPAL,0,1,0,0,I,I,N,N,14,1,BROADWAY,W,,,13251351__,.19,07,,01,04,02,01,01,01,05,,,AT,,GRAND AVE,,,,25,25,21,,,N,,25371
2020132520LB19531,MONMOUTH,LONG BRANCH CITY,08/19/2020,WE,0727,01,LONG BRANCH PD,MUNICIPAL,0,0,0,0,P,B,Y,N,01,2,BROADWAY,W,,,13251351__,.34,07,,01,04,02,01,01,01,05,,50,FE,E,PEARL ST,,,,25,25,26,40.298700,74.009850,N,,25380
2020132520LB19593,MONMOUTH,LONG BRANCH CITY,08/19/2020,WE,1918,01,LONG BRANCH PD,MUNICIPAL,0,3,0,0,I,B,N,N,01,3,NJ 71,N,71,,00000071__,12.18,02,,01,04,02,01,01,01,05,,25,FE,N,PARK AVE,,,,35,25,26,40.263960,74.000350,N,,
2020132520LB19640,MONMOUTH,LONG BRANCH CITY,08/20/2020,TH,0755,01,LONG BRANCH PD,MUNICIPAL,0,0,0,0,P,B,N,N,06,2,MARTIN ST **,,,,13251173__,.06,07,,01,04,02,01,01,01,05,,300,FE,N,ROUTE 537 / BROADWAY,,,,25,25,28,40.300020,74.006410,N,,25330
2020132520LB19651,MONMOUTH,LONG BRANCH CITY,08/20/2020,TH,0940,01,LONG BRANCH PD,MUNICIPAL,0,0,0,0,P,I,N,N,11,1,MONMOUTH COUNTY 57,,57,,13000057__,1.20,05,,01,04,02,01,01,01,02,,,AT,,MORRIS AVE,,,,40,25,52,40.298520,73.981070,N,JCP&L UTILITY POLE  VERIZON  MONMOUTH COUNTY DOT TRAFFIC SIGNAL CONTROLS,25316
2020132520LB19668,MONMOUTH,LONG BRANCH CITY,08/20/2020,TH,1301,01,LONG BRANCH PD,MUNICIPAL,0,0,0,0,P,I,N,N,03,2,N SECOND AVE / SECOND AVE / UNION AVE **,S,,,13251099__,1.08,07,,01,04,02,01,01,01,05,,,AT,W,PAVILION AVE,,,,25,25,26,40.296870,73.983390,N,,25380
2020132520LB19783,MONMOUTH,LONG BRANCH CITY,08/21/2020,FR,1630,01,LONG BRANCH PD,MUNICIPAL,0,0,0,0,P,B,N,N,02,2,HAMILTON AVE **,W,,,13251217__,.15,07,,01,04,02,01,01,01,05,,200,FE,W,LIBERTY ST,,,,25,25,26,40.311860,73.990570,N,,25336
2020132520LB20033,MONMOUTH,LONG BRANCH CITY,08/23/2020,SU,2031,01,LONG BRANCH PD,MUNICIPAL,0,1,0,1,I,I,N,N,13,1,BATH AVE / OCEAN AVE / SEA VIEW AVE,N,,,13011310__,2.81,07,,01,04,02,01,06,01,05,,,AT,,S LAKE AVE,,,,40,25,22,40.321670,73.977500,N,,25360
2020132520LB20108,MONMOUTH,LONG BRANCH CITY,08/24/2020,MO,1538,01,LONG BRANCH PD,MUNICIPAL,0,0,0,0,P,B,N,N,02,2,BUTTONWOOD AVE **,,,,13251188__,.17,07,,01,04,02,01,01,01,05,,50,FE,E,CR 29A / MYRTLE AVE,,,,25,25,26,40.302640,74.008800,N,,25340
2020132520LB20121,MONMOUTH,LONG BRANCH CITY,08/24/2020,MO,1745,01,LONG BRANCH PD,MUNICIPAL,0,2,0,0,I,I,N,N,04,2,MONMOUTH COUNTY 25 I,E,25,1,130000251_,.17,05,,01,04,02,01,01,01,05,,,AT,,VAN COURT AVE,,,,35,25,26,40.281550,73.999970,N,,25360
2020132520LB20141,MONMOUTH,LONG BRANCH CITY,08/24/2020,MO,2206,01,LONG BRANCH PD,MUNICIPAL,0,0,0,0,P,B,N,N,03,2,BATH AVE / OCEAN AVE / SEA VIEW AVE,E,,,13011310__,4.70,07,,01,04,02,01,07,01,05,,100,FE,E,MELROSE TER,,,,25,25,26,40.300940,73.978350,N,,25365
2020132520LB20208,MONMOUTH,LONG BRANCH CITY,08/25/2020,TU,1341,01,LONG BRANCH PD,MUNICIPAL,0,0,0,0,P,B,N,N,08,2,LANDMARK PL,S,,,,,07,,01,04,02,01,01,01,05,,,,,MELROSE TERRACE,,,,25,25,26,40.300420,73.979970,N,,25384
2020132520LB20227,MONMOUTH,LONG BRANCH CITY,08/25/2020,TU,1753,01,LONG BRANCH PD,MUNICIPAL,0,0,0,0,P,B,N,N,01,2,NJ 36,W,36,,00000036__,4.35,02,,01,04,02,01,01,01,05,,100,FE,E,BRANCHPORT AVE,,,,45,25,26,40.306010,74.003660,N,,25340
2020132520LB20239,MONMOUTH,LONG BRANCH CITY,08/25/2020,TU,2042,01,LONG BRANCH PD,MUNICIPAL,0,0,0,0,P,B,N,N,11,1,NJ 36,W,36,,00000036__,5.45,02,,01,04,02,02,07,02,05,,150,FE,E,FLORENCE AVE / MACARTHUR AVE,,,,25,25,60,40.312940,73.986620,N,,25366
2020132520LB20534,MONMOUTH,LONG BRANCH CITY,08/28/2020,FR,1234,01,LONG BRANCH PD,MUNICIPAL,0,0,0,0,P,I,N,N,08,2,PULLMAN AVE **,,,,13251086__,.09,07,,01,04,02,01,01,01,05,,,AT,,OCEAN AVE,,,,25,40,26,40.321670,73.977500,N,,25316
2020132520LB20551,MONMOUTH,LONG BRANCH CITY,08/28/2020,FR,1533,01,LONG BRANCH PD,MUNICIPAL,0,1,0,0,I,I,N,N,03,2,MONMOUTH COUNTY 25 II,S,25,2,130000252_,1.20,05,,01,04,02,01,01,01,05,,,AT,,CONOVER ST,,,,30,25,26,40.298770,74.002810,N,,25360
2020132520LB20614,MONMOUTH,LONG BRANCH CITY,08/29/2020,SA,0949,01,LONG BRANCH PD,MUNICIPAL,0,1,0,0,I,I,N,N,14,1,MONMOUTH COUNTY 57,,57,,13000057__,.72,05,,01,04,02,01,01,01,02,,,AT,,S BATH AVE,,,,35,25,21,40.305170,73.981120,N,,25316
2020132520LB20698,MONMOUTH,LONG BRANCH CITY,08/30/2020,SU,0550,01,LONG BRANCH PD,MUNICIPAL,0,1,0,0,I,B,N,N,14,1,WESTWOOD AVE,N,,,13251312__,.04,07,,01,04,02,01,02,01,05,,200,FE,N,CR 25 I / CEDAR AVE,,,,35,40,21,40.281900,73.998010,N,,25385
2020132520LB20777,MONMOUTH,LONG BRANCH CITY,08/30/2020,SU,1946,01,LONG BRANCH PD,MUNICIPAL,0,1,0,0,I,I,N,N,02,2,VAN COURT AVE **,N,,,13251068__,.50,07,,01,05,02,01,05,01,05,,,AT,,HIGHLAND AVE,,,,25,25,26,40.274340,73.998990,N,STOP SIGN AT CORNER OF VANCOURT/HIGHLAND. 309 HIGHLAND PROPERTY DAMAGE,25353
2020132520LB20792,MONMOUTH,LONG BRANCH CITY,08/30/2020,SU,2212,01,LONG BRANCH PD,MUNICIPAL,0,0,0,0,P,I,Y,N,01,2,MONMOUTH COUNTY 57,S,57,,13000057__,1.09,05,,01,04,02,01,06,01,05,,,AT,N,PAVILION AVE,,,,35,25,26,,,N,JCP&L STREET LIGHT POST WAS STRUCK AND FELL ONTO THE ROAD,25360
2020132520LB20810,MONMOUTH,LONG BRANCH CITY,08/31/2020,MO,0130,01,LONG BRANCH PD,MUNICIPAL,0,0,0,0,P,B,Y,N,02,5,BRANCHPORT AVE,S,,,13251315__,.03,07,,01,04,02,01,06,01,05,,15,FE,N,RUSSELL CT,,,,25,25,28,40.300630,74.001660,N,,
2020132520LB21033,MONMOUTH,LONG BRANCH CITY,09/02/2020,WE,1801,01,LONG BRANCH PD,MUNICIPAL,1,0,0,0,F,B,Y,N,06,4,MARKET PL **,E,,,13251098__,.39,07,,01,04,02,01,01,01,05,,200,FE,E,SECOND AVE,,,,25,25,28,40.283640,73.986080,N,,
2020132520LB21095,MONMOUTH,LONG BRANCH CITY,09/03/2020,TH,1220,01,LONG BRANCH PD,MUNICIPAL,0,0,0,0,P,B,N,N,06,2,BRIGHTON AVE,,,,13251311__,1.03,07,,01,04,02,01,01,01,05,,150,FE,W,CR 57 / OCEAN AVE,,,,25,35,28,40.289640,74.000560,N,,25308
2020132520LB21130,MONMOUTH,LONG BRANCH CITY,09/03/2020,TH,2115,01,LONG BRANCH PD,MUNICIPAL,0,0,0,0,P,I,N,N,04,2,NJ 36,W,36,,00000036__,4.33,02,,01,04,02,02,06,02,05,,,AT,,BRANCHPORT AVE,,,,35,25,26,40.306050,74.004160,N,,25340
2020132520LB21482,MONMOUTH,LONG BRANCH CITY,09/07/2020,MO,0140,01,LONG BRANCH PD,MUNICIPAL,0,0,0,0,P,B,Y,N,11,1,LINCOLN AVE **,,,,13251028__,.05,07,,01,04,02,01,06,01,05,,250,FE,W,OCEAN AVE,,,,25,40,56,40.265240,73.996180,N,SEVERAL TRASH CANS OBLITERATED. LAMP POST KNOCKED DOWN.,25325
2020132520LB21519,MONMOUTH,LONG BRANCH CITY,09/07/2020,MO,1541,01,LONG BRANCH PD,MUNICIPAL,0,3,0,0,I,I,N,N,03,2,MONMOUTH COUNTY 25 I,E,25,1,130000251_,.35,05,,01,04,02,01,01,01,03,,,AT,,WOODGATE AVE,,,,25,25,26,40.281290,73.996690,N,,25351
2020132520LB21655,MONMOUTH,LONG BRANCH CITY,09/08/2020,TU,2308,01,LONG BRANCH PD,MUNICIPAL,0,2,0,0,I,B,N,N,06,3,SEVENTH AVE **,,,,13251201__,.41,07,,01,04,02,01,07,01,05,,50,FE,S,PARK PL,,,,25,25,28,40.306810,73.996330,N,,
2020132520LB21704,MONMOUTH,LONG BRANCH CITY,09/09/2020,WE,1308,01,LONG BRANCH PD,MUNICIPAL,0,2,0,0,I,I,N,N,01,2,MONMOUTH COUNTY 57,,57,,13000057__,.40,05,,01,04,02,01,01,01,02,,,AT,,HOWLAND AVE,,,,40,25,26,40.287410,73.983370,N,,25327
2020132520LB22173,MONMOUTH,LONG BRANCH CITY,09/13/2020,SU,2256,01,LONG BRANCH PD,MUNICIPAL,0,0,0,0,P,B,N,N,08,2,LIBERTY ST / MEMORIAL  PKWY **,,,,,,07,,01,04,02,01,06,01,05,,20,FE,N,PLEASURE BAY DRIVE,,,,25,25,28,40.315830,73.995480,N,,25378
2020132520LB22217,MONMOUTH,LONG BRANCH CITY,09/14/2020,MO,1218,01,LONG BRANCH PD,MUNICIPAL,0,0,0,0,P,B,N,N,01,2,NJ 36,E,36,,00000036__,5.05,02,,01,04,02,01,01,01,05,,30,FE,W,ROCKWELL AVE,,,,35,25,26,40.310150,73.991480,Y,,25371
2020132520LB22405,MONMOUTH,LONG BRANCH CITY,09/16/2020,WE,1015,01,LONG BRANCH PD,MUNICIPAL,0,0,0,0,P,B,N,N,01,2,BATH AVE / OCEAN AVE / SEA VIEW AVE,,,,13011310__,1.99,07,,01,04,02,01,01,01,05,,20,FE,N,LINCOLN AVE,,,,40,25,26,40.263940,73.989370,N,,25310
2020132520LB22449,MONMOUTH,LONG BRANCH CITY,09/16/2020,WE,2023,01,LONG BRANCH PD,MUNICIPAL,0,0,0,0,P,B,N,N,06,2,SPRING ST **,E,,,13251154__,.02,07,,01,04,02,01,07,01,05,,100,FE,W,DIVISION ST,,,,25,25,28,40.297300,73.996710,N,,25365
2020132520LB22814,MONMOUTH,LONG BRANCH CITY,09/20/2020,SU,1845,01,LONG BRANCH PD,MUNICIPAL,0,0,0,0,P,B,N,N,11,1,LIBERTY ST / MEMORIAL  PKWY **,S,,,13251223__,.09,07,,01,04,02,01,03,01,05,,500,FE,N,CHELSEA AVE,,,,35,35,56,40.303790,73.985420,N,OUTSIDE DINING TENT  CHAIRS  WOODEN DINING TABLES  SHRUBBERY VALUED AT $2000 USD,25383
2020132520LB23293,MONMOUTH,LONG BRANCH CITY,09/25/2020,FR,1110,01,LONG BRANCH PD,MUNICIPAL,0,0,0,0,P,I,N,N,01,2,NJ 71,,71,,00000071__,12.36,02,,01,04,02,01,01,01,05,,,AT,,NORGROVE PL,,,,35,25,26,40.273090,74.002580,N,,25316
2020132520LB23448,MONMOUTH,LONG BRANCH CITY,09/26/2020,SA,1834,01,LONG BRANCH PD,MUNICIPAL,0,0,0,0,P,B,N,N,01,2,MONMOUTH COUNTY 57,S,57,,13000057__,.25,05,,01,04,02,01,01,01,02,,20,FE,N,MONTGOMERY AVE,,,,35,25,26,40.285560,73.984590,N,,25351
2020132520LB23463,MONMOUTH,LONG BRANCH CITY,09/26/2020,SA,2058,01,LONG BRANCH PD,MUNICIPAL,0,0,0,0,P,B,N,N,08,2,SEVENTH AVE **,N,,,13251201__,.63,07,,01,04,02,01,06,01,05,,100,FE,N,ROUTE 537 / BROADWAY,,,,25,25,26,40.304980,73.994800,N,,25340
2020132520LB24018,MONMOUTH,LONG BRANCH CITY,10/01/2020,TH,1403,01,LONG BRANCH PD,MUNICIPAL,0,1,0,0,I,B,N,N,01,2,BATH AVE / N BATH AVE,E,,,13251314__,.85,07,,01,04,02,01,01,01,05,01,30,FE,W,WEST AVE,,,,25,25,26,40.291930,73.990080,N,,25380
2020132520LB24053,MONMOUTH,LONG BRANCH CITY,10/01/2020,TH,1948,01,LONG BRANCH PD,MUNICIPAL,0,0,0,0,P,B,N,N,08,2,WILLOW AVE **,W,,,13251150__,.42,07,,01,04,02,01,06,01,05,,500,FE,W,WESTWOOD AVE,,,,25,25,26,40.297560,73.991430,N,,25360
2020132520LB24160,MONMOUTH,LONG BRANCH CITY,10/02/2020,FR,2148,01,LONG BRANCH PD,MUNICIPAL,0,3,0,0,I,B,N,N,03,2,GARFIELD AVE **,W,,,13251236__,.33,07,,01,04,02,01,06,01,05,02,50,FE,W,MEMORIAL PKWY,,,,25,25,26,40.302730,73.985150,N,,25381
2020132520LB24431,MONMOUTH,LONG BRANCH CITY,10/05/2020,MO,1320,01,LONG BRANCH PD,MUNICIPAL,0,1,0,0,I,B,N,N,08,2,LIBERTY ST / MEMORIAL  PKWY **,E,,,13251223__,.62,07,,01,04,02,01,01,01,01,,50,FE,S,SEAVIEW AVE,,,,25,25,26,40.309940,73.986890,N,,25371
2020132520LB24582,MONMOUTH,LONG BRANCH CITY,10/07/2020,WE,0618,01,LONG BRANCH PD,MUNICIPAL,0,0,0,0,P,I,N,N,03,2,CHELSEA AVE **,E,,,13251137__,.31,07,,01,04,02,01,01,01,05,,,AT,W,THIRD AVE,,,,25,25,26,40.300910,73.987380,N,,25382
2020132520LB24810,MONMOUTH,LONG BRANCH CITY,10/09/2020,FR,0800,01,LONG BRANCH PD,MUNICIPAL,0,0,0,0,P,I,N,N,06,2,COTTAGE PL **,W,,,13251116__,.14,07,,01,04,02,01,01,01,05,,,AT,S,SECOND AVE,,,,25,25,28,40.290520,73.981980,N,,25313
2020132520LB24867,MONMOUTH,LONG BRANCH CITY,10/09/2020,FR,2046,01,LONG BRANCH PD,MUNICIPAL,0,0,0,0,P,B,N,N,06,3,LONG BRANCH AVE,S,,,13251316__,.39,07,,01,04,01,01,07,01,05,,100,FE,S,SEAVIEW AVE,,,,25,25,26,40.310710,73.983930,N,,
2020132520LB25146,MONMOUTH,LONG BRANCH CITY,10/12/2020,MO,1927,01,LONG BRANCH PD,MUNICIPAL,0,1,0,1,I,B,N,N,13,1,BRANCHPORT AVE,S,,,13251315__,.02,07,,01,04,02,02,06,02,05,,100,FE,N,BROADWAY,,,,25,25,22,40.299780,74.001860,N,,25359
2020132520LB25198,MONMOUTH,LONG BRANCH CITY,10/13/2020,TU,0942,01,LONG BRANCH PD,MUNICIPAL,0,0,0,0,P,B,N,N,02,2,LIBERTY ST / MEMORIAL  PKWY **,,,,13251223__,.24,07,,01,04,02,02,01,02,05,,75,FE,S,ROUTE 537 / BROADWAY,,,,25,25,26,40.304360,73.985410,N,,25316
2020132520LB25684,MONMOUTH,LONG BRANCH CITY,10/18/2020,SU,0755,01,LONG BRANCH PD,MUNICIPAL,0,0,0,0,P,I,N,N,03,2,BATH AVE / N BATH AVE,,,,13251314__,.50,07,,01,04,02,01,01,01,05,,,AT,,HIGH ST,,,,25,25,26,40.295420,73.994910,N,,25316
2020132520LB25787,MONMOUTH,LONG BRANCH CITY,10/19/2020,MO,0839,01,LONG BRANCH PD,MUNICIPAL,0,0,0,0,P,I,N,N,11,1,MONMOUTH COUNTY 57,S,57,,13000057__,.54,05,,01,04,02,01,01,01,02,,,AT,,MATILDA TERR,,,,40,25,52,40.289410,73.981270,N,JCPL UTILITY POLE #JC2237LB,25363
2020132520LB25794,MONMOUTH,LONG BRANCH CITY,10/19/2020,MO,0941,01,LONG BRANCH PD,MUNICIPAL,0,0,0,0,P,B,N,N,02,2,THIRD AVE,N,,,13251126__,.16,07,,01,04,02,01,01,01,05,,30,FE,S,GARFIELD AVE,,,,25,25,26,40.302450,73.987760,N,,25371
2020132520LB25912,MONMOUTH,LONG BRANCH CITY,10/20/2020,TU,1731,01,LONG BRANCH PD,MUNICIPAL,0,1,0,0,I,I,N,N,14,1,NJ 36,N,36,,00000036__,4.33,02,,01,04,02,01,01,01,05,,,AT,,BRANCHPORT AVE,,,,25,35,21,40.306050,74.004160,N,,25374
2020132520LB26690,MONMOUTH,LONG BRANCH CITY,10/29/2020,TH,0653,01,LONG BRANCH PD,MUNICIPAL,0,1,0,0,I,I,N,N,04,3,NJ 36,E,36,,00000036__,4.33,02,,01,04,02,02,01,02,05,,,AT,N,BRANCHPORT AVE,,,,35,25,26,,,N,,25384
2020132520LB26778,MONMOUTH,LONG BRANCH CITY,10/30/2020,FR,1025,01,LONG BRANCH PD,MUNICIPAL,0,0,0,0,P,B,N,N,08,2,WESTWOOD AVE,S,,,13251312__,1.27,07,,01,04,02,02,01,02,04,,50,FE,N,MORRIS AVE,,,,25,25,26,,,N,,25384
2020132520LB26978,MONMOUTH,LONG BRANCH CITY,11/01/2020,SU,1021,01,LONG BRANCH PD,MUNICIPAL,0,0,0,0,P,I,N,N,03,2,BROADWAY,E,,,13251351__,.37,07,,01,04,02,01,01,01,05,,,AT,,WASHINGTON ST,,,,25,25,26,40.299760,74.000110,N,,25365
2020132520LB27273,MONMOUTH,LONG BRANCH CITY,11/04/2020,WE,2106,01,LONG BRANCH PD,MUNICIPAL,0,1,0,0,I,B,Y,N,06,2,THIRD AVE,N,,,13251126__,.03,07,,01,04,02,01,06,01,05,,100,FE,S,CHELSEA AVE,,,,25,25,26,40.300910,73.987380,N,,25370
2020132520LB27380,MONMOUTH,LONG BRANCH CITY,11/05/2020,TH,1724,01,LONG BRANCH PD,MUNICIPAL,0,1,0,1,I,B,Y,N,13,1,BROADWAY,W,,,13251351__,1.17,07,,01,04,02,01,06,01,05,,100,FE,E,THIRD AVE,,,,25,25,22,40.304380,73.986900,N,,25370
2020132520LB28156,MONMOUTH,LONG BRANCH CITY,11/14/2020,SA,2013,01,LONG BRANCH PD,MUNICIPAL,0,0,0,0,P,B,N,N,06,2,MYRTLE AVE **,N,,,13251006__,.09,07,,01,04,02,01,06,01,05,,500,FE,N,ROUTE 537 / BROADWAY,,,,25,25,26,40.303050,74.009470,N,,25362
2020132520LB28162,MONMOUTH,LONG BRANCH CITY,11/14/2020,SA,2210,01,LONG BRANCH PD,MUNICIPAL,0,0,0,0,P,B,Y,N,06,2,WESTWOOD AVE,E,,,13251312__,1.24,07,,01,04,02,01,06,01,05,,100,FE,S,MORRIS AVE,,,,25,25,28,40.297290,73.989370,N,,25365
2020132520LB28221,MONMOUTH,LONG BRANCH CITY,11/15/2020,SU,1659,01,LONG BRANCH PD,MUNICIPAL,0,0,0,0,P,B,N,N,08,2,MARINE PL / RENWICK PL **,W,,,13251015__,.09,07,,01,04,02,01,01,01,05,,500,FE,W,PATTEN AVE,,,,25,25,28,40.325790,73.993830,N,,25381
2020132520LB28554,MONMOUTH,LONG BRANCH CITY,11/19/2020,TH,0657,01,LONG BRANCH PD,MUNICIPAL,0,0,0,0,P,I,N,N,01,3,BATH AVE / OCEAN AVE / SEA VIEW AVE,,,,13011310__,2.61,07,,01,04,02,01,01,01,05,,,AT,,PULLMAN AVE,,,,40,25,26,40.272580,73.986560,Y,,25316
2020132520LB28657,MONMOUTH,LONG BRANCH CITY,11/20/2020,FR,1216,01,LONG BRANCH PD,MUNICIPAL,0,0,0,0,P,B,N,N,01,2,MONMOUTH COUNTY 29,,29,,13000029__,2.22,05,,01,04,02,01,01,01,05,,10,FE,E,LONG BRANCH AVE,,,,35,25,26,40.319920,73.985520,N,,25330
2020132520LB28737,MONMOUTH,LONG BRANCH CITY,11/21/2020,SA,0844,01,LONG BRANCH PD,MUNICIPAL,0,0,0,0,P,I,N,N,03,2,MONMOUTH COUNTY 25 I,,25,1,130000251_,.09,05,,01,04,02,01,01,01,05,,,AT,,CR 25 / NORWOOD AVE,,,,35,35,26,40.281650,74.001600,N,,25327
2020132520LB28742,MONMOUTH,LONG BRANCH CITY,11/21/2020,SA,0916,01,LONG BRANCH PD,MUNICIPAL,0,1,0,0,I,I,N,N,03,2,BRIGHTON AVE,,,,13251311__,.29,07,,01,04,02,01,01,01,05,,,AT,,WESTWOOD AVE,,,,35,35,26,40.287820,73.997340,N,,25327
2020132520LB28764,MONMOUTH,LONG BRANCH CITY,11/21/2020,SA,1332,01,LONG BRANCH PD,MUNICIPAL,0,1,0,0,I,I,N,N,03,2,MONMOUTH COUNTY 29,N,29,,13000029__,1.08,05,,01,04,02,01,01,01,05,,,AT,,EDWARDS AVE,,,,25,30,26,40.310800,74.002590,N,,25358