Year(4)-CountyCode(2)-MunicipalityCode(2)-CaseNumber(9),County Name,Municipality Name,Crash Date,Crash Day of Week,Crash Time,Police Department Code,Police Department,Police Station,Total Killed,Total Injured,Pedestrians Killed,Pedestrians Injured,Severity,Intersection,Alcohol Involved,Hazmat Involved,Crash Type,Total Vehicles,Location,Location Direction,Route,Route Suffix,Std Rte Identifier,MilePost,Road System,Road Character,Road Horizontal Alignment,Road Grade,Road Surface Type,Surface Condition,Light Condition,Environmental Condition,Road Divided By,Temporary Traffic Control Zone,Distance To Cross Street,Unit Of Measurement,Direction From Cross Street,Cross Street Name,Is Ramp,Ramp To/From Route Name,Ramp To/From Route Direction,Posted Speed,Posted Speed Cross Street,First Harmful Event,Latitude,Longitude,Cell Phone In Use Flag,Other Property Damage,Reporting Badge No.
2020132620MN16921,MONMOUTH,MANALAPAN TWP,09/04/2020,FR,1457,01,MANALAPAN TWP PD,,0,0,0,0,P,B,N,N,03,2,MONMOUTH COUNTY 3,S,3,,13000003__,2.21,05,,01,04,02,01,01,01,05,01,75,FE,S,TAYLORS MILLS RD,,,,35,35,26,40.298390,74.319560,N,,26126
2020132620MN17039,MONMOUTH,MANALAPAN TWP,09/05/2020,SA,2320,01,MANALAPAN TWP PD,,0,0,0,0,P,I,N,N,03,2,PENSION RD,S,,,13261004__,.18,07,,01,04,02,01,06,01,05,01,,AT,,UNION HILL RD,,,,25,35,26,40.322230,74.351800,N,,26104
2020132620MN17042,MONMOUTH,MANALAPAN TWP,09/05/2020,SA,2326,01,MANALAPAN TWP PD,,0,0,0,0,P,I,N,N,06,3,WHITMAN BLVD **,S,,,13261009__,.05,07,,01,04,02,01,06,01,05,01,,AT,,BROWNING PL,,,,25,25,28,40.302570,74.347030,N,5 WHITMAN BLVD (MAILBOX AND LAWN)  7 WHITMAN BLVD (LAWN),26133
2020132620MN17070,MONMOUTH,MANALAPAN TWP,09/06/2020,SU,0958,01,MANALAPAN TWP PD,,0,0,0,0,P,I,N,N,02,2,DAUM DR **,,,,,,07,,01,04,02,01,01,01,05,01,,AT,,DEERBROOK RUN,,,,35,25,26,40.274820,74.379990,N,,26158
2020132620MN17091,MONMOUTH,MANALAPAN TWP,09/06/2020,SU,1418,01,MANALAPAN TWP PD,,0,0,0,0,P,I,N,N,03,2,ROUTE 527 ALTERNATE,,527,A,00000527A_,4.83,05,,01,04,02,01,01,01,05,01,,AT,,MT VERNON RD,,,,40,25,26,,,N,,26158
2020132620MN17129,MONMOUTH,MANALAPAN TWP,09/07/2020,MO,0347,01,MANALAPAN TWP PD,,0,0,0,0,P,B,N,N,12,1,MONMOUTH COUNTY 3,N,3,,13000003__,2.18,05,,01,04,02,01,07,01,05,01,200,FE,S,TAYLORS MILLS RD,,,,40,35,,40.298740,74.318540,N,,26152
2020132620MN17180,MONMOUTH,MANALAPAN TWP,09/07/2020,MO,1557,01,MANALAPAN TWP PD,,0,0,0,0,P,B,N,N,03,2,LAFAYETTE MILLS RD/TAYLORS MILLS RD/WYNCREST RD,,,,13261530__,.87,07,,01,04,02,01,01,01,05,01,100,FE,W,US 9,,,,35,55,26,,,N,,26158
2020132620MN17265,MONMOUTH,MANALAPAN TWP,09/08/2020,TU,1808,01,MANALAPAN TWP PD,,0,0,0,0,P,I,N,N,04,2,COLDSPRINGS RD **,E,,,13261563__,.00,07,,01,04,02,01,01,01,,,,AT,,VILLAGE RD,,,,25,25,26,,,Y,,26136
2020132620MN17398,MONMOUTH,MANALAPAN TWP,09/10/2020,TH,1012,01,MANALAPAN TWP PD,,0,0,0,0,P,B,N,N,01,2,US 9,S,9,,00000009__,118.82,02,,01,04,02,01,01,01,02,01,300,FE,N,PINE BROOK RD,,,,55,35,26,40.321250,74.305670,N,,26118
2020132620MN17425,MONMOUTH,MANALAPAN TWP,09/10/2020,TH,1508,01,MANALAPAN TWP PD,,0,0,0,0,P,B,N,N,11,2,ROUTE 527,,527,,00000527__,23.18,05,,03,04,02,02,01,01,05,01,1320,FE,S,RIFKIN CT,,,,45,25,,40.221390,74.361770,N,,26151
2020132620MN17448,MONMOUTH,MANALAPAN TWP,09/10/2020,TH,2218,01,MANALAPAN TWP PD,,0,0,0,0,P,B,N,N,11,1,MONMOUTH COUNTY 3,N,3,,13000003__,1.05,05,,02,04,02,02,07,02,05,01,100,FE,S,CHURCH LN,,,,40,25,46,40.284480,74.327280,N,,26160
2020132620MN17516,MONMOUTH,MANALAPAN TWP,09/11/2020,FR,1402,01,MANALAPAN TWP PD,,0,0,0,0,P,I,N,N,01,3,ROUTE 527,S,527,,00000527__,26.82,05,,01,04,02,01,01,01,05,01,,AT,,WHITLOCK CT,,,,45,25,26,40.254000,74.341660,N,,
2020132620MN17529,MONMOUTH,MANALAPAN TWP,09/11/2020,FR,1712,01,MANALAPAN TWP PD,,0,0,0,0,P,B,N,N,01,2,MONMOUTH COUNTY 3,S,3,,13000003__,.90,05,,03,04,02,01,01,01,05,01,528,FE,N,ROUTE 522,,,,45,45,26,,,N,,26123
2020132620MN17572,MONMOUTH,MANALAPAN TWP,09/12/2020,SA,0744,01,MANALAPAN TWP PD,MANALAPAN PD,0,0,0,0,P,I,N,N,04,2,ARBACH LN **,,,,13261056__,.52,07,,01,04,02,01,01,01,05,01,,AT,,UNION HILL RD,,,,25,35,26,40.327450,74.331910,N,,26142
2020132620MN17593,MONMOUTH,MANALAPAN TWP,09/12/2020,SA,1158,01,MANALAPAN TWP PD,,0,0,0,0,P,B,N,N,07,2,GORDONS CORNER RD,W,,,13261107__,.83,07,,01,04,02,01,01,01,05,01,500,FE,E,PEACE RD,,,,40,35,26,40.310670,74.320550,N,,26126
2020132620MN17595,MONMOUTH,MANALAPAN TWP,09/12/2020,SA,1231,01,MANALAPAN TWP PD,,0,0,0,0,P,B,N,N,06,2,HAPENNY RD **,W,,,13261217__,.22,07,,01,04,02,01,01,01,05,01,200,FE,E,SCHILLING RD,,,,25,25,26,40.314620,74.315370,N,,26126
2020132620MN17623,MONMOUTH,MANALAPAN TWP,09/12/2020,SA,1844,01,MANALAPAN TWP PD,,0,0,0,0,P,B,N,N,02,2,PEASE RD,,,,13261427__,.00,07,,01,04,02,01,01,01,05,,20,FE,N,TAYLORS MILLS RD,,,,35,35,26,,,N,,26123
2020132620MN17762,MONMOUTH,MANALAPAN TWP,09/14/2020,MO,1229,01,MANALAPAN TWP PD,,0,0,0,0,P,B,N,N,06,2,SHINNECOCK DRIVE,W,,,,,09,,02,04,02,01,01,01,05,01,,,,,,,,25,,28,,,N,,26158
2020132620MN17850,MONMOUTH,MANALAPAN TWP,09/15/2020,TU,1237,01,MANALAPAN TWP PD,,0,0,0,0,P,B,N,N,01,2,NJ 33 BUSINESS,W,33,B,00000033B_,.25,02,,01,04,02,01,01,01,,01,200,FE,E,YATES RD,,,,55,15,26,,,N,,26158
2020132620MN17970,MONMOUTH,MANALAPAN TWP,09/16/2020,WE,1315,01,MANALAPAN TWP PD,,0,0,0,0,P,B,N,N,11,1,WOODWARD RD,W,,,13261001__,2.12,07,,01,04,02,01,01,01,05,01,100,FE,N,NJ 33,,,,35,55,59,40.254350,74.367750,N,CHAIN LINK FENCE  4 POSTS  ESTIMATED COST TO REPAIR $1 000.00,26128
2020132620MN17971,MONMOUTH,MANALAPAN TWP,09/16/2020,WE,1322,01,MANALAPAN TWP PD,,0,0,0,0,P,B,N,N,01,2,NJ 33,E,33,,00000033__,23.92,02,,01,04,02,01,01,01,03,01,500,FE,W,ROUTE 527 / MILLHURST RD / SWEETMAN,,,,55,45,26,40.254000,74.341660,N,,26116
2020132620MN17974,MONMOUTH,MANALAPAN TWP,09/16/2020,WE,1442,01,MANALAPAN TWP PD,,0,2,0,0,I,B,N,N,01,2,GORDONS CORNER RD,W,,,13261107__,.74,07,,01,04,02,01,01,01,05,01,25,FE,N,PEACE RD,,,,40,35,26,,,N,,26158
2020132620MN18009,MONMOUTH,MANALAPAN TWP,09/16/2020,WE,2318,01,MANALAPAN TWP PD,MANALAPAN,0,0,0,0,P,I,N,N,12,1,NJ 33,W,33,,00000033__,23.25,02,,01,04,02,01,06,01,03,,,AT,,PEGASUS BLVD,,,,55,25,24,40.253160,74.356360,N,,26147
2020132620MN18067,MONMOUTH,MANALAPAN TWP,09/17/2020,TH,1356,01,MANALAPAN TWP PD,,0,0,0,0,P,B,N,N,01,2,US 9,S,9,,00000009__,117.60,02,,01,04,02,01,01,05,02,01,800,FE,N,TAYLORS MILLS RD,,,,55,35,26,40.302680,74.303060,N,,26139
2020132620MN18333,MONMOUTH,MANALAPAN TWP,09/20/2020,SU,1146,01,MANALAPAN TWP PD,,0,0,0,0,P,B,N,N,12,1,GORDONS CORNER RD,,,,,,07,,01,04,02,01,01,01,05,01,250,FE,W,WHITMAN BLVD,,,,40,25,24,,,N,,26158
2020132620MN18347,MONMOUTH,MANALAPAN TWP,09/20/2020,SU,1535,01,MANALAPAN TWP PD,MANALAPAN TWP,0,0,0,0,P,B,N,N,03,2,MONMOUTH COUNTY 3,N,3,,13000003__,3.49,05,,01,04,02,01,01,01,05,,1320,FE,N,TOWNE DR,,,,40,25,26,40.314800,74.307170,N,,26113
2020132620MN18419,MONMOUTH,MANALAPAN TWP,09/21/2020,MO,0945,01,MANALAPAN TWP PD,,0,0,0,0,P,B,N,N,01,2,ROUTE 522,S,522,,00000522__,17.64,05,,01,04,02,01,01,01,05,01,10,FE,N,CR 3 / MAIN ST / TENNENT ST,,,,45,45,26,40.281160,74.330380,N,,26116
2020132620MN18439,MONMOUTH,MANALAPAN TWP,09/21/2020,MO,1252,01,MANALAPAN TWP PD,,0,1,0,0,I,B,N,N,06,2,SCHLLING RD **,E,,,13261342__,.39,07,,01,05,02,01,01,01,05,01,15,FE,E,POUND PL,,,,25,25,26,,,N,,26158
2020132620MN18489,MONMOUTH,MANALAPAN TWP,09/21/2020,MO,2024,01,MANALAPAN TWP PD,,0,0,0,0,P,B,N,N,11,1,WOODWARD RD,,,,,,07,,02,04,02,01,05,01,05,01,500,FE,W,PALOMINO DR,,,,35,25,56,40.262050,74.361730,N,,26134
2020132620MN18622,MONMOUTH,MANALAPAN TWP,09/23/2020,WE,0826,01,MANALAPAN TWP PD,,0,0,0,0,P,B,N,N,01,2,MONMOUTH COUNTY 3,N,3,,13000003__,.55,05,,01,04,02,01,01,01,05,01,1320,FE,S,ROUTE 522,,,,40,45,26,40.281590,74.330580,N,,26139
2020132620MN18685,MONMOUTH,MANALAPAN TWP,09/23/2020,WE,1338,01,MANALAPAN TWP PD,,0,0,0,0,P,I,N,N,03,2,US 9,,9,,00000009__,116.75,02,,01,04,02,01,01,01,05,01,,AT,,,T,SYMMES DR,SB,35,,26,40.293260,74.298670,N,,26151
2020132620MN18711,MONMOUTH,MANALAPAN TWP,09/23/2020,WE,1945,01,MANALAPAN TWP PD,,0,0,0,0,P,B,N,N,12,1,US 9,N,9,,00000009__,119.03,02,,01,04,02,01,05,01,02,01,2640,FE,N,CR 3 / MORGANVILLE RD / TENNENT RD,,,,55,40,24,40.328960,74.305690,N,,26151
2020132620MN18737,MONMOUTH,MANALAPAN TWP,09/24/2020,TH,0028,01,MANALAPAN TWP PD,MANALAPAN,0,0,0,0,P,B,Y,N,11,1,US 9,S,9,,00000009__,118.23,02,,01,04,02,01,06,01,02,01,1320,FE,N,CENTER DR,,,,55,25,56,40.309000,74.303490,N,FENCED AREA ON US 9 DIVIDING NORTH AND SOUTH RIPPED DOWN  FENCE POSTS BROKEN,26147
2020132620MN18743,MONMOUTH,MANALAPAN TWP,09/24/2020,TH,0313,01,MANALAPAN TWP PD,,0,0,0,0,P,B,N,N,12,1,NJ 33,E,33,,00000033__,23.45,02,,01,04,02,01,05,01,03,01,1056,FE,E,PEGASUS BLVD,,,,55,25,,,,N,,26132
2020132620MN18967,MONMOUTH,MANALAPAN TWP,09/26/2020,SA,1413,01,MANALAPAN TWP PD,,0,0,0,0,P,B,N,N,01,2,MONMOUTH COUNTY 3,S,3,,13000003__,3.74,05,,01,04,02,01,01,01,05,01,2640,FE,N,TOWNE DR,,,,40,25,26,40.316370,74.306180,N,,26137
2020132620MN18973,MONMOUTH,MANALAPAN TWP,09/26/2020,SA,1438,01,MANALAPAN TWP PD,,0,1,0,0,I,B,N,N,01,2,FRANKLIN LN **,N,,,13261133__,.72,07,,01,04,02,01,01,01,05,01,5,FE,S,,F,US 9,NB,25,,26,40.318310,74.304970,N,,26116
2020132620MN19000,MONMOUTH,MANALAPAN TWP,09/26/2020,SA,2036,01,MANALAPAN TWP PD,,0,0,0,0,P,B,N,N,11,1,ROUTE 527 ALTERNATE,S,527,A,00000527A_,4.56,05,,01,04,02,01,06,01,05,,1000,FE,S,McCAFFERY RD,,,,45,35,57,,,N,,26123
2020132620MN19205,MONMOUTH,MANALAPAN TWP,09/29/2020,TU,0454,01,MANALAPAN TWP PD,,0,0,0,0,P,B,N,N,02,2,US 9,S,9,,00000009__,116.70,02,,01,04,02,01,07,01,04,01,264,FE,S,RYAN RD / SYMMES RD,,,,55,45,26,40.291760,74.298350,N,,26153
2020132620MN19361,MONMOUTH,MANALAPAN TWP,09/30/2020,WE,1114,01,MANALAPAN TWP PD,,0,0,0,0,P,B,N,N,06,2,LONESTAR LN **,W,,,13261382__,.01,07,,01,04,02,01,05,01,05,01,50,FE,E,DORTMUNDER DR,,,,25,25,26,40.309890,74.356570,N,,26142
2020132620MN19588,MONMOUTH,MANALAPAN TWP,10/02/2020,FR,1354,01,MANALAPAN TWP PD,,0,0,0,0,P,B,N,N,01,2,US 9,S,9,,00000009__,118.78,02,,01,04,02,01,01,01,02,01,100,FE,N,PINE BROOK RD,,,,55,35,26,40.322530,74.305810,N,,26105
2020132620MN19599,MONMOUTH,MANALAPAN TWP,10/02/2020,FR,1501,01,MANALAPAN TWP PD,,0,0,0,0,P,I,N,N,03,2,BAIRD RD / LAMB LN,S,,,13321040__,4.14,07,,01,04,02,01,01,01,05,01,,AT,,WOODWARD RD,,,,35,25,26,40.244690,74.369240,N,,26126
2020132620MN19622,MONMOUTH,MANALAPAN TWP,10/02/2020,FR,1748,01,MANALAPAN TWP PD,,0,0,0,0,P,I,N,N,01,2,ROUTE 527,N,527,,00000527__,29.40,05,,03,04,02,01,01,01,05,01,,AT,,ROUTE 527 ALT / IRON ORE RD,,,,40,40,26,40.287960,74.358220,N,UTILITY POLE JC104MPN,140
2020132620MN19623,MONMOUTH,MANALAPAN TWP,10/02/2020,FR,1751,01,MANALAPAN TWP PD,,0,0,0,0,P,B,N,N,03,2,NEWPORT DR **,S,,,13261195__,.46,07,,01,04,02,01,01,01,,,1000,FE,N,SALEM LN,,,,25,,,40.293620,74.319590,N,,26098
2020132620MN19624,MONMOUTH,MANALAPAN TWP,10/02/2020,FR,1814,01,MANALAPAN TWP PD,,0,1,0,0,I,B,N,N,01,4,MONMOUTH COUNTY 3,,3,,13000003__,.69,05,,01,04,02,01,01,01,05,,600,FE,S,ROUTE 522,,,,35,45,26,,,N,,
2020132620MN19627,MONMOUTH,MANALAPAN TWP,10/02/2020,FR,1929,01,MANALAPAN TWP PD,,0,0,0,0,P,B,N,N,01,2,LAFAYETTE MILLS RD/TAYLORS MILLS RD/WYNCREST RD,,,,13261530__,.89,07,,01,04,02,01,05,01,05,01,10,FE,E,US 9,,,,25,55,26,40.303100,74.303210,N,,26151
2020132620MN19630,MONMOUTH,MANALAPAN TWP,10/02/2020,FR,2019,01,MANALAPAN TWP PD,,0,0,0,0,P,I,N,N,07,2,ROUTE 527,S,527,,00000527__,24.33,05,,01,04,02,01,04,01,05,01,,AT,,OAKLAND MILLS RD,,,,45,35,26,40.247350,74.346300,N,,26160
2020132620MN19687,MONMOUTH,MANALAPAN TWP,10/03/2020,SA,1242,01,MANALAPAN TWP PD,,0,1,0,0,I,B,N,N,11,1,UNION HILL RD,E,,,13261104__,.71,07,,01,04,02,01,01,01,05,01,100,FE,E,COUNTRY OAKS DR,,,,35,25,56,,,N,V1 STRUCK A FENCE AND TREE LOCATED AT 9 ELISA COURT CAUSING SIGNIFIGANT DAMAGE,26158
2020132620MN19714,MONMOUTH,MANALAPAN TWP,10/03/2020,SA,1914,01,MANALAPAN TWP PD,,0,0,0,0,P,B,N,N,12,1,ROUTE 527,,527,,00000527__,26.73,05,,01,04,02,01,05,01,05,01,500,FE,S,WHITLOCK CT,,,,45,25,24,40.254000,74.341660,N,,26151
2020132620MN19758,MONMOUTH,MANALAPAN TWP,10/04/2020,SU,0934,01,MANALAPAN TWP PD,,0,0,0,0,P,B,N,N,07,2,GORDONS CORNER RD,E,,,13261107__,1.24,07,,01,04,02,01,01,01,05,01,2640,FE,E,PEACE RD,,,,45,35,26,40.310270,74.319360,N,,26131
2020132620MN19771,MONMOUTH,MANALAPAN TWP,10/04/2020,SU,1220,01,MANALAPAN TWP PD,,0,0,0,0,P,B,N,N,12,1,CRAIG RD,E,,,13161137__,1.28,07,,01,04,02,01,01,01,05,01,200,FE,W,SUNNYWOOD LN,,,,40,25,24,40.285550,74.318600,N,,26131
2020132620MN19850,MONMOUTH,MANALAPAN TWP,10/05/2020,MO,1256,01,MANALAPAN TWP PD,MANALAPAN PD,0,1,0,0,I,I,N,N,03,2,LAFAYETTE MILLS RD/TAYLORS MILLS RD/WYNCREST RD,E,,,13261530__,.10,07,,01,04,02,01,01,01,05,,,AT,,CR 3 / TENNENT RD,,,,35,35,26,40.299390,74.317700,N,,26142
2020132620MN19861,MONMOUTH,MANALAPAN TWP,10/05/2020,MO,1427,01,MANALAPAN TWP PD,,0,1,0,0,I,B,N,N,01,3,ROUTE 527,N,527,,00000527__,26.59,05,,01,04,02,01,01,01,05,01,100,FE,S,NJ 33,,,,45,55,26,,,N,,
2020132620MN19916,MONMOUTH,MANALAPAN TWP,10/06/2020,TU,0502,01,MANALAPAN TWP PD,,0,0,0,0,P,B,N,N,12,2,US 9,N,9,,00000009__,117.00,02,,01,,02,01,06,01,02,01,1320,FE,N,RYAN RD / SYMMES RD,,,,55,25,24,,,N,,26091
2020132620MN19941,MONMOUTH,MANALAPAN TWP,10/06/2020,TU,1042,01,MANALAPAN TWP PD,,0,2,0,0,I,B,N,N,11,1,WILLOW GROVE WAY **,E,,,13261125__,.27,07,,01,04,02,01,01,01,05,01,200,FE,W,TAMARACK DR,,,,25,25,56,40.314500,74.299950,N,UTILITY POLE 2414  25 MPH SIGN  ELECTRICAL/GUTTER TO #15,26139
2020132620MN20027,MONMOUTH,MANALAPAN TWP,10/07/2020,WE,0035,01,MANALAPAN TWP PD,,0,0,0,0,P,B,N,N,12,1,ROUTE 527 ALTERNATE,,527,A,00000527A_,.10,05,,01,04,02,01,05,01,05,,528,FE,N,ROUTE 527 / CR 1 / SWEETMANS LN,,,,45,45,,40.234450,74.371840,N,,26132
2020132620MN20041,MONMOUTH,MANALAPAN TWP,10/07/2020,WE,0958,01,MANALAPAN TWP PD,,0,0,0,0,P,B,N,N,08,2,95 FREEHOLD RD,S,,,,,08,,01,04,02,01,01,01,05,01,,,,PRIVATE PROPERTY,,,,,,26,40.289920,74.345390,N,,26144
2020132620MN20080,MONMOUTH,MANALAPAN TWP,10/07/2020,WE,1537,01,MANALAPAN TWP PD,,0,0,0,0,P,B,N,N,08,2,CLINTON DR **,,,,13261154__,.22,07,,01,05,02,01,01,01,,,1000,FE,S,KNOX LN,,,,25,25,26,40.301930,74.292650,N,,26098
2020132620MN20102,MONMOUTH,MANALAPAN TWP,10/07/2020,WE,1936,01,MANALAPAN TWP PD,,0,0,0,0,P,I,N,N,01,2,CRAIG RD,W,,,13161137__,1.54,07,,01,04,02,01,05,01,05,01,,AT,,SYMMES DR,,,,40,35,26,40.285820,74.322690,N,,119
2020132620MN20138,MONMOUTH,MANALAPAN TWP,10/08/2020,TH,0603,01,MANALAPAN TWP PD,,0,0,0,0,P,B,N,N,12,1,ROUTE 537,,537,,00000537__,47.71,05,,01,04,02,01,05,01,05,,528,FE,E,SHIRA LN,,,,50,25,,40.213710,74.346110,N,,26132
2020132620MN20186,MONMOUTH,MANALAPAN TWP,10/08/2020,TH,1612,01,MANALAPAN TWP PD,,0,0,0,0,P,I,N,N,03,2,125 SYMMES DR,,,,,,08,,01,04,02,01,01,01,05,01,,AT,,SYMMES DRIVE,,,,,45,,40.293380,74.303780,N,,26098
2020132620MN20242,MONMOUTH,MANALAPAN TWP,10/09/2020,FR,0803,01,MANALAPAN TWP PD,,0,2,0,0,I,B,N,N,01,3,ROUTE 522,W,522,,00000522__,17.55,05,,01,04,02,01,01,01,05,01,500,FE,W,CR 3 / MAIN ST / TENNENT ST,,,,45,35,26,40.281590,74.330580,N,,26139
2020132620MN20293,MONMOUTH,MANALAPAN TWP,10/09/2020,FR,1730,01,MANALAPAN TWP PD,,0,0,0,0,P,I,Y,N,01,2,PEASE RD,N,,,13261427__,2.11,07,,01,04,02,01,01,01,05,01,,AT,,UNION HILL RD,,,,35,35,26,40.327800,74.331420,N,,140
2020132620MN20297,MONMOUTH,MANALAPAN TWP,10/09/2020,FR,1901,01,MANALAPAN TWP PD,,0,0,0,0,P,B,N,N,12,1,NJ 33 BUSINESS,W,33,B,00000033B_,.40,02,,01,04,02,01,05,01,,,1000,FE,E,YATES RD,,,,50,,,40.254000,74.341660,N,,26098
2020132620MN20360,MONMOUTH,MANALAPAN TWP,10/10/2020,SA,1355,01,MANALAPAN TWP PD,,0,2,0,0,I,B,N,N,01,2,US 9,S,9,,00000009__,117.53,02,,01,04,02,01,01,01,01,01,5280,FE,S,CR 3 / MORGANVILLE RD / TENNENT RD,,,,55,40,26,,,N,,26158
2020132620MN20406,MONMOUTH,MANALAPAN TWP,10/11/2020,SU,0634,01,MANALAPAN TWP PD,MANALAPAN PD,0,0,0,0,P,B,N,N,12,1,NJ 33,W,33,,00000033__,24.09,02,,01,04,02,01,01,01,03,,400,FE,E,ROUTE 527 / MILLHURST RD / SWEETMAN,,,,55,35,,40.254000,74.341660,N,,26142
2020132620MN20413,MONMOUTH,MANALAPAN TWP,10/11/2020,SU,1253,01,MANALAPAN TWP PD,,0,0,0,0,P,I,N,N,07,2,BLUE JAY CT **,,,,13261543__,.00,07,,03,04,02,01,01,01,05,01,,AT,N,TAYLORS MILLS RD,,,,35,25,26,40.297312,74.339000,N,,26155
2020132620MN20435,MONMOUTH,MANALAPAN TWP,10/11/2020,SU,1634,01,MANALAPAN TWP PD,,0,1,0,0,I,B,N,N,11,2,ROUTE 527,S,527,,00000527__,26.62,05,,01,04,02,01,01,01,02,,50,FE,N,NJ 33,,,,45,55,56,,,N,,26136
2020132620MN20466,MONMOUTH,MANALAPAN TWP,10/12/2020,MO,0803,01,MANALAPAN TWP PD,,0,0,0,0,P,B,N,N,11,2,MONMOUTH COUNTY 3,S,3,,13000003__,3.63,05,,01,04,02,02,01,02,05,01,100,FE,S,US 9,,,,35,55,56,40.316760,74.306630,N,,26126
2020132620MN20470,MONMOUTH,MANALAPAN TWP,10/12/2020,MO,0858,01,MANALAPAN TWP PD,MANALAPAN PD,0,0,0,0,P,B,N,N,01,2,NJ 33,E,33,,00000033__,22.59,02,,01,04,02,02,01,02,03,01,50,FE,W,WOODWARD RD,,,,55,35,26,40.253820,74.368340,N,,26142
2020132620MN20618,MONMOUTH,MANALAPAN TWP,10/13/2020,TU,2054,01,MANALAPAN TWP PD,,0,0,0,0,P,B,N,N,01,2,US 9,N,9,,00000009__,119.17,02,,01,04,02,01,06,01,02,01,250,FE,N,COVERED BRIDGE BLVD,,,,55,25,26,40.327110,74.305620,N,,26145
2020132620MN20703,MONMOUTH,MANALAPAN TWP,10/14/2020,WE,2035,01,MANALAPAN TWP PD,,0,0,0,0,P,B,N,N,12,1,ROUTE 527,,527,,00000527__,30.73,05,,01,04,02,01,06,01,05,,100,FE,N,BURKE ST,,,,40,25,24,40.306260,74.358040,N,,26141
2020132620MN20779,MONMOUTH,MANALAPAN TWP,10/15/2020,TH,1448,01,MANALAPAN TWP PD,,0,0,0,0,P,I,N,N,03,2,PEASE RD,N,,,13261427__,1.58,07,,01,04,02,01,01,01,05,01,,AT,,PINE BROOK RD,,,,35,35,26,40.320820,74.327230,N,,26139
2020132620MN20783,MONMOUTH,MANALAPAN TWP,10/15/2020,TH,1532,01,MANALAPAN TWP PD,,0,0,0,0,P,I,N,N,01,2,NJ 33,W,33,,00000033__,22.60,02,,01,04,02,01,01,01,03,,,AT,,WOODWARD RD,,,,55,45,,40.253980,74.368340,N,,26098
2020132620MN20813,MONMOUTH,MANALAPAN TWP,10/15/2020,TH,2213,01,MANALAPAN TWP PD,,0,0,0,0,P,B,N,N,12,1,MONMOUTH COUNTY 3,W,3,,13000003__,.02,05,,01,06,02,01,06,01,05,01,100,FE,S,ROUTE 527 / MILLHURST RD,,,,35,35,24,40.277240,74.341000,N,,26160
2020132620MN20860,MONMOUTH,MANALAPAN TWP,10/16/2020,FR,1415,01,MANALAPAN TWP PD,,0,0,0,0,P,B,N,N,01,2,GORDONS CORNER RD,W,,,13261107__,.75,07,,01,04,02,01,01,01,05,01,50,FE,E,PEACE RD,,,,45,35,26,,,N,,26158
2020132620MN20875,MONMOUTH,MANALAPAN TWP,10/16/2020,FR,1911,01,MANALAPAN TWP PD,,0,1,0,0,I,B,N,N,11,1,ROUTE 527 ALTERNATE,N,527,A,00000527A_,3.52,05,,02,04,02,02,07,02,05,01,3696,FE,S,DAUM RD,,,,45,35,50,40.269550,74.390060,N,YELLOW ARROW SIGNS INDICATING THE CURVE IN THE ROADWAY,26143
2020132620MN20893,MONMOUTH,MANALAPAN TWP,10/17/2020,SA,0307,01,MANALAPAN TWP PD,,0,0,0,0,P,B,N,N,11,1,MT VERNON DR **,,,,,,07,,01,04,02,02,05,01,05,01,1056,FE,S,TRACY STATION RD,,,,25,35,53,40.297830,74.370360,N,UTILITY/LIGHT POLE # JC215MPN,26132
2020132620MN20910,MONMOUTH,MANALAPAN TWP,10/17/2020,SA,1001,01,MANALAPAN TWP PD,,0,0,0,0,P,B,N,N,12,1,NJ 33,W,33,,00000033__,21.60,02,,01,04,02,01,01,01,03,,2640,FE,E,ROUTE 527 ALT / IRON ORE RD / WOODV,,,,55,40,,40.255830,74.381160,N,,26097
2020132620MN20927,MONMOUTH,MANALAPAN TWP,10/17/2020,SA,1404,01,MANALAPAN TWP PD,,0,0,0,0,P,B,N,N,01,2,US 9,S,9,,00000009__,118.86,02,,01,04,02,01,01,01,02,,528,FE,N,PINE BROOK RD,,,,55,35,26,40.322530,74.305810,N,,26099
2020132620MN21102,MONMOUTH,MANALAPAN TWP,10/19/2020,MO,1024,01,MANALAPAN TWP PD,,0,0,0,0,P,B,N,N,02,2,US 9,S,9,,00000009__,117.95,02,,01,04,02,01,01,01,02,01,2640,FE,N,TAYLORS MILLS RD,,,,55,35,26,40.302680,74.303060,N,,26131
2020132620MN21176,MONMOUTH,MANALAPAN TWP,10/20/2020,TU,0801,01,MANALAPAN TWP PD,,0,2,0,0,I,B,N,N,04,3,HIGH BRIDGE ROAD,N,,,,,07,,01,04,02,02,01,02,05,01,1320,FE,N,ROUTE 527 ALTER,,,,35,35,26,40.288300,74.368130,N,TWO GUARDRAILS (OWNER: MONMOUTH COUNTY),
2020132620MN21262,MONMOUTH,MANALAPAN TWP,10/21/2020,WE,0201,01,MANALAPAN TWP PD,,0,0,0,0,P,B,N,N,12,1,ROUTE 527,S,527,,00000527__,26.26,05,,01,05,02,01,07,04,04,01,528,FE,S,KINNEY RD,,,,35,35,24,40.248480,74.340560,N,,26153