Year(4)-CountyCode(2)-MunicipalityCode(2)-CaseNumber(9),County Name,Municipality Name,Crash Date,Crash Day of Week,Crash Time,Police Department Code,Police Department,Police Station,Total Killed,Total Injured,Pedestrians Killed,Pedestrians Injured,Severity,Intersection,Alcohol Involved,Hazmat Involved,Crash Type,Total Vehicles,Location,Location Direction,Route,Route Suffix,Std Rte Identifier,MilePost,Road System,Road Character,Road Horizontal Alignment,Road Grade,Road Surface Type,Surface Condition,Light Condition,Environmental Condition,Road Divided By,Temporary Traffic Control Zone,Distance To Cross Street,Unit Of Measurement,Direction From Cross Street,Cross Street Name,Is Ramp,Ramp To/From Route Name,Ramp To/From Route Direction,Posted Speed,Posted Speed Cross Street,First Harmful Event,Latitude,Longitude,Cell Phone In Use Flag,Other Property Damage,Reporting Badge No.
2020132620MN21284,MONMOUTH,MANALAPAN TWP,10/21/2020,WE,0941,01,MANALAPAN TWP PD,MANALAPAN PD,0,0,0,0,P,B,N,N,01,2,UNION HILL RD,,,,13261104__,.26,07,,01,04,02,01,01,01,05,01,10,FE,E,PENSION RD,,,,35,25,26,40.322230,74.351800,N,,26142
2020132620MN21300,MONMOUTH,MANALAPAN TWP,10/20/2020,TU,1330,01,MANALAPAN TWP PD,,0,0,0,0,P,B,N,N,11,1,WOOD AVE,E,,,,,07,,01,04,02,01,01,01,05,01,1320,FE,W,HOSPITALITY WAY,,,,35,25,26,40.303780,74.370840,N,LAWN AT 68 WOOD AVENUE & UTILITY POLE # JC684MPN,26105
2020132620MN21446,MONMOUTH,MANALAPAN TWP,10/22/2020,TH,1602,01,MANALAPAN TWP PD,,0,1,0,0,I,I,N,N,07,2,PEASE RD,E,,,13261427__,.70,07,,01,04,02,01,01,01,05,01,,AT,,GORDONS CORNER RD,,,,35,40,26,40.313380,74.313430,N,,26160
2020132620MN21451,MONMOUTH,MANALAPAN TWP,10/22/2020,TH,1730,01,MANALAPAN TWP PD,,0,0,0,0,P,I,N,N,03,2,PENSION RD / PINE BROOK RD,S,,,13261428__,3.37,07,,01,04,02,01,01,01,05,01,,AT,,VAIL VALLEY DR,,,,35,25,26,40.313540,74.350630,N,,26160
2020132620MN21491,MONMOUTH,MANALAPAN TWP,10/23/2020,FR,0605,01,MANALAPAN TWP PD,,0,0,0,0,P,B,N,N,06,2,NJ 33,W,33,,00000033__,22.63,02,,01,04,02,02,06,01,03,01,2640,FE,E,SAW GRASS DR,,,,55,25,28,40.253400,74.347820,N,,26104
2020132620MN21538,MONMOUTH,MANALAPAN TWP,10/23/2020,FR,1525,01,MANALAPAN TWP PD,,0,1,0,0,I,B,N,N,99,1,ROUTE 527 ALTERNATE,S,527,A,00000527A_,4.50,05,,01,04,02,01,01,01,05,01,1320,FE,S,McCAFFERY RD,,,,45,35,01,,,N,,26134
2020132620MN21550,MONMOUTH,MANALAPAN TWP,10/23/2020,FR,2007,01,MANALAPAN TWP PD,,0,0,0,0,P,B,N,N,12,1,PEASE RD,S,,,13261427__,1.34,07,,01,04,02,01,07,01,05,01,1320,FE,N,OLD QUEENS BLVD,,,,35,25,24,40.309610,74.325240,N,,26143
2020132620MN21596,MONMOUTH,MANALAPAN TWP,10/24/2020,SA,1344,01,MANALAPAN TWP PD,,0,0,0,0,P,B,N,N,01,2,US 9,S,9,,00000009__,117.50,02,,01,04,02,01,01,01,01,01,250,FE,N,TAYLORS MILLS RD,,,,55,35,26,,,N,,26158
2020132620MN21598,MONMOUTH,MANALAPAN TWP,10/24/2020,SA,1346,01,MANALAPAN TWP PD,,0,0,0,0,P,B,N,N,01,2,NJ 33,E,33,,00000033__,22.59,02,,01,04,02,01,01,01,05,01,50,FE,W,WOODWARD RD,,,,55,35,26,40.253820,74.368340,N,,26131
2020132620MN21641,MONMOUTH,MANALAPAN TWP,10/25/2020,SU,0409,01,MANALAPAN TWP PD,,0,1,0,0,I,B,N,N,01,2,US 9,N,9,,00000009__,117.45,02,,01,04,02,01,06,01,02,01,10,FE,S,TAYLORS MILLS RD,,,,55,25,26,40.303100,74.303210,N,,26137
2020132620MN21704,MONMOUTH,MANALAPAN TWP,10/26/2020,MO,0018,01,MANALAPAN TWP PD,,0,1,0,0,I,B,N,N,12,1,NJ 33,E,33,,00000033__,24.81,02,,01,04,02,02,05,02,01,01,4224,FE,E,ROUTE 527 / MILLHURST RD / SWEETMAN,,,,55,45,24,40.253390,74.328720,N,,26153
2020132620MN21718,MONMOUTH,MANALAPAN TWP,10/26/2020,MO,0643,01,MANALAPAN TWP PD,,0,0,0,0,P,I,N,N,03,2,NJ 33,W,33,,00000033__,22.60,02,,01,04,02,02,02,02,03,01,,AT,,WOODWARD RD,,,,55,35,26,40.253820,74.368340,N,,26153
2020132620MN21756,MONMOUTH,MANALAPAN TWP,10/26/2020,MO,1433,01,MANALAPAN TWP PD,MANALAPAN PD,0,0,0,0,P,B,N,N,01,2,US 9,S,9,,00000009__,116.95,02,,01,04,02,02,01,02,02,01,1056,FE,N,RYAN RD / SYMMES RD,,,,55,35,26,40.294100,74.299740,N,,26142
2020132620MN21758,MONMOUTH,MANALAPAN TWP,10/26/2020,MO,1457,01,MANALAPAN TWP PD,,0,0,0,0,P,B,N,N,01,2,MONMOUTH COUNTY 3,N,3,,13000003__,2.47,05,,01,04,02,02,01,02,05,01,1320,FE,N,TAYLORS MILLS RD,,,,40,35,26,40.302360,74.316830,N,,26131
2020132620MN21832,MONMOUTH,MANALAPAN TWP,10/27/2020,TU,1154,01,MANALAPAN TWP PD,,0,0,0,0,P,B,N,N,11,1,MONMOUTH COUNTY 3,E,3,,13000003__,2.60,05,,01,04,02,01,01,01,05,01,20,FE,E,SANDY BROOK,,,,40,25,52,40.318100,74.305550,N,POLE # BT1268MPN,26118
2020132620MN21932,MONMOUTH,MANALAPAN TWP,10/27/2020,TU,2049,01,MANALAPAN TWP PD,,0,0,0,0,P,B,N,N,12,1,US 9,N,9,,00000009__,118.85,02,,01,04,02,01,06,01,02,01,500,FE,N,PINE BROOK RD,,,,55,30,26,40.318880,74.306010,N,,26160
2020132620MN21934,MONMOUTH,MANALAPAN TWP,10/27/2020,TU,2110,01,MANALAPAN TWP PD,,0,0,0,0,P,B,N,N,12,1,NJ 33,W,33,,00000033__,22.56,02,,01,04,02,01,05,01,03,,200,FE,W,WOODWARD RD,,,,55,35,24,40.253980,74.368340,N,,26141
2020132620MN21996,MONMOUTH,MANALAPAN TWP,10/28/2020,WE,1032,01,MANALAPAN TWP PD,,0,0,0,0,P,B,N,N,02,2,WOODWARD RD,S,,,13261001__,2.13,07,,01,04,02,02,01,05,05,01,150,FE,N,NJ 33,,,,35,55,26,40.253820,74.368340,N,,26144
2020132620MN22094,MONMOUTH,MANALAPAN TWP,10/29/2020,TH,1508,01,MANALAPAN TWP PD,,0,0,0,0,P,B,N,N,11,1,MONMOUTH COUNTY 3,N,3,,13000003__,.86,05,,02,04,02,02,01,02,05,,300,FE,N,ROUTE 522,,,,45,45,,,,N,GUARD RAIL - EAST SIDE OF TENNENT RD. OWNED BY MONMOUTH COUNTY ROAD DEPARTMENT,26123
2020132620MN22120,MONMOUTH,MANALAPAN TWP,10/30/2020,FR,0809,01,MANALAPAN TWP PD,,0,0,0,0,P,B,N,N,12,1,UNION HILL RD,E,,,13261104__,.79,07,,01,04,02,02,01,02,05,01,6,FE,E,WOOD HOLLOW DR,,,,35,25,24,40.336860,74.318900,N,,26116
2020132620MN22154,MONMOUTH,MANALAPAN TWP,10/30/2020,FR,1258,01,MANALAPAN TWP PD,,1,0,0,0,F,B,N,N,15,1,PEASE RD,N,,,13261427__,1.04,07,,01,04,02,02,01,05,05,01,10,FE,N,GREENRIDGE DR,,,,35,25,99,40.313360,74.324930,N,MINOR SCUFF MARKS ON GARBAGE CAN BELONGING TO 94 PEASE ROAD,26126
2020132620MN22170,MONMOUTH,MANALAPAN TWP,10/30/2020,FR,1520,01,MANALAPAN TWP PD,MANALAPAN PD,0,0,0,0,P,B,N,N,01,2,US 9,S,9,,00000009__,116.95,02,,01,04,02,01,01,01,02,01,2640,FE,S,TAYLORS MILLS RD,,,,55,35,26,40.308830,74.304540,N,,26142
2020132620MN22241,MONMOUTH,MANALAPAN TWP,10/31/2020,SA,1410,01,MANALAPAN TWP PD,,0,0,0,0,P,B,N,N,01,2,RYAN RD / SYMMES DR,,,,13261138__,1.42,07,,01,04,02,01,01,01,05,01,250,FE,W,US 9,,,,35,55,26,,,N,,26158
2020132620MN22242,MONMOUTH,MANALAPAN TWP,10/31/2020,SA,1416,01,MANALAPAN TWP PD,STATION,0,0,0,0,P,B,N,N,05,2,ROUTE 522,W,522,,00000522__,17.62,05,,01,04,02,01,01,01,04,01,100,FE,W,CR 3 / MAIN ST / TENNENT ST,,,,45,35,26,40.284910,74.313460,N,,26097
2020132620MN22393,MONMOUTH,MANALAPAN TWP,11/02/2020,MO,1931,01,MANALAPAN TWP PD,,0,1,0,0,I,B,N,N,01,2,ROUTE 527 ALTERNATE,S,527,A,00000527A_,2.25,05,,01,04,02,01,06,01,05,01,10,FE,N,NJ 33,,,,45,55,26,40.254000,74.341660,N,,140
2020132620MN22401,MONMOUTH,MANALAPAN TWP,11/02/2020,MO,2221,01,MANALAPAN TWP PD,,0,0,0,0,P,B,N,N,12,1,GIBSON PL / GULLY RD / KINNEY RD / OAKLEY DR,W,,,13261176__,.40,07,,01,04,02,01,07,01,05,01,100,FE,E,THOMPSON GROVE RD,,,,35,35,24,40.246520,74.322230,N,,26145
2020132620MN22414,MONMOUTH,MANALAPAN TWP,11/03/2020,TU,0842,01,MANALAPAN TWP PD,,0,0,0,0,P,I,N,N,03,2,ROUTE 527 ALTERNATE,E,527,A,00000527A_,4.83,05,,01,04,02,01,01,01,05,01,,AT,,MT VERNON RD,,,,40,30,26,40.288300,74.367420,N,,26118
2020132620MN22478,MONMOUTH,MANALAPAN TWP,11/03/2020,TU,1734,01,MANALAPAN TWP PD,,0,2,0,0,I,B,N,N,01,2,ROUTE 522,,522,,00000522__,17.62,05,,01,04,02,01,05,01,05,01,100,FE,W,CR 3 / MAIN ST / TENNENT ST,,,,45,35,26,40.281590,74.330580,N,,26151
2020132620MN22500,MONMOUTH,MANALAPAN TWP,11/04/2020,WE,0537,01,MANALAPAN TWP PD,,0,1,0,0,I,B,N,N,12,1,NJ 33,W,33,,00000033__,22.70,02,,01,05,02,01,05,01,03,01,528,FE,E,WOODWARD RD,,,,55,35,24,40.253980,74.368340,N,,26149
2020132620MN22519,MONMOUTH,MANALAPAN TWP,11/04/2020,WE,1113,01,MANALAPAN TWP PD,,0,0,0,0,P,B,N,N,11,1,UNION HILL RD,W,,,13261104__,.84,07,,01,04,02,01,01,01,05,01,20,FE,W,KRISTIN CT,,,,35,25,52,40.336180,74.319240,N,POLE #BT3247,26144
2020132620MN22548,MONMOUTH,MANALAPAN TWP,11/04/2020,WE,1932,01,MANALAPAN TWP PD,MANALAPAN,0,0,0,0,P,B,N,N,12,1,NJ 33,W,33,,00000033__,23.76,02,,01,04,02,01,04,01,03,,1320,FE,W,ROUTE 527 / MILLHURST RD / SWEETMAN,,,,55,45,24,40.253240,74.354680,N,,26113
2020132620MN22561,MONMOUTH,MANALAPAN TWP,11/04/2020,WE,2306,01,MANALAPAN TWP PD,,0,0,0,0,P,B,N,N,12,1,ROUTE 527,,527,,00000527__,27.94,05,,01,04,02,01,05,01,05,,500,FE,N,HEDGEROW LN / VERONICA CT,,,,45,25,,40.287070,74.358230,N,,26132
2020132620MN22575,MONMOUTH,MANALAPAN TWP,11/05/2020,TH,0704,01,MANALAPAN TWP PD,,0,0,0,0,P,B,N,N,12,1,US 9,N,9,,00000009__,118.44,02,,01,04,02,01,01,01,01,01,500,FE,S,CR 3 / MORGANVILLE RD / TENNENT RD,,,,55,45,24,,,N,,26158
2020132620MN22579,MONMOUTH,MANALAPAN TWP,11/05/2020,TH,0904,01,MANALAPAN TWP PD,,0,0,0,0,P,B,N,N,01,2,WOODWARD RD,N,,,13261001__,.01,07,,01,04,02,01,01,01,05,01,50,FE,N,ROUTE 527 / MILLHURST RD,,,,35,40,26,,,N,,26158
2020132620MN22649,MONMOUTH,MANALAPAN TWP,11/05/2020,TH,1609,01,MANALAPAN TWP PD,,0,0,0,0,P,B,N,N,08,2,US 9,S,9,,00000009__,116.77,02,,01,06,02,01,01,01,02,01,100,FE,N,RYAN RD / SYMMES RD,,,,55,35,26,40.293150,74.298590,N,,26151
2020132620MN22726,MONMOUTH,MANALAPAN TWP,11/06/2020,FR,1255,01,MANALAPAN TWP PD,,0,0,0,0,P,I,N,N,02,2,UNION HILL RD,W,,,13261104__,.62,07,,01,04,02,01,01,01,05,01,,AT,,IVANHOE RD / SHERWOOD RD,,,,35,25,26,,,N,,26158
2020132620MN22753,MONMOUTH,MANALAPAN TWP,11/06/2020,FR,1916,01,MANALAPAN TWP PD,,0,0,0,0,P,B,N,N,12,1,NJ 33,W,33,,00000033__,25.01,02,,01,04,02,01,05,01,01,,5280,FE,E,ROUTE 527 / MILLHURST RD / SWEETMAN,,,,55,40,,40.257820,74.368050,N,,26097
2020132620MN22775,MONMOUTH,MANALAPAN TWP,11/07/2020,SA,0832,01,MANALAPAN TWP PD,,0,1,0,0,I,I,N,N,03,2,PENSION RD,N,,,13261004__,.18,07,,01,04,02,01,01,01,05,01,,AT,,UNION HILL RD,,,,35,35,26,40.323240,74.351530,N,POLE #JC143MPN,26099
2020132620MN22776,MONMOUTH,MANALAPAN TWP,11/07/2020,SA,0856,01,MANALAPAN TWP PD,,0,0,0,0,P,B,N,N,03,2,GORDONS CORNER RD,,,,13261107__,.79,07,,01,04,02,01,01,01,05,,250,FE,E,PEACE RD,,,,40,25,26,,,N,,26158
2020132620MN22817,MONMOUTH,MANALAPAN TWP,11/07/2020,SA,2035,01,MANALAPAN TWP PD,,0,0,0,0,P,B,N,N,12,1,NJ 33,W,33,,00000033__,21.35,02,,01,04,02,01,07,01,03,01,1320,FE,E,ROUTE 527 ALT / IRON ORE RD / WOODV,,,,55,40,24,40.258130,74.396170,N,,26148
2020132620MN22864,MONMOUTH,MANALAPAN TWP,11/08/2020,SU,1304,01,MANALAPAN TWP PD,,0,2,0,0,I,B,N,N,03,2,WOODWARD RD,N,,,13261001__,2.15,07,,01,04,02,01,01,01,05,01,250,FE,N,NJ 33,,,,35,55,26,,,N,,26158
2020132620MN22866,MONMOUTH,MANALAPAN TWP,11/08/2020,SU,1316,01,MANALAPAN TWP PD,,0,0,0,0,P,B,N,N,01,3,NJ 33,W,33,,00000033__,24.02,02,,01,04,02,01,01,01,03,01,50,FE,E,ROUTE 527 / MILLHURST RD / SWEETMAN,,,,55,40,26,40.254000,74.341660,N,,
2020132620MN22911,MONMOUTH,MANALAPAN TWP,11/09/2020,MO,0440,01,MANALAPAN TWP PD,,0,0,0,0,P,I,N,N,12,1,ROUTE 527 ALTERNATE,N,527,A,00000527A_,.98,05,,03,05,02,01,05,01,05,01,,AT,,BAIRD RD / LAMB LN,,,,45,25,24,40.242360,74.384230,N,,26153
2020132620MN22921,MONMOUTH,MANALAPAN TWP,11/09/2020,MO,0752,01,MANALAPAN TWP PD,MANALAPAN PD,0,0,0,0,P,B,N,N,01,3,MONMOUTH COUNTY 3,,3,,13000003__,.79,05,,01,04,02,01,01,01,05,01,75,FE,S,ROUTE 522,,,,35,35,26,40.281590,74.330580,N,,
2020132620MN22930,MONMOUTH,MANALAPAN TWP,11/09/2020,MO,1041,01,MANALAPAN TWP PD,,0,0,0,0,P,B,N,N,01,2,US 9,S,9,,00000009__,117.95,02,,01,04,02,01,01,01,02,01,2640,FE,N,TAYLORS MILLS RD,,,,55,35,26,40.313200,74.306430,N,,26139
2020132620MN22951,MONMOUTH,MANALAPAN TWP,11/09/2020,MO,1437,01,MANALAPAN TWP PD,MANALAPAN PD,0,0,0,0,P,B,N,N,01,2,NJ 33,W,33,,00000033__,24.02,02,,01,04,02,01,01,01,03,01,50,FE,E,ROUTE 527 / MILLHURST RD / SWEETMAN,,,,55,35,26,40.254000,74.341660,N,,26142
2020132620MN22962,MONMOUTH,MANALAPAN TWP,11/09/2020,MO,1719,01,MANALAPAN TWP PD,,0,1,0,0,I,B,N,N,01,3,US 9,N,9,,00000009__,117.00,02,,01,04,02,01,05,01,02,01,1320,FE,N,RYAN RD / SYMMES RD,,,,55,25,26,40.295210,74.299300,N,,
2020132620MN23115,MONMOUTH,MANALAPAN TWP,11/10/2020,TU,1614,01,MANALAPAN TWP PD,,0,0,0,0,P,I,N,N,02,2,GORDONS CORNER RD,W,,,13261107__,.53,07,,01,04,02,01,01,01,,,,AT,E,CONSTITUTION CT,,,,,25,26,40.307050,74.326220,N,,26098
2020132620MN23116,MONMOUTH,MANALAPAN TWP,11/10/2020,TU,1658,01,MANALAPAN TWP PD,,0,0,0,0,P,B,N,N,02,2,NJ 33,W,33,,00000033__,22.56,02,,01,04,02,01,01,01,03,,200,FE,W,WOODWARD RD,,,,55,45,26,,,N,,26123
2020132620MN23127,MONMOUTH,MANALAPAN TWP,11/10/2020,TU,1822,01,MANALAPAN TWP PD,,0,0,0,0,P,B,N,N,12,2,WOODWARD RD,E,,,,,07,,01,04,02,01,01,01,05,01,500,FE,E,PALAMINO DR.,,,,35,25,24,40.264830,74.357270,N,,26116
2020132620MN23218,MONMOUTH,MANALAPAN TWP,11/12/2020,TH,1039,01,MANALAPAN TWP PD,,0,0,0,0,P,B,N,N,01,2,US 9,N,9,,00000009__,117.51,02,,01,04,02,02,01,01,02,01,1320,FE,S,FRANKLIN LN,,,,55,25,26,40.306280,74.303610,N,,26118
2020132620MN23260,MONMOUTH,MANALAPAN TWP,11/13/2020,FR,0206,01,MANALAPAN TWP PD,,0,0,0,0,P,B,N,N,12,1,US 9,N,9,,00000009__,119.00,02,,01,04,02,02,06,02,02,,500,FE,N,GORDONS CORNER RD,,,,55,45,24,,,N,,26130
2020132620MN23293,MONMOUTH,MANALAPAN TWP,11/13/2020,FR,1441,01,MANALAPAN TWP PD,STATION,0,1,0,0,I,I,N,N,03,2,ROUTE 527,W,527,,00000527__,25.95,05,,01,04,02,02,01,05,05,01,,AT,,WYNDAM LN,,,,45,25,26,40.246920,74.347970,N,,26131
2020132620MN23299,MONMOUTH,MANALAPAN TWP,11/13/2020,FR,1734,01,MANALAPAN TWP PD,,0,0,0,0,P,B,N,N,01,2,US 9,S,9,,00000009__,117.70,02,,01,04,02,02,07,01,02,01,1320,FE,N,TAYLORS MILLS RD,,,,55,40,26,40.308520,74.303590,N,,26148
2020132620MN23302,MONMOUTH,MANALAPAN TWP,11/13/2020,FR,1810,01,MANALAPAN TWP PD,,0,0,0,0,P,I,N,N,11,1,WILD TURKEY WAY,E,,,,,07,,01,04,02,01,01,01,05,01,,AT,,UNION HILL ROAD,,,,25,35,,40.336180,74.319240,N,,26146
2020132620MN23333,MONMOUTH,MANALAPAN TWP,11/14/2020,SA,0354,01,MANALAPAN TWP PD,,0,0,0,0,P,B,N,N,12,1,NJ 33,E,33,,00000033__,22.10,02,,01,04,02,01,05,01,03,01,2640,FE,W,WOODWARD RD,,,,55,40,24,40.255440,74.377600,N,,26148
2020132620MN23406,MONMOUTH,MANALAPAN TWP,11/15/2020,SU,0215,01,MANALAPAN TWP PD,,0,0,0,0,P,B,N,N,06,2,CORNELL PL **,W,,,13261036__,.10,07,,01,04,02,01,07,01,05,01,528,FE,E,OLD QUEENS BLVD,,,,25,25,26,40.303690,74.338060,N,,26153
2020132620MN23411,MONMOUTH,MANALAPAN TWP,11/15/2020,SU,0903,01,MANALAPAN TWP PD,,0,0,0,0,P,B,N,N,11,1,MCCAFFERY RD **,,,,13261167__,1.74,07,,01,04,02,01,05,01,05,01,5,FE,W,WOODWARD RD,,,,35,35,56,,,N,STREET SIGN WOODWARD / MCCAFFEREY ROAD,26158
2020132620MN23439,MONMOUTH,MANALAPAN TWP,11/15/2020,SU,1449,01,MANALAPAN TWP PD,,0,0,0,0,P,I,N,N,03,2,WOODVILLE ROAD,E,,,,,07,,01,04,02,01,01,01,05,01,,AT,,NJ 33,,,,35,55,26,,,N,PEDESTRAIN CROSSING SIGN,26158
2020132620MN23449,MONMOUTH,MANALAPAN TWP,11/15/2020,SU,1909,01,MANALAPAN TWP PD,,0,0,0,0,P,B,N,N,12,1,NJ 33,E,33,,00000033__,23.00,02,,01,04,02,01,07,01,03,01,1320,FE,W,PEGASUS BLVD,,,,55,25,24,40.252230,74.358510,N,,26143
2020132620MN23486,MONMOUTH,MANALAPAN TWP,11/16/2020,MO,1054,01,MANALAPAN TWP PD,,0,0,0,0,P,B,N,N,11,1,DEY GROVE RD **,W,,,,,07,,02,04,02,01,01,01,05,01,2000,FE,W,IRON ORE RD,,,,50,50,52,40.283970,74.391800,N,VERIZON UTILITY POLE BT1115MPN,26126
2020132620MN23543,MONMOUTH,MANALAPAN TWP,11/16/2020,MO,2208,01,MANALAPAN TWP PD,,0,0,0,0,P,B,N,N,12,2,ROUTE 527,S,527,,00000527__,22.63,05,,01,04,02,01,04,01,,,1000,FE,S,ROUTE 537,,,,50,50,,40.209800,74.352870,N,,26098
2020132620MN23556,MONMOUTH,MANALAPAN TWP,11/17/2020,TU,0524,01,MANALAPAN TWP PD,MANALAPAN,0,0,0,0,P,B,N,N,12,1,US 9,N,9,,00000009__,116.99,02,,01,04,02,01,06,01,02,01,1320,FE,S,SMALLWOOD LN / PLAZA CT,,,,55,25,24,40.296080,74.299560,N,,26147
2020132620MN23597,MONMOUTH,MANALAPAN TWP,11/17/2020,TU,1659,01,MANALAPAN TWP PD,,0,0,0,0,P,B,N,N,12,1,ROUTE 527,S,527,,00000527__,29.12,05,,01,04,02,01,01,01,05,01,100,FE,S,GOLD CT,,,,40,25,25,40.283160,74.351870,N,DOG OWNED BY (J.H) OF 123 MILLHURST ROAD,140
2020132620MN23600,MONMOUTH,MANALAPAN TWP,11/17/2020,TU,1740,01,MANALAPAN TWP PD,,0,0,0,0,P,B,N,N,01,2,US 9,S,9,,00000009__,117.65,02,,01,04,02,01,05,01,02,01,1056,FE,N,TAYLORS MILLS RD,,,,55,35,26,40.305720,74.303340,N,,26151
2020132620MN23601,MONMOUTH,MANALAPAN TWP,11/17/2020,TU,1749,01,MANALAPAN TWP PD,-0,0,0,0,0,P,B,N,N,01,2,US 9,S,9,,00000009__,117.43,02,,01,04,02,01,06,01,02,01,100,FE,S,TAYLORS MILLS RD,,,,55,25,26,40.318670,74.306610,N,,26160
2020132620MN23698,MONMOUTH,MANALAPAN TWP,11/18/2020,WE,2151,01,MANALAPAN TWP PD,,0,0,0,0,P,B,N,N,12,1,NJ 33,W,33,,00000033__,22.23,02,,01,04,02,01,05,01,03,01,528,FE,E,SAW GRASS DR,,,,55,25,24,40.254790,74.379510,N,,26151
2020132620MN23700,MONMOUTH,MANALAPAN TWP,11/18/2020,WE,2206,01,MANALAPAN TWP PD,,0,0,0,0,P,B,N,N,12,1,US 9,S,9,,00000009__,116.73,02,,01,04,02,01,06,01,02,01,100,FE,S,RYAN RD / SYMMES RD,,,,55,35,24,40.296080,74.299560,N,,26160
2020132620MN23744,MONMOUTH,MANALAPAN TWP,11/19/2020,TH,1725,01,MANALAPAN TWP PD,,0,1,0,1,I,B,N,N,13,1,GREENFIELD RD **,,,,13261292__,.00,07,,01,04,02,01,07,01,,,5,FE,S,TAYLORS MILLS RD,,,,25,25,22,,,N,,26134
2020132620MN23806,MONMOUTH,MANALAPAN TWP,11/20/2020,FR,1738,01,MANALAPAN TWP PD,,0,0,0,0,P,I,Y,N,02,2,GORDONS CORNER RD,W,,,,,07,,03,05,02,01,07,01,03,01,,AT,,,T,US 9,SB,,,26,40.317780,74.306510,N,,26148
2020132620MN23819,MONMOUTH,MANALAPAN TWP,11/20/2020,FR,2206,01,MANALAPAN TWP PD,MANALAPAN TWP,0,0,0,0,P,I,N,N,12,1,ROUTE 527 ALTERNATE,N,527,A,00000527A_,4.75,05,,01,04,02,01,05,01,,,,AT,,McCAFFERY RD,,,,45,,24,40.282790,74.377070,N,,26113
2020132620MN23900,MONMOUTH,MANALAPAN TWP,11/22/2020,SU,0025,01,MANALAPAN TWP PD,,0,0,0,0,P,B,N,N,12,1,NJ 33,W,33,,00000033__,23.30,02,,01,04,02,01,05,01,05,01,250,FE,E,PEGASUS BLVD,,,,55,25,24,40.253160,74.356360,N,,26152
2020132620MN24033,MONMOUTH,MANALAPAN TWP,11/23/2020,MO,1714,01,MANALAPAN TWP PD,,0,1,0,0,I,B,N,N,01,3,AMBERLY DR / WILD TURKEY WAY,N,,,13261181__,.60,07,,01,04,02,01,01,01,,,1000,FE,S,ARROWOOD RD,,,,25,25,,40.326100,74.314550,N,,
2020132620MN24052,MONMOUTH,MANALAPAN TWP,11/23/2020,MO,2202,01,MANALAPAN TWP PD,STATION,0,0,0,0,P,B,N,N,12,1,ROUTE 527,N,527,,00000527__,23.62,05,,01,04,02,01,04,01,,,1000,FE,N,RIFKIN CT,,,,45,25,24,40.227940,74.364400,N,,26098
2020132620MN24090,MONMOUTH,MANALAPAN TWP,11/24/2020,TU,1326,01,MANALAPAN TWP PD,,0,0,0,0,P,B,N,N,08,2,PENSION RD / PINE BROOK RD,N,,,13261428__,3.00,07,,01,04,02,01,01,01,05,01,2640,FE,N,CR 22 / GORDONS CORNER RD,,,,35,40,26,40.308530,74.352860,N,,26118
2020132620MN24109,MONMOUTH,MANALAPAN TWP,11/24/2020,TU,1701,01,MANALAPAN TWP PD,STATION,0,0,0,0,P,B,N,N,02,2,UNION HILL RD,E,,,13261104__,1.31,07,,02,04,02,01,07,01,05,01,15,FE,E,NAVAJO RD,,,,35,25,26,40.326450,74.333170,N,,26129
2020132620MN24112,MONMOUTH,MANALAPAN TWP,11/24/2020,TU,1710,01,MANALAPAN TWP PD,,0,0,0,0,P,B,N,N,12,1,GORDONS CORNER RD,,,,13261107__,1.47,07,,01,04,02,01,05,01,05,01,50,FE,E,MERION DR,,,,45,25,24,40.313380,74.313430,N,,26151
2020132620MN24151,MONMOUTH,MANALAPAN TWP,11/25/2020,WE,0411,01,MANALAPAN TWP PD,,0,0,0,0,P,B,N,N,08,2,AMBERLY DR / WILD TURKEY WAY,S,,,13261181__,1.58,07,,01,04,02,01,07,01,05,01,500,FE,S,MEADOW GREEN CIR,,,,25,25,28,40.331440,74.314420,N,,26152
2020132620MN24163,MONMOUTH,MANALAPAN TWP,11/25/2020,WE,1115,01,MANALAPAN TWP PD,,0,0,0,0,P,B,N,N,01,2,CRAIG RD,E,,,13161137__,.60,07,,01,04,02,01,01,01,05,01,500,FE,E,CORPORATE CENTER DR / LIGHTFOOT DR,,,,40,25,26,40.286390,74.296570,N,,26152
2020132620MN24175,MONMOUTH,MANALAPAN TWP,11/25/2020,WE,1417,01,MANALAPAN TWP PD,,0,0,0,0,P,B,N,N,01,3,MONMOUTH COUNTY 3,N,3,,13000003__,3.29,05,,01,04,02,01,01,01,05,01,250,FE,N,TOWNE DR,,,,40,25,26,40.314880,74.306650,N,,