Year(4)-CountyCode(2)-MunicipalityCode(2)-CaseNumber(9),County Name,Municipality Name,Crash Date,Crash Day of Week,Crash Time,Police Department Code,Police Department,Police Station,Total Killed,Total Injured,Pedestrians Killed,Pedestrians Injured,Severity,Intersection,Alcohol Involved,Hazmat Involved,Crash Type,Total Vehicles,Location,Location Direction,Route,Route Suffix,Std Rte Identifier,MilePost,Road System,Road Character,Road Horizontal Alignment,Road Grade,Road Surface Type,Surface Condition,Light Condition,Environmental Condition,Road Divided By,Temporary Traffic Control Zone,Distance To Cross Street,Unit Of Measurement,Direction From Cross Street,Cross Street Name,Is Ramp,Ramp To/From Route Name,Ramp To/From Route Direction,Posted Speed,Posted Speed Cross Street,First Harmful Event,Latitude,Longitude,Cell Phone In Use Flag,Other Property Damage,Reporting Badge No.
2020132620MN26119,MONMOUTH,MANALAPAN TWP,12/30/2020,WE,1320,01,MANALAPAN TWP PD,,0,0,0,0,P,B,N,N,01,2,ROUTE 527,N,527,,00000527__,28.59,05,,01,04,02,01,01,01,05,01,2640,FE,N,CR 3 / MAIN ST / WOODWARD RD,,,,45,35,26,40.280780,74.347170,N,,26116
2020132620MN26126,MONMOUTH,MANALAPAN TWP,12/30/2020,WE,1531,01,MANALAPAN TWP PD,,0,0,0,0,P,B,N,N,01,2,MONMOUTH COUNTY 3,S,3,,13000003__,3.69,05,,01,04,02,01,01,01,05,01,100,FE,N,GORDENS CORNER RD,,,,40,35,26,40.313380,74.313430,N,,26126
2020132620MN26127,MONMOUTH,MANALAPAN TWP,12/30/2020,WE,1629,01,MANALAPAN TWP PD,,0,0,0,0,P,B,N,N,01,2,AMBERLY DR / WILD TURKEY WAY,,,,13261181__,.34,07,,01,06,02,01,03,01,05,,3,FE,W,AMBERLY DR,,,,25,25,26,,,N,,26134
2020132620MN26186,MONMOUTH,MANALAPAN TWP,12/31/2020,TH,1926,01,MANALAPAN TWP PD,,0,0,0,0,P,B,N,N,02,2,US 9,N,9,,00000009__,118.93,02,,01,04,02,01,07,01,02,01,1000,FE,S,COVERED BRIDGE BLVD,,,,55,25,26,40.322510,74.304750,N,,26145
2020132629MN19496,MONMOUTH,MANALAPAN TWP,10/01/2020,TH,1637,01,MANALAPAN TWP PD,,0,0,0,0,P,B,N,N,01,2,US 9,,9,,00000009__,117.59,02,,01,04,02,01,01,01,02,,750,FE,N,TAYLORS MILLS RD,,,,55,35,26,40.302680,74.303060,N,,26141
20201326C060-2020-00475A,MONMOUTH,MANALAPAN TWP,05/06/2020,WE,0233,02,NEW JERSEY STATE POLICE,HAMILTON-SUB -,0,0,0,0,P,B,N,N,12,1,ROUTE 527,S,527,,00000527__,31.40,05,,01,04,02,02,04,02,05,01,,,,,,,,45,,24,40.296540,74.239000,N,,8272
20201326C060-2020-00488A,MONMOUTH,MANALAPAN TWP,05/09/2020,SA,1324,02,NEW JERSEY STATE POLICE,HAMILTON-SUB -,0,0,0,0,P,B,N,N,12,1,SMITHBURG RD,S,,,,,07,,01,04,02,01,01,01,05,01,,,S,SWEETMANS LANE,,,,40,40,24,40.228550,74.364950,N,,8309
20201326C060-2020-00613A,MONMOUTH,MANALAPAN TWP,06/14/2020,SU,1336,02,NEW JERSEY STATE POLICE,HAMILTON-SUB -,0,0,0,0,P,B,N,N,01,2,NJ 33,E,33,,00000033__,21.20,02,,01,04,02,01,01,01,03,01,,,,,,,,55,,26,40.262160,74.418000,N,,7865
20201326C060-2020-00913A,MONMOUTH,MANALAPAN TWP,08/28/2020,FR,1242,02,NEW JERSEY STATE POLICE,HAMILTON-SUB -,0,0,0,0,P,B,N,N,03,2,ROUTE 527,W,527,,00000527__,29.55,05,,01,04,02,01,01,01,05,01,,,,DUGANS GROVE,,,,45,45,26,40.265690,74.402580,N,,8347
20201326C060-2020-00989A,MONMOUTH,MANALAPAN TWP,09/20/2020,SU,0213,02,NEW JERSEY STATE POLICE,HAMILTON-SUB -,0,0,0,0,P,B,N,N,12,1,ROUTE 527,N,527,,00000527__,25.40,05,,01,04,02,01,05,01,05,01,100,FE,S,,,,,25,,24,40.246450,74.388590,N,,8540
2020132720-10051-AC,MONMOUTH,MANASQUAN BORO,09/04/2020,FR,1533,01,MANASQUAN PD,MANASQUAN,0,0,0,0,P,B,N,N,06,2,BRIELLE RD / E MAIN ST / FIRST AVE / FISK AVE,,,,13081097__,2.14,07,,01,04,02,01,01,01,05,01,150,FE,W,WARREN AVE / WYCKOFF AVE,,,,25,25,28,,,N,,68
2020132720-10128-AC,MONMOUTH,MANASQUAN BORO,09/05/2020,SA,0915,01,MANASQUAN PD,,0,1,0,0,I,B,N,N,02,3,MANITO RD **,,,,13521055__,.42,07,,01,04,02,01,01,01,05,01,100,FE,E,LENAPE TRL,,,,25,25,26,,,N,,65
2020132720-10308-AC,MONMOUTH,MANASQUAN BORO,09/06/2020,SU,2308,01,MANASQUAN PD,MANASQUAN,0,0,0,0,P,B,N,N,12,1,NJ 71,,71,,00000071__,.77,02,,01,04,02,01,07,01,05,01,75,FE,N,MARCELLUS AVE,,,,30,25,24,,,N,,68
2020132720-10502-AC,MONMOUTH,MANASQUAN BORO,09/11/2020,FR,0905,01,MANASQUAN PD,,0,0,0,0,P,I,N,N,01,2,NJ 71,,71,,00000071__,1.06,02,,01,04,02,01,01,05,05,01,,AT,S,MAIN ST,,,,30,25,26,,,N,,62
2020132720-10625-AC,MONMOUTH,MANASQUAN BORO,09/13/2020,SU,1431,01,MANASQUAN PD,MANASQUAN,0,0,0,0,P,B,N,N,11,1,MONMOUTH COUNTY 49,,49,,13000049__,.07,05,,01,04,02,01,01,01,05,01,5,FE,E,CURTIS PL,,,,30,25,56,,,N,CONCRETE STREET SIGN / GRASS - BORO OF MANASQUAN - 201 EAST MAIN ST MANASQUAN N?,56
2020132720-10748-AC,MONMOUTH,MANASQUAN BORO,09/16/2020,WE,0742,01,MANASQUAN PD,,0,0,0,0,P,B,N,N,02,2,MAIN ST **,,,,,,07,,01,04,02,01,01,01,05,01,50,FE,W,NJ 71,,,,25,30,26,,,N,,65
2020132720-10765-AC,MONMOUTH,MANASQUAN BORO,09/16/2020,WE,1559,01,MANASQUAN PD,,0,0,0,0,P,B,N,N,03,2,NJ 71,,71,,00000071__,1.69,02,,01,04,02,01,01,01,05,01,150,FE,S,CR 49 / SEAGIRT AVE,,,,35,35,26,,,N,,67
2020132720-10802-AC,MONMOUTH,MANASQUAN BORO,09/17/2020,TH,1618,01,MANASQUAN PD,,0,0,0,0,P,B,N,N,01,2,NJ 71,,71,,00000071__,1.03,02,,01,04,02,02,01,02,05,01,150,FE,S,MAIN ST,,,,30,25,26,,,N,,67
2020132720-1082-AC,MONMOUTH,MANASQUAN BORO,01/27/2020,MO,1822,01,MANASQUAN PD,PATROL,0,0,0,0,P,B,N,N,01,2,BRIELLE RD / E MAIN ST / FIRST AVE / FISK AVE,,,,13081097__,2.32,07,,01,04,02,01,06,01,05,01,25,FE,W,NJ 71 / UNION AVE,,,,25,30,26,,,N,,57
2020132720-10988-AC,MONMOUTH,MANASQUAN BORO,09/21/2020,MO,1724,01,MANASQUAN PD,MANASQUAN,0,0,0,0,P,B,N,N,08,2,187 PARKER AVE,,,,,,09,,01,04,02,01,01,01,05,01,,,,,,,,15,,26,,,N,,69
2020132720-11319-AC,MONMOUTH,MANASQUAN BORO,09/29/2020,TU,1318,01,MANASQUAN PD,MANASQUAN,0,0,0,0,P,I,N,N,11,1,ROUTE 524 SPUR,,524,S,00000524S_,3.16,05,,01,04,02,01,01,01,02,01,,AT,E,N MAIN ST,,,,25,30,26,,,N,,69
2020132720-11401-AC,MONMOUTH,MANASQUAN BORO,10/01/2020,TH,1702,01,MANASQUAN PD,,0,0,0,0,P,B,N,N,11,1,BRIELLE RD / E MAIN ST / FIRST AVE / FISK AVE,,,,13081097__,2.13,07,,01,04,02,01,01,01,05,01,200,FE,W,WARREN AVE / WYCKOFF AVE,,,,25,25,56,,,N,,62
2020132720-11402-AC,MONMOUTH,MANASQUAN BORO,10/01/2020,TH,1833,01,MANASQUAN PD,,0,3,0,0,I,I,N,N,03,2,MONMOUTH COUNTY 49,,49,,13000049__,.00,05,,01,04,02,01,06,01,05,,,AT,,CR 20 / 8TH AVE / BROAD ST,,,,30,25,26,,,N,,62
2020132720-11596-AC,MONMOUTH,MANASQUAN BORO,10/06/2020,TU,1712,01,MANASQUAN PD,,0,0,0,0,P,B,N,N,02,2,ABE VORHEES DR/EUCLID AVE/MORRIS AVE **,,,,13271047__,.01,07,,01,04,02,01,01,01,05,,50,FE,E,CR 20 / SOUTH ST,,,,25,30,26,,,N,,70
2020132720-11619-AC,MONMOUTH,MANASQUAN BORO,10/07/2020,WE,0855,01,MANASQUAN PD,,0,1,0,0,I,I,N,N,01,2,ROUTE 524 SPUR,,524,S,00000524S_,3.03,05,,01,04,02,01,01,01,05,01,,AT,,TRENTON AVE,,,,30,25,26,,,N,,67
2020132720-11630-AC,MONMOUTH,MANASQUAN BORO,10/07/2020,WE,1605,01,MANASQUAN PD,,0,1,0,0,I,B,N,N,02,2,FIRST AVE **,,,,13271081__,.16,07,,01,04,02,01,01,01,05,,150,FE,N,RIDDLE WAY,,,,25,25,26,,,N,,62
2020132720-11730-AC,MONMOUTH,MANASQUAN BORO,10/10/2020,SA,1211,01,MANASQUAN PD,,0,1,0,0,I,I,N,N,14,1,ABE VORHEES DR/EUCLID AVE/MORRIS AVE **,,,,13271047__,.26,07,,01,04,02,01,01,01,05,01,,AT,,NJ 71 / UNION AVE,,,,25,30,26,,,N,,70
2020132720-11807-AC,MONMOUTH,MANASQUAN BORO,10/12/2020,MO,2104,01,MANASQUAN PD,MANASQUAN,0,0,0,0,P,I,N,N,11,1,WOODLAND AVE **,,,,13271065__,.00,07,,01,04,02,02,05,02,05,01,,AT,,CR 20 / BROAD ST,,,,25,30,69,,,N,TWO MANASQUAN BOROUGH GARBAGE CANS - EAGLE PARK - WOODLAND AVE MANASQUAN NJ,68
2020132720-12155-AC,MONMOUTH,MANASQUAN BORO,10/22/2020,TH,1440,01,MANASQUAN PD,,0,0,0,0,P,B,N,N,06,1,ABE VORHEES DR/EUCLID AVE/MORRIS AVE **,,,,13271047__,.26,07,,01,04,02,01,01,05,05,01,15,FE,E,NJ 71 / UNION AVE,,,,25,,28,,,N,,62
2020132720-12342-AC,MONMOUTH,MANASQUAN BORO,10/28/2020,WE,0930,01,MANASQUAN PD,MANANASQUA,0,0,0,0,P,B,N,N,01,2,NJ 71,,71,,00000071__,.91,02,,01,04,02,01,01,05,05,,15,FE,S,CURTIS AVE,,,,30,25,26,,,N,,56
2020132720-12500-AC,MONMOUTH,MANASQUAN BORO,11/01/2020,SU,1048,01,MANASQUAN PD,MANASQUAN,0,0,0,0,P,B,N,N,06,2,SEA GIRT AVE,,,,13521308__,.73,07,,01,04,02,01,04,01,05,01,100,FE,W,N MAIN ST,,,,30,25,26,,,N,,68
2020132720-12664-AC,MONMOUTH,MANASQUAN BORO,11/06/2020,FR,1529,01,MANASQUAN PD,,0,0,0,0,P,I,N,N,07,2,CURTIS AVE,,,,,.91,07,,01,04,02,01,01,01,05,01,,AT,,NJ 71,,,,25,30,26,,,N,,67
2020132720-12874-AC,MONMOUTH,MANASQUAN BORO,11/12/2020,TH,0722,01,MANASQUAN PD,,0,0,0,0,P,B,N,N,11,1,21 NORTH MAIN ST,,,,,,09,,01,04,02,02,01,02,05,01,60,FE,S,ATLANTIC AVE,,,,10,,69,,,N,NORTH EAST CORNER OF ROOF - ANDREW D WARING - 53 SOUTH JACKSON AVE MANASQUAN NJ?,66
2020132720-12890-AC,MONMOUTH,MANASQUAN BORO,11/12/2020,TH,1756,01,MANASQUAN PD,,0,1,0,1,I,I,N,N,13,1,ROUTE 524 SPUR,,524,S,00000524S_,3.39,05,,01,04,02,02,06,02,05,01,,AT,,CR 20 / BROAD ST,,,,25,25,22,,,N,,62
2020132720-12906-AC,MONMOUTH,MANASQUAN BORO,11/13/2020,FR,0905,01,MANASQUAN PD,MANASQUAN,0,1,0,0,I,B,N,N,07,3,BRIELLE RD / E MAIN ST / FIRST AVE / FISK AVE,,,,13081097__,2.14,07,,01,04,02,02,01,02,05,01,150,FE,W,WARREN AVE / WYCKOFF AVE,,,,25,25,26,,,N,,
2020132720-12949-AC,MONMOUTH,MANASQUAN BORO,11/14/2020,SA,1055,01,MANASQUAN PD,MANASQUAN,0,1,0,1,I,I,N,N,13,1,ROUTE 524 SPUR,,524,S,00000524S_,3.16,05,,01,04,02,01,01,01,05,01,,AT,,N MAIN ST,,,,25,35,22,,,N,,56
2020132720-1303-AC,MONMOUTH,MANASQUAN BORO,02/01/2020,SA,2132,01,MANASQUAN PD,,0,0,0,0,P,B,N,N,11,1,83 BEACHFRONT,,,,,,09,,01,04,02,01,05,01,05,01,,,,,,,,25,,69,,,N,,62
2020132720-13185-AC,MONMOUTH,MANASQUAN BORO,11/20/2020,FR,1637,01,MANASQUAN PD,MANASQUAN,0,0,0,0,P,B,N,N,08,2,APACHE RD / LENAPE DR **,,,,13521241__,.71,07,,01,04,02,01,03,01,05,01,75,FE,N,MINEHAHAH TR,,,,25,25,26,,,N,,68
2020132720-13281-AC,MONMOUTH,MANASQUAN BORO,11/23/2020,MO,1414,01,MANASQUAN PD,,0,0,0,0,P,I,N,N,11,1,PEARCE AVE / VW PRESTON WAY **,,,,13271066__,.25,07,,01,04,02,01,01,01,05,01,,AT,,MAIN ST,,,,25,25,,,,N,DAMAGED STREET SIGN - BOROUGH OF MANASQUAN - 201 EAST MAIN ST MANASQUAN NJ 08736,70
2020132720-13327-AC,MONMOUTH,MANASQUAN BORO,11/24/2020,TU,1722,01,MANASQUAN PD,,0,0,0,0,P,B,N,N,04,2,ABE VORHEES DR/EUCLID AVE/MORRIS AVE **,,,,13271047__,.26,07,,01,04,02,01,06,01,05,01,25,FE,W,NJ 71 / UNION AVE,,,,25,30,26,,,N,,65
2020132720-13385-AC,MONMOUTH,MANASQUAN BORO,11/26/2020,TH,0208,01,MANASQUAN PD,,0,1,0,0,I,B,Y,N,11,1,TARPON AVE / TIMBER LN **,,,,13271005__,.03,07,,01,04,02,01,06,01,05,01,150,FE,E,THIRD AVE,,,,25,25,52,,,N,UTILITY POLE BROKE IN HALF # BT469MS - VERIZON - 1 VERIZON WAY BASKING RIDGE NJ?,67
2020132720-13661-AC,MONMOUTH,MANASQUAN BORO,12/03/2020,TH,1645,01,MANASQUAN PD,,0,1,0,0,I,B,N,N,14,1,MAIN ST **,,,,,,07,,01,04,02,01,06,01,05,01,100,FE,E,SOUTH ST,,,,25,30,26,,,N,,65
2020132720-13752-AC,MONMOUTH,MANASQUAN BORO,12/06/2020,SU,1516,01,MANASQUAN PD,,0,0,0,0,P,I,N,N,14,1,NJ 71,,71,,00000071__,1.06,02,,01,04,02,01,01,01,05,01,,AT,,EAST MAIN ST,,,,30,25,21,,,N,,66
2020132720-13949-AC,MONMOUTH,MANASQUAN BORO,12/11/2020,FR,2140,01,MANASQUAN PD,MANASQUAN,0,0,0,0,P,B,N,N,06,2,S POTTER AVE / STOCKTON LAKE BLVD **,W,,,13271029__,.99,07,,01,04,02,01,03,01,05,01,150,FE,E,COLBY AVE,,,,25,25,26,,,N,,69
2020132720-14319-AC,MONMOUTH,MANASQUAN BORO,12/22/2020,TU,1556,01,MANASQUAN PD,,0,0,0,0,P,B,N,N,06,2,BRIELLE RD / E MAIN ST / FIRST AVE / FISK AVE,,,,13081097__,1.50,07,,01,04,02,01,01,01,05,01,25,FE,E,PEARCE CT,,,,25,25,26,,,N,,70
2020132720-14480-AC,MONMOUTH,MANASQUAN BORO,12/27/2020,SU,1624,01,MANASQUAN PD,,0,0,0,0,P,B,N,N,01,2,NJ 71,,71,,00000071__,1.71,02,,01,04,02,01,01,01,05,01,50,FE,S,CR 49 / SEAGIRT AVE,,,,35,35,26,,,N,,70
2020132720-14521-AC,MONMOUTH,MANASQUAN BORO,12/28/2020,MO,1454,01,MANASQUAN PD,,0,0,0,0,P,B,N,N,06,3,BRIELLE RD / E MAIN ST / FIRST AVE / FISK AVE,,,,13081097__,1.71,07,,01,04,02,01,01,01,05,01,20,FE,E,N POTTER AVE / S POTTER AVE,,,,25,25,30,,,Y,,
2020132720-14556-AC,MONMOUTH,MANASQUAN BORO,12/29/2020,TU,1616,01,MANASQUAN PD,,0,0,0,0,P,B,N,N,06,2,MURIEL PL **,,,,,,07,,01,04,02,01,00,01,05,01,1000,FE,W,N MAIN ST,,,,25,25,28,,,N,,62
2020132720-14564-AC,MONMOUTH,MANASQUAN BORO,12/29/2020,TU,2322,01,MANASQUAN PD,,0,0,0,0,P,B,N,N,06,2,BRIELLE RD / E MAIN ST / FIRST AVE / FISK AVE,,,,13081097__,1.62,07,,01,04,02,01,06,01,05,01,25,FE,W,SIMS AVE,,,,25,25,26,,,N,,65
2020132720-1488-AC,MONMOUTH,MANASQUAN BORO,02/06/2020,TH,0708,01,MANASQUAN PD,,0,2,0,0,I,I,N,N,03,2,NJ 71,,71,,00000071__,1.06,02,,01,04,02,02,01,02,05,01,,AT,,MAIN ST,,,,30,25,26,,,N,,62
2020132720-1544-AC,MONMOUTH,MANASQUAN BORO,02/07/2020,FR,1156,01,MANASQUAN PD,PATROL,0,0,0,0,P,B,N,N,06,2,MONMOUTH COUNTY 20,,20,,13000020__,2.00,05,,01,04,02,02,01,01,05,01,500,FE,N,MAIN ST,,,,25,25,26,,,N,,57
2020132720-166-AC,MONMOUTH,MANASQUAN BORO,01/05/2020,SU,1804,01,MANASQUAN PD,,0,0,0,0,P,B,N,N,06,2,ABE VORHEES DR/EUCLID AVE/MORRIS AVE **,,,,13271047__,.23,07,,01,04,02,01,06,01,05,01,150,FE,W,NJ 71 / UNION AVE,,,,25,25,26,,,N,,59
2020132720-1676-AC,MONMOUTH,MANASQUAN BORO,02/11/2020,TU,0714,01,MANASQUAN PD,,0,0,0,0,P,I,N,N,02,2,MONMOUTH COUNTY 49,,49,,13000049__,.15,05,,01,04,02,02,01,02,05,01,,AT,,NJ 71,,,,25,35,26,,,N,,67
2020132720-1949-AC,MONMOUTH,MANASQUAN BORO,02/19/2020,WE,1506,01,MANASQUAN PD,,0,0,0,0,P,B,N,N,06,2,PARKER AVE **,,,,13271067__,.20,07,,01,04,02,01,01,01,05,01,60,FE,N,WOODLAND AVE,,,,25,25,28,,,N,,66
2020132720-1950-AC,MONMOUTH,MANASQUAN BORO,02/19/2020,WE,1515,01,MANASQUAN PD,,0,0,0,0,P,B,N,N,01,2,BRIELLE RD / E MAIN ST / FIRST AVE / FISK AVE,,,,13081097__,2.32,07,,01,04,02,01,01,01,05,01,20,FE,W,NJ 71 / UNION AVE,,,,25,30,26,,,N,,66
2020132720-1951-AC,MONMOUTH,MANASQUAN BORO,02/19/2020,WE,1526,01,MANASQUAN PD,,0,0,0,0,P,B,N,N,11,1,BRIELLE RD / E MAIN ST / FIRST AVE / FISK AVE,,,,13081097__,2.24,07,,01,04,02,01,01,01,05,01,10,FE,W,COLBY AVE,,,,25,25,54,,,N,CONCRETE POLE/BARRIER TO PROTECT FIREHYDRANT - BOROUGH OF MANASQUAN - 201 EAST ?,59
2020132720-2148-AC,MONMOUTH,MANASQUAN BORO,02/24/2020,MO,1404,01,MANASQUAN PD,MANASQUAN,0,0,0,0,P,B,N,N,01,2,BRIELLE RD / E MAIN ST / FIRST AVE / FISK AVE,,,,13081097__,2.32,07,,01,04,02,01,01,01,05,01,20,FE,E,NJ 71 / UNION AVE,,,,25,30,26,,,N,,68
2020132720-2173-AC,MONMOUTH,MANASQUAN BORO,02/25/2020,TU,1003,01,MANASQUAN PD,MANASQUAN,0,0,0,0,P,B,N,N,06,2,HOLLY PL/PERRINE BLVD/WARREN AVE/WYCKOFF AVE **,,,,13271031__,.91,07,,01,04,02,01,01,05,05,01,100,FE,S,E MAIN ST,,,,25,25,28,,,N,,68
2020132720-2393-AC,MONMOUTH,MANASQUAN BORO,03/03/2020,TU,1154,01,MANASQUAN PD,,0,0,0,0,P,B,N,N,08,2,NJ 71,,71,,00000071__,1.53,02,,01,04,02,01,01,01,05,01,1000,FE,S,CR 49 / SEAGIRT AVE,,,,35,25,26,,,N,,67
2020132720-2403-AC,MONMOUTH,MANASQUAN BORO,03/03/2020,TU,1700,01,MANASQUAN PD,,0,0,0,0,P,B,N,N,06,2,PARKER AVE **,,,,,,07,,01,04,02,02,01,02,05,01,1000,FE,,MAIN ST,,SENDED TO DAWN,,25,,26,,,N,,62
2020132720-2507-AC,MONMOUTH,MANASQUAN BORO,03/06/2020,FR,1440,01,MANASQUAN PD,,0,0,0,0,P,I,N,N,03,2,NJ 71,,71,,00000071__,1.06,02,,01,04,02,02,01,02,05,01,,AT,,MAIN ST,,,,30,25,26,,,N,,67
2020132720-253-AC,MONMOUTH,MANASQUAN BORO,01/07/2020,TU,1716,01,MANASQUAN PD,,0,0,0,0,P,B,N,N,06,2,MONMOUTH COUNTY 49,,,,,,05,,01,04,02,02,06,02,05,01,,,,,,,,25,,28,40.132330,74.050890,N,,52
2020132720-2657-AC,MONMOUTH,MANASQUAN BORO,03/10/2020,TU,1730,01,MANASQUAN PD,,0,0,0,0,P,B,N,N,08,2,RIVERSIDE DR / THIRD AVE **,,,,13271007__,.03,07,,01,04,02,01,01,01,05,01,20,FE,E,FIRST AVE,,,,25,25,26,,,N,,62
2020132720-2868-AC,MONMOUTH,MANASQUAN BORO,03/17/2020,TU,1023,01,MANASQUAN PD,,0,0,0,0,P,B,N,N,06,2,MONMOUTH COUNTY 20,,20,,13000020__,2.16,05,,01,04,02,02,01,02,05,01,1000,FE,N,BLAKEY AVE,,,,25,25,28,,,N,,62
2020132720-3364-AC,MONMOUTH,MANASQUAN BORO,04/07/2020,TU,1539,01,MANASQUAN PD,,0,1,0,0,I,B,Y,N,11,1,MONMOUTH COUNTY 20,,20,,13000020__,1.74,05,,01,04,02,01,01,01,05,01,150,FE,S,CHURCH ST / CURTIS AVE,,,,30,25,52,,,N,UTILITY POLE NEEDED TO BE REPLACED (POLE # 53059) - JCP&L - 300 MADISON AVE MOR?,67
2020132720-337-AC,MONMOUTH,MANASQUAN BORO,01/09/2020,TH,1622,01,MANASQUAN PD,,0,0,0,0,P,B,Y,N,04,2,NJ 71,,71,,00000071__,1.12,02,,01,04,02,01,03,01,05,01,300,FE,N,MAIN ST,,,,30,25,26,,,N,,59
2020132720-338-AC,MONMOUTH,MANASQUAN BORO,01/09/2020,TH,1651,01,MANASQUAN PD,,0,2,0,0,I,B,N,N,01,2,NJ 71,,71,,00000071__,1.06,02,,01,04,02,01,03,01,05,01,10,FE,N,MAIN ST,,,,30,25,26,,,N,,66
2020132720-3502-AC,MONMOUTH,MANASQUAN BORO,04/13/2020,MO,1239,01,MANASQUAN PD,,0,1,0,0,I,B,N,N,10,4,LAKEWOOD RD,,,,,,07,,01,04,02,02,01,02,05,01,250,FE,W,MOHEGAN RD,,,,25,25,30,,,N,,
2020132720-3586-AC,MONMOUTH,MANASQUAN BORO,04/16/2020,TH,1734,01,MANASQUAN PD,,0,0,0,0,P,B,N,N,06,2,RIVERSIDE DR / THIRD AVE **,,,,13271007__,.01,07,,01,04,02,01,01,01,05,01,100,FE,W,FIRST AVE,,,,25,25,26,,,N,,67
2020132720-3609-AC,MONMOUTH,MANASQUAN BORO,04/17/2020,FR,1437,01,MANASQUAN PD,,0,0,0,0,P,B,N,N,08,2,ABE VORHEES DR/EUCLID AVE/MORRIS AVE **,,,,13271047__,.15,07,,01,04,02,01,01,05,05,01,600,FE,W,NJ 71 / UNION AVE,,,,25,,26,,,N,,66
2020132720-3991-AC,MONMOUTH,MANASQUAN BORO,04/30/2020,TH,0853,01,MANASQUAN PD,,0,0,0,0,P,B,N,N,11,1,BRIELLE RD / E MAIN ST / FIRST AVE / FISK AVE,,,,13081097__,.55,07,,01,06,02,02,01,05,05,01,100,FE,E,GREEN AVE,,,,25,,49,,,N,DAMAGE TO CLEARANCE SIGN - MANASQUAN DRAWBRIDGE - BRIELLE RD MANASQUAN NJ 08736,62
2020132720-4011-AC,MONMOUTH,MANASQUAN BORO,05/01/2020,FR,1401,01,MANASQUAN PD,,0,0,0,0,P,B,N,N,06,2,TARPON AVE / TIMBER LN **,,,,13271005__,.32,07,,01,04,02,02,01,04,05,01,50,FE,S,WHITING AVE,,,,25,25,28,,,N,,59
2020132720-4077-AC,MONMOUTH,MANASQUAN BORO,05/03/2020,SU,1751,01,MANASQUAN PD,MANASQUAN,0,1,0,0,I,B,N,N,14,1,HOLLY PL/PERRINE BLVD/WARREN AVE/WYCKOFF AVE **,,,,13271031__,.03,07,,03,04,02,01,01,01,05,01,100,FE,S,CEDAR AVE,,,,25,25,21,,,N,,68
2020132720-4079-AC,MONMOUTH,MANASQUAN BORO,05/03/2020,SU,1957,01,MANASQUAN PD,MANASQUAN,0,0,0,0,P,B,N,N,06,2,LONG AVE **,,,,13271004__,.02,07,,01,04,02,01,01,01,05,01,100,FE,W,FOURTH AVE,,,,25,25,26,,,N,,68
2020132720-4087-AC,MONMOUTH,MANASQUAN BORO,05/04/2020,MO,0423,01,MANASQUAN PD,,0,1,0,0,I,I,N,N,11,1,MONMOUTH COUNTY 20,,20,,13000020__,1.87,05,,01,04,02,02,06,01,05,01,,AT,,ABE VOORHEES DR,,,,30,25,52,,,N,STREET SIGN - ESTIMATED $1000 - MANASQUAN BOROUGH - 201 EAST MAIN ST MANASQUAN ?,67
2020132720-4309-AC,MONMOUTH,MANASQUAN BORO,05/13/2020,WE,1536,01,MANASQUAN PD,,0,0,0,0,P,B,N,N,11,1,BRIELLE RD / E MAIN ST / FIRST AVE / FISK AVE,,,,13081097__,.60,07,,01,06,02,01,01,01,05,01,375,FE,E,GREEN AVE,,,,25,25,51,,,N,DOWN TRAFFIC SIGNAL - COUNTY OF MONMOUTH - 250 CENTER ST FREEHOLD NJ 07728,66
2020132720-4605-AC,MONMOUTH,MANASQUAN BORO,05/22/2020,FR,1634,01,MANASQUAN PD,,0,0,0,0,P,B,N,N,01,2,NJ 71,,71,,00000071__,.85,02,,01,04,02,02,01,02,05,01,50,FE,N,VIRGINIA AVE,,,,30,,26,,,N,,67
2020132720-4608-AC,MONMOUTH,MANASQUAN BORO,05/22/2020,FR,1745,01,MANASQUAN PD,,0,0,0,0,P,B,N,N,08,2,MONMOUTH COUNTY 20,,20,,13000020__,1.96,05,,01,04,02,02,01,02,05,01,250,FE,N,MAIN ST,,,,30,25,26,,,N,,67
2020132720-4981-AC,MONMOUTH,MANASQUAN BORO,05/30/2020,SA,1100,01,MANASQUAN PD,,0,1,0,0,I,I,N,N,14,1,BRIELLE RD / E MAIN ST / FIRST AVE / FISK AVE,,,,13081097__,1.15,07,,01,04,02,01,01,01,05,01,,AT,,1ST AVE / BRIELLE RD,,,,25,25,21,,,N,REAR BIKE TIRE AND FRAME - EMILY T MURPHY - 505 MAGNOLIA AVE BRIELLE NJ 08730,66
2020132720-5091-AC,MONMOUTH,MANASQUAN BORO,06/01/2020,MO,2127,01,MANASQUAN PD,,0,2,0,0,I,B,N,N,06,2,ABE VORHEES DR/EUCLID AVE/MORRIS AVE **,,,,13271047__,.28,07,,01,04,02,01,06,01,05,01,100,FE,E,NJ 71 / UNION AVE,,,,25,30,26,,,N,,65
2020132720-5135-AC,MONMOUTH,MANASQUAN BORO,06/03/2020,WE,1318,01,MANASQUAN PD,,0,0,0,0,P,B,N,N,06,2,WIGWAM PATH **,,,,13271051__,.00,07,,01,04,02,02,01,02,05,01,200,FE,S,CHURCH ST,,,,25,25,28,,,N,,66
2020132720-5146-AC,MONMOUTH,MANASQUAN BORO,06/03/2020,WE,2028,01,MANASQUAN PD,,0,0,0,0,P,B,N,N,04,2,BRIELLE RD / E MAIN ST / FIRST AVE / FISK AVE,,,,13081097__,2.12,07,,01,04,02,02,06,02,05,01,250,FE,W,WARREN AVE / WYCKOFF AVE,,,,25,25,26,,,N,,62