Year(4)-CountyCode(2)-MunicipalityCode(2)-CaseNumber(9),County Name,Municipality Name,Crash Date,Crash Day of Week,Crash Time,Police Department Code,Police Department,Police Station,Total Killed,Total Injured,Pedestrians Killed,Pedestrians Injured,Severity,Intersection,Alcohol Involved,Hazmat Involved,Crash Type,Total Vehicles,Location,Location Direction,Route,Route Suffix,Std Rte Identifier,MilePost,Road System,Road Character,Road Horizontal Alignment,Road Grade,Road Surface Type,Surface Condition,Light Condition,Environmental Condition,Road Divided By,Temporary Traffic Control Zone,Distance To Cross Street,Unit Of Measurement,Direction From Cross Street,Cross Street Name,Is Ramp,Ramp To/From Route Name,Ramp To/From Route Direction,Posted Speed,Posted Speed Cross Street,First Harmful Event,Latitude,Longitude,Cell Phone In Use Flag,Other Property Damage,Reporting Badge No.
2020132820-017433,MONMOUTH,MARLBORO TWP,07/22/2020,WE,1345,01,MARLBORO TWP PD,,0,0,0,0,P,B,N,N,11,1,AMBOY RD **,,,,13281043__,1.29,07,,02,04,02,01,01,01,05,01,500,FE,S,TEXAS RD,,,,35,45,60,,,Y,,116
2020132820-017570,MONMOUTH,MARLBORO TWP,07/24/2020,FR,1221,01,MARLBORO TWP PD,,0,0,0,0,P,B,N,N,01,2,MONMOUTH COUNTY 3,S,3,,13000003__,6.01,05,,01,04,02,02,01,02,05,01,100,FE,N,ROUTE 520,,,,40,45,26,,,N,,90
2020132820-017636,MONMOUTH,MARLBORO TWP,07/25/2020,SA,1106,01,MARLBORO TWP PD,,0,2,0,0,I,B,N,N,01,2,MONMOUTH COUNTY 3,N,3,,13000003__,5.80,05,,01,04,02,01,01,01,05,01,50,FE,S,UNION HILL RD,,,,40,35,26,,,N,,136
2020132820-017719,MONMOUTH,MARLBORO TWP,07/26/2020,SU,1400,01,MARLBORO TWP PD,,0,0,0,0,P,B,N,N,01,2,NJ 18,S,18,,00000018__,25.10,02,,01,06,02,01,01,01,02,,,,,,T,NJ 79,SB,65,,26,,,N,,127
2020132820-017799,MONMOUTH,MARLBORO TWP,07/27/2020,MO,1053,01,MARLBORO TWP PD,,0,5,0,0,I,B,N,N,01,3,ROUTE 520,W,520,,00000520__,7.11,05,,01,04,02,01,01,01,05,02,350,FE,E,DUNN DR,,,,45,25,26,,,N,,
2020132820-017815,MONMOUTH,MARLBORO TWP,07/27/2020,MO,1404,01,MARLBORO TWP PD,,0,0,0,0,P,B,N,N,01,2,US 9,S,9,,00000009__,120.00,02,,03,06,02,01,01,01,05,01,,,,,T,UNION HILL ROAD,WB,55,,26,,,N,,87
2020132820-017820,MONMOUTH,MARLBORO TWP,07/27/2020,MO,1505,01,MARLBORO TWP PD,,0,0,0,0,P,B,N,N,02,2,US 9,S,9,,00000009__,119.96,02,,01,04,02,01,01,01,05,01,200,FE,S,UNION HILL RD,,,,55,35,26,,,N,,148
2020132820-017841,MONMOUTH,MARLBORO TWP,07/27/2020,MO,2040,01,MARLBORO TWP PD,,0,1,0,0,I,B,N,N,12,1,SCHOOL RD E / SCHOOL RD W,N,,,13091159__,1.50,07,,03,04,02,01,01,01,05,01,250,FE,N,BRUSHNECK RD,,,,35,25,24,,,N,,92
2020132820-017900,MONMOUTH,MARLBORO TWP,07/28/2020,TU,1158,01,MARLBORO TWP PD,,0,0,0,0,P,B,N,N,15,1,NJ 18,N,18,,00000018__,24.10,02,,01,04,02,01,01,01,01,01,,,,,,,,65,,30,,,N,,81
2020132820-018022,MONMOUTH,MARLBORO TWP,07/29/2020,WE,1855,01,MARLBORO TWP PD,,0,0,0,0,P,B,N,N,02,2,NJ 18,N,18,,00000018__,24.30,02,,01,04,02,01,01,01,01,01,,,,,,,,65,,26,,,N,,129
2020132820-018086,MONMOUTH,MARLBORO TWP,07/30/2020,TH,1156,01,MARLBORO TWP PD,,0,0,0,0,P,I,N,N,03,2,CONOVER RD **,,,,13281683__,1.31,07,,01,04,02,01,01,01,05,01,,AT,,PLEASANT VALLEY RD,,,,50,40,26,,,N,MARLBORO TOWNSHIP LED STOP SIGN,144
2020132820-018107,MONMOUTH,MARLBORO TWP,07/30/2020,TH,1451,01,MARLBORO TWP PD,,0,0,0,0,P,I,N,N,11,1,CRINE RD **,,,,13281010__,1.19,07,,01,04,02,01,01,01,05,01,,AT,,CRINE LN,,,,45,25,69,,,N,VERIZON WIRE EXTENDING FROM POLE # JC158MAR AND JC1988MAR.,144
2020132820-018115,MONMOUTH,MARLBORO TWP,07/30/2020,TH,1702,01,MARLBORO TWP PD,,0,0,0,0,P,I,N,N,03,2,TIMBER LN **,N,,,13281191__,.35,07,,01,04,02,01,01,01,05,01,,AT,,CR 4 I / VANDERBURG RD,,,,25,45,26,,,N,,90
2020132820-018117,MONMOUTH,MARLBORO TWP,07/30/2020,TH,1713,01,MARLBORO TWP PD,,0,0,0,0,P,I,N,N,04,2,MONMOUTH COUNTY 3,S,3,,13000003__,5.99,05,,01,04,02,01,01,05,05,01,,AT,,ROUTE 520,,,,40,45,26,,,N,,122
2020132820-018126,MONMOUTH,MARLBORO TWP,07/30/2020,TH,2105,01,MARLBORO TWP PD,,0,0,0,0,P,B,N,N,11,1,ANNETTE DR **,,,,13281499__,.36,07,,01,04,02,01,07,01,05,01,50,FE,W,IKE CT,,,,25,25,61,,,N,DAMAGE TO MAILBOX OF 76 ANNETTE DRIVE,129
2020132820-018145,MONMOUTH,MARLBORO TWP,07/31/2020,FR,0807,01,MARLBORO TWP PD,,0,0,0,0,P,B,N,N,01,2,ROUTE 520,E,520,,00000520__,3.99,05,,01,04,02,02,01,02,05,01,10,FE,W,NJ 3 / TENNENT RD,,,,45,40,26,,,N,,147
2020132820-018192,MONMOUTH,MARLBORO TWP,07/31/2020,FR,1608,01,MARLBORO TWP PD,,0,0,0,0,P,B,N,N,01,2,LAFAYETTE RD / TAYLORS MILLS RD,,,,13261118__,.93,07,,01,04,02,01,01,01,02,01,25,FE,W,ROBERTSVILLE RD,,,,25,35,26,,,N,,83
2020132820-018197,MONMOUTH,MARLBORO TWP,07/31/2020,FR,1749,01,MARLBORO TWP PD,,0,0,0,0,P,B,N,N,12,1,ROUTE 520,W,520,,00000520__,8.10,05,,01,04,02,01,01,01,05,01,1320,FE,E,BOUNDRY RD / CONOVER RD,,,,50,50,24,,,N,,128
2020132820-018253,MONMOUTH,MARLBORO TWP,08/01/2020,SA,1227,01,MARLBORO TWP PD,,0,3,0,0,I,B,N,N,01,2,MONMOUTH COUNTY 46,N,46,,13000046__,2.65,05,,01,04,02,01,01,01,05,01,25,FE,S,NETTER WAY,,,,45,25,26,,,N,64 DUTCH LANE ROAD - MAILBOX DAMAGED,143
2020132820-018358,MONMOUTH,MARLBORO TWP,08/02/2020,SU,2024,01,MARLBORO TWP PD,,0,1,0,0,I,B,Y,N,11,1,CRINE RD **,S,,,13281010__,.25,07,,01,04,02,01,03,01,05,01,75,FE,N,CONDOR DR,,,,35,25,61,,,N,MAILBOX TO 140 CRINE ROAD AND TELEPHONE POLE # JC935MO,129
2020132820-018439,MONMOUTH,MARLBORO TWP,08/03/2020,MO,2027,01,MARLBORO TWP PD,,0,0,0,0,P,B,N,N,02,2,ROUTE 520,W,520,,00000520__,8.04,05,,01,04,02,02,07,02,05,01,100,FE,W,ORCHARD HILLS RD,,,,45,25,26,,,N,,135
2020132820-018496,MONMOUTH,MARLBORO TWP,08/04/2020,TU,1155,01,MARLBORO TWP PD,,0,0,0,0,P,B,N,N,11,1,MONMOUTH COUNTY 3,S,3,,13000003__,8.34,05,,01,04,02,02,01,02,05,01,125,FE,S,REGAL DR,,,,40,25,69,,,N,,144
2020132820-018513,MONMOUTH,MARLBORO TWP,08/04/2020,TU,1231,01,MARLBORO TWP PD,,0,0,0,0,P,B,N,N,11,1,TOPANEMUS RD **,E,,,13281012__,.01,07,,01,04,02,02,01,10,05,05,40,FE,E,ROBERTSVILLE RD,,,,40,35,52,,,N,UNKNOWN JCPL UTILITY POLE,90
2020132820-018545,MONMOUTH,MARLBORO TWP,08/04/2020,TU,1318,01,MARLBORO TWP PD,,0,0,0,0,P,I,N,N,03,2,US 9,S,9,,00000009__,120.97,02,,01,04,02,02,01,02,03,01,,AT,,ROUTE 520 / ROBERTSVILLE RD,,,,55,45,26,,,N,,86
2020132820-018561,MONMOUTH,MARLBORO TWP,08/04/2020,TU,1338,01,MARLBORO TWP PD,,0,0,0,0,P,B,N,N,11,1,ROUTE 520,E,520,,00000520__,8.48,05,,01,04,02,02,01,02,05,01,500,FE,E,AMSTERDAM CT,,,,45,25,60,,,N,,61
2020132820-018614,MONMOUTH,MARLBORO TWP,08/04/2020,TU,1443,01,MARLBORO TWP PD,,0,1,0,0,I,B,N,N,01,2,GORDONS CORNER RD **,,,,13281402__,.00,07,,01,04,02,02,01,02,05,01,10,FE,S,ROUTE 520,,,,45,45,26,,,N,,144
2020132820-018685,MONMOUTH,MARLBORO TWP,08/04/2020,TU,1609,01,MARLBORO TWP PD,,0,0,0,0,P,B,N,N,06,2,94 ROUTE 520,,,,,,09,,01,04,01,01,01,01,05,01,,,,,,,,,,26,,,N,,90
2020132820-018729,MONMOUTH,MARLBORO TWP,08/04/2020,TU,1910,01,MARLBORO TWP PD,,0,1,0,0,I,B,N,N,01,2,NJ 79,S,79,,00000079__,5.47,02,,01,04,02,01,01,01,05,01,25,FE,S,SCHOOL RD,,,,40,25,26,,,N,,129
2020132820-018758,MONMOUTH,MARLBORO TWP,08/04/2020,TU,2154,01,MARLBORO TWP PD,,0,0,0,0,P,B,N,N,11,1,MONMOUTH COUNTY 3,S,3,,13000003__,7.29,05,,01,04,02,02,04,01,05,01,50,FE,S,CRINE RD,,,,40,35,57,,,N,,135
2020132820-018822,MONMOUTH,MARLBORO TWP,08/05/2020,WE,0659,01,MARLBORO TWP PD,,0,0,0,0,P,B,N,N,02,2,NJ 79,S,79,,00000079__,10.26,02,,01,04,02,01,01,01,05,01,10,FE,N,WILSON AVE,,,,45,25,26,,,N,,145
2020132820-018864,MONMOUTH,MARLBORO TWP,08/05/2020,WE,1337,01,MARLBORO TWP PD,,0,1,0,0,I,B,N,N,01,7,ROUTE 520,W,520,,00000520__,2.89,05,,01,04,02,01,01,01,05,01,250,FE,E,US 9,,,,45,55,26,,,Y,,
2020132820-018962,MONMOUTH,MARLBORO TWP,08/06/2020,TH,0946,01,MARLBORO TWP PD,,0,0,0,0,P,B,N,N,03,2,NJ 79,N,79,,00000079__,5.45,02,,01,04,02,02,01,02,05,01,100,FE,S,SCHOOL RD,,,,40,25,26,,,N,,116
2020132820-018967,MONMOUTH,MARLBORO TWP,08/06/2020,TH,1140,01,MARLBORO TWP PD,,0,0,0,0,P,B,N,N,15,2,NJ 18,N,18,,00000018__,23.20,02,,01,04,02,01,01,01,01,01,,,,,,,,65,,30,,,N,,116
2020132820-019044,MONMOUTH,MARLBORO TWP,08/07/2020,FR,0625,01,MARLBORO TWP PD,,0,1,0,0,I,B,N,N,11,1,NJ 18,N,18,,00000018__,25.10,02,,01,04,02,02,01,02,01,01,,,,,,,,65,,60,,,N,,90
2020132820-019046,MONMOUTH,MARLBORO TWP,08/07/2020,FR,0706,01,MARLBORO TWP PD,,0,1,0,0,I,B,N,N,02,2,NJ 18,S,18,,00000018__,25.10,02,,01,04,02,02,01,02,01,01,,,,,,,,65,,26,,,N,,90
2020132820-019057,MONMOUTH,MARLBORO TWP,08/07/2020,FR,0844,01,MARLBORO TWP PD,,0,0,0,0,P,B,N,N,01,2,MONMOUTH COUNTY 3,S,3,,13000003__,4.78,05,,01,04,02,02,01,02,05,01,25,FE,N,DUNCAN DR,,,,40,25,26,,,N,,90
2020132820-019079,MONMOUTH,MARLBORO TWP,08/07/2020,FR,1432,01,MARLBORO TWP PD,,0,0,0,0,P,I,N,N,02,2,BRYANT DR **,,,,13281218__,.00,07,,01,04,02,01,01,01,05,01,,AT,,UNION HILL RD,,,,25,35,26,,,N,,90
2020132820-019106,MONMOUTH,MARLBORO TWP,08/07/2020,FR,2107,01,MARLBORO TWP PD,,0,0,0,0,P,B,N,N,01,2,NJ 79,N,79,,00000079__,10.31,02,,01,04,02,02,04,05,05,01,50,FE,S,CR 3 / TENNENT RD,,,,45,,26,,,N,,148
2020132820-019131,MONMOUTH,MARLBORO TWP,08/08/2020,SA,1321,01,MARLBORO TWP PD,,0,0,0,0,P,B,N,N,01,2,US 9,S,9,,00000009__,119.75,02,,01,04,02,01,01,01,02,01,1320,FE,S,UNION HILL RD,,,,50,35,26,,,N,,90
2020132820-019138,MONMOUTH,MARLBORO TWP,08/08/2020,SA,1419,01,MARLBORO TWP PD,,0,1,0,0,I,B,N,N,01,3,MONMOUTH COUNTY 3,N,3,,13000003__,5.97,05,,01,04,02,01,01,01,05,01,100,FE,S,ROUTE 520,,,,40,45,26,,,N,,
2020132820-019278,MONMOUTH,MARLBORO TWP,08/09/2020,SU,2238,01,MARLBORO TWP PD,,0,1,0,0,I,B,N,N,14,1,NJ 79,S,79,,00000079__,3.96,02,,01,04,02,01,07,01,05,01,800,FE,S,OLD MILL RD,,,,50,25,26,,,N,BICYCLE,129
2020132820-019322,MONMOUTH,MARLBORO TWP,08/10/2020,MO,1434,01,MARLBORO TWP PD,,0,0,0,0,P,B,N,N,03,2,ROUTE 520,E,520,,00000520__,2.70,07,,01,04,02,01,01,01,05,01,150,FE,E,SERPENTINE DR,,,,45,25,26,,,N,,81
2020132820-019347,MONMOUTH,MARLBORO TWP,08/10/2020,MO,2107,01,MARLBORO TWP PD,,0,0,0,0,P,B,N,N,02,2,UNION HILL RD,,,,13261531__,1.50,07,,01,04,02,01,06,01,05,05,5,FE,E,CLAYTON RD,,,,35,25,26,,,N,,83
2020132820-019371,MONMOUTH,MARLBORO TWP,08/11/2020,TU,0946,01,MARLBORO TWP PD,,0,3,0,0,I,B,N,N,07,2,NJ 79,N,79,,00000079__,8.22,02,,01,05,02,01,01,01,05,01,1000,FE,N,STATION RD,,,,50,35,26,,,N,GUARD RAIL (276 ROUTE 79),131
2020132820-019391,MONMOUTH,MARLBORO TWP,08/11/2020,TU,1450,01,MARLBORO TWP PD,,0,2,0,0,I,B,N,N,01,2,120 ROUTE 9 NORTH,,,,,,09,,03,04,02,01,01,01,05,01,,,,,,,,,,26,,,N,,145
2020132820-019406,MONMOUTH,MARLBORO TWP,08/11/2020,TU,1902,01,MARLBORO TWP PD,,0,0,0,0,P,I,N,N,03,2,GREENWOOD RD **,,,,13281059__,.55,07,,01,04,02,01,01,01,05,01,,AT,,TEXAS RD,,,,35,40,26,,,N,,141
2020132820-019433,MONMOUTH,MARLBORO TWP,08/12/2020,WE,0959,01,MARLBORO TWP PD,,0,0,0,0,P,B,N,N,11,1,NJ 18,N,18,,00000018__,28.65,02,,01,04,02,01,01,01,02,01,,,,,F,CR 3,SB,65,,56,,,N,,130
2020132820-019445,MONMOUTH,MARLBORO TWP,08/12/2020,WE,1210,01,MARLBORO TWP PD,,0,0,0,0,P,B,N,N,11,1,NJ 18,S,18,,00000018__,24.00,02,,01,04,02,01,01,01,01,01,,,,,,,,65,,46,,,N,RT 18 GUARDRAIL MILE MARKER 24 SOUTHBOUND,146
2020132820-019632,MONMOUTH,MARLBORO TWP,08/14/2020,FR,1904,01,MARLBORO TWP PD,,0,0,0,0,P,I,N,N,03,2,BRIARCLIFF DR **,,,,13281563__,.00,07,,01,04,02,01,01,01,05,01,,AT,,STATION DR,,,,25,35,26,,,N,,141
2020132820-019643,MONMOUTH,MARLBORO TWP,08/14/2020,FR,2144,01,MARLBORO TWP PD,,0,0,0,0,P,B,N,N,01,2,US 9,S,9,,00000009__,120.00,02,,01,04,02,01,06,01,05,01,,,,,T,UNION HILL RD,WB,55,,26,,,N,,83
2020132820-019702,MONMOUTH,MARLBORO TWP,08/15/2020,SA,1337,01,MARLBORO TWP PD,,0,0,0,0,P,B,N,N,12,1,ROUTE 520,E,520,,00000520__,6.59,05,,01,07,02,01,01,05,05,01,500,FE,W,NJ 79 / MAIN ST,,,,45,50,24,,,N,,143
2020132820-019814,MONMOUTH,MARLBORO TWP,08/17/2020,MO,0630,01,MARLBORO TWP PD,,0,0,0,0,P,B,N,N,11,1,ROUTE 520,E,520,,00000520__,5.44,05,,01,04,02,01,01,01,05,01,15,FE,E,TRUMAN DR,,,,45,25,52,,,N,UTILITY POLE# JC960MAR,113
2020132820-019878,MONMOUTH,MARLBORO TWP,08/17/2020,MO,1752,01,MARLBORO TWP PD,,0,0,0,0,P,B,N,N,11,1,US 9,N,9,,00000009__,120.98,02,,01,04,02,01,01,01,03,01,75,FE,N,ROUTE 520 / ROBERTSVILLE RD,,,,55,45,46,,,N,GUARDRAIL,129
2020132820-019925,MONMOUTH,MARLBORO TWP,08/18/2020,TU,1032,01,MARLBORO TWP PD,,0,1,0,0,I,B,N,N,14,1,ROUTE 520,E,520,,00000520__,7.85,05,,01,04,02,01,01,01,05,01,,,,BOUNDRY RD / CONOVER RD,,,,45,35,26,,,N,,61
2020132820-019936,MONMOUTH,MARLBORO TWP,08/18/2020,TU,1304,01,MARLBORO TWP PD,,0,0,0,0,P,B,N,N,02,2,NJ 79,S,79,,00000079__,10.57,02,,01,04,01,01,01,01,05,01,1320,FE,N,CR 3 / TENNENT RD,,,,45,35,26,,,N,,408
2020132820-019957,MONMOUTH,MARLBORO TWP,08/18/2020,TU,1623,01,MARLBORO TWP PD,,0,1,0,0,I,B,N,N,01,2,NJ 79,N,79,,00000079__,10.47,02,,01,04,02,01,01,01,05,01,30,FE,S,CR 3 / LLOYD RD,,,,45,35,26,,,N,,90
2020132820-019993,MONMOUTH,MARLBORO TWP,08/19/2020,WE,0830,01,MARLBORO TWP PD,,0,0,0,0,P,B,N,N,11,1,NJ 79,S,79,,00000079__,10.78,02,,01,04,02,01,00,01,05,01,300,FE,S,ORCHARD PKWY,,,,45,25,61,,,N,GARBAGE CAN AT 517 ROUTE 79. MAILBOXES AT 517 AND 519 ROUTE 79.,145
2020132820-020070,MONMOUTH,MARLBORO TWP,08/20/2020,TH,0841,01,MARLBORO TWP PD,,0,0,0,0,P,B,N,N,11,1,1996 RECREATION WAY,,,,,,09,,01,04,02,01,00,01,05,01,,,,,,,,,,53,,,N,MARLBORO TOWNSHIP LIGHT POLE,61
2020132820-020121,MONMOUTH,MARLBORO TWP,08/20/2020,TH,1820,01,MARLBORO TWP PD,,0,1,0,0,I,B,N,N,01,3,NJ 79,N,79,,00000079__,6.31,02,,01,04,02,01,01,01,05,01,10,FE,S,GIRARD ST,,,,50,25,26,,,N,,
2020132820-020160,MONMOUTH,MARLBORO TWP,08/21/2020,FR,1030,01,MARLBORO TWP PD,,0,0,0,0,P,I,N,N,11,1,RYAN RD / SYMMES DR,,,,13261138__,2.04,07,,01,04,02,01,01,01,05,01,,AT,,WOODLAND TER,,,,35,25,69,,,N,LOW HANGING CABLE LINES,136
2020132820-020171,MONMOUTH,MARLBORO TWP,08/21/2020,FR,1349,01,MARLBORO TWP PD,,0,1,0,0,I,I,N,N,11,1,NJ 79,N,79,,00000079__,10.36,02,,01,04,02,01,01,01,05,01,,AT,,ROOSEVELT AVE,,,,45,25,69,,,N,,90
2020132820-020182,MONMOUTH,MARLBORO TWP,08/21/2020,FR,1609,01,MARLBORO TWP PD,,0,1,0,0,I,I,N,N,11,1,CANADIAN WOODS RD / MEMORIAL RD **,W,,,13281146__,.63,07,,01,04,02,01,01,01,05,01,,AT,,ROBERTSVILLE RD,,,,25,35,60,,,N,LANDSCAPING AT 67 ROBERTSVILLE ROAD,90
2020132820-020194,MONMOUTH,MARLBORO TWP,08/21/2020,FR,2009,01,MARLBORO TWP PD,,0,0,0,0,P,I,N,N,07,2,NJ 79,N,79,,00000079__,5.58,02,,01,04,02,01,07,01,05,01,,AT,,NJ 4 / VANDERBURG RD,,,,50,35,26,,,N,FENCE  26 N MAIN STREET (MARLBORO VILLIAGE VETINARY HOSPITAL),135
2020132820-020296,MONMOUTH,MARLBORO TWP,08/23/2020,SU,0218,01,MARLBORO TWP PD,,0,0,0,0,P,B,N,N,12,1,MILLAY RD **,N,,,13281120__,.39,07,,01,04,02,01,06,01,05,01,15,FE,N,WHITMAN RD,,,,25,25,24,,,N,,139
2020132820-020407,MONMOUTH,MARLBORO TWP,08/24/2020,MO,1531,01,MARLBORO TWP PD,,0,0,0,0,P,B,N,N,05,2,ROUTE 520,E,520,,00000520__,6.59,05,,01,04,02,01,01,01,05,01,500,FE,W,NJ 79 / MAIN ST,,,,45,50,26,,,N,,70
2020132820-020410,MONMOUTH,MARLBORO TWP,08/24/2020,MO,1543,01,MARLBORO TWP PD,,0,0,0,0,P,B,N,N,08,2,LANDMARK LN **,,,,13281650__,.11,07,,01,04,02,01,01,01,05,01,600,FE,N,RYAN RD,,,,25,35,28,,,N,,81
2020132820-020463,MONMOUTH,MARLBORO TWP,08/25/2020,TU,0851,01,MARLBORO TWP PD,,0,2,0,0,I,I,N,N,03,2,MONMOUTH COUNTY 3,N,3,,13000003__,5.99,05,,01,04,02,01,01,01,05,01,,AT,,ROUTE 520,,,,40,45,26,,,N,,127
2020132820-020478,MONMOUTH,MARLBORO TWP,08/25/2020,TU,1219,01,MARLBORO TWP PD,,0,0,0,0,P,B,N,N,01,2,ROUTE 520,W,520,,00000520__,6.68,05,,01,04,02,01,01,01,05,01,25,FE,E,NJ 79 / MAIN ST,,,,45,50,26,,,N,,87
2020132820-020610,MONMOUTH,MARLBORO TWP,08/26/2020,WE,2221,01,MARLBORO TWP PD,,0,1,0,0,I,B,N,N,02,2,NJ 18,N,18,,00000018__,28.40,02,,01,04,02,01,05,01,01,01,,,,,,,,65,,26,,,N,,148
2020132820-020651,MONMOUTH,MARLBORO TWP,08/27/2020,TH,1005,01,MARLBORO TWP PD,,0,0,0,0,P,B,N,N,02,2,US 9,N,9,,00000009__,120.70,02,,02,04,02,01,01,01,02,01,,,,,T,ROUTE 520,EB,50,,26,,,N,,81
2020132820-020657,MONMOUTH,MARLBORO TWP,08/27/2020,TH,1224,01,MARLBORO TWP PD,,0,2,0,0,I,I,N,N,03,3,GORDONS CORNER RD / WICKATUNK RD,,,,13261117__,1.42,07,,01,04,02,01,01,01,05,01,,AT,,OTTAWA RD N / OTTAWA RD S,,,,40,25,26,,,N,LAWN OF 25 OTTOWA ROAD NORTH (THE ABRAMSON RESIDENCE).,144
2020132820-020658,MONMOUTH,MARLBORO TWP,08/27/2020,TH,1225,01,MARLBORO TWP PD,,0,0,0,0,P,B,N,N,01,2,MONMOUTH COUNTY 3,W,3,,13000003__,9.61,05,,01,04,02,01,01,01,05,01,150,FE,E,NJ 79,,,,35,45,26,,,N,,142
2020132820-020662,MONMOUTH,MARLBORO TWP,08/27/2020,TH,1333,01,MARLBORO TWP PD,,0,0,0,0,P,I,N,N,11,1,SCHOOL RD E / SCHOOL RD W,,,,13091159__,4.76,07,,03,04,02,01,01,01,05,01,,AT,,WYNCREST RD,,,,25,35,69,,,N,VERIZON WIRE FROM POLE # 40330M0 TO 40298,61
2020132820-020677,MONMOUTH,MARLBORO TWP,08/27/2020,TH,1553,01,MARLBORO TWP PD,,0,0,0,0,P,B,N,N,01,3,ROUTE 520,E,520,,00000520__,3.90,05,,01,04,02,01,01,01,04,01,25,FE,E,HARTMANN RD,,,,45,25,26,,,N,,144
2020132820-020744,MONMOUTH,MARLBORO TWP,08/28/2020,FR,1241,01,MARLBORO TWP PD,,0,1,0,0,I,B,N,N,01,3,US 9,S,9,,00000009__,119.71,02,,01,04,02,01,01,01,02,01,100,FE,S,IVY HILL DR,,,,55,25,26,,,N,,
2020132820-020748,MONMOUTH,MARLBORO TWP,08/28/2020,FR,1349,01,MARLBORO TWP PD,,0,2,0,0,I,B,N,N,01,2,MONMOUTH COUNTY 3,N,3,,13000003__,9.23,05,,01,04,02,01,01,01,05,01,75,FE,S,CHURCH LN,,,,35,25,26,,,N,,114
2020132820-020786,MONMOUTH,MARLBORO TWP,08/29/2020,SA,0743,01,MARLBORO TWP PD,,0,1,0,0,I,B,N,N,11,1,NJ 18,N,18,,00000018__,28.00,02,,01,05,02,01,01,05,01,01,,,,,,,,65,,46,,,N,GUARD RAIL (NJ STATE DOT),131
2020132820-020788,MONMOUTH,MARLBORO TWP,08/29/2020,SA,0910,01,MARLBORO TWP PD,,0,1,0,0,I,B,N,N,11,1,RYAN RD / SYMMES DR,W,,,13261138__,3.11,07,,01,04,02,01,01,05,05,01,40,FE,W,CLOVER LEAF DR,,,,35,25,56,,,Y,JCPL POLE #JCL887MAR,143
2020132820-020805,MONMOUTH,MARLBORO TWP,08/29/2020,SA,1239,01,MARLBORO TWP PD,,0,0,0,0,P,B,N,N,01,2,AMBOY RD **,N,,,13281043__,1.38,07,,03,05,02,02,01,02,05,01,20,FE,S,TEXAS RD,,,,35,40,26,,,N,,131
2020132820-020819,MONMOUTH,MARLBORO TWP,08/29/2020,SA,1812,01,MARLBORO TWP PD,,0,0,0,0,P,B,N,N,01,2,NJ 79,N,79,,00000079__,4.20,02,,01,04,02,01,01,01,05,01,500,FE,N,OLD MILL RD,,,,50,25,26,,,N,,128
2020132820-020839,MONMOUTH,MARLBORO TWP,08/30/2020,SU,0013,01,MARLBORO TWP PD,,0,0,0,0,P,B,N,N,12,1,NJ 79,N,79,,00000079__,8.82,02,,01,04,02,01,06,01,05,01,1320,FE,S,CONOVER RD,,,,50,50,24,,,N,,128
2020132820-020945,MONMOUTH,MARLBORO TWP,08/31/2020,MO,1629,01,MARLBORO TWP PD,,0,0,0,0,P,I,N,N,12,1,WYNCREST RD,,,,13281118__,.89,07,,01,04,02,01,01,01,05,01,,AT,,CYPRESS LN,,,,40,25,24,,,N,,136
2020132820-020947,MONMOUTH,MARLBORO TWP,08/31/2020,MO,1632,01,MARLBORO TWP PD,,0,0,0,0,P,B,N,N,11,1,18 ROUTE 9,N,,,,,09,,01,04,02,01,01,01,05,01,,,,,,,,,,50,,,N,DAMAGE TO THE COSTCO'S LANDSCAPING AND THE STOP SIGN.,144
2020132820-020949,MONMOUTH,MARLBORO TWP,08/31/2020,MO,1111,01,MARLBORO TWP PD,,0,0,0,0,P,B,N,N,11,1,18 ROUTE 9,N,,,,,09,,02,04,02,01,01,01,05,01,,,,,,,,,,56,,,N,DAMAGE TO COSTCO'S LANDSCAPING AND SPRINKLER SYSTEM,144
2020132820-021000,MONMOUTH,MARLBORO TWP,09/01/2020,TU,0853,01,MARLBORO TWP PD,,0,0,0,0,P,B,N,N,01,3,ROUTE 520,E,520,,00000520__,2.56,07,,01,04,02,01,01,01,05,01,30,FE,E,STOKES LN,,,,45,25,26,,,N,,
2020132820-021091,MONMOUTH,MARLBORO TWP,09/02/2020,WE,1001,01,MARLBORO TWP PD,,0,1,0,0,I,B,N,N,01,3,ROUTE 520,W,520,,00000520__,6.68,05,,01,04,02,01,01,05,05,01,20,FE,E,NJ 79 / MAIN ST,,,,45,50,26,,,N,,
2020132820-021095,MONMOUTH,MARLBORO TWP,09/02/2020,WE,1043,01,MARLBORO TWP PD,,0,1,0,0,I,B,N,N,01,2,US 9,S,9,,00000009__,120.00,02,,01,04,02,01,01,01,02,01,400,FE,N,MANALAPAN TOWNSHIP BORDER LINE,,,,55,,26,,,N,TRAFFIC SIGN (OWNED BY NJ STATE DOT),131
2020132820-021127,MONMOUTH,MARLBORO TWP,09/02/2020,WE,1730,01,MARLBORO TWP PD,,0,0,0,0,P,I,N,N,03,2,TEXAS RD,E,,,13281044__,.08,07,,01,06,02,02,01,02,05,01,,AT,,BLVD DE JARDIN,,,,40,25,26,,,N,,131
2020132820-021204,MONMOUTH,MARLBORO TWP,09/03/2020,TH,1739,01,MARLBORO TWP PD,,0,0,0,0,P,B,N,N,01,2,MONMOUTH COUNTY 3,N,3,,13000003__,5.81,05,,01,04,02,01,01,01,05,01,10,FE,N,UNION HILL RD,,,,45,35,26,,,N,,145
2020132820-021249,MONMOUTH,MARLBORO TWP,09/04/2020,FR,0911,01,MARLBORO TWP PD,,0,0,0,0,P,I,N,N,02,2,TEXAS RD,W,,,,,07,,01,04,02,01,01,01,05,01,,AT,W,MILLPONDS WAY,,,,40,25,26,40.366880,74.293700,N,,90