Year(4)-CountyCode(2)-MunicipalityCode(2)-CaseNumber(9),County Name,Municipality Name,Crash Date,Crash Day of Week,Crash Time,Police Department Code,Police Department,Police Station,Total Killed,Total Injured,Pedestrians Killed,Pedestrians Injured,Severity,Intersection,Alcohol Involved,Hazmat Involved,Crash Type,Total Vehicles,Location,Location Direction,Route,Route Suffix,Std Rte Identifier,MilePost,Road System,Road Character,Road Horizontal Alignment,Road Grade,Road Surface Type,Surface Condition,Light Condition,Environmental Condition,Road Divided By,Temporary Traffic Control Zone,Distance To Cross Street,Unit Of Measurement,Direction From Cross Street,Cross Street Name,Is Ramp,Ramp To/From Route Name,Ramp To/From Route Direction,Posted Speed,Posted Speed Cross Street,First Harmful Event,Latitude,Longitude,Cell Phone In Use Flag,Other Property Damage,Reporting Badge No.
2020132820-029389,MONMOUTH,MARLBORO TWP,12/21/2020,MO,1828,01,MARLBORO TWP PD,,0,1,0,0,I,B,N,N,11,1,NJ 18,S,18,,00000018__,24.00,02,,01,04,02,01,05,01,01,01,,,,,,,,65,,46,,,N,GUARDRAIL,129
2020132820-029408,MONMOUTH,MARLBORO TWP,12/22/2020,TU,0650,01,MARLBORO TWP PD,,0,0,0,0,P,B,N,N,12,1,NJ 79,N,79,,00000079__,4.37,02,,01,04,02,02,02,02,05,02,150,FE,S,BUCTHERS LN,,,,50,25,24,,,N,,130
2020132820-029430,MONMOUTH,MARLBORO TWP,12/22/2020,TU,1142,01,MARLBORO TWP PD,,0,0,0,0,P,I,N,N,01,2,ROUTE 520,,520,,00000520__,6.31,05,,01,04,02,01,01,01,05,01,,AT,,MITCHELL CT,,,,45,25,26,,,N,,144
2020132820-029433,MONMOUTH,MARLBORO TWP,12/22/2020,TU,1208,01,MARLBORO TWP PD,,0,0,0,0,P,I,N,N,03,2,ROBERTSVILLE RD,,,,13261114__,1.35,07,,01,04,02,01,01,01,05,01,,AT,,RYAN RD,,,,35,35,26,,,N,,144
2020132820-029451,MONMOUTH,MARLBORO TWP,12/22/2020,TU,1455,01,MARLBORO TWP PD,,0,1,0,0,I,B,N,N,02,2,NJ 18,S,18,,00000018__,29.80,02,,01,04,02,01,01,01,01,01,,,,,,,,65,,26,,,N,,146
2020132820-029492,MONMOUTH,MARLBORO TWP,12/23/2020,WE,0920,01,MARLBORO TWP PD,,0,2,0,0,I,I,N,N,03,2,GREENWOOD RD **,,,,13281059__,.55,07,,01,04,02,01,01,01,05,01,,AT,,TEXAS RD,,,,35,45,26,,,N,,116
2020132820-029503,MONMOUTH,MARLBORO TWP,12/23/2020,WE,1155,01,MARLBORO TWP PD,,0,1,0,0,I,B,Y,N,01,2,NJ 18,S,18,,00000018__,26.00,02,,01,04,02,01,01,05,03,01,,,,,,,,65,,26,,,N,,143
2020132820-029559,MONMOUTH,MARLBORO TWP,12/24/2020,TH,1000,01,MARLBORO TWP PD,,0,0,0,0,P,B,N,N,01,2,ROUTE 520,E,520,,00000520__,6.67,05,,01,04,02,01,01,01,05,01,50,FE,W,NJ 79 / MAIN ST,,,,45,50,26,,,N,,116
2020132820-029568,MONMOUTH,MARLBORO TWP,12/24/2020,TH,1130,01,MARLBORO TWP PD,,0,0,0,0,P,B,N,N,01,2,NJ 18,N,18,,00000018__,24.00,02,,01,04,02,01,01,01,01,01,,,,,,,,65,,26,,,N,,409
2020132820-029592,MONMOUTH,MARLBORO TWP,12/24/2020,TH,1524,01,MARLBORO TWP PD,,0,1,0,0,I,I,N,N,01,2,WYNCREST RD,,,,,,07,,01,04,02,01,01,01,05,01,,AT,,TOWNSHIP DRIVE,,,,35,25,26,40.327220,74.268530,N,,116
2020132820-029608,MONMOUTH,MARLBORO TWP,12/24/2020,TH,2046,01,MARLBORO TWP PD,,0,0,0,0,P,B,N,N,12,1,NJ 79,S,79,,00000079__,8.62,02,,01,04,02,02,04,02,05,01,500,FE,N,HARBOR RD,,,,50,25,24,,,N,,141
2020132820-029626,MONMOUTH,MARLBORO TWP,12/25/2020,FR,0016,01,MARLBORO TWP PD,,0,0,0,0,P,B,N,N,15,1,US 9,N,9,,00000009__,120.00,02,,01,04,02,02,07,02,03,01,,,,,,,,55,,26,,,N,,137
2020132820-029682,MONMOUTH,MARLBORO TWP,12/25/2020,FR,0316,01,MARLBORO TWP PD,,0,0,0,0,P,B,N,N,11,1,ROUTE 520,E,520,,00000520__,8.93,05,,01,04,02,02,05,02,05,01,1320,FE,W,FARM BRIDGE RD,,,,50,25,60,,,N,,141
2020132820-029743,MONMOUTH,MARLBORO TWP,12/25/2020,FR,1905,01,MARLBORO TWP PD,,0,0,0,0,P,B,N,N,05,2,NJ 79,N,79,,00000079__,4.55,02,,01,04,02,01,05,01,05,01,500,FE,S,INVERNESS DR / RYAN RD,,,,50,35,26,,,N,,129
2020132820-029747,MONMOUTH,MARLBORO TWP,12/25/2020,FR,1954,01,MARLBORO TWP PD,,0,0,0,0,P,B,N,N,11,1,NJ 79,N,79,,00000079__,5.11,02,,03,05,02,01,05,01,03,01,,,,,T,NJ 18,NB,50,,56,,,N,,122
2020132820-029749,MONMOUTH,MARLBORO TWP,12/25/2020,FR,2309,01,MARLBORO TWP PD,,0,0,0,0,P,B,N,N,12,1,MONMOUTH COUNTY 3,N,3,,13000003__,6.34,05,,01,04,02,01,06,01,05,01,50,FE,N,AMBOY RD,,,,40,25,24,,,N,,139
2020132820-029880,MONMOUTH,MARLBORO TWP,12/28/2020,MO,0854,01,MARLBORO TWP PD,,0,0,0,0,P,I,N,N,03,2,ROUTE 520,,520,,00000520__,5.23,05,,01,04,02,01,01,01,05,01,,AT,,GORDONS CORNER RD,,,,45,40,26,,,N,,116
2020132820-029910,MONMOUTH,MARLBORO TWP,12/28/2020,MO,1502,01,MARLBORO TWP PD,,0,0,0,0,P,B,N,N,03,2,ROUTE 520,W,520,,00000520__,6.72,05,,01,04,02,01,01,01,05,01,200,FE,E,NJ 79 / MAIN ST,,,,40,50,26,,,N,,128
2020132820-029918,MONMOUTH,MARLBORO TWP,12/29/2020,TU,1734,01,MARLBORO TWP PD,,0,0,0,0,P,B,N,N,01,2,US 9,N,9,,00000009__,120.78,02,,01,04,02,01,07,01,03,01,1000,FE,S,ROUTE 520 / ROBERTSVILLE RD,,,,55,45,26,,,N,,147
2020132820-029950,MONMOUTH,MARLBORO TWP,12/29/2020,TU,0737,01,MARLBORO TWP PD,,0,0,0,0,P,B,N,N,12,1,MONMOUTH COUNTY 3,S,3,,13000003__,7.34,05,,01,04,02,01,01,01,05,01,200,FE,N,CRINE RD,,,,40,35,24,,,N,,128
2020132820-029971,MONMOUTH,MARLBORO TWP,12/29/2020,TU,1113,01,MARLBORO TWP PD,,0,0,0,0,P,B,N,N,12,1,US 9,S,9,,00000009__,120.19,02,,01,04,02,01,01,01,02,01,50,FE,N,KILMER DR,,,,55,25,24,,,N,,116
2020132820-030013,MONMOUTH,MARLBORO TWP,12/29/2020,TU,1643,01,MARLBORO TWP PD,,0,0,0,0,P,I,N,N,03,2,NJ 79,N,79,,00000079__,5.58,02,,01,04,02,01,03,01,05,01,,AT,,NJ 4 / VANDERBURG RD,,,,50,35,26,,,N,,122
2020132820-030014,MONMOUTH,MARLBORO TWP,12/29/2020,TU,1700,01,MARLBORO TWP PD,,0,2,0,0,I,B,N,N,01,2,US 9,S,9,,00000009__,120.97,02,,01,04,02,01,07,01,03,01,25,FE,N,ROUTE 520 / ROBERTSVILLE RD,,,,55,40,26,,,N,,127
2020132820-030016,MONMOUTH,MARLBORO TWP,12/29/2020,TU,1718,01,MARLBORO TWP PD,,0,0,0,0,P,B,N,N,12,1,BOUNDARY RD,S,,,13091145__,1.89,07,,01,06,02,01,05,01,04,,100,FE,S,SILVERCOLT DR,,,,35,25,26,,,N,,120
2020132820-030036,MONMOUTH,MARLBORO TWP,12/29/2020,TU,2247,01,MARLBORO TWP PD,,0,2,0,0,I,I,N,N,01,2,MONMOUTH COUNTY 3,N,3,,13000003__,5.99,05,,01,04,02,01,06,01,05,01,,AT,,ROUTE 520,,,,40,45,26,,,N,,138
2020132820-03006,MONMOUTH,MARLBORO TWP,12/29/2020,TU,1457,01,MARLBORO TWP PD,,0,0,0,0,P,B,N,N,11,1,AMBOY RD **,E,,,13281043__,1.38,07,,01,04,02,01,01,01,05,01,7920,FE,E,TEXAS RD,,,,35,45,26,,,N,MUA FIRE HYDRANT YELLOW/GREEN UPROOTED FROM GROUND DUE TO ACCIDENT,127
2020132820-030064,MONMOUTH,MARLBORO TWP,12/30/2020,WE,1220,01,MARLBORO TWP PD,,0,1,0,0,I,B,N,N,01,2,NJ 79,N,79,,00000079__,10.32,02,,01,05,02,01,01,01,05,01,10,FE,S,CR 3 / TENNENT RD,,,,40,35,26,,,N,,131
2020132820-030148,MONMOUTH,MARLBORO TWP,12/31/2020,TH,2027,01,MARLBORO TWP PD,,0,0,0,0,P,I,N,N,02,2,NJ 79,N,79,,00000079__,8.03,02,,01,04,02,01,06,01,05,01,,AT,,STATION RD,,,,45,,26,,,N,,148
2020132820-10793,MONMOUTH,MARLBORO TWP,05/06/2020,WE,1040,01,MARLBORO TWP PD,,0,0,0,0,P,B,N,N,06,2,17 NORTH MAIN STREET,,,,,,09,,01,04,02,02,01,02,05,01,,,,,,,,,,28,,,N,,61
2020132820-10796,MONMOUTH,MARLBORO TWP,05/06/2020,WE,1824,01,MARLBORO TWP PD,,0,0,0,0,P,B,Y,N,06,2,NJ 18,S,18,,00000018__,29.80,02,,03,04,02,02,01,05,01,02,,,,,,,,65,,29,,,N,NJ DOT GUARD RAIL,61
2020132820-27808,MONMOUTH,MARLBORO TWP,11/28/2020,SA,0435,01,MARLBORO TWP PD,,0,0,0,0,P,B,N,N,12,1,NJ 18,S,18,,00000018__,24.60,02,,01,04,02,01,07,01,01,01,,,,,,,,65,,24,,,N,,135
2020132820-30104,MONMOUTH,MARLBORO TWP,12/31/2020,TH,0649,01,MARLBORO TWP PD,,0,0,0,0,P,B,N,N,05,2,MONMOUTH COUNTY 3,S,3,,13000003__,7.73,05,,01,04,02,03,07,02,05,01,500,FE,S,HARBOR RD / SPRING VALLEY RD,,,,40,35,26,,,N,,130
2020132820063744,MONMOUTH,MARLBORO TWP,11/30/2020,MO,1431,01,OLD BRIDGE TWP PD,,0,0,0,0,P,B,N,N,12,1,HAWKINS COR RD / HAWKINS RD **,W,,,13281105__,.49,07,,01,04,02,01,01,01,05,01,1320,FE,E,UNION HILL RD,,,,25,40,24,,,N,,249
2020132820FT02017,MONMOUTH,MARLBORO TWP,01/19/2020,SU,1410,01,FREEHOLD TWP PD,,0,0,0,0,P,B,N,N,11,1,NJ 18,N,18,,00000018__,23.00,02,,01,04,02,01,01,01,03,01,5280,FE,N,COLTS NECK ROAD,,,,55,45,50,,,N,**DAMAGE TO STATE DOT SIGN**,16220
2020132920-27540,MONMOUTH,MATAWAN BORO,11/19/2020,TH,0923,01,METUCHEN PD,,0,0,0,0,P,B,N,N,05,2,LIBERTY ST **,N,,,13291085__,.13,07,,02,04,02,01,01,01,05,01,10,FE,W,FORREST AVE,,,,25,25,26,,,N,,28
20201329E050-2020-00335A,MONMOUTH,MATAWAN BORO,03/04/2020,WE,0558,02,NEW JERSEY STATE POLICE,HOLMDEL - SQUAD,0,0,0,0,P,B,N,N,02,2,GARDEN STATE PARKWAY,N,444,,00000444__,120.10,03,,02,04,02,01,02,01,01,01,,,,,,,,65,,26,40.428970,74.234020,N,,7453
20201329E050-2020-00529A,MONMOUTH,MATAWAN BORO,05/18/2020,MO,0523,02,NEW JERSEY STATE POLICE,HOLMDEL - SQUAD,0,0,0,0,P,B,N,N,11,1,GARDEN STATE PARKWAY,S,444,,00000444__,120.10,03,,01,04,02,01,05,01,01,01,,,,,,,,65,,46,40.428560,74.237180,N,,7794
20201329E050-2020-00948A,MONMOUTH,MATAWAN BORO,07/29/2020,WE,1109,02,NEW JERSEY STATE POLICE,HOLMDEL - SQUAD,0,0,0,0,P,B,N,N,01,4,GARDEN STATE PARKWAY,S,444,,00000444__,120.10,03,,01,04,02,01,01,01,01,01,,,,,,,,65,,26,40.428570,74.237340,N,,7470
20201329E050-2020-00978A,MONMOUTH,MATAWAN BORO,08/01/2020,SA,1300,02,NEW JERSEY STATE POLICE,HOLMDEL - SQUAD,0,0,0,0,P,B,N,N,01,2,GARDEN STATE PARKWAY,S,444,,00000444__,120.10,03,,01,04,02,01,01,01,01,01,,,,,,,,65,,26,40.428570,74.237340,N,,7382
20201329E050-2020-01451A,MONMOUTH,MATAWAN BORO,10/17/2020,SA,1614,02,NEW JERSEY STATE POLICE,HOLMDEL - SQUAD,0,0,0,0,P,B,N,N,01,2,GARDEN STATE PARKWAY,S,444,,00000444__,120.00,03,,03,04,02,01,01,01,01,01,,,,,,,,25,,26,40.431040,74.250930,N,,7570
2020133020064156,MONMOUTH,ABERDEEN TWP,12/03/2020,TH,1316,01,OLD BRIDGE TWP PD,,0,0,0,0,P,B,N,N,02,2,MATAWAN AVE,W,,,13291256__,.94,07,,01,04,02,01,01,01,05,01,100,FE,E,GARDEN STATE PARKWAY,,,,35,65,26,,,N,,249
20201330E050-2020-00006A,MONMOUTH,ABERDEEN TWP,01/02/2020,TH,1700,02,NEW JERSEY STATE POLICE,HOLMDEL - SQUAD,0,0,0,0,P,B,N,N,02,2,GARDEN STATE PARKWAY,S,444,,00000444__,118.90,03,,01,04,02,01,07,01,01,01,,,,,,,,15,,26,40.421160,74.214950,N,,7798
20201330E050-2020-00157A,MONMOUTH,ABERDEEN TWP,01/30/2020,TH,2037,02,NEW JERSEY STATE POLICE,HOLMDEL - SQUAD,0,0,0,0,P,B,N,N,02,2,GARDEN STATE PARKWAY,S,444,,00000444__,119.50,03,,01,04,01,01,04,01,01,01,,,,,,,,65,,26,40.427080,74.226320,N,,7733
20201330E050-2020-00162A,MONMOUTH,ABERDEEN TWP,02/01/2020,SA,2204,02,NEW JERSEY STATE POLICE,HOLMDEL - SQUAD,0,0,0,0,P,B,N,N,02,2,GARDEN STATE PARKWAY,S,444,,00000444__,120.80,03,,01,04,02,02,05,02,03,01,,,,,,,,65,,26,40.364530,74.253640,N,,7887
20201330E050-2020-00234A,MONMOUTH,ABERDEEN TWP,02/16/2020,SU,0410,02,NEW JERSEY STATE POLICE,HOLMDEL - SQUAD,0,0,0,0,P,B,N,N,12,1,GARDEN STATE PARKWAY,N,444,,00000444__,118.80,03,,03,04,02,01,05,01,01,01,,,,,,,,65,,24,40.421290,74.212330,N,,7453
20201330E050-2020-00282A,MONMOUTH,ABERDEEN TWP,02/27/2020,TH,,02,NEW JERSEY STATE POLICE,HOLMDEL - SQUAD,0,1,0,0,I,B,N,N,11,1,GARDEN STATE PARKWAY,S,444,,00000444__,119.90,03,,01,04,02,02,06,02,01,01,,,,,,,,65,,46,40.428350,74.233550,N,NJTA Guardrail (5ft left guardrail and 5ft to the right guardrail),7470
20201330E050-2020-00291A,MONMOUTH,ABERDEEN TWP,02/27/2020,TH,1649,02,NEW JERSEY STATE POLICE,HOLMDEL - SQUAD,0,0,0,0,P,B,N,N,15,2,GARDEN STATE PARKWAY,N,444,,00000444__,119.30,03,,01,04,02,01,01,01,01,01,,,,,,,,65,,30,40.425250,74.220160,N,,7798
20201330E050-2020-00338A,MONMOUTH,ABERDEEN TWP,03/10/2020,TU,0737,02,NEW JERSEY STATE POLICE,HOLMDEL - SQUAD,0,0,0,0,P,B,N,N,02,2,GARDEN STATE PARKWAY,N,444,,00000444__,118.80,03,,01,04,02,01,01,01,01,01,,,,,,,,65,,26,40.421240,74.212280,N,,7887
20201330E050-2020-00340A,MONMOUTH,ABERDEEN TWP,03/10/2020,TU,1545,02,NEW JERSEY STATE POLICE,HOLMDEL - SQUAD,0,0,0,0,P,B,N,N,02,2,GARDEN STATE PARKWAY,N,444,,00000444__,119.40,03,,01,04,02,01,01,01,01,01,,,,,,,,65,,26,40.426130,74.221610,N,,7739
20201330E050-2020-00343A,MONMOUTH,ABERDEEN TWP,03/10/2020,TU,1631,02,NEW JERSEY STATE POLICE,HOLMDEL - SQUAD,0,0,0,0,P,B,N,N,15,1,GARDEN STATE PARKWAY,N,444,,00000444__,119.50,03,,01,04,02,01,01,01,01,01,,,,,,,,65,,39,40.426920,74.223320,N,,7382
20201330E050-2020-00389A,MONMOUTH,ABERDEEN TWP,03/29/2020,SU,1418,02,NEW JERSEY STATE POLICE,HOLMDEL - SQUAD,0,0,0,0,P,B,N,N,08,2,GARDEN STATE PARKWAY,S,444,,00000444__,120.00,03,,01,04,02,02,01,02,03,01,,,,,,,,65,,26,40.432300,74.252200,N,,7578
20201330E050-2020-00394A,MONMOUTH,ABERDEEN TWP,04/01/2020,WE,1954,02,NEW JERSEY STATE POLICE,HOLMDEL - SQUAD,0,0,0,0,P,B,N,N,12,1,GARDEN STATE PARKWAY,N,444,,00000444__,119.10,03,,01,04,02,01,05,01,01,01,,,,,,,,65,,24,40.423550,74.217360,N,,7362
20201330E050-2020-00401A,MONMOUTH,ABERDEEN TWP,04/05/2020,SU,1328,02,NEW JERSEY STATE POLICE,HOLMDEL - SQUAD,0,1,0,0,I,B,N,N,11,1,GARDEN STATE PARKWAY,S,444,,00000444__,119.40,03,,01,04,02,01,01,01,01,01,,,,,,,,65,,60,40.426390,74.224610,N,NJTA landscaping and tree off the road.,7470
20201330E050-2020-00431A,MONMOUTH,ABERDEEN TWP,04/14/2020,TU,0310,02,NEW JERSEY STATE POLICE,HOLMDEL - SQUAD,0,0,0,0,P,B,N,N,12,1,GARDEN STATE PARKWAY,S,444,,00000444__,120.20,03,,01,04,02,01,05,01,01,01,,,,,,,,65,,24,40.428560,74.234390,N,,7469
20201330E050-2020-00452A,MONMOUTH,ABERDEEN TWP,04/23/2020,TH,0623,02,NEW JERSEY STATE POLICE,HOLMDEL - SQUAD,0,0,0,0,P,B,N,N,12,1,GARDEN STATE PARKWAY,S,444,,00000444__,119.00,03,,01,04,02,01,01,01,01,01,,,,,,,,65,,24,40.386310,74.179260,N,,7134
20201330E050-2020-00473A,MONMOUTH,ABERDEEN TWP,04/27/2020,MO,1816,02,NEW JERSEY STATE POLICE,HOLMDEL - SQUAD,0,0,0,0,P,B,N,N,11,1,GARDEN STATE PARKWAY,S,444,,00000444__,119.50,03,,01,04,02,01,01,01,01,01,,,,,,,,65,,57,40.422290,74.215770,N,NJTA Guardrail End at Milepost 119.5 South Express,7470
20201330E050-2020-00506A,MONMOUTH,ABERDEEN TWP,05/09/2020,SA,1117,02,NEW JERSEY STATE POLICE,HOLMDEL - SQUAD,0,2,0,0,I,B,N,N,11,1,GARDEN STATE PARKWAY,S,444,,00000444__,118.80,03,,01,04,02,01,01,01,01,01,,,,,,,,65,,46,40.421630,74.215170,N,NJTA Guardrail,7739
20201330E050-2020-00539A,MONMOUTH,ABERDEEN TWP,05/23/2020,SA,,02,NEW JERSEY STATE POLICE,HOLMDEL - SQUAD,0,0,0,0,P,B,N,N,12,1,GARDEN STATE PARKWAY,S,444,,00000444__,119.10,03,,01,04,02,01,05,01,01,01,,,,,,,,65,,24,40.415930,74.257540,N,,7739
20201330E050-2020-00551A,MONMOUTH,ABERDEEN TWP,05/25/2020,MO,1335,02,NEW JERSEY STATE POLICE,HOLMDEL - SQUAD,0,0,0,0,P,B,N,N,02,2,GARDEN STATE PARKWAY,S,444,,00000444__,120.00,03,,02,04,02,01,01,01,01,01,,,,,,,,65,,26,40.428460,74.235450,N,,7798
20201330E050-2020-00574A,MONMOUTH,ABERDEEN TWP,06/02/2020,TU,1443,02,NEW JERSEY STATE POLICE,HOLMDEL - SQUAD,0,0,0,0,P,B,N,N,02,2,GARDEN STATE PARKWAY,N,444,,00000444__,118.80,03,,01,04,02,01,01,01,01,01,,,,,,,,65,,26,40.421240,74.212280,N,,7887
20201330E050-2020-00604A,MONMOUTH,ABERDEEN TWP,06/07/2020,SU,1745,02,NEW JERSEY STATE POLICE,HOLMDEL - SQUAD,0,0,0,0,P,B,N,N,02,2,GARDEN STATE PARKWAY,N,444,,00000444__,118.80,03,,01,04,02,01,01,01,01,01,,,,,,,,65,,26,40.421160,74.212760,N,,7471
20201330E050-2020-00608A,MONMOUTH,ABERDEEN TWP,06/08/2020,MO,1242,02,NEW JERSEY STATE POLICE,HOLMDEL - SQUAD,0,1,0,0,I,B,N,N,02,2,GARDEN STATE PARKWAY,N,444,,00000444__,118.90,03,,01,04,02,01,01,01,01,01,,,,,,,,65,,26,40.421900,74.214350,N,,7576
20201330E050-2020-00703A,MONMOUTH,ABERDEEN TWP,06/25/2020,TH,0209,02,NEW JERSEY STATE POLICE,HOLMDEL - SQUAD,0,1,0,0,I,B,N,N,11,1,GARDEN STATE PARKWAY,S,444,,00000444__,119.50,03,,01,04,02,01,05,01,01,01,,,,,,,,65,,46,40.425570,74.222000,N,NJTA Guardrail,7887
20201330E050-2020-00721A,MONMOUTH,ABERDEEN TWP,06/26/2020,FR,1432,02,NEW JERSEY STATE POLICE,HOLMDEL - SQUAD,0,3,0,0,I,B,N,N,01,3,GARDEN STATE PARKWAY,S,444,,00000444__,120.20,03,,01,04,02,01,01,01,01,01,,,,,,,,65,,26,40.428760,74.239230,N,,7373
20201330E050-2020-00725A,MONMOUTH,ABERDEEN TWP,06/27/2020,SA,0649,02,NEW JERSEY STATE POLICE,HOLMDEL - SQUAD,0,0,0,0,P,B,N,N,02,2,GARDEN STATE PARKWAY,N,444,,00000444__,120.20,03,,01,04,02,01,01,01,01,01,,,,,,,,65,,26,40.429280,74.235870,N,,7361
20201330E050-2020-00772A,MONMOUTH,ABERDEEN TWP,07/02/2020,TH,1450,02,NEW JERSEY STATE POLICE,HOLMDEL - SQUAD,0,0,0,0,P,B,N,N,01,2,GARDEN STATE PARKWAY,S,444,,00000444__,119.80,03,,01,04,02,01,01,01,01,01,,,,,,,,65,,26,40.428240,74.231670,N,,7470
20201330E050-2020-00825A,MONMOUTH,ABERDEEN TWP,07/11/2020,SA,1425,02,NEW JERSEY STATE POLICE,HOLMDEL - SQUAD,0,0,0,0,P,B,N,N,11,1,GARDEN STATE PARKWAY,S,444,,00000444__,120.00,03,,01,06,02,01,01,01,01,01,,,,,T,MATAWAN ROAD,WB,65,,46,40.435530,74.251670,N,NJTA GUARDRAIL.,7661
20201330E050-2020-00835A,MONMOUTH,ABERDEEN TWP,07/12/2020,SU,1301,02,NEW JERSEY STATE POLICE,HOLMDEL - SQUAD,0,0,0,0,P,B,N,N,01,2,GARDEN STATE PARKWAY,S,444,,00000444__,119.80,03,,01,04,02,01,01,01,01,01,,,,,,,,65,,26,40.428240,74.231670,N,,7991
20201330E050-2020-00837A,MONMOUTH,ABERDEEN TWP,07/12/2020,SU,1410,02,NEW JERSEY STATE POLICE,HOLMDEL - SQUAD,0,1,0,0,I,B,N,N,01,4,GARDEN STATE PARKWAY,S,444,,00000444__,119.90,03,,01,04,02,01,01,01,01,01,,,,,,,,65,,26,40.428350,74.233550,N,,7991
20201330E050-2020-00842A,MONMOUTH,ABERDEEN TWP,07/13/2020,MO,2302,02,NEW JERSEY STATE POLICE,HOLMDEL - SQUAD,0,0,0,0,P,B,Y,N,11,1,GARDEN STATE PARKWAY,S,444,,00000444__,118.90,03,,01,04,02,01,05,01,01,01,,,,,,,,65,,46,40.420710,74.212590,N,NJTA Guardrail,7739
20201330E050-2020-00849A,MONMOUTH,ABERDEEN TWP,07/12/2020,SU,1322,02,NEW JERSEY STATE POLICE,HOLMDEL - SQUAD,0,0,0,0,P,B,N,N,01,2,GARDEN STATE PARKWAY,S,444,,00000444__,119.80,03,,01,04,02,01,01,01,01,01,,,,,,,,65,,26,40.428240,74.231670,N,,7469
20201330E050-2020-00857A,MONMOUTH,ABERDEEN TWP,07/17/2020,FR,1741,02,NEW JERSEY STATE POLICE,HOLMDEL - SQUAD,0,2,0,0,I,B,N,N,01,2,GARDEN STATE PARKWAY,S,444,,00000444__,119.80,03,,01,04,02,01,01,01,01,01,,,,,,,,65,,26,40.428240,74.231670,N,NJTA - METAL GUARDRAIL,7411
20201330E050-2020-00858A,MONMOUTH,ABERDEEN TWP,07/17/2020,FR,1757,02,NEW JERSEY STATE POLICE,HOLMDEL - SQUAD,0,0,0,0,P,B,N,N,01,2,GARDEN STATE PARKWAY,S,444,,00000444__,119.80,03,,01,04,02,01,01,01,01,01,,,,,,,,65,,26,40.428240,74.231670,N,,7411
20201330E050-2020-00878A,MONMOUTH,ABERDEEN TWP,07/19/2020,SU,1016,02,NEW JERSEY STATE POLICE,HOLMDEL - SQUAD,0,0,0,0,P,B,N,N,01,2,GARDEN STATE PARKWAY,S,444,,00000444__,119.90,03,,01,04,02,01,01,01,01,01,,,,,,,,65,,26,40.428350,74.233550,N,,8003
20201330E050-2020-00882A,MONMOUTH,ABERDEEN TWP,07/19/2020,SU,1056,02,NEW JERSEY STATE POLICE,HOLMDEL - SQUAD,0,0,0,0,P,B,N,N,01,2,GARDEN STATE PARKWAY,S,444,,00000444__,120.80,03,,01,04,02,01,01,01,01,01,,,,,,,,65,,26,40.414800,74.229600,N,,7639
20201330E050-2020-00911A,MONMOUTH,ABERDEEN TWP,07/24/2020,FR,2001,02,NEW JERSEY STATE POLICE,HOLMDEL - SQUAD,0,0,0,0,P,B,N,N,11,1,GARDEN STATE PARKWAY,S,444,,00000444__,119.20,03,,01,04,02,02,01,02,01,01,,,,,,,,65,,48,40.425000,74.221280,N,NJTA CONCRETE BARRIER,7751
20201330E050-2020-00927A,MONMOUTH,ABERDEEN TWP,07/25/2020,SA,1334,02,NEW JERSEY STATE POLICE,HOLMDEL - SQUAD,0,1,0,0,I,B,N,N,01,2,GARDEN STATE PARKWAY,S,444,,00000444__,119.60,03,,01,04,02,01,01,01,03,01,,,,,,,,65,,26,40.427690,74.227980,N,,7373
20201330E050-2020-00931A,MONMOUTH,ABERDEEN TWP,07/26/2020,SU,0405,02,NEW JERSEY STATE POLICE,HOLMDEL - SQUAD,0,0,0,0,P,B,N,N,11,1,GARDEN STATE PARKWAY,N,444,,00000444__,119.10,03,,01,04,02,01,06,01,01,01,,,,,,,,65,,46,40.423570,74.217030,N,NJTA Guardrail.,7469
20201330E050-2020-00950A,MONMOUTH,ABERDEEN TWP,07/29/2020,WE,2136,02,NEW JERSEY STATE POLICE,HOLMDEL - SQUAD,0,0,0,0,P,B,N,N,02,2,GARDEN STATE PARKWAY,S,444,,00000444__,120.50,03,,01,04,02,01,06,01,01,01,,,,,,,,65,,26,40.429060,74.240020,N,,7570
20201330E050-2020-00964A,MONMOUTH,ABERDEEN TWP,08/01/2020,SA,0657,02,NEW JERSEY STATE POLICE,HOLMDEL - SQUAD,0,3,0,0,I,B,N,N,04,2,GARDEN STATE PARKWAY,S,444,,00000444__,119.60,03,,01,04,02,01,01,01,03,01,,,,,,,,65,,26,40.427690,74.227980,N,,7411
20201330E050-2020-00985A,MONMOUTH,ABERDEEN TWP,08/02/2020,SU,1943,02,NEW JERSEY STATE POLICE,HOLMDEL - SQUAD,0,0,0,0,P,B,N,N,11,1,GARDEN STATE PARKWAY,N,444,,00000444__,119.20,03,,01,04,02,01,06,01,01,01,,,,,,,,65,,46,40.424380,74.218880,N,NJTA guardrail damage.,7639