Year(4)-CountyCode(2)-MunicipalityCode(2)-CaseNumber(9),County Name,Municipality Name,Crash Date,Crash Day of Week,Crash Time,Police Department Code,Police Department,Police Station,Total Killed,Total Injured,Pedestrians Killed,Pedestrians Injured,Severity,Intersection,Alcohol Involved,Hazmat Involved,Crash Type,Total Vehicles,Location,Location Direction,Route,Route Suffix,Std Rte Identifier,MilePost,Road System,Road Character,Road Horizontal Alignment,Road Grade,Road Surface Type,Surface Condition,Light Condition,Environmental Condition,Road Divided By,Temporary Traffic Control Zone,Distance To Cross Street,Unit Of Measurement,Direction From Cross Street,Cross Street Name,Is Ramp,Ramp To/From Route Name,Ramp To/From Route Direction,Posted Speed,Posted Speed Cross Street,First Harmful Event,Latitude,Longitude,Cell Phone In Use Flag,Other Property Damage,Reporting Badge No.
2020133120MT03268,MONMOUTH,MIDDLETOWN TWP,01/23/2020,TH,1854,01,MIDDLETOWN PD,,0,0,0,0,P,B,N,N,06,2,STATESIR PL / VICTORIA PL **,N,,,13311293__,.25,07,,01,04,02,01,06,01,05,01,250,FE,S,HENDRICKSONN AVE,,,,25,25,28,,,N,,31342
2020133120MT03351,MONMOUTH,MIDDLETOWN TWP,01/24/2020,FR,0953,01,MIDDLETOWN PD,,0,0,0,0,P,B,N,N,03,2,MONMOUTH COUNTY 50,N,50,,13000050__,1.84,05,,01,04,02,01,01,01,05,01,75,FE,S,ROUTE 520 / NEWMAN SPRINGS RD,,,,35,35,26,,,N,,31321
2020133120MT03356,MONMOUTH,MIDDLETOWN TWP,01/24/2020,FR,1005,01,MIDDLETOWN PD,,0,0,0,0,P,I,N,N,02,2,ROUTE 520,W,520,,00000520__,13.57,05,,01,04,02,01,01,01,03,02,,AT,,NJ 54 / PHALANX RD,,,,40,25,26,40.336570,74.096750,N,,31323
2020133120MT03395,MONMOUTH,MIDDLETOWN TWP,01/24/2020,FR,1436,01,MIDDLETOWN PD,,0,0,0,0,P,I,N,N,01,2,W FRONT ST,E,,,13312109__,1.86,07,,01,05,02,01,01,01,05,01,,AT,,NORMANDY RD,,,,35,45,26,40.416540,74.070310,N,,31276
2020133120MT03524,MONMOUTH,MIDDLETOWN TWP,01/25/2020,SA,0954,01,MIDDLETOWN PD,,0,1,0,0,I,B,N,N,11,1,MONMOUTH COUNTY 50,W,50,,13000050__,7.35,05,,01,05,02,02,01,02,05,01,100,FE,E,OAKWOOD WAY,,,,35,25,52,,,N,UTILITY POLE # BT 4378,31281
2020133120MT03550,MONMOUTH,MIDDLETOWN TWP,01/25/2020,SA,1439,01,MIDDLETOWN PD,,0,0,0,0,P,B,Y,N,11,1,ROUTE 516,,516,,00000516__,17.42,05,,01,04,02,02,01,02,05,01,60,FE,W,12TH ST,,,,40,25,69,,,N,LANDSCAPING DAMAGE TO 451 & 453 LEONARDVILLE ROAD - OWNERS NOTIFIED-,31317
2020133120MT03560,MONMOUTH,MIDDLETOWN TWP,01/25/2020,SA,1606,01,MIDDLETOWN PD,,0,0,0,0,P,B,N,N,02,2,NJ 35,N,35,,00000035__,34.54,02,,01,06,02,02,01,05,01,01,150,FE,S,CONOVER LN / LAKE SHORE DR,,,,50,25,26,,,N,,31325
2020133120MT03566,MONMOUTH,MIDDLETOWN TWP,01/25/2020,SA,1812,01,MIDDLETOWN PD,,0,0,0,0,P,I,N,N,03,2,10TH ST **,N,,,13311173__,.13,07,,01,04,02,02,05,02,05,01,,AT,,OCEANVIEW AVE,,,,25,25,26,,,N,,31375
2020133120MT03622,MONMOUTH,MIDDLETOWN TWP,01/26/2020,SU,0211,01,MIDDLETOWN PD,,0,0,0,0,P,B,N,N,11,1,HOLLAND RD **,S,,,13311603__,.51,07,,03,04,02,02,06,01,05,01,200,FE,S,RED HILL RD,,,,35,40,60,40.393170,74.123980,N,EDWARD HAYES 41 HOLLAND RD DAMAGE TO LANDSCAPE AND SHRUBS.,31346
2020133120MT03669,MONMOUTH,MIDDLETOWN TWP,01/26/2020,SU,1328,01,MIDDLETOWN PD,,0,0,0,0,P,B,N,N,06,2,GARFIELD AVE **,,,,13311148__,.05,07,,01,04,02,01,01,01,05,01,20,FE,,FAIRFIELD AVE,,,,25,25,28,,,N,,31309
2020133120MT03679,MONMOUTH,MIDDLETOWN TWP,01/26/2020,SU,1549,01,MIDDLETOWN PD,,0,0,0,0,P,B,N,N,08,2,EUCLID AVE **,S,,,13311436__,.05,07,,01,04,02,01,01,01,05,01,5,FE,N,VERDUN PL,,,,25,25,26,40.435280,74.129600,N,,31369
2020133120MT03862,MONMOUTH,MIDDLETOWN TWP,01/27/2020,MO,1909,01,MIDDLETOWN PD,,0,0,0,0,P,B,N,N,03,2,HARBOR WAY **,N,,,,,07,,01,04,02,01,06,01,05,01,200,FE,N,MAIN ST,,,,20,30,26,,,N,,31366
2020133120MT03918,MONMOUTH,MIDDLETOWN TWP,01/28/2020,TU,0631,01,MIDDLETOWN PD,,0,0,0,0,P,B,N,N,06,2,706 NEWMAN SPRINGS RD,S,,,,,09,,01,04,02,01,04,01,05,01,,,,RETRO FITNESS LINCROFT PARK LOT,,,,,,28,40.331790,74.122930,N,,31334
2020133120MT03963,MONMOUTH,MIDDLETOWN TWP,01/28/2020,TU,1230,01,MIDDLETOWN PD,,0,1,0,0,I,B,N,N,03,2,ROUTE 520,W,520,,00000520__,13.88,05,,01,04,02,01,01,01,04,01,25,FE,W,HURLEYS LN,,,,35,25,26,,,N,,31331
2020133120MT03979,MONMOUTH,MIDDLETOWN TWP,01/28/2020,TU,1428,01,MIDDLETOWN PD,,0,0,0,0,P,I,N,N,01,2,CHURCH ST **,S,,,13311150__,.72,07,,01,04,02,01,01,01,05,01,,AT,,ROUTE 516,,,,25,35,26,40.412620,74.101430,N,,31259
2020133120MT04107,MONMOUTH,MIDDLETOWN TWP,01/29/2020,WE,1436,01,MIDDLETOWN PD,,0,0,0,0,P,B,N,N,01,2,EAST RD / SLEEPY HOLLOW RD,N,,,13312096__,1.37,07,,02,04,02,01,01,01,05,01,15,FE,W,NORMANDY RD,,,,40,45,26,,,N,,31333
2020133120MT04131,MONMOUTH,MIDDLETOWN TWP,01/29/2020,WE,1755,01,MIDDLETOWN PD,,1,0,1,0,F,B,N,N,13,1,BAMM HOLLOW RD / CHAPEL HILL RD / OAK HILL RD,E,,,13312095__,.76,07,,01,05,02,01,05,01,05,01,150,FE,W,HILLYER CIR,,,,40,25,22,,,N,,31278
2020133120MT04140,MONMOUTH,MIDDLETOWN TWP,01/29/2020,WE,0831,01,MIDDLETOWN PD,,0,1,0,1,I,I,N,N,13,1,NJ 35,N,35,,00000035__,37.33,02,,01,04,02,01,06,01,05,01,,AT,,KINGS HWY WEST / TINDALL RD,,,,50,40,26,,,N,,31383
2020133120MT04201,MONMOUTH,MIDDLETOWN TWP,01/30/2020,TH,0626,01,MIDDLETOWN PD,,0,0,0,0,P,B,N,N,12,1,NJ 36,N,36,,00000036__,17.90,02,,01,04,02,01,02,01,01,01,600,FE,E,EAST RD,,,,50,35,24,,,N,,31384
2020133120MT04237,MONMOUTH,MIDDLETOWN TWP,01/30/2020,TH,1123,01,MIDDLETOWN PD,,0,0,0,0,P,B,N,N,01,3,ROUTE 520,E,520,,00000520__,13.70,05,,01,04,02,01,01,01,05,01,25,FE,W,CR 50 / MIDDLETOWN-LINCROFT RD / SW,,,,35,35,26,,,N,,
2020133120MT04306,MONMOUTH,MIDDLETOWN TWP,01/31/2020,FR,0302,01,MIDDLETOWN PD,,0,0,0,0,P,B,N,N,06,2,FIRST AVE **,E,,,13311058__,.07,07,,01,04,02,01,06,01,05,01,75,FE,W,CENTRAL AVE,,,,25,25,26,,,N,,31383
2020133120MT04344,MONMOUTH,MIDDLETOWN TWP,01/31/2020,FR,0759,01,MIDDLETOWN PD,,0,0,0,0,P,I,N,N,03,2,NJ 36,N,36,,00000036__,15.67,02,,01,04,02,01,01,01,01,01,,AT,,AVE D,,,,40,25,26,,,N,,31282
2020133120MT04402,MONMOUTH,MIDDLETOWN TWP,01/31/2020,FR,1500,01,MIDDLETOWN PD,,0,0,0,0,P,B,N,N,02,2,ROUTE 520,E,520,,00000520__,14.61,05,,01,04,02,01,01,01,05,01,10,FE,E,HARVEY AVE,,,,40,25,26,,,N,,31331
2020133120MT04553,MONMOUTH,MIDDLETOWN TWP,02/01/2020,SA,1423,01,MIDDLETOWN PD,,0,0,0,0,P,B,N,N,06,2,55 NEW MONMOUTH RD,E,,,,,08,,01,04,02,01,01,05,05,01,,,E,MIDDLETOWN TWP LIBRARY LOT,,,,,,28,,,N,,31327
2020133120MT04571,MONMOUTH,MIDDLETOWN TWP,02/01/2020,SA,1713,01,MIDDLETOWN PD,,0,0,0,0,P,B,N,N,01,2,900 NUTSWAMP RD,N,,,,,09,,01,04,02,01,03,05,05,01,10,FE,S,NUTSWAMP RD,,,,25,35,26,,,N,,31373
2020133120MT04602,MONMOUTH,MIDDLETOWN TWP,02/01/2020,SA,2054,01,MIDDLETOWN PD,,0,0,0,0,P,B,Y,N,11,1,BOWNE RD **,W,,,13311261__,.52,07,,01,04,02,02,07,02,05,01,50,FE,W,MC CLEES RD,,,,35,40,26,,,N,CURB OUTSIDE OF 120 BOWNE ROAD/TREE AND GRASS ON PROPERTY OF 120 BOWNE ROAD,31372
2020133120MT04774,MONMOUTH,MIDDLETOWN TWP,02/03/2020,MO,0819,01,MIDDLETOWN PD,,0,0,0,0,P,B,N,N,06,2,1361 STATE ROUTE 35 N,,,,,,09,,01,04,02,01,01,01,05,01,,,,SHOPRITE PARKING LOT,,,,,,28,40.400900,74.120880,N,,31367
2020133120MT04803,MONMOUTH,MIDDLETOWN TWP,02/03/2020,MO,1308,01,MIDDLETOWN PD,,0,0,0,0,P,I,N,N,03,2,CAMPBELL AVE **,,,,13311211__,.20,07,,01,04,02,01,01,01,05,01,,AT,,MARCIA AVE,,,,35,25,26,,,N,,31317
2020133120MT04815,MONMOUTH,MIDDLETOWN TWP,02/03/2020,MO,1430,01,MIDDLETOWN PD,,0,1,0,0,I,B,N,N,02,2,NJ 35,N,35,,00000035__,37.32,02,,01,04,02,01,01,01,01,01,50,FE,S,KINGS HWY WEST / TINDALL RD,,,,50,35,26,,,N,,31343
2020133120MT04830,MONMOUTH,MIDDLETOWN TWP,02/03/2020,MO,1627,01,MIDDLETOWN PD,,0,0,0,0,P,I,Y,N,08,2,MONMOUTH COUNTY 50,E,50,,13000050__,1.77,05,,01,04,02,01,02,01,05,01,,AT,,OAK ST,,,,35,25,26,40.330160,74.119660,N,,31374
2020133120MT04857,MONMOUTH,MIDDLETOWN TWP,02/03/2020,MO,2000,01,MIDDLETOWN PD,,0,0,0,0,P,B,N,N,08,2,HENDRICKSON AVE **,W,,,13311313__,.16,07,,01,04,02,01,05,01,05,01,15,FE,E,NJ 35,,,,25,50,26,,,N,,31325
2020133120MT04922,MONMOUTH,MIDDLETOWN TWP,02/04/2020,TU,0829,01,MIDDLETOWN PD,,0,1,0,0,I,I,N,N,03,2,MONMOUTH COUNTY 54,S,54,,13000054__,,07,,01,04,02,02,01,02,05,01,,AT,,CAMPUS DRIVE,,,,40,,26,,,N,,31343
2020133120MT04988,MONMOUTH,MIDDLETOWN TWP,02/04/2020,TU,1856,01,MIDDLETOWN PD,,0,0,0,0,P,B,N,N,02,2,NJ 35,S,35,,00000035__,38.01,02,,01,04,02,01,06,01,05,01,150,FE,N,CR 50 / NEW MONMOUTH RD,,,,50,35,26,,,N,,31383
2020133120MT05098,MONMOUTH,MIDDLETOWN TWP,02/05/2020,WE,1347,01,MIDDLETOWN PD,,0,1,0,0,I,B,N,N,11,1,CRESTVIEW DR **,E,,,13311713__,.25,07,,01,04,02,01,01,05,05,01,30,FE,E,VOLT PL,,,,25,25,56,,,N,ANN MARIE PSARAKIS 89 CRESTVIEW DR  MIDDLETOWN NJ 07748,31240
2020133120MT05101,MONMOUTH,MIDDLETOWN TWP,02/05/2020,WE,1432,01,MIDDLETOWN PD,,0,0,0,0,P,B,N,N,08,2,NEWMAN ST **,W,,,13311756__,.05,07,,01,04,02,01,01,01,05,01,25,FE,W,PARK PL,,,,25,25,28,,,N,,31331
2020133120MT05107,MONMOUTH,MIDDLETOWN TWP,02/05/2020,WE,1520,01,MIDDLETOWN PD,,0,1,0,0,I,B,N,N,01,2,NJ 35,S,35,,00000035__,37.11,02,,01,04,02,02,01,05,02,01,30,FE,E,TWIN BROOKS RD,,,,50,25,26,,,N,,31385
2020133120MT05109,MONMOUTH,MIDDLETOWN TWP,02/05/2020,WE,1552,01,MIDDLETOWN PD,,0,0,0,0,P,B,N,N,11,1,1511 STATE ROUTE 35,,,,,,09,,01,04,02,01,01,01,05,01,,,,SONIC PARKING LOT,,,,,,69,,,N,OVERHANG OF SONIC DRIVE THRU,31339
2020133120MT05131,MONMOUTH,MIDDLETOWN TWP,02/05/2020,WE,1938,01,MIDDLETOWN PD,,0,0,0,0,P,I,N,N,01,2,MONMOUTH COUNTY 36,N,36,,13000036__,.07,05,,01,04,02,01,06,01,05,01,,AT,,OREGON AVE,,,,35,25,26,,,N,,31288
2020133120MT05191,MONMOUTH,MIDDLETOWN TWP,02/06/2020,TH,0720,01,MIDDLETOWN PD,,0,0,0,0,P,B,N,N,02,2,NJ 35,N,35,,00000035__,37.95,02,,01,04,02,02,01,02,01,01,150,FE,S,CR 50 / NEW MONMOUTH RD,,,,50,35,26,,,N,,31379
2020133120MT05252,MONMOUTH,MIDDLETOWN TWP,02/06/2020,TH,1455,01,MIDDLETOWN PD,,0,0,0,0,P,B,N,N,01,2,NJ 35,S,35,,00000035__,35.71,02,,01,04,02,02,01,05,01,01,15,FE,W,CHAPEL HILL RD / OAK HILL RD,,,,50,35,26,,,N,,31385
2020133120MT05264,MONMOUTH,MIDDLETOWN TWP,02/06/2020,TH,1828,01,MIDDLETOWN PD,,0,0,0,0,P,B,N,N,02,2,HARMONY RD / KINGS HWY / MURPHY RD,E,,,13312101__,.02,07,,01,04,02,02,02,02,05,01,100,FE,E,NJ 35,,,,40,50,26,,,N,,31357
2020133120MT05270,MONMOUTH,MIDDLETOWN TWP,02/06/2020,TH,1919,01,MIDDLETOWN PD,,0,0,0,0,P,B,N,N,01,2,WILSON AVE,S,,,13312105__,.90,07,,01,04,02,02,06,02,05,01,20,FE,N,ROUTE 516 / CHERRY TREE FARM RD,,,,35,35,26,,,N,,31350
2020133120MT05271,MONMOUTH,MIDDLETOWN TWP,02/06/2020,TH,1935,01,MIDDLETOWN PD,,0,0,0,0,P,B,N,N,11,1,NJ 35,N,35,,00000035__,36.68,02,,01,04,02,02,06,02,01,01,600,FE,S,WOODLAND DR,,,,50,35,48,,,N,,31342
2020133120MT05408,MONMOUTH,MIDDLETOWN TWP,02/07/2020,FR,1649,01,MIDDLETOWN PD,,0,1,0,0,I,B,N,N,01,4,NJ 35,N,35,,00000035__,37.97,02,,01,04,02,02,01,02,01,01,75,FE,S,CR 50 / NEW MONMOUTH RD,,,,50,35,26,,,N,,
2020133120MT05513,MONMOUTH,MIDDLETOWN TWP,02/08/2020,SA,1127,01,MIDDLETOWN PD,,0,0,0,0,P,B,N,N,01,2,NJ 35,N,35,,00000035__,37.98,02,,03,04,02,01,01,01,05,01,100,FE,,,F,CR 50 / NEW MONMOUTH ROAD,,50,,26,,,N,,31343
2020133120MT05546,MONMOUTH,MIDDLETOWN TWP,02/08/2020,SA,1726,01,MIDDLETOWN PD,,0,0,0,0,P,I,N,N,03,2,MONMOUTH COUNTY 52,N,52,,13000052__,2.76,05,,01,05,02,01,03,01,04,01,,AT,W,CR 12 / DWIGHT RD,,,,45,35,26,40.365930,74.119810,N,,31369
2020133120MT05565,MONMOUTH,MIDDLETOWN TWP,02/08/2020,SA,2057,01,MIDDLETOWN PD,,0,0,0,0,P,B,N,N,12,1,W FRONT ST,W,,,13312109__,.34,07,,01,05,02,01,07,01,05,01,20,FE,W,PENNY LN,,,,40,25,24,40.346290,74.141910,N,,31368
2020133120MT05636,MONMOUTH,MIDDLETOWN TWP,02/09/2020,SU,1149,01,MIDDLETOWN PD,,0,1,0,0,I,B,N,N,01,2,MONMOUTH COUNTY 7 I,N,7,1,130000071_,.03,05,,01,04,02,01,01,01,05,01,150,FE,E,NJ 35,,,,35,50,26,,,N,,31317
2020133120MT05651,MONMOUTH,MIDDLETOWN TWP,02/09/2020,SU,1440,01,MIDDLETOWN PD,,0,0,0,0,P,B,N,N,01,2,ROUTE 516,S,516,,00000516__,15.68,05,,01,04,02,01,01,01,05,01,10,FE,S,WILSON AVE,,,,35,25,26,40.413780,74.109390,N,,31368
2020133120MT05655,MONMOUTH,MIDDLETOWN TWP,02/09/2020,SU,1516,01,MIDDLETOWN PD,,0,0,0,0,P,B,N,N,11,1,MONMOUTH COUNTY 12,N,12,,13000012__,2.46,05,,01,06,02,01,01,01,05,01,120,FE,N,CR 50 / MIDDLETOWN-LINCROFT RD,,,,40,40,50,40.366920,74.119480,N,COUNTY ROAD SIGN,31368
2020133120MT05755,MONMOUTH,MIDDLETOWN TWP,02/10/2020,MO,0934,01,MIDDLETOWN PD,,0,0,0,0,P,B,N,N,04,2,E ROOSEVELT CIR / LAKESHORE DR **,,,,13311789__,.08,07,,01,04,02,01,01,05,05,01,500,FE,S,LINCOLN PL,,,,25,25,26,,,N,,31339
2020133120MT05763,MONMOUTH,MIDDLETOWN TWP,02/10/2020,MO,1016,01,MIDDLETOWN PD,,0,0,0,0,P,B,N,N,01,2,COOPERS RD **,S,,,13311291__,.00,07,,03,06,02,02,01,02,05,01,250,FE,S,BROWNS DOCK RD,,,,35,25,26,40.395220,74.038690,N,,31323
2020133120MT05785,MONMOUTH,MIDDLETOWN TWP,02/10/2020,MO,1359,01,MIDDLETOWN PD,,0,0,0,0,P,B,N,N,06,2,63 TINDALL ROAD,,,,,,09,,01,04,02,02,01,02,05,01,,,,MIDDLETOWN HS NORTH PARKING LOT,,,,,,28,,,N,,31339
2020133120MT05793,MONMOUTH,MIDDLETOWN TWP,02/10/2020,MO,1449,01,MIDDLETOWN PD,,0,1,0,1,I,I,N,N,13,1,THOMPSON AVE,N,,,13311424__,.08,07,,01,04,02,02,01,02,04,01,,AT,,KENTUCKY AVE,,,,35,25,22,,,N,,31290
2020133120MT05920,MONMOUTH,MIDDLETOWN TWP,02/11/2020,TU,1106,01,MIDDLETOWN PD,,0,0,0,0,P,B,N,N,06,2,MONMOUTH COUNTY 50,N,50,,13000050__,,05,,01,04,02,02,01,02,05,01,100,FE,N,CONOVER AVE,,,,40,25,28,,,N,,31280
2020133120MT05925,MONMOUTH,MIDDLETOWN TWP,02/11/2020,TU,1123,01,MIDDLETOWN PD,,0,0,0,0,P,B,N,N,11,1,MAIN ST / MIDDLE RD,N,,,13182107__,1.29,07,,01,04,02,02,01,02,05,01,10,FE,W,COPPERFIELD CT,,,,35,25,69,,,N,UTILITY WIRE COMING FROM POLE # JC2229MDT,31332
2020133120MT05955,MONMOUTH,MIDDLETOWN TWP,02/11/2020,TU,1421,01,MIDDLETOWN PD,,0,0,0,0,P,B,N,N,08,2,BONAFICO CT **,S,,,13312222__,.09,07,,01,04,02,02,01,05,05,01,50,FE,S,KINGS HWY,,,,25,35,26,,,N,,31385
2020133120MT05974,MONMOUTH,MIDDLETOWN TWP,02/11/2020,TU,1714,01,MIDDLETOWN PD,,0,0,0,0,P,I,N,N,03,2,MONMOUTH COUNTY 54,N,54,,13000054__,,07,,01,04,02,01,01,01,05,01,,AT,,CAMPUS DR.,,,,35,20,26,,,N,,31366
2020133120MT05978,MONMOUTH,MIDDLETOWN TWP,02/11/2020,TU,1803,01,MIDDLETOWN PD,,0,0,0,0,P,B,N,N,01,3,NJ 35,N,35,,00000035__,36.04,02,,01,04,02,01,06,01,01,01,200,FE,S,CRESTVIEW DR,,,,50,25,26,,,N,,31342
2020133120MT06059,MONMOUTH,MIDDLETOWN TWP,02/12/2020,WE,0621,01,MIDDLETOWN PD,,0,0,0,0,P,B,N,N,01,2,HARMONY RD / KINGS HWY / MURPHY RD,N,,,13312101__,1.65,07,,01,04,02,01,02,01,05,01,50,FE,S,NJ 35,,,,35,50,26,,,N,,31379
2020133120MT06120,MONMOUTH,MIDDLETOWN TWP,02/12/2020,WE,1349,01,MIDDLETOWN PD,,0,0,0,0,P,B,N,N,01,2,NJ 35,N,35,,00000035__,38.69,02,,03,04,02,01,01,01,05,01,100,FE,,,T,HARMONY ROAD,,50,,26,,,N,,31343
2020133120MT06147,MONMOUTH,MIDDLETOWN TWP,02/12/2020,WE,1801,01,MIDDLETOWN PD,,0,2,0,0,I,B,N,N,01,4,NJ 35,N,35,,00000035__,38.63,02,,03,04,02,01,07,01,01,01,300,FE,S,HARMONY RD / KINGS HWY,,,,50,40,26,40.401680,74.121600,N,,31368
2020133120MT06215,MONMOUTH,MIDDLETOWN TWP,02/13/2020,TH,0656,01,MIDDLETOWN PD,,0,0,0,0,P,I,N,N,07,2,ROUTE 516,W,516,,00000516__,14.37,05,,01,04,02,02,01,02,05,01,,AT,,CLUBHOUSE DR,,,,35,25,26,,,N,,31281
2020133120MT06225,MONMOUTH,MIDDLETOWN TWP,02/13/2020,TH,1100,01,MIDDLETOWN PD,,0,0,0,0,P,B,N,N,02,2,MONMOUTH COUNTY 52,N,52,,13000052__,4.35,05,,01,05,02,02,01,02,04,01,75,FE,N,TALL TIMBERS RD,,,,45,25,26,40.403370,74.143170,N,,31276
2020133120MT06239,MONMOUTH,MIDDLETOWN TWP,02/13/2020,TH,1423,01,MIDDLETOWN PD,,0,0,0,0,P,B,N,N,01,2,BAMM HOLLOW RD / CHAPEL HILL RD / OAK HILL RD,E,,,13312095__,3.38,07,,01,04,02,02,01,02,05,01,50,FE,W,INDEPENDENCE RD,,,,35,25,26,,,N,,31333
2020133120MT06261,MONMOUTH,MIDDLETOWN TWP,02/13/2020,TH,1825,01,MIDDLETOWN PD,,0,0,0,0,P,B,N,N,08,2,MONMOUTH COUNTY 12 A,E,12,A,13000012A_,1.80,05,,01,06,02,02,06,05,05,01,100,FE,E,LUFFFBURROW LN,,,,35,25,26,,,N,,31325
2020133120MT06262,MONMOUTH,MIDDLETOWN TWP,02/13/2020,TH,1828,01,MIDDLETOWN PD,,0,0,0,0,P,I,N,N,07,2,NJ 36,S,36,,00000036__,20.42,02,,01,04,02,01,06,01,01,01,,AT,,CR 7 / MAIN ST / PALMER AVE,,,,50,35,26,,,N,,31374
2020133120MT06376,MONMOUTH,MIDDLETOWN TWP,02/14/2020,FR,1251,01,MIDDLETOWN PD,,0,0,0,0,P,B,N,N,99,1,MONMOUTH COUNTY 12 A,W,12,A,13000012A_,2.89,05,,03,05,02,01,01,01,05,01,2640,FE,W,BROWNS DOCK RD,,,,35,25,12,40.379270,74.034550,N,,31323
2020133120MT06377,MONMOUTH,MIDDLETOWN TWP,02/14/2020,FR,1312,01,MIDDLETOWN PD,,0,0,0,0,P,I,N,N,03,2,ROUTE 520,E,520,,00000520__,15.05,05,,01,04,02,01,01,01,05,02,,AT,,HALF MILE RUN,,,,40,40,26,,,N,,31331
2020133120MT06392,MONMOUTH,MIDDLETOWN TWP,02/14/2020,FR,1453,01,MIDDLETOWN PD,,0,0,0,0,P,B,N,N,01,2,MONMOUTH COUNTY 12 A,W,12,A,13000012A_,.28,05,,01,04,02,01,01,01,05,01,20,FE,E,TULIP LN,,,,35,25,26,,,N,,31339
2020133120MT06417,MONMOUTH,MIDDLETOWN TWP,02/14/2020,FR,1640,01,MIDDLETOWN PD,,0,0,0,0,P,B,Y,N,11,1,HARMONY RD / THOMSPON RD,N,,,13311836__,.84,07,,01,04,02,01,01,01,05,01,200,FE,E,JACQUELINE DR,,,,35,25,52,,,N,JCP&L POLE #2081,31364
2020133120MT06421,MONMOUTH,MIDDLETOWN TWP,02/14/2020,FR,1739,01,MIDDLETOWN PD,,0,0,0,0,P,I,N,N,01,2,BERGAN ST / WEEHAWKEN AVE **,E,,,13311380__,.23,07,,01,04,02,01,01,01,05,01,,AT,W,BRAY AVE,,,,30,25,26,,,N,,31366
2020133120MT06574,MONMOUTH,MIDDLETOWN TWP,02/15/2020,SA,1729,01,MIDDLETOWN PD,,0,0,0,0,P,B,N,N,01,2,CHESTNUT ST **,W,,,13311089__,.14,07,,01,06,02,01,03,01,05,01,20,FE,W,NJ 35,,,,25,50,26,,,N,,31376
2020133120MT06714,MONMOUTH,MIDDLETOWN TWP,02/16/2020,SU,1408,01,MIDDLETOWN PD,,0,1,0,0,I,B,N,N,01,2,NJ 36,S,36,,00000036__,16.17,02,,01,04,02,01,01,01,01,01,20,FE,N,LEONARD AVE,,,,50,25,26,,,N,,31282
2020133120MT06813,MONMOUTH,MIDDLETOWN TWP,02/17/2020,MO,0745,01,MIDDLETOWN PD,,0,0,0,0,P,B,N,N,06,2,CHESTNUT AVE **,,,,13311240__,.36,07,,01,04,02,01,01,01,05,01,100,FE,W,FIRST AVE,,,,25,25,26,,,N,,31343
2020133120MT06818,MONMOUTH,MIDDLETOWN TWP,02/17/2020,MO,0855,01,MIDDLETOWN PD,,0,0,0,0,P,B,N,N,01,2,NJ 35,N,35,,00000035__,37.98,02,,01,04,02,01,01,01,01,01,20,FE,N,CR 50 / NEW MONMOUTH RD,,,,50,40,26,,,N,,31359
2020133120MT06822,MONMOUTH,MIDDLETOWN TWP,02/17/2020,MO,0941,01,MIDDLETOWN PD,,0,0,0,0,P,B,N,N,11,1,1050 STATE HWY 35,S,,,,,09,,01,04,02,01,01,01,05,01,,,W,BOTTLE KING PARKING LOT,,,,,,69,,,N,OUTSIDE FACADE OF BOTTLE KING LIQUORS,31273
2020133120MT06927,MONMOUTH,MIDDLETOWN TWP,02/18/2020,TU,0928,01,MIDDLETOWN PD,,0,0,0,0,P,B,N,N,01,2,MONMOUTH COUNTY 50,S,50,,13000050__,4.52,05,,01,04,02,01,01,05,05,01,50,FE,N,CR 12 / DWIGHT RD / NUT SWAMP RD,,,,40,35,26,,,N,,31314
2020133120MT06931,MONMOUTH,MIDDLETOWN TWP,02/18/2020,TU,0955,01,MIDDLETOWN PD,,0,0,0,0,P,I,N,N,03,3,NJ 35,S,35,,00000035__,37.98,02,,01,04,02,01,01,05,01,01,,AT,,CR 50 / NEW MONMOUTH RD,,,,50,35,26,,,N,,
2020133120MT06956,MONMOUTH,MIDDLETOWN TWP,02/18/2020,TU,1411,01,MIDDLETOWN PD,,0,1,0,0,I,B,N,N,01,2,MONMOUTH COUNTY 12 A,E,12,A,13000012A_,.30,05,,01,04,02,01,01,01,05,01,100,FE,E,TULIP LN,,,,40,25,26,,,N,,31343
2020133120MT07034,MONMOUTH,MIDDLETOWN TWP,02/19/2020,WE,0848,01,MIDDLETOWN PD,,0,0,0,0,P,B,N,N,11,1,WASHINGTON AVE **,W,,,13311272__,.02,07,,01,04,02,01,01,01,05,01,100,FE,E,OCEAN BLVD,,,,25,25,69,,,N,UTILITY WIRES CONNECTED TO 87 AND 89 WASHINGTON AVE POLE # JC4744MDT,31332
2020133120MT07035,MONMOUTH,MIDDLETOWN TWP,02/19/2020,WE,0854,01,MIDDLETOWN PD,,0,0,0,0,P,B,N,N,08,2,MONMOUTH COUNTY 52,N,52,,13000052__,.00,05,,01,06,02,01,01,01,05,01,10,FE,S,ROUTE 520 / NEWMAN SPRINGS RD,,,,40,40,26,,,N,,31331
2020133120MT07058,MONMOUTH,MIDDLETOWN TWP,02/19/2020,WE,1032,01,MIDDLETOWN PD,,0,1,0,0,I,I,N,N,03,2,BEACH AVE / LEONARD AVE / THOMPSON AVE,S,,,13312104__,.11,07,,02,04,02,01,01,01,05,01,,AT,,WASHINGTON AVE,,,,25,25,26,,,N,FRONT LAWN OF 43 LEONARD AVE HAS TIRE INDENTATIONS AND RIPPED UP SOIL,31385
2020133120MT07122,MONMOUTH,MIDDLETOWN TWP,02/19/2020,WE,2151,01,MIDDLETOWN PD,,0,1,0,0,I,B,N,N,11,1,ROUTE 516,E,516,,00000516__,15.76,05,,01,04,02,01,06,01,05,01,50,FE,E,MILLBROOK DR,,,,40,25,47,,,N,GUARDRAIL,31342