Year(4)-CountyCode(2)-MunicipalityCode(2)-CaseNumber(9),County Name,Municipality Name,Crash Date,Crash Day of Week,Crash Time,Police Department Code,Police Department,Police Station,Total Killed,Total Injured,Pedestrians Killed,Pedestrians Injured,Severity,Intersection,Alcohol Involved,Hazmat Involved,Crash Type,Total Vehicles,Location,Location Direction,Route,Route Suffix,Std Rte Identifier,MilePost,Road System,Road Character,Road Horizontal Alignment,Road Grade,Road Surface Type,Surface Condition,Light Condition,Environmental Condition,Road Divided By,Temporary Traffic Control Zone,Distance To Cross Street,Unit Of Measurement,Direction From Cross Street,Cross Street Name,Is Ramp,Ramp To/From Route Name,Ramp To/From Route Direction,Posted Speed,Posted Speed Cross Street,First Harmful Event,Latitude,Longitude,Cell Phone In Use Flag,Other Property Damage,Reporting Badge No.
2020133120MT29120,MONMOUTH,MIDDLETOWN TWP,06/30/2020,TU,1827,01,MIDDLETOWN PD,,0,0,0,0,P,I,N,N,11,1,HARMONY RD / THOMSPON RD,N,,,13311836__,.00,07,,02,04,02,02,01,05,05,01,,AT,,MURPHY RD,,,,35,35,56,,,N,,31278
2020133120MT29122,MONMOUTH,MIDDLETOWN TWP,06/30/2020,TU,1831,01,MIDDLETOWN PD,,0,1,0,0,I,I,N,N,03,2,CHESTNUT ST **,N,,,13311089__,.00,07,,01,04,02,02,01,01,05,01,,AT,,WILSON AVE,,,,35,25,26,,,N,,31288
2020133120MT29123,MONMOUTH,MIDDLETOWN TWP,06/30/2020,TU,1840,01,MIDDLETOWN PD,,0,0,0,0,P,B,N,N,02,2,MONMOUTH COUNTY 50,N,50,,13000050__,8.18,05,,01,04,02,01,01,01,04,01,50,FE,S,ROUTE 516 / CHERRY TREE FARM RD,,,,35,35,26,,,N,,31362
2020133120MT29140,MONMOUTH,MIDDLETOWN TWP,06/30/2020,TU,1956,01,MIDDLETOWN PD,,0,1,0,0,I,I,N,N,01,2,NJ 35,S,35,,00000035__,39.43,02,,03,04,02,01,01,01,01,02,,AT,,ROUTE 516 / CHERRY TREE FARM RD,,,,50,35,26,,,N,,31278
2020133120MT29278,MONMOUTH,MIDDLETOWN TWP,07/01/2020,WE,1301,01,MIDDLETOWN PD,,0,0,0,0,P,I,N,N,03,2,HALF MILE RD,S,,,13312110__,.22,07,,01,04,02,02,01,02,05,01,,AT,,SCHULTZ DR,,,,40,35,26,,,N,,31321
2020133120MT29289,MONMOUTH,MIDDLETOWN TWP,07/01/2020,WE,1456,01,MIDDLETOWN PD,,0,0,0,0,P,B,N,N,06,2,BRAY AVE,W,,,13311381__,1.06,07,,01,04,02,01,01,01,05,01,50,FE,W,MARYS PL,,,,35,25,28,,,N,,31269
2020133120MT29401,MONMOUTH,MIDDLETOWN TWP,07/02/2020,TH,0728,01,MIDDLETOWN PD,,0,0,0,0,P,I,N,N,11,1,COMMONWEALTH AVE **,E,,,13311806__,.32,07,,01,06,02,01,01,01,05,01,,AT,,OAK HILL RD,,,,35,25,56,,,N,,31348
2020133120MT29500,MONMOUTH,MIDDLETOWN TWP,07/02/2020,TH,2148,01,MIDDLETOWN PD,,0,1,0,0,I,I,N,N,01,2,ROUTE 520,W,520,,00000520__,14.12,05,,01,04,02,01,06,01,05,01,,AT,,DOGWOOD LN,,,,40,25,26,,,N,,31360
2020133120MT29556,MONMOUTH,MIDDLETOWN TWP,07/03/2020,FR,0957,01,MIDDLETOWN PD,,0,0,0,0,P,B,N,N,01,2,NJ 35,S,35,,00000035__,39.43,02,,01,04,02,01,01,05,05,01,,,,,T,ROUTE 516,EB,50,,26,,,N,,31385
2020133120MT29575,MONMOUTH,MIDDLETOWN TWP,07/03/2020,FR,1220,01,MIDDLETOWN PD,,0,0,0,0,P,I,N,N,04,2,HARMONY RD / KINGS HWY / MURPHY RD,S,,,13312101__,3.24,07,,01,04,02,01,01,01,05,01,,AT,,MAIN ST,,,,35,35,26,,,N,,31341
2020133120MT29577,MONMOUTH,MIDDLETOWN TWP,07/03/2020,FR,1239,01,MIDDLETOWN PD,,0,0,0,0,P,I,N,N,03,2,MONMOUTH COUNTY 36,N,36,,13000036__,.77,05,,01,04,02,01,01,01,05,01,,AT,,SEABREEZE BLVD,,,,25,25,26,40.444470,74.114840,N,,31323
2020133120MT29580,MONMOUTH,MIDDLETOWN TWP,07/03/2020,FR,1258,01,MIDDLETOWN PD,,0,0,0,0,P,B,N,N,08,2,WILSON AVE **,N,,,13311103__,.59,07,,01,04,02,01,01,01,05,01,30,FE,S,DIVISION ST,,,,35,25,28,,,N,,31278
2020133120MT29600,MONMOUTH,MIDDLETOWN TWP,07/03/2020,FR,1624,01,MIDDLETOWN PD,,0,0,0,0,P,B,N,N,03,2,NJ 35,N,35,,00000035__,35.72,02,,01,04,02,01,01,01,01,01,50,FE,E,CHAPEL HILL RD / OAK HILL RD,,,,50,35,26,,,N,,31357
2020133120MT29625,MONMOUTH,MIDDLETOWN TWP,07/03/2020,FR,1918,01,MIDDLETOWN PD,,0,0,0,0,P,I,N,N,03,3,ROUTE 520,E,520,,00000520__,15.05,05,,01,04,02,01,03,01,02,01,,AT,,HALF MILE RUN,,,,45,40,26,,,N,STREET SIGN,
2020133120MT29717,MONMOUTH,MIDDLETOWN TWP,07/04/2020,SA,0929,01,MIDDLETOWN PD,,0,0,0,0,P,I,N,N,07,2,LOCUST POINT RD,S,,,,,05,,01,04,02,01,01,01,05,01,,AT,,OCEANIC BRIDGE,,,,35,35,26,,,N,,31339
2020133120MT29752,MONMOUTH,MIDDLETOWN TWP,07/04/2020,SA,1424,01,MIDDLETOWN PD,,0,0,0,0,P,B,N,N,01,2,MONMOUTH COUNTY 50,S,50,,13000050__,7.36,05,,01,04,02,01,01,01,05,01,10,FE,N,LAWRENCE CIR,,,,35,25,26,,,N,,31341
2020133120MT29828,MONMOUTH,MIDDLETOWN TWP,07/04/2020,SA,2244,01,MIDDLETOWN PD,,0,1,0,0,I,B,N,N,11,1,KINGS HIGHWAY E / KINGS HWY / MONMOUTH AVE,E,,,13312097__,3.30,07,,03,05,02,01,05,01,05,01,100,FE,S,VALLEY ST,,,,35,25,46,,,N,MINOR DAMAGE TO GUARD RAIL ON MONMOUTH AVE,31379
2020133120MT29846,MONMOUTH,MIDDLETOWN TWP,07/04/2020,SA,2323,01,MIDDLETOWN PD,,0,0,0,0,P,B,Y,N,11,1,MONMOUTH COUNTY 12 A,E,12,A,13000012A_,4.35,05,,02,05,02,01,06,01,05,01,250,FE,W,CR 8 A / LOCUST POINT RD,,,,35,35,46,40.387100,74.018240,N,,31306
2020133120MT29896,MONMOUTH,MIDDLETOWN TWP,07/05/2020,SU,1217,01,MIDDLETOWN PD,,0,0,0,0,P,B,N,N,01,2,NJ 36,S,36,,00000036__,20.38,02,,01,04,02,01,01,01,01,01,200,FE,W,CR 7 / MAIN ST / PALMER AVE,,,,50,35,26,,,N,,31330
2020133120MT29969,MONMOUTH,MIDDLETOWN TWP,07/05/2020,SU,2128,01,MIDDLETOWN PD,,0,1,0,0,I,I,N,N,01,2,NJ 36,S,36,,00000036__,20.42,02,,01,04,02,01,07,01,01,01,,AT,,CR 7 / MAIN ST / PALMER AVE,,,,50,35,26,,,N,,31383
2020133120MT30027,MONMOUTH,MIDDLETOWN TWP,07/06/2020,MO,0836,01,MIDDLETOWN PD,,0,0,0,0,P,B,N,N,01,2,NJ 36,S,36,,00000036__,13.14,02,,01,04,02,01,01,01,05,01,,,,,F,CR 8B / NAVESINK AVE,SB,50,,26,,,N,,31341
2020133120MT30067,MONMOUTH,MIDDLETOWN TWP,07/06/2020,MO,1304,01,MIDDLETOWN PD,,0,0,0,0,P,B,N,N,01,2,NJ 36,S,36,,00000036__,16.59,02,,01,04,02,01,01,01,01,01,20,FE,N,APPLETON AVE,,,,50,25,26,,,N,,31341
2020133120MT30071,MONMOUTH,MIDDLETOWN TWP,07/06/2020,MO,1352,01,MIDDLETOWN PD,,0,0,0,0,P,B,N,N,01,2,SCHULTZ DR **,S,,,13312150__,.31,07,,01,04,02,01,01,01,05,01,100,FE,N,HALF MILE RD,,,,,40,26,,,N,,31311
2020133120MT30072,MONMOUTH,MIDDLETOWN TWP,07/06/2020,MO,1404,01,MIDDLETOWN PD,,0,0,0,0,P,B,N,N,01,3,MONMOUTH COUNTY 50,W,50,,13000050__,6.28,05,,01,05,02,01,01,01,05,01,75,FE,E,HOLLAND RD,,,,30,25,26,,,N,,
2020133120MT30137,MONMOUTH,MIDDLETOWN TWP,07/06/2020,MO,2003,01,MIDDLETOWN PD,,0,0,0,0,P,I,N,N,03,2,ROUTE 520,E,520,,00000520__,15.05,05,,01,04,02,01,03,01,05,01,,AT,,HALF MILE RUN,,,,40,35,26,,,N,,31293
2020133120MT30263,MONMOUTH,MIDDLETOWN TWP,07/07/2020,TU,1312,01,MIDDLETOWN PD,,0,0,0,0,P,B,N,N,01,3,MONMOUTH COUNTY 12 A,W,12,A,13000012A_,.64,05,,01,04,02,01,01,01,05,01,40,FE,E,CATHERINE AVE / CONOVER PL,,,,35,25,26,,,N,,31333
2020133120MT30377,MONMOUTH,MIDDLETOWN TWP,07/08/2020,WE,0804,01,MIDDLETOWN PD,,0,0,0,0,P,B,N,N,02,2,TINDALL RD,N,,,13312100__,.48,07,,01,04,02,01,01,01,05,01,0,FE,N,MELROSE TER / SWARTZEL DR,,,,40,35,26,40.402100,74.100100,N,,31323
2020133120MT30398,MONMOUTH,MIDDLETOWN TWP,07/08/2020,WE,0933,01,MIDDLETOWN PD,,0,0,0,0,P,B,N,N,01,2,MONMOUTH COUNTY 54,N,54,,13000054__,3.82,07,,01,04,02,01,01,01,05,01,10,FE,S,ROUTE 520 / NEWMAN SPRINGS RD,,,,35,40,26,,,N,,31331
2020133120MT30450,MONMOUTH,MIDDLETOWN TWP,07/08/2020,WE,1745,01,MIDDLETOWN PD,,0,0,0,0,P,I,N,N,02,2,NJ 36,S,36,,00000036__,20.36,02,,01,04,02,02,01,02,01,01,,AT,,EUCLID AVE,,,,50,25,26,,,N,,31362
2020133120MT30603,MONMOUTH,MIDDLETOWN TWP,07/09/2020,TH,1337,01,MIDDLETOWN PD,,0,1,0,0,I,B,N,N,11,1,W FRONT ST,W,,,13312109__,2.32,07,,01,04,02,01,01,01,05,01,150,FE,W,STERLING CT,,,,40,25,69,40.343310,74.103930,N,TREE AND LANDSCAPING AT THE GROVER HOUSE MIDDLETOWN TWP PARKS PROPERTY,31323
2020133120MT30649,MONMOUTH,MIDDLETOWN TWP,07/09/2020,TH,2003,01,MIDDLETOWN PD,,0,2,0,0,I,I,N,N,03,3,ROUTE 520,E,520,,00000520__,14.85,05,,01,04,02,01,01,01,05,01,,AT,,GARDEN STATE PARKWAY,,,,40,65,26,,,N,,
2020133120MT30718,MONMOUTH,MIDDLETOWN TWP,07/10/2020,FR,0355,01,MIDDLETOWN PD,,0,0,0,0,P,B,N,N,12,1,KINGS HIGHWAY E / KINGS HWY / MONMOUTH AVE,W,,,13312097__,1.13,07,,01,05,02,01,07,01,05,01,100,FE,W,WOODGATE RD,,,,35,25,24,,,N,,31351
2020133120MT30772,MONMOUTH,MIDDLETOWN TWP,07/10/2020,FR,1259,01,MIDDLETOWN PD,,0,0,0,0,P,B,N,N,02,2,NJ 35,S,35,,00000035__,36.40,02,,01,05,02,02,01,02,01,01,500,FE,N,APPLE FARM RD,,,,50,35,26,,,N,,31314
2020133120MT30790,MONMOUTH,MIDDLETOWN TWP,07/10/2020,FR,1355,01,MIDDLETOWN PD,,0,0,0,0,P,B,N,N,01,3,ROUTE 516,N,516,,00000516__,15.88,05,,01,04,02,02,01,02,05,01,100,FE,N,CHALDWICH CT,,,,35,25,26,,,N,,
2020133120MT30825,MONMOUTH,MIDDLETOWN TWP,07/10/2020,FR,1819,01,MIDDLETOWN PD,,0,0,0,0,P,B,N,N,11,1,MONMOUTH COUNTY 12 A,S,12,A,13000012A_,3.45,05,,02,05,02,02,01,02,05,01,300,FE,N,BROWNS DOCK RD,,,,35,25,46,40.378680,74.038090,N,GUARD RAIL,31374
2020133120MT30836,MONMOUTH,MIDDLETOWN TWP,07/10/2020,FR,2022,01,MIDDLETOWN PD,,0,0,0,0,P,B,N,N,11,1,ROUTE 520,W,520,,00000520__,15.55,05,,01,05,01,02,05,02,01,01,200,FE,W,MUNSON PLACE,,,,45,25,45,40.336770,74.097830,N,GUIDE RAIL ON BRIDGE MONMOUTH CO.,31368
2020133120MT30883,MONMOUTH,MIDDLETOWN TWP,07/11/2020,SA,0405,01,MIDDLETOWN PD,,0,0,0,0,P,B,N,N,06,4,ROUTE 516,E,516,,00000516__,16.48,05,,01,04,02,02,07,05,05,01,10,FE,E,DRIFT RD,,,,35,25,28,,,N,GUARD RAIL OF 91 LEONARDVILLE RD.,31378
2020133120MT30943,MONMOUTH,MIDDLETOWN TWP,07/11/2020,SA,1704,01,MIDDLETOWN PD,,0,1,0,0,I,B,Y,N,11,1,MONMOUTH COUNTY 12 A,W,12,A,13000012A_,2.72,05,,01,05,02,01,01,01,05,01,200,FE,W,MCCLEES RD,,,,35,35,69,,,N,STONE COLUMN OF 700 NAVESINK RIVER ROAD WAS SMASHED IN HALF,31325
2020133120MT30961,MONMOUTH,MIDDLETOWN TWP,07/11/2020,SA,2047,01,MIDDLETOWN PD,,0,1,0,0,I,B,N,N,11,1,GRAND TOUR / HARTSHORNE RD **,W,,,13311483__,.08,07,,01,04,02,02,05,02,05,01,400,FE,E,CR 8B / NAVESINK AVE,,,,35,40,60,,,N,POLE #JC3372MDT  TREE ON PROPERTY,31361
2020133120MT31024,MONMOUTH,MIDDLETOWN TWP,07/12/2020,SU,0748,01,MIDDLETOWN PD,,0,0,0,0,P,I,N,N,11,1,COMMONWEALTH AVE **,E,,,13311806__,.32,07,,03,06,02,01,01,01,05,01,,AT,,OAK HILL RD,,,,35,25,56,,,N,,31321
2020133120MT31078,MONMOUTH,MIDDLETOWN TWP,07/12/2020,SU,1906,01,MIDDLETOWN PD,,0,0,0,0,P,B,N,N,08,2,BAYSHORE WATERFRONT PK,,,,,,06,,01,04,03,01,01,01,05,01,,,,PARKING LOT / LOWER MAIN ST.,,,,,,28,,,N,,31348
2020133120MT31140,MONMOUTH,MIDDLETOWN TWP,07/13/2020,MO,0510,01,MIDDLETOWN PD,,0,1,0,0,I,I,N,N,11,3,CHURCH ST **,S,,,13311150__,.33,07,,01,04,02,01,06,01,05,01,,AT,,LENISON AVE,,,,35,25,56,40.417250,74.096900,N,,31258
2020133120MT31188,MONMOUTH,MIDDLETOWN TWP,07/13/2020,MO,1335,01,MIDDLETOWN PD,,0,0,0,0,P,I,N,N,01,2,ROUTE 516,E,516,,00000516__,15.68,05,,01,04,02,01,01,01,05,01,,AT,,WILSON AVE,,,,40,35,26,,,N,,31240
2020133120MT31216,MONMOUTH,MIDDLETOWN TWP,07/13/2020,MO,1606,01,MIDDLETOWN PD,,0,0,0,0,P,B,Y,N,11,1,MONMOUTH COUNTY 50,N,50,,13000050__,3.56,05,,03,05,02,01,01,01,05,01,40,FE,N,SUNNYSIDE RD,,,,40,35,46,,,N,,31278
2020133120MT31227,MONMOUTH,MIDDLETOWN TWP,07/13/2020,MO,1806,01,MIDDLETOWN PD,,0,0,0,0,P,B,Y,N,08,2,155 HUBBARD AVE,N,,,,,08,,01,04,02,01,01,01,05,01,,,E,RIVER PLAZA ELEM SCHOOL PARK LOT,,,,,,28,,,N,,31257
2020133120MT31233,MONMOUTH,MIDDLETOWN TWP,07/13/2020,MO,1947,01,MIDDLETOWN PD,,0,0,0,0,P,B,N,N,12,1,MONMOUTH COUNTY 12,W,12,,13000012__,2.46,05,,01,04,02,01,01,01,05,01,100,FE,E,CR 50 / MIDDLETOWN-LINCROFT RD,,,,35,40,24,,,N,,31357
2020133120MT31366,MONMOUTH,MIDDLETOWN TWP,07/14/2020,TU,1715,01,MIDDLETOWN PD,,0,0,0,0,P,B,N,N,02,2,NJ 35,N,35,,00000035__,34.68,02,,01,04,02,01,01,01,01,01,100,FE,S,CR 12 A / NAVISINK RIVER RD,,,,50,35,26,,,N,,31362
2020133120MT31630,MONMOUTH,MIDDLETOWN TWP,07/16/2020,TH,0855,01,MIDDLETOWN PD,,0,0,0,0,P,B,N,N,12,1,W FRONT ST,W,,,13312109__,2.79,07,,01,05,02,01,01,01,05,01,250,FE,E,HALF MILE RD,,,,35,40,24,,,N,,31321
2020133120MT31775,MONMOUTH,MIDDLETOWN TWP,07/17/2020,FR,0810,01,MIDDLETOWN PD,,0,1,0,0,I,I,N,N,03,2,MONMOUTH COUNTY 50,N,50,,13000050__,2.12,05,,01,04,02,02,01,02,05,01,,AT,,BRYNA DR,,,,40,25,26,40.333860,74.124470,N,,31323
2020133120MT31859,MONMOUTH,MIDDLETOWN TWP,07/17/2020,FR,2031,01,MIDDLETOWN PD,,0,0,0,0,P,B,N,N,01,2,EAST RD / SLEEPY HOLLOW RD,S,,,13312096__,.54,07,,01,04,02,01,06,01,05,01,100,FE,S,STAVOLA RD,,,,40,25,26,,,N,,31372
2020133120MT31866,MONMOUTH,MIDDLETOWN TWP,07/17/2020,FR,2118,01,MIDDLETOWN PD,,0,0,0,0,P,B,N,N,06,3,STEPHANIE RD **,N,,,13311005__,.04,07,,01,04,02,01,06,01,05,01,50,FE,W,BARBARA TER,,,,25,25,28,,,N,,
2020133120MT32052,MONMOUTH,MIDDLETOWN TWP,07/18/2020,SA,2323,01,MIDDLETOWN PD,,0,0,0,0,P,B,N,N,06,2,BROADWAY / CENTER AVE,E,,,13311838__,.41,07,,01,04,02,01,06,01,05,01,5,FE,E,CEDAR AVE,,,,35,25,28,,,N,,31377
2020133120MT32059,MONMOUTH,MIDDLETOWN TWP,07/19/2020,SU,0102,01,MIDDLETOWN PD,,0,1,0,0,I,I,Y,N,11,5,ROUTE 516,S,516,,00000516__,15.68,05,,01,04,02,01,06,01,05,01,,AT,,WILSON AVE,,,,40,35,54,,,N,WOODEN POST  FENCE  WOODEN LIGHTHOUSE  STONE RETAINING WALL,31377
2020133120MT32306,MONMOUTH,MIDDLETOWN TWP,07/20/2020,MO,1313,01,MIDDLETOWN PD,,0,0,0,0,P,B,N,N,08,2,LAWLEY DRIVE,,,,,,07,,01,04,02,01,01,01,05,01,50,FE,N,MALCOLM WAY,,,,15,15,28,,,N,,31321
2020133120MT32345,MONMOUTH,MIDDLETOWN TWP,07/20/2020,MO,1823,01,MIDDLETOWN PD,,0,0,0,0,P,B,N,N,01,2,MONMOUTH COUNTY 50,N,50,,13000050__,1.85,05,,01,04,02,01,01,01,05,01,10,FE,S,ROUTE 520 / NEWMAN SPRINGS RD,,,,35,35,26,40.331240,74.121400,N,,31374
2020133120MT32484,MONMOUTH,MIDDLETOWN TWP,07/21/2020,TU,1202,01,MIDDLETOWN PD,,0,2,0,0,I,I,N,N,03,2,NJ 36,S,36,,00000036__,12.88,02,,03,05,02,01,01,01,05,01,,AT,,CR 8 / LINDEN AVE,,,,45,25,26,,,N,,31278
2020133120MT32495,MONMOUTH,MIDDLETOWN TWP,07/21/2020,TU,1408,01,MIDDLETOWN PD,,0,0,0,0,P,B,N,N,06,2,OSBOURNE AVE **,E,,,13311342__,.15,07,,01,04,02,01,01,01,05,01,100,FE,W,CR 8A / LOCUST AVE,,,,25,35,28,,,N,FENCE WITH LIGHT POST BELONGING TO RESIDENT OF 264 LOCUST AVE.,31311
2020133120MT32499,MONMOUTH,MIDDLETOWN TWP,07/21/2020,TU,1435,01,MIDDLETOWN PD,,0,2,0,0,I,I,N,N,03,2,MONMOUTH COUNTY 50,N,50,,13000050__,2.97,05,,01,04,02,01,01,01,05,01,,AT,,W FRONT ST,,,,40,40,26,,,N,,31321
2020133120MT32504,MONMOUTH,MIDDLETOWN TWP,07/21/2020,TU,1551,01,MIDDLETOWN PD,,0,0,0,0,P,B,N,N,02,2,ROUTE 520,W,520,,00000520__,13.74,05,,01,04,02,01,01,01,05,01,200,FE,E,CR 50 / MIDDLETOWN-LINCROFT RD / SW,,,,35,40,26,40.330850,74.121670,N,,31368
2020133120MT32513,MONMOUTH,MIDDLETOWN TWP,07/21/2020,TU,1701,01,MIDDLETOWN PD,,0,1,0,0,I,I,N,N,01,2,NJ 36,S,36,,00000036__,18.01,02,,03,04,02,01,01,01,05,01,,AT,,,F,MAIN STREET,EB,50,,26,,,N,,31361
2020133120MT32653,MONMOUTH,MIDDLETOWN TWP,07/22/2020,WE,1238,01,MIDDLETOWN PD,,0,0,0,0,P,B,N,N,05,2,KNOLLWOOD DR,,,,,,07,,01,04,02,01,01,01,05,01,425,FE,,KINGS HWY E,,,,15,35,26,,,N,,31385
2020133120MT32664,MONMOUTH,MIDDLETOWN TWP,07/22/2020,WE,1444,01,MIDDLETOWN PD,,0,0,0,0,P,B,N,N,03,2,NJ 35,N,35,,00000035__,39.45,02,,01,04,02,01,01,01,01,01,100,FE,N,ROUTE 516 / CHERRY TREE FARM RD,,,,50,40,26,,,N,,31332
2020133120MT32719,MONMOUTH,MIDDLETOWN TWP,07/22/2020,WE,2226,01,MIDDLETOWN PD,,0,0,0,0,P,B,N,N,11,1,MONMOUTH COUNTY 12 A,N,12,A,13000012A_,4.31,05,,02,05,02,02,06,01,05,01,500,FE,N,CR 8 A / LOCUST POINT RD,,,,35,35,46,,,N,COUNTY GUARD RAIL STRUCK  SUSTAINED MINOR SCRATCHES,31364
2020133120MT32722,MONMOUTH,MIDDLETOWN TWP,07/22/2020,WE,2301,01,MIDDLETOWN PD,,0,0,0,0,P,B,N,N,11,1,MONMOUTH COUNTY 8 A,W,8,A,13000008A_,2.18,05,,02,04,02,02,06,05,05,01,2100,FE,W,LOCUST PT RD,,,,30,25,56,,,N,HOLLY TREE/ BUSH AND LAWN,31303
2020133120MT32817,MONMOUTH,MIDDLETOWN TWP,07/23/2020,TH,1029,01,MIDDLETOWN PD,,0,1,0,0,I,B,Y,N,06,2,STATESIR PL / VICTORIA PL **,S,,,13311293__,.49,07,,01,04,02,02,01,02,05,01,200,FE,N,FROST AVE,,,,25,25,28,,,N,FRONT LAWN OF 108 STATESIR PL,31278
2020133120MT32999,MONMOUTH,MIDDLETOWN TWP,07/24/2020,FR,1136,01,MIDDLETOWN PD,,0,0,0,0,P,B,N,N,11,1,HARMONY RD / THOMSPON RD,E,,,13311836__,.02,07,,02,04,02,02,01,02,05,01,100,FE,W,MURPHY RD,,,,35,35,52,,,N,VERIZON POLE #BT 40267  J.C.P. & L.  SABRINA LIEBERT 270 HARMONY RD,31240
2020133120MT33005,MONMOUTH,MIDDLETOWN TWP,07/24/2020,FR,1221,01,MIDDLETOWN PD,,0,0,0,0,P,B,N,N,01,2,ROUTE 516,S,516,,00000516__,14.32,05,,01,04,02,02,01,02,05,02,25,FE,N,NJ 35,,,,40,50,26,40.412010,74.134940,N,,31323
2020133120MT33041,MONMOUTH,MIDDLETOWN TWP,07/24/2020,FR,1555,01,MIDDLETOWN PD,,0,0,0,0,P,B,N,N,11,1,CHERRY TREE LN **,,,,13311616__,1.06,07,,03,04,02,01,01,01,05,01,420,FE,W,NJ 35,,,,25,50,69,,,N,UTILITY POLE # BT6937MDT - VERIZON NOTIFIED,31360
2020133120MT33044,MONMOUTH,MIDDLETOWN TWP,07/24/2020,FR,1606,01,MIDDLETOWN PD,,0,0,0,0,P,B,N,N,01,2,NJ 35,S,35,,00000035__,37.12,02,,01,04,02,01,01,01,02,01,100,FE,N,TWIN BROOKS RD,,,,50,25,26,,,N,,31360
2020133120MT33149,MONMOUTH,MIDDLETOWN TWP,07/25/2020,SA,0708,01,MIDDLETOWN PD,,0,0,0,0,P,B,N,N,11,1,BAMM HOLLOW RD / CHAPEL HILL RD / OAK HILL RD,S,,,13312095__,4.27,07,,01,05,02,01,01,01,05,01,200,FE,N,MOHICAN DR,,,,35,25,60,,,N,,31281
2020133120MT33150,MONMOUTH,MIDDLETOWN TWP,07/25/2020,SA,0720,01,MIDDLETOWN PD,,0,0,0,0,P,B,N,N,11,1,NJ 35,N,35,,00000035__,35.71,02,,02,04,02,01,00,01,05,01,20,FE,E,,T,CHAPEL HILL ROAD,WB,50,,56,40.374090,74.087790,N,DAMAGE TO PROPERTY 431 HWY 35 WAS TO BUSH  LANDSCAPE  LIGHT POLE  AND CURB.,31346
2020133120MT33175,MONMOUTH,MIDDLETOWN TWP,07/25/2020,SA,1031,01,MIDDLETOWN PD,,0,0,0,0,P,B,N,N,06,2,889 SR 35 N,,,,,,09,,01,04,02,01,01,01,05,01,,,N,7-11 / AAA PARKING LOT,,,,,,28,,,N,,31281
2020133120MT33210,MONMOUTH,MIDDLETOWN TWP,07/25/2020,SA,1558,01,MIDDLETOWN PD,,0,0,0,0,P,B,N,N,08,2,W FRONT ST,,,,13312109__,3.10,07,,01,04,02,01,01,01,05,01,100,FE,E,DAVIS LN,,,,35,25,26,,,N,,31360
2020133120MT33211,MONMOUTH,MIDDLETOWN TWP,07/25/2020,SA,1621,01,MIDDLETOWN PD,,0,0,0,0,P,B,N,N,01,2,MAIN ST **,S,,,13311839__,.42,07,,03,04,02,01,01,01,05,01,,,,,T,ROUTE 516,WB,35,,26,,,N,,31369
2020133120MT33227,MONMOUTH,MIDDLETOWN TWP,07/25/2020,SA,1944,01,MIDDLETOWN PD,,0,0,0,0,P,I,N,N,03,2,MONMOUTH COUNTY 8 B,N,8,B,13000008B_,.00,05,,01,06,02,01,01,01,05,01,,AT,,CR 8A / LOCUST AVE / OAKDALE RUN /,,,,35,40,26,40.398140,74.021620,N,,31368
2020133120MT33463,MONMOUTH,MIDDLETOWN TWP,07/27/2020,MO,0841,01,MIDDLETOWN PD,,0,0,0,0,P,B,N,N,02,2,NJ 35,S,35,,00000035__,34.73,02,,01,04,02,01,01,01,01,01,150,FE,N,CR 12 A / NAVISINK RIVER RD,,,,50,35,26,,,N,,31339
2020133120MT33489,MONMOUTH,MIDDLETOWN TWP,07/27/2020,MO,1035,01,MIDDLETOWN PD,,0,0,0,0,P,B,N,N,02,2,ROUTE 520,E,520,,00000520__,13.56,05,,01,04,02,01,01,01,05,01,50,FE,W,NJ 54 / PHALANX RD,,,,40,35,26,,,N,,31331
2020133120MT33518,MONMOUTH,MIDDLETOWN TWP,07/27/2020,MO,1410,01,MIDDLETOWN PD,,0,1,0,0,I,B,N,N,01,2,HARMONY RD / KINGS HWY / MURPHY RD,,,,13312101__,2.31,07,,01,04,02,01,01,01,05,01,100,FE,S,ACKER DR,,,,35,25,26,,,N,,31332
2020133120MT33922,MONMOUTH,MIDDLETOWN TWP,07/29/2020,WE,2220,01,MIDDLETOWN PD,,0,0,0,0,P,I,N,N,01,2,NJ 36,S,36,,00000036__,19.72,02,,01,04,02,01,06,01,01,01,,AT,,CR 36 / THOMPSON AVE,,,,50,40,26,,,N,,31361
2020133120MT33989,MONMOUTH,MIDDLETOWN TWP,07/30/2020,TH,0937,01,MIDDLETOWN PD,,0,0,0,0,P,B,N,N,12,1,ROUTE 520,W,520,,00000520__,13.25,05,,01,04,02,01,01,01,05,01,100,FE,W,STAG PL,,,,35,25,24,,,N,,31321
2020133120MT34025,MONMOUTH,MIDDLETOWN TWP,07/30/2020,TH,1327,01,MIDDLETOWN PD,,0,0,0,0,P,B,N,N,01,2,ROUTE 516,E,516,,00000516__,14.94,05,,01,04,02,01,01,01,05,01,25,FE,W,HARMONY RD,,,,40,35,26,,,N,,31309
2020133120MT34056,MONMOUTH,MIDDLETOWN TWP,07/30/2020,TH,1751,01,MIDDLETOWN PD,,0,0,0,0,P,B,N,N,01,2,ROUTE 520,W,520,,00000520__,15.27,05,,01,04,02,01,01,01,01,01,30,FE,E,SCHULZ DR,,,,35,25,26,,,N,,31325
2020133120MT34059,MONMOUTH,MIDDLETOWN TWP,07/30/2020,TH,1827,01,MIDDLETOWN PD,,0,0,0,0,P,I,N,N,01,2,W FRONT ST,E,,,13312109__,3.21,07,,01,04,02,01,01,01,05,01,,AT,,WHITMAN DR,,,,35,25,26,40.347320,74.087580,N,,31368
2020133120MT34387,MONMOUTH,MIDDLETOWN TWP,08/01/2020,SA,1446,01,MIDDLETOWN PD,,0,0,0,0,P,B,N,N,06,2,WILSON AVE,,,,13312105__,.57,07,,01,04,02,01,01,01,05,01,15,FE,S,ROBERTS LN,,,,35,25,28,,,N,,31385