Year(4)-CountyCode(2)-MunicipalityCode(2)-CaseNumber(9),County Name,Municipality Name,Crash Date,Crash Day of Week,Crash Time,Police Department Code,Police Department,Police Station,Total Killed,Total Injured,Pedestrians Killed,Pedestrians Injured,Severity,Intersection,Alcohol Involved,Hazmat Involved,Crash Type,Total Vehicles,Location,Location Direction,Route,Route Suffix,Std Rte Identifier,MilePost,Road System,Road Character,Road Horizontal Alignment,Road Grade,Road Surface Type,Surface Condition,Light Condition,Environmental Condition,Road Divided By,Temporary Traffic Control Zone,Distance To Cross Street,Unit Of Measurement,Direction From Cross Street,Cross Street Name,Is Ramp,Ramp To/From Route Name,Ramp To/From Route Direction,Posted Speed,Posted Speed Cross Street,First Harmful Event,Latitude,Longitude,Cell Phone In Use Flag,Other Property Damage,Reporting Badge No.
2020133120MT43060,MONMOUTH,MIDDLETOWN TWP,09/23/2020,WE,1951,01,MIDDLETOWN PD,,0,0,0,0,P,B,N,N,11,1,MONMOUTH COUNTY 7 I,S,7,1,130000071_,.59,05,,01,04,02,01,06,01,05,01,5,FE,N,MAHORAS AVE,,,,40,25,52,,,N,UTILITY POLE LOCATED AT #2 MAHORAS AVE (NO POLE NUMBER),31369
2020133120MT43108,MONMOUTH,MIDDLETOWN TWP,09/24/2020,TH,0341,01,MIDDLETOWN PD,,0,0,0,0,P,B,N,N,12,1,NJ 35,S,35,,00000035__,38.67,02,,01,05,02,01,06,01,02,01,100,FE,S,HARMONY RD / KINGS HWY,,,,50,35,24,,,N,,31281
2020133120MT43311,MONMOUTH,MIDDLETOWN TWP,09/25/2020,FR,1504,01,MIDDLETOWN PD,,0,1,0,0,I,B,N,N,01,3,ROUTE 516,S,516,,00000516__,16.15,05,,01,04,02,01,01,01,05,00,5,FE,W,CHURCH ST,,,,35,35,26,,,N,,
2020133120MT43353,MONMOUTH,MIDDLETOWN TWP,09/25/2020,FR,1619,01,MIDDLETOWN PD,,0,0,0,0,P,B,N,N,01,2,NJ 35,S,35,,00000035__,35.71,02,,01,04,02,01,01,01,01,01,20,FE,N,CHAPEL HILL RD / OAK HILL RD,,,,50,35,26,,,N,,31373
2020133120MT43565,MONMOUTH,MIDDLETOWN TWP,09/26/2020,SA,1928,01,MIDDLETOWN PD,,0,0,0,0,P,B,N,N,06,2,PARK AVE **,E,,,13311119__,.46,07,,01,04,02,01,06,01,05,01,75,FE,S,GREENE AVE,,,,30,25,28,,,N,,31366
2020133120MT43675,MONMOUTH,MIDDLETOWN TWP,09/27/2020,SU,1333,01,MIDDLETOWN PD,,0,0,0,0,P,I,N,N,03,2,MONMOUTH COUNTY 12,S,12,,13000012__,.09,05,,01,04,02,01,01,01,05,01,,AT,,FOSTER ST,,,,30,25,26,,,N,,31331
2020133120MT43684,MONMOUTH,MIDDLETOWN TWP,09/28/2020,MO,1306,01,MIDDLETOWN PD,,0,1,0,0,I,B,N,N,11,1,MONMOUTH COUNTY 12 A,E,12,A,13000012A_,4.38,05,,02,05,02,01,01,01,05,01,100,FE,S,CR 8 A / LOCUST POINT RD,,,,35,35,56,,,N,,31332
2020133120MT43709,MONMOUTH,MIDDLETOWN TWP,09/27/2020,SU,1822,01,MIDDLETOWN PD,,0,0,0,0,P,I,N,N,08,2,LOVE JOY AVE **,N,,,13311414__,.05,07,,01,04,02,01,01,01,05,01,,AT,,DAKOTA AVE,,,,25,25,28,,,N,,31364
2020133120MT43807,MONMOUTH,MIDDLETOWN TWP,09/28/2020,MO,1143,01,MIDDLETOWN PD,,0,0,0,0,P,I,N,N,11,1,ALBERTA AVE **,,,,13311399__,.07,07,,01,04,02,01,01,01,05,01,,AT,,SUNSET PL,,,,25,25,26,,,N,UTILITY POLE JC811MDT,31269
2020133120MT43859,MONMOUTH,MIDDLETOWN TWP,09/28/2020,MO,1603,01,MIDDLETOWN PD,,0,0,0,0,P,B,N,N,08,2,669 STATE ROUTE 36,W,,,,,10,,01,04,02,01,01,01,05,01,,,,BELFORD POST OFFICE PARKING LOT,,,,,,26,,,N,,31354
2020133120MT43993,MONMOUTH,MIDDLETOWN TWP,09/29/2020,TU,1455,01,MIDDLETOWN PD,,0,1,0,0,I,B,N,N,06,2,SHADOW LAKE DR **,W,,,13311759__,.10,07,,01,06,02,01,01,01,05,01,100,FE,E,CR 12 / HUBBARD DR,,,,25,35,28,,,N,,31321
2020133120MT43998,MONMOUTH,MIDDLETOWN TWP,09/29/2020,TU,1556,01,MIDDLETOWN PD,,0,0,0,0,P,I,N,N,01,2,ROUTE 516,W,516,,00000516__,16.52,05,,01,04,02,01,01,01,05,01,,AT,,,F,MAIN STREET,SB,35,,26,,,N,,31354
2020133120MT44013,MONMOUTH,MIDDLETOWN TWP,09/29/2020,TU,1830,01,MIDDLETOWN PD,,0,0,0,0,P,B,N,N,12,1,NJ 35,N,35,,00000035__,39.15,02,,01,04,02,02,03,02,01,01,50,FE,S,CHERRY TREE LN / OLD COUNTRY RD,,,,50,25,24,40.407970,74.130490,N,,31368
2020133120MT44016,MONMOUTH,MIDDLETOWN TWP,09/29/2020,TU,1859,01,MIDDLETOWN PD,,0,0,0,0,P,I,N,N,01,2,APPLETON AVE,S,,,,,07,,01,06,02,02,06,02,05,01,,AT,N,ROUTE 516,,,,25,40,26,40.414120,74.066160,N,,31374
2020133120MT44085,MONMOUTH,MIDDLETOWN TWP,09/30/2020,WE,0558,01,MIDDLETOWN PD,,0,0,0,0,P,I,N,N,11,1,MONMOUTH COUNTY 12,E,12,,13000012__,4.19,05,,01,04,02,02,06,02,05,01,,AT,,CR 52 / RED HILL RD / VAN SCHOICK R,,,,35,35,52,40.365930,74.119810,N,UTILITY POLE 1414542,31306
2020133120MT44105,MONMOUTH,MIDDLETOWN TWP,09/30/2020,WE,0858,01,MIDDLETOWN PD,,0,0,0,0,P,B,N,N,02,2,EAST RD / SLEEPY HOLLOW RD,N,,,13312096__,1.26,07,,01,04,02,01,01,01,05,01,10,FE,E,KINGS HWY E,,,,35,40,26,,,N,,31339
2020133120MT44165,MONMOUTH,MIDDLETOWN TWP,09/30/2020,WE,1407,01,MIDDLETOWN PD,,0,0,0,0,P,B,N,N,08,2,WINDERMERE RD **,S,,,13311498__,.49,07,,01,04,02,01,01,01,05,01,75,FE,S,STRATHMORE RD,,,,25,25,28,,,N,,31331
2020133120MT44167,MONMOUTH,MIDDLETOWN TWP,09/30/2020,WE,1415,01,MIDDLETOWN PD,,0,0,0,0,P,B,N,N,01,2,NJ 35,N,35,,00000035__,37.98,02,,01,04,02,01,01,01,01,01,30,FE,N,,F,CR 50 / NEW MONMOUTH ROAD,NB,50,,26,,,N,,31341
2020133120MT44189,MONMOUTH,MIDDLETOWN TWP,09/30/2020,WE,1757,01,MIDDLETOWN PD,,0,0,0,0,P,B,N,N,01,2,NJ 35,N,35,,00000035__,37.33,02,,01,04,02,01,01,01,03,01,25,FE,S,KINGS HWY WEST / TINDALL RD,,,,45,35,26,,,N,,31366
2020133120MT44325,MONMOUTH,MIDDLETOWN TWP,10/01/2020,TH,1210,01,MIDDLETOWN PD,,0,0,0,0,P,I,N,N,03,2,HARMONY RD / KINGS HWY / MURPHY RD,N,,,13312101__,3.24,07,,01,04,02,01,01,01,05,01,,AT,,MAIN ST,,,,35,35,26,,,N,,31330
2020133120MT44463,MONMOUTH,MIDDLETOWN TWP,10/02/2020,FR,0933,01,MIDDLETOWN PD,,0,0,0,0,P,B,N,N,02,2,NJ 35,N,35,,00000035__,37.42,02,,01,06,02,01,01,01,02,01,500,FE,E,KINGS HWY WEST / TINDALL RD,,,,50,40,26,,,N,,31314
2020133120MT44476,MONMOUTH,MIDDLETOWN TWP,10/02/2020,FR,1323,01,MIDDLETOWN PD,,0,0,0,0,P,B,N,N,06,2,BAYVIEW AVE / OAKLAND AVE **,S,,,13311167__,.15,07,,01,04,02,01,01,01,05,01,30,FE,N,OCAENVIEW AVE,,,,25,25,28,,,N,,31309
2020133120MT44489,MONMOUTH,MIDDLETOWN TWP,10/02/2020,FR,1542,01,MIDDLETOWN PD,,0,0,0,0,P,I,N,N,03,2,MONMOUTH COUNTY 50,N,50,,13000050__,1.85,05,,01,04,02,01,01,01,05,01,,AT,,ROUTE 520 / NEWMAN SPRINGS RD,,,,35,35,26,,,N,,31321
2020133120MT44514,MONMOUTH,MIDDLETOWN TWP,10/02/2020,FR,2128,01,MIDDLETOWN PD,,0,0,0,0,P,I,N,N,03,2,ROUTE 516,W,516,,00000516__,18.40,05,,01,04,02,01,05,01,05,01,,AT,,HOSFORD AVE,,,,35,25,26,40.414530,74.059300,N,,31369
2020133120MT44586,MONMOUTH,MIDDLETOWN TWP,10/03/2020,SA,1347,01,MIDDLETOWN PD,,0,0,0,0,P,B,N,N,01,2,SEABREEZE AVE / SHORE BLVD **,S,,,13211113__,.81,07,,01,04,02,01,01,01,01,01,25,FE,W,CR 36 / OCEAN AVE,,,,50,,26,,,N,,31340
2020133120MT44619,MONMOUTH,MIDDLETOWN TWP,10/03/2020,SA,1838,01,MIDDLETOWN PD,,0,1,0,0,I,B,Y,N,01,2,NJ 36,S,36,,00000036__,16.20,02,,01,04,02,01,03,01,01,01,150,FE,E,LEONARD AVE,,,,50,25,26,40.413960,74.056220,N,,31323
2020133120MT44623,MONMOUTH,MIDDLETOWN TWP,10/03/2020,SA,1914,01,MIDDLETOWN PD,,0,0,0,0,P,I,N,N,12,1,MONMOUTH COUNTY 12 A,E,12,A,13000012A_,.20,05,,01,06,02,01,06,01,05,01,,AT,,CHERRY ST / PORICY LN,,,,35,25,24,,,N,,31333
2020133120MT44694,MONMOUTH,MIDDLETOWN TWP,10/04/2020,SU,1221,01,MIDDLETOWN PD,,0,1,0,0,I,B,N,N,11,1,GRAND TOUR / HARTSHORNE RD **,E,,,13311483__,.22,07,,03,05,02,01,01,01,05,01,100,FE,E,WASHINGTON LN,,,,25,25,60,,,N,IMPACT MARKS ON TREES,31343
2020133120MT44727,MONMOUTH,MIDDLETOWN TWP,10/04/2020,SU,2142,01,MIDDLETOWN PD,,0,0,0,0,P,I,N,N,03,2,NJ 35,S,35,,00000035__,35.14,02,,01,04,02,01,06,01,01,01,,AT,,PINE ST,,,,50,,26,,,N,,31361
2020133120MT44815,MONMOUTH,MIDDLETOWN TWP,10/05/2020,MO,1207,01,MIDDLETOWN PD,,0,0,0,0,P,B,N,N,12,1,HARMONY AVE **,S,,,13311438__,.43,07,,01,04,02,01,01,01,05,01,400,FE,S,PHILLIPS MILLS DR,,,,35,25,25,,,N,DOG BELONGING TO CAROL ONIELL,31330
2020133120MT45015,MONMOUTH,MIDDLETOWN TWP,10/06/2020,TU,1107,01,MIDDLETOWN PD,,0,0,0,0,P,B,N,N,05,2,RED HILL RD,,,,13312106__,2.01,07,,01,04,02,01,01,01,05,01,50,FE,W,KINGS HWY,,,,35,35,26,,,N,,31339
2020133120MT45029,MONMOUTH,MIDDLETOWN TWP,10/06/2020,TU,1304,01,MIDDLETOWN PD,,0,0,0,0,P,B,N,N,02,2,NJ 35,S,35,,00000035__,38.63,02,,01,04,02,01,01,01,02,01,300,FE,S,HARMONY RD / KINGS HWY,,,,50,35,26,,,N,,31341
2020133120MT45043,MONMOUTH,MIDDLETOWN TWP,10/06/2020,TU,1601,01,MIDDLETOWN PD,,0,0,0,0,P,B,N,N,08,2,CARMELLO CT **,N,,,13312006__,.06,07,,01,04,02,01,01,01,05,01,300,FE,N,JOSEPH DR,,,,25,25,26,,,N,,31366
2020133120MT45074,MONMOUTH,MIDDLETOWN TWP,10/06/2020,TU,2033,01,MIDDLETOWN PD,,0,4,0,0,I,B,Y,N,01,2,NJ 35,S,35,,00000035__,36.79,02,,01,06,02,01,06,01,01,01,15,FE,N,WOODLAND DR,,,,50,25,26,,,N,,31373
2020133120MT45147,MONMOUTH,MIDDLETOWN TWP,10/07/2020,WE,0635,01,MIDDLETOWN PD,,0,0,0,0,P,B,N,N,12,1,MONMOUTH COUNTY 50,S,50,,13000050__,3.84,05,,01,04,02,01,02,01,05,01,150,FE,S,FOUR WINDS DR,,,,40,25,24,,,N,,31334
2020133120MT45182,MONMOUTH,MIDDLETOWN TWP,10/07/2020,WE,1006,01,MIDDLETOWN PD,,0,0,0,0,P,B,N,N,02,2,NJ 35,S,35,,00000035__,38.69,02,,01,04,02,01,01,01,01,01,10,FE,S,HARMONY RD / KINGS HWY,,,,50,35,26,,,N,,31343
2020133120MT45209,MONMOUTH,MIDDLETOWN TWP,10/07/2020,WE,1359,01,MIDDLETOWN PD,,0,0,0,0,P,I,N,N,03,2,SEARS AVE **,E,,,13311339__,.24,07,,01,06,02,01,01,01,05,01,,AT,,CR 8A / VALLEY DR,,,,35,25,26,,,N,,31383
2020133120MT45248,MONMOUTH,MIDDLETOWN TWP,10/07/2020,WE,1847,01,MIDDLETOWN PD,,0,1,0,0,I,B,N,N,01,3,HALF MILE RD,S,,,13312110__,.04,07,,01,04,02,01,03,01,05,01,200,FE,S,ROUTE 520 / NEWMAN SPRINGS RD,,,,30,40,26,,,N,,
2020133120MT45309,MONMOUTH,MIDDLETOWN TWP,10/08/2020,TH,0731,01,MIDDLETOWN PD,,0,0,0,0,P,B,N,N,11,1,TURNER RD **,W,,,13311145__,.16,07,,01,04,02,01,01,01,05,01,300,FE,W,FAIRFIELD AVE,,,,25,25,69,,,N,MAILBOX AND POST AT 586 TURNER DR,31378
2020133120MT45367,MONMOUTH,MIDDLETOWN TWP,10/08/2020,TH,1827,01,MIDDLETOWN PD,,0,0,0,0,P,B,N,N,12,1,MONMOUTH COUNTY 54,S,54,,13000054__,3.39,07,,01,04,02,01,01,01,05,01,50,FE,S,LAUREL AVE,,,,40,25,24,40.320050,74.128080,N,,31368
2020133120MT45372,MONMOUTH,MIDDLETOWN TWP,10/08/2020,TH,1847,01,MIDDLETOWN PD,,0,1,0,0,I,I,N,N,03,2,MONMOUTH COUNTY 10,W,10,,13000010__,.00,05,,01,04,02,01,06,01,05,01,,AT,,CR 12 / HUBBARD AVE,,,,35,35,26,40.349700,74.081520,N,,31368
2020133120MT45373,MONMOUTH,MIDDLETOWN TWP,10/08/2020,TH,1926,01,MIDDLETOWN PD,,0,0,0,0,P,I,N,N,07,2,ROUTE 516,E,516,,00000516__,16.04,05,,01,04,02,01,07,01,05,01,,AT,N,CR 50 / NEW MONMOUTH RD / TINDALL R,,,,35,35,26,40.411930,74.102870,N,,31369
2020133120MT45481,MONMOUTH,MIDDLETOWN TWP,10/09/2020,FR,1236,01,MIDDLETOWN PD,,0,1,0,0,I,B,N,N,01,2,W FRONT ST,E,,,13312109__,3.08,07,,01,04,02,01,01,01,05,01,50,FE,W,WHITE AVE,,,,40,25,26,,,N,,31341
2020133120MT45492,MONMOUTH,MIDDLETOWN TWP,10/09/2020,FR,1422,01,MIDDLETOWN PD,,0,1,0,0,I,I,N,N,01,2,NJ 35,S,35,,00000035__,39.43,02,,01,04,02,01,01,01,05,01,,AT,,,F,TAYLOR LN,EB,50,,26,,,N,,31364
2020133120MT45641,MONMOUTH,MIDDLETOWN TWP,10/10/2020,SA,1057,01,MIDDLETOWN PD,,0,0,0,0,P,I,N,N,02,2,MELROSE PL / MELROSE TER **,N,,,13311666__,.00,07,,01,04,02,01,01,01,01,01,,AT,,TINDALL RD,,,,35,35,26,40.400040,74.100620,N,,31306
2020133120MT45665,MONMOUTH,MIDDLETOWN TWP,10/10/2020,SA,1334,01,MIDDLETOWN PD,,0,2,0,0,I,B,N,N,03,2,NJ 36,W,36,,00000036__,18.75,02,,01,04,02,01,01,01,01,01,20,FE,S,WILSON AVE,,,,50,35,26,,,N,FENCE BLONING TO MINDING MIRACLES AND UTILITY POLES BT5027MDT AND JC15MDT,31330
2020133120MT45675,MONMOUTH,MIDDLETOWN TWP,10/10/2020,SA,1537,01,MIDDLETOWN PD,,0,0,0,0,P,B,N,N,02,2,NJ 35,N,35,,00000035__,38.63,02,,01,04,02,01,01,01,01,01,300,FE,S,HARMONY RD / KINGS HWY,,,,50,40,26,,,N,,31372
2020133120MT45694,MONMOUTH,MIDDLETOWN TWP,10/10/2020,SA,1907,01,MIDDLETOWN PD,,0,0,0,0,P,B,N,N,08,2,75 LEONARDVILLE RD,,,,,,09,,01,04,02,01,06,01,05,01,,,,7-ELEVEN PARKING LOT,,,,,,28,,,N,,31362
2020133120MT45702,MONMOUTH,MIDDLETOWN TWP,10/10/2020,SA,1950,01,MIDDLETOWN PD,,0,0,0,0,P,B,N,N,12,1,NJ 35,N,35,,00000035__,37.08,02,,01,04,02,01,06,01,01,01,100,FE,S,TWIN BROOKS RD,,,,50,25,24,,,N,,31372
2020133120MT45785,MONMOUTH,MIDDLETOWN TWP,10/11/2020,SU,1053,01,MIDDLETOWN PD,,0,0,0,0,P,B,N,N,06,2,VOLT PL **,S,,,13311718__,.00,07,,01,04,02,01,01,01,05,01,20,FE,E,LIND DR,,,,25,25,28,,,N,,31357
2020133120MT45827,MONMOUTH,MIDDLETOWN TWP,10/11/2020,SU,1900,01,MIDDLETOWN PD,,0,0,0,0,P,I,N,N,03,2,ROUTE 520,E,520,,00000520__,14.61,05,,01,04,02,01,07,01,04,01,,AT,,HARVEY AVE,,,,45,25,26,,,N,,31332
2020133120MT45917,MONMOUTH,MIDDLETOWN TWP,10/12/2020,MO,1130,01,MIDDLETOWN PD,,0,0,0,0,P,B,N,N,01,3,NJ 35,S,35,,00000035__,39.57,02,,01,04,02,02,01,02,01,02,50,FE,S,CR 7 / PALMER AVE,,,,50,40,26,,,N,,31383
2020133120MT45957,MONMOUTH,MIDDLETOWN TWP,10/12/2020,MO,1737,01,MIDDLETOWN PD,,0,0,0,0,P,B,N,N,01,3,W FRONT ST,E,,,13312109__,3.33,07,,03,04,02,02,03,02,05,01,20,FE,W,MANNING ST,,,,40,25,26,,,N,,31293
2020133120MT45960,MONMOUTH,MIDDLETOWN TWP,10/12/2020,MO,1813,01,MIDDLETOWN PD,,0,0,0,0,P,B,N,N,11,1,BAMM HOLLOW RD / CHAPEL HILL RD / OAK HILL RD,N,,,13312095__,4.47,07,,01,06,02,02,01,02,05,01,150,FE,N,HAYES CT,,,,35,25,47,,,N,GUARD RAIL,31325
2020133120MT45961,MONMOUTH,MIDDLETOWN TWP,10/12/2020,MO,1834,01,MIDDLETOWN PD,,0,0,0,0,P,I,N,N,01,2,MONMOUTH COUNTY 8 A,W,8,A,13000008A_,2.58,05,,03,04,02,02,06,02,05,01,,AT,,,T,LOCUST POINT RD,NB,25,,26,,,N,,31361
2020133120MT46044,MONMOUTH,MIDDLETOWN TWP,10/13/2020,TU,0907,01,MIDDLETOWN PD,,0,0,0,0,P,B,N,N,01,2,ROUTE 516,N,516,,00000516__,16.04,05,,01,04,02,02,01,02,04,01,10,FE,S,CR 50 / NEW MONMOUTH RD / TINDALL R,,,,35,40,26,,,N,,31383
2020133120MT46049,MONMOUTH,MIDDLETOWN TWP,10/13/2020,TU,0834,01,MIDDLETOWN PD,,0,2,0,0,I,B,N,N,04,2,KINGS HIGHWAY E / KINGS HWY / MONMOUTH AVE,E,,,13312097__,2.07,07,,01,04,02,02,01,02,05,01,25,FE,E,COLTON CT,,,,40,25,26,40.397860,74.062720,N,,31323
2020133120MT46116,MONMOUTH,MIDDLETOWN TWP,10/13/2020,TU,1251,01,MIDDLETOWN PD,,0,0,0,0,P,I,N,N,08,2,CHAMONE AVE **,S,,,13311236__,.01,07,,01,04,02,02,01,02,05,01,,AT,,MONMOUTH AVE,,,,25,25,28,40.418970,74.052670,N,,31258
2020133120MT46119,MONMOUTH,MIDDLETOWN TWP,10/13/2020,TU,1311,01,MIDDLETOWN PD,,0,0,0,0,P,B,N,N,11,1,MONMOUTH COUNTY 12,N,12,,13000012__,3.42,05,,02,06,02,02,01,05,05,01,1848,FE,S,LAIRD RD,,,,40,25,56,40.365930,74.119810,N,CURB ON DWIGHT ROAD JUST PASS LAIRD RD,31323
2020133120MT46121,MONMOUTH,MIDDLETOWN TWP,10/13/2020,TU,1316,01,MIDDLETOWN PD,,0,0,0,0,P,I,N,N,11,1,ROUTE 516,S,516,,00000516__,16.04,05,,01,04,02,02,01,02,05,01,,AT,,CR 50 / NEW MONMOUTH RD / TINDALL R,,,,40,35,69,,,N,DAMAGE TO BLOCK RETAINING WALL AND GROUND OF #148 TINDALL RD,31333
2020133120MT46214,MONMOUTH,MIDDLETOWN TWP,10/14/2020,WE,0820,01,MIDDLETOWN PD,,0,1,0,0,I,B,N,N,01,2,ROUTE 520,W,520,,00000520__,15.05,05,,01,04,02,01,01,01,01,01,10,FE,W,HALF MILE RUN,,,,40,40,26,,,N,,31331
2020133120MT46225,MONMOUTH,MIDDLETOWN TWP,10/14/2020,WE,1008,01,MIDDLETOWN PD,,0,0,0,0,P,B,N,N,11,1,471 STATE ROUTE 35,,,,,,09,,01,04,02,01,01,01,05,01,,,,WHOLE FOODS MARKET PARKING LOT,,,,,,50,,,N,STOP SIGN AND LANDSCAPING BELONGING TO STAVOLA REALTY.,31339
2020133120MT46245,MONMOUTH,MIDDLETOWN TWP,10/14/2020,WE,1331,01,MIDDLETOWN PD,,0,0,0,0,P,B,N,N,11,1,HARMONY RD / KINGS HWY / MURPHY RD,E,,,13312101__,1.08,07,,01,04,02,01,01,01,05,01,25,FE,W,RED HILL RD,,,,35,30,56,,,N,GUIDERAIL ALONG SIDE KINGS HIGHWAY SCRATCHED,31341
2020133120MT46398,MONMOUTH,MIDDLETOWN TWP,10/15/2020,TH,1046,01,MIDDLETOWN PD,,0,0,0,0,P,B,N,N,05,2,KINGS HIGHWAY E / KINGS HWY / MONMOUTH AVE,,,,13312097__,.26,07,,01,04,02,01,01,01,05,01,15,FE,W,KNOLLWOOD DR,,,,35,25,26,,,N,,31339
2020133120MT46433,MONMOUTH,MIDDLETOWN TWP,10/15/2020,TH,1709,01,MIDDLETOWN PD,,0,0,0,0,P,I,N,N,03,2,BRAY AVE,S,,,13311381__,1.21,07,,01,04,02,01,01,01,05,01,,AT,,MAIN ST,,,,35,35,26,,,N,,31376
2020133120MT46443,MONMOUTH,MIDDLETOWN TWP,10/15/2020,TH,1754,01,MIDDLETOWN PD,,0,0,0,0,P,B,N,N,06,2,MAIDA TER **,N,,,13311319__,.43,07,,01,04,02,01,01,01,05,01,100,FE,S,MAIDA CT,,,,25,25,26,,,N,,31366
2020133120MT46449,MONMOUTH,MIDDLETOWN TWP,10/15/2020,TH,1835,01,MIDDLETOWN PD,,0,0,0,0,P,B,N,N,02,2,NJ 36,N,36,,00000036__,18.02,02,,01,04,02,01,03,01,01,01,30,FE,E,MAIN ST,,,,50,35,26,,,N,,31357
2020133120MT46525,MONMOUTH,MIDDLETOWN TWP,10/16/2020,FR,0813,01,MIDDLETOWN PD,,0,1,0,0,I,B,N,N,01,2,HARMONY RD / THOMSPON RD,S,,,13311836__,.70,07,,01,04,02,02,01,02,05,01,25,FE,S,BELMONT DR,,,,35,25,26,,,N,,31278
2020133120MT46564,MONMOUTH,MIDDLETOWN TWP,10/16/2020,FR,1216,01,MIDDLETOWN PD,,0,0,0,0,P,B,N,N,06,2,CENTER AVE **,,,,13311416__,.07,07,,01,04,02,02,01,02,05,01,100,FE,E,CLINTON AVE,,,,25,25,28,,,N,,31269
2020133120MT46577,MONMOUTH,MIDDLETOWN TWP,10/16/2020,FR,1515,01,MIDDLETOWN PD,,0,1,0,0,I,B,N,N,01,2,ROUTE 520,W,520,,00000520__,15.09,05,,01,04,02,02,01,02,02,01,200,FE,E,HALF MILE RUN,,,,40,40,26,,,N,,31321
2020133120MT46596,MONMOUTH,MIDDLETOWN TWP,10/16/2020,FR,1837,01,MIDDLETOWN PD,,0,1,0,0,I,B,N,N,07,2,MONMOUTH COUNTY 12 A,N,12,A,13000012A_,4.40,05,,01,04,02,02,07,02,05,01,4,FE,S,CR 8 A / LOCUST POINT RD,,,,35,35,26,,,N,YEILD SIGN NEXT TO THE TURNING LANE FROM OCEABIC BRIDGE TO LOCUST POINT ROAD,31325
2020133120MT46597,MONMOUTH,MIDDLETOWN TWP,10/16/2020,FR,1850,01,MIDDLETOWN PD,,0,0,0,0,P,B,N,N,11,1,MONMOUTH COUNTY 12 A,W,12,A,13000012A_,3.09,05,,02,04,02,02,06,02,05,01,1584,FE,W,BROWNS DOCK RD,,,,35,25,46,,,N,GUARD RAIL,31360
2020133120MT46766,MONMOUTH,MIDDLETOWN TWP,10/18/2020,SU,0921,01,MIDDLETOWN PD,,0,0,0,0,P,B,N,N,08,2,ROUTE 520,W,520,,00000520__,13.70,05,,01,04,02,01,06,01,05,01,20,FE,E,CR 50 / MIDDLETOWN-LINCROFT RD / SW,,,,40,40,26,40.330850,74.121670,N,,31346
2020133120MT46782,MONMOUTH,MIDDLETOWN TWP,10/18/2020,SU,1136,01,MIDDLETOWN PD,,0,1,0,0,I,B,N,N,01,2,MONMOUTH COUNTY 8 A,W,8,A,13000008A_,2.58,05,,01,04,02,01,01,01,02,01,5,FE,E,LOCUST PT RD,,,,35,35,26,,,N,,31340
2020133120MT46803,MONMOUTH,MIDDLETOWN TWP,10/18/2020,SU,1729,01,MIDDLETOWN PD,,0,0,0,0,P,B,N,N,01,2,NJ 36,N,36,,00000036__,19.71,02,,01,04,02,01,01,01,01,01,50,FE,S,CR 36 / THOMPSON AVE,,,,50,35,26,40.433930,74.118190,N,,31368
2020133120MT46805,MONMOUTH,MIDDLETOWN TWP,10/18/2020,SU,1809,01,MIDDLETOWN PD,,0,1,0,0,I,I,N,N,02,2,NJ 36,S,36,,00000036__,15.67,02,,01,04,02,01,03,01,01,01,,AT,,AVE D,,,,50,40,26,,,N,,31361
2020133120MT46807,MONMOUTH,MIDDLETOWN TWP,10/18/2020,SU,1828,01,MIDDLETOWN PD,,0,0,0,0,P,B,N,N,12,1,MONMOUTH COUNTY 7 I,S,7,1,130000071_,.60,05,,01,04,02,01,06,01,05,01,50,FE,E,MAHORAS AVE,,,,40,25,24,,,N,,31360
2020133120MT46914,MONMOUTH,MIDDLETOWN TWP,10/19/2020,MO,1613,01,MIDDLETOWN PD,,0,1,0,0,I,B,N,N,01,2,NJ 35,N,35,,00000035__,38.68,02,,01,04,02,01,01,01,01,01,75,FE,S,HARMONY RD / KINGS HWY,,,,50,35,26,,,N,,31366
2020133120MT46921,MONMOUTH,MIDDLETOWN TWP,10/19/2020,MO,1710,01,MIDDLETOWN PD,,0,0,0,0,P,B,N,N,01,2,NJ 35,N,35,,00000035__,38.24,02,,01,04,02,01,01,01,01,01,25,FE,N,GREEN OAK BLVD,,,,50,25,26,,,N,,31366
2020133120MT46931,MONMOUTH,MIDDLETOWN TWP,10/19/2020,MO,1808,01,MIDDLETOWN PD,,0,0,0,0,P,B,N,N,12,1,HARMONY RD / KINGS HWY / MURPHY RD,E,,,13312101__,2.08,07,,01,04,,01,01,01,05,01,10,FE,S,LEIGHTON CT,,,,35,25,24,,,N,,31357
2020133120MT46936,MONMOUTH,MIDDLETOWN TWP,10/19/2020,MO,1842,01,MIDDLETOWN PD,,0,0,0,0,P,I,N,N,03,2,ROUTE 516,N,516,,00000516__,14.94,05,,01,04,02,01,06,01,05,01,,AT,,HARMONY RD,,,,35,35,26,,,N,,31366
2020133120MT47053,MONMOUTH,MIDDLETOWN TWP,10/20/2020,TU,1156,01,MIDDLETOWN PD,,0,0,0,0,P,B,N,N,11,1,ROUTE 520,E,520,,00000520__,14.84,05,,01,04,02,02,01,01,05,01,50,FE,S,GARDEN STATE PARKWAY,,,,40,65,56,,,N,,31331
2020133120MT47075,MONMOUTH,MIDDLETOWN TWP,10/20/2020,TU,1308,01,MIDDLETOWN PD,,0,0,0,0,P,B,N,N,01,3,HALF MILE RD,N,,,13312110__,.51,07,,01,04,02,02,01,01,05,01,100,FE,S,WEST FRONT ST,,,,40,35,26,,,N,,
2020133120MT47109,MONMOUTH,MIDDLETOWN TWP,10/20/2020,TU,1852,01,MIDDLETOWN PD,,0,1,0,0,I,I,N,N,01,2,MONMOUTH COUNTY 12,W,12,,13000012__,1.69,05,,01,04,02,01,06,05,05,01,,AT,,JENNIFER DR / VELAND RD,,,,40,25,26,,,N,,31372