Year(4)-CountyCode(2)-MunicipalityCode(2)-CaseNumber(9),County Name,Municipality Name,Crash Date,Crash Day of Week,Crash Time,Police Department Code,Police Department,Police Station,Total Killed,Total Injured,Pedestrians Killed,Pedestrians Injured,Severity,Intersection,Alcohol Involved,Hazmat Involved,Crash Type,Total Vehicles,Location,Location Direction,Route,Route Suffix,Std Rte Identifier,MilePost,Road System,Road Character,Road Horizontal Alignment,Road Grade,Road Surface Type,Surface Condition,Light Condition,Environmental Condition,Road Divided By,Temporary Traffic Control Zone,Distance To Cross Street,Unit Of Measurement,Direction From Cross Street,Cross Street Name,Is Ramp,Ramp To/From Route Name,Ramp To/From Route Direction,Posted Speed,Posted Speed Cross Street,First Harmful Event,Latitude,Longitude,Cell Phone In Use Flag,Other Property Damage,Reporting Badge No.
20201331E050-2020-00325A,MONMOUTH,MIDDLETOWN TWP,03/06/2020,FR,1442,02,NEW JERSEY STATE POLICE,HOLMDEL - SQUAD,0,0,0,0,P,B,N,N,11,1,GARDEN STATE PARKWAY,N,444,,00000444__,110.80,03,,01,04,02,02,01,02,01,01,,,,,,,,65,,46,40.343660,74.107790,N,NJTA Guardrail (10Ft Left Shoulder),7470
20201331E050-2020-00339A,MONMOUTH,MIDDLETOWN TWP,03/10/2020,TU,0859,02,NEW JERSEY STATE POLICE,HOLMDEL - SQUAD,0,0,0,0,P,B,N,N,01,2,GARDEN STATE PARKWAY,N,444,,00000444__,110.00,03,,01,04,02,01,01,01,01,01,,,,,,,,65,,26,40.386560,74.177340,N,,7887
20201331E050-2020-00359A,MONMOUTH,MIDDLETOWN TWP,03/17/2020,TU,1250,02,NEW JERSEY STATE POLICE,HOLMDEL - SQUAD,0,0,0,0,P,B,N,N,12,1,GARDEN STATE PARKWAY,S,444,,00000444__,111.80,03,,01,04,02,01,01,01,01,01,,,,,,,,65,,24,40.353890,74.122200,N,,7845
20201331E050-2020-00362A,MONMOUTH,MIDDLETOWN TWP,03/18/2020,WE,1541,02,NEW JERSEY STATE POLICE,HOLMDEL - SQUAD,0,0,0,0,P,B,Y,N,01,2,GARDEN STATE PARKWAY,S,444,,00000444__,113.40,03,,01,04,02,01,01,01,01,01,,,,,,,,65,,26,40.366630,74.142130,N,,7739
20201331E050-2020-00370A,MONMOUTH,MIDDLETOWN TWP,03/22/2020,SU,0643,02,NEW JERSEY STATE POLICE,HOLMDEL - SQUAD,0,0,0,0,P,B,N,N,12,1,GARDEN STATE PARKWAY,S,444,,00000444__,113.60,03,,01,04,02,01,01,01,01,01,,,,,,,,65,,24,40.371790,74.145510,N,,7134
20201331E050-2020-00385A,MONMOUTH,MIDDLETOWN TWP,03/23/2020,MO,0529,02,NEW JERSEY STATE POLICE,HOLMDEL - SQUAD,0,0,0,0,P,B,N,N,12,1,GARDEN STATE PARKWAY,S,444,,00000444__,109.50,03,,01,04,02,01,01,01,03,01,,,,,,,,65,,24,40.327300,74.098900,N,,8068
20201331E050-2020-00396A,MONMOUTH,MIDDLETOWN TWP,03/29/2020,SU,1127,02,NEW JERSEY STATE POLICE,HOLMDEL - SQUAD,0,0,0,0,P,B,N,N,08,2,GARDEN STATE PARKWAY,N,444,,00000444__,110.20,03,,03,06,02,01,01,01,02,01,,,,,,,,35,,26,40.338140,74.099990,N,,8068
20201331E050-2020-00407A,MONMOUTH,MIDDLETOWN TWP,04/07/2020,TU,0953,02,NEW JERSEY STATE POLICE,HOLMDEL - SQUAD,0,1,0,0,I,B,N,N,11,2,GARDEN STATE PARKWAY,S,444,,00000444__,111.30,03,,01,06,02,01,01,01,01,01,,,,,,,,65,,26,40.348350,74.116460,N,NJTA Guardrail and Concrete Barrier,7453
20201331E050-2020-00415A,MONMOUTH,MIDDLETOWN TWP,04/09/2020,TH,1539,02,NEW JERSEY STATE POLICE,HOLMDEL - SQUAD,0,0,0,0,P,B,N,N,11,1,GARDEN STATE PARKWAY,S,444,,00000444__,109.60,03,,03,04,02,02,01,01,01,01,,,,,,,,65,,47,40.329520,74.098940,N,NJTA Guardrail,7798
20201331E050-2020-00421A,MONMOUTH,MIDDLETOWN TWP,04/13/2020,MO,1049,02,NEW JERSEY STATE POLICE,HOLMDEL - SQUAD,0,0,0,0,P,B,N,N,11,1,GARDEN STATE PARKWAY,N,444,,00000444__,110.50,03,,01,04,02,02,01,02,01,01,,,,,,,,65,,46,40.341300,74.103030,N,NJTA GUIDERAIL,7576
20201331E050-2020-00436A,MONMOUTH,MIDDLETOWN TWP,04/16/2020,TH,1842,02,NEW JERSEY STATE POLICE,HOLMDEL - SQUAD,0,1,0,0,I,B,N,N,11,1,GARDEN STATE PARKWAY,N,444,,00000444__,113.30,03,,01,04,02,01,01,01,01,01,,,,,,,,65,,46,40.366370,74.140760,N,NJTA Guardrail;NJTA Treebox,7794
20201331E050-2020-00448A,MONMOUTH,MIDDLETOWN TWP,04/20/2020,MO,0826,02,NEW JERSEY STATE POLICE,HOLMDEL - SQUAD,0,0,0,0,P,B,N,N,01,2,GARDEN STATE PARKWAY,N,444,,00000444__,113.50,03,,01,04,02,01,01,01,01,01,,,,,,,,65,,26,40.373220,74.143640,N,,7794
20201331E050-2020-00455A,MONMOUTH,MIDDLETOWN TWP,04/24/2020,FR,0321,02,NEW JERSEY STATE POLICE,HOLMDEL - SQUAD,0,0,0,0,P,B,N,N,11,1,GARDEN STATE PARKWAY,N,444,,00000444__,109.30,03,,01,04,02,02,05,02,01,01,,,,,,,,55,,48,40.324820,74.098060,N,NJTA CONCRETE BARRIER,7118
20201331E050-2020-00468A,MONMOUTH,MIDDLETOWN TWP,04/25/2020,SA,1057,02,NEW JERSEY STATE POLICE,HOLMDEL - SQUAD,0,0,0,0,P,B,N,N,12,1,GARDEN STATE PARKWAY,N,444,,00000444__,111.80,03,,01,04,02,01,01,01,01,01,,,,,,,,65,,25,40.353930,74.120390,N,,7471
20201331E050-2020-00478A,MONMOUTH,MIDDLETOWN TWP,04/30/2020,TH,,02,NEW JERSEY STATE POLICE,HOLMDEL - SQUAD,0,0,0,0,P,B,N,N,12,1,GARDEN STATE PARKWAY,S,444,,00000444__,112.50,03,,01,04,02,01,05,01,03,01,,,,,,,,65,,24,40.358800,74.133820,N,,7852
20201331E050-2020-00482A,MONMOUTH,MIDDLETOWN TWP,04/30/2020,TH,1637,02,NEW JERSEY STATE POLICE,HOLMDEL - SQUAD,0,0,0,0,P,B,N,N,11,1,GARDEN STATE PARKWAY,S,444,,00000444__,111.90,03,,01,04,02,01,01,01,01,01,,,,,,,,65,,46,40.354570,74.123900,N,NJTA Guardrail,7852
20201331E050-2020-00512A,MONMOUTH,MIDDLETOWN TWP,05/12/2020,TU,1449,02,NEW JERSEY STATE POLICE,HOLMDEL - SQUAD,0,0,0,0,P,B,N,N,11,1,GARDEN STATE PARKWAY,S,444,,00000444__,113.60,03,,01,04,02,01,01,01,01,01,,,,,,,,65,,46,40.369250,74.143760,N,DAMAGE TO NJTA GUARDRAIL.,7661
20201331E050-2020-00514A,MONMOUTH,MIDDLETOWN TWP,05/12/2020,TU,1710,02,NEW JERSEY STATE POLICE,HOLMDEL - SQUAD,0,0,0,0,P,B,N,N,02,2,GARDEN STATE PARKWAY,N,444,,00000444__,111.20,03,,01,04,02,01,01,01,01,01,,,,,,,,65,,26,40.346750,74.114060,N,,7576
20201331E050-2020-00515A,MONMOUTH,MIDDLETOWN TWP,05/10/2020,SU,1436,02,NEW JERSEY STATE POLICE,HOLMDEL - SQUAD,0,2,0,0,I,B,N,N,10,1,GARDEN STATE PARKWAY,S,444,,00000444__,112.60,03,,01,04,02,01,01,01,01,01,,,,,,,,65,,01,40.358080,74.132100,N,,7382
20201331E050-2020-00523A,MONMOUTH,MIDDLETOWN TWP,05/15/2020,FR,1625,02,NEW JERSEY STATE POLICE,HOLMDEL - SQUAD,0,2,0,0,I,B,N,N,15,1,GARDEN STATE PARKWAY,N,444,,00000444__,112.70,03,,01,04,02,01,01,01,01,01,,,,,,,,65,,39,40.360770,74.134850,N,,7134
20201331E050-2020-00527A,MONMOUTH,MIDDLETOWN TWP,05/16/2020,SA,2339,02,NEW JERSEY STATE POLICE,HOLMDEL - SQUAD,0,2,0,0,I,B,N,N,11,1,GARDEN STATE PARKWAY,S,444,,00000444__,111.60,03,,03,04,02,01,07,01,01,01,,,,,,,,65,,46,40.349770,74.117220,N,NJTA GUARDRAIL,7501
20201331E050-2020-00536A,MONMOUTH,MIDDLETOWN TWP,05/22/2020,FR,1427,02,NEW JERSEY STATE POLICE,HOLMDEL - SQUAD,0,0,0,0,P,B,N,N,12,1,GARDEN STATE PARKWAY,N,444,,00000444__,110.70,03,,01,04,02,01,01,01,01,01,,,,,,,,65,,24,40.342960,74.106300,N,,7208
20201331E050-2020-00540A,MONMOUTH,MIDDLETOWN TWP,05/23/2020,SA,1036,02,NEW JERSEY STATE POLICE,HOLMDEL - SQUAD,0,0,0,0,P,B,N,N,11,1,GARDEN STATE PARKWAY,S,444,,00000444__,113.60,03,,01,04,02,02,01,02,01,01,,,,,,,,65,,46,40.371790,74.145510,N,NJTA Guardrail,7852
20201331E050-2020-00568A,MONMOUTH,MIDDLETOWN TWP,05/29/2020,FR,2128,02,NEW JERSEY STATE POLICE,HOLMDEL - SQUAD,0,0,0,0,P,B,N,N,12,1,GARDEN STATE PARKWAY,N,444,,00000444__,112.50,03,,03,04,02,01,05,01,01,01,,,,,,,,65,,24,40.359020,74.131910,N,,7469
20201331E050-2020-00581A,MONMOUTH,MIDDLETOWN TWP,06/03/2020,WE,0648,02,NEW JERSEY STATE POLICE,HOLMDEL - SQUAD,0,0,0,0,P,B,N,N,02,2,GARDEN STATE PARKWAY,,444,,00000444__,111.50,03,,02,04,02,01,01,01,01,01,,,,,,,,,,26,40.359020,74.131910,N,,7361
20201331E050-2020-00590A,MONMOUTH,MIDDLETOWN TWP,06/05/2020,FR,2306,02,NEW JERSEY STATE POLICE,HOLMDEL - SQUAD,0,0,0,0,P,B,N,N,11,1,GARDEN STATE PARKWAY,S,444,,00000444__,111.30,03,,01,05,02,02,05,02,01,01,,,,,,,,65,,46,40.348350,74.116460,N,NJTA Guardrail,7660
20201331E050-2020-00599A,MONMOUTH,MIDDLETOWN TWP,06/07/2020,SU,0125,02,NEW JERSEY STATE POLICE,HOLMDEL - SQUAD,0,0,0,0,P,B,N,N,12,1,GARDEN STATE PARKWAY,N,444,,00000444__,111.60,03,,01,04,02,01,05,01,01,01,,,,,,,,65,,24,40.351740,74.117880,N,,7852
20201331E050-2020-00602A,MONMOUTH,MIDDLETOWN TWP,06/07/2020,SU,1013,02,NEW JERSEY STATE POLICE,HOLMDEL - SQUAD,0,1,0,0,I,B,N,N,01,2,GARDEN STATE PARKWAY,S,444,,00000444__,110.10,03,,01,04,02,01,01,01,01,01,,,,,,,,65,,26,40.333990,74.099570,N,,7411
20201331E050-2020-00605A,MONMOUTH,MIDDLETOWN TWP,06/07/2020,SU,2338,02,NEW JERSEY STATE POLICE,HOLMDEL - SQUAD,0,1,0,0,I,B,N,N,11,1,GARDEN STATE PARKWAY,N,444,,00000444__,110.80,03,,01,04,02,01,06,01,01,01,,,,,,,,65,,46,40.386550,74.177130,N,NJTA GUARDRAIL,7471
20201331E050-2020-00614A,MONMOUTH,MIDDLETOWN TWP,06/09/2020,TU,1051,02,NEW JERSEY STATE POLICE,HOLMDEL - SQUAD,0,3,0,0,I,B,N,N,02,3,GARDEN STATE PARKWAY,S,444,,00000444__,113.30,03,,01,04,02,01,01,01,01,01,,,,,,,,65,,26,40.367840,74.143140,N,NJTA Guardrail Damage.,7134
20201331E050-2020-00616A,MONMOUTH,MIDDLETOWN TWP,06/09/2020,TU,1314,02,NEW JERSEY STATE POLICE,HOLMDEL - SQUAD,0,1,0,0,I,B,N,N,01,2,GARDEN STATE PARKWAY,S,444,,00000444__,110.80,03,,01,04,02,01,01,01,01,01,,,,,,,,65,,26,40.342430,74.106120,N,,7570
20201331E050-2020-00619A,MONMOUTH,MIDDLETOWN TWP,06/09/2020,TU,1843,02,NEW JERSEY STATE POLICE,HOLMDEL - SQUAD,0,3,0,0,I,B,N,N,01,3,GARDEN STATE PARKWAY,S,444,,00000444__,112.00,03,,01,04,02,01,01,01,01,01,,,,,,,,65,,26,40.355410,74.123710,N,,7369
20201331E050-2020-00640A,MONMOUTH,MIDDLETOWN TWP,06/12/2020,FR,1520,02,NEW JERSEY STATE POLICE,HOLMDEL - SQUAD,0,0,0,0,P,B,N,N,01,2,GARDEN STATE PARKWAY,S,444,,00000444__,110.00,03,,01,04,02,01,01,01,01,01,,,,,,,,65,,26,40.335210,74.100190,N,,7570
20201331E050-2020-00644A,MONMOUTH,MIDDLETOWN TWP,06/13/2020,SA,1358,02,NEW JERSEY STATE POLICE,HOLMDEL - SQUAD,0,0,0,0,P,B,N,N,01,2,GARDEN STATE PARKWAY,S,444,,00000444__,113.40,03,,01,04,02,01,01,01,01,01,,,,,,,,65,,26,40.369160,74.143920,N,,7661
20201331E050-2020-00645A,MONMOUTH,MIDDLETOWN TWP,06/13/2020,SA,1326,02,NEW JERSEY STATE POLICE,HOLMDEL - SQUAD,0,2,0,0,I,B,N,N,01,5,GARDEN STATE PARKWAY,S,444,,00000444__,113.40,03,,01,04,02,01,01,01,01,01,,,,,,,,65,,26,40.369160,74.143920,N,,7661
20201331E050-2020-00664A,MONMOUTH,MIDDLETOWN TWP,06/17/2020,WE,0608,02,NEW JERSEY STATE POLICE,HOLMDEL - SQUAD,0,0,0,0,P,B,N,N,11,1,GARDEN STATE PARKWAY,S,444,,00000444__,111.70,03,,01,04,02,01,02,01,01,01,,,,,,,,65,,46,40.353080,74.120720,N,GUARDRAIL FACE OWNED BY NJTA,7570
20201331E050-2020-00684A,MONMOUTH,MIDDLETOWN TWP,06/21/2020,SU,1925,02,NEW JERSEY STATE POLICE,HOLMDEL - SQUAD,0,0,0,0,P,B,N,N,01,2,GARDEN STATE PARKWAY,N,444,,00000444__,111.50,03,,01,04,02,01,01,01,01,01,,,,,,,,65,,26,40.350380,74.117110,N,,7208
20201331E050-2020-00705A,MONMOUTH,MIDDLETOWN TWP,06/24/2020,WE,1919,02,NEW JERSEY STATE POLICE,HOLMDEL - SQUAD,0,0,0,0,P,B,N,N,11,1,GARDEN STATE PARKWAY,N,444,,00000444__,113.40,03,,01,04,02,01,01,01,01,01,,,,,,,,65,,50,40.368950,74.142470,N,MP 113.4 SIGN;NJTA GUARDRAIL,7382
20201331E050-2020-00715A,MONMOUTH,MIDDLETOWN TWP,06/26/2020,FR,1500,02,NEW JERSEY STATE POLICE,HOLMDEL - SQUAD,0,0,0,0,P,B,N,N,01,3,GARDEN STATE PARKWAY,S,444,,00000444__,111.90,03,,01,04,02,01,01,01,01,01,,,,,,,,65,,26,40.354570,74.123900,N,,7470
20201331E050-2020-00716A,MONMOUTH,MIDDLETOWN TWP,06/26/2020,FR,1504,02,NEW JERSEY STATE POLICE,HOLMDEL - SQUAD,0,0,0,0,P,B,N,N,01,3,GARDEN STATE PARKWAY,S,444,,00000444__,110.40,03,,01,06,02,01,01,01,01,01,,,,,,,,65,,26,40.338100,74.101330,N,,7361
20201331E050-2020-00717A,MONMOUTH,MIDDLETOWN TWP,06/26/2020,FR,1230,02,NEW JERSEY STATE POLICE,HOLMDEL - SQUAD,0,1,0,0,I,B,N,N,01,3,GARDEN STATE PARKWAY,S,444,,00000444__,111.90,03,,01,04,02,01,01,01,01,01,,,,,,,,65,,26,40.367840,74.143140,N,,7470
20201331E050-2020-00733A,MONMOUTH,MIDDLETOWN TWP,06/28/2020,SU,0726,02,NEW JERSEY STATE POLICE,HOLMDEL - SQUAD,0,2,0,0,I,B,N,N,11,1,GARDEN STATE PARKWAY,S,444,,00000444__,109.30,03,,01,04,02,01,01,01,03,01,,,,,,,,65,,60,40.321050,74.098600,N,,8093
20201331E050-2020-00734A,MONMOUTH,MIDDLETOWN TWP,06/28/2020,SU,1506,02,NEW JERSEY STATE POLICE,HOLMDEL - SQUAD,0,0,0,0,P,B,N,N,11,1,GARDEN STATE PARKWAY,S,444,,00000444__,110.30,03,,01,04,02,01,01,01,01,01,,,,,,,,65,,60,40.339220,74.102290,N,,7373
20201331E050-2020-00741A,MONMOUTH,MIDDLETOWN TWP,06/29/2020,MO,1538,02,NEW JERSEY STATE POLICE,HOLMDEL - SQUAD,0,2,0,0,I,B,N,N,01,2,GARDEN STATE PARKWAY,N,444,,00000444__,110.00,03,,03,06,02,01,01,01,01,01,,,,,,,,65,,26,40.338140,74.099990,N,,7751
20201331E050-2020-00751A,MONMOUTH,MIDDLETOWN TWP,06/29/2020,MO,1255,02,NEW JERSEY STATE POLICE,HOLMDEL - SQUAD,0,0,0,0,P,B,N,N,02,2,GARDEN STATE PARKWAY,N,444,,00000444__,111.50,03,,01,04,02,01,01,01,01,01,,,,,,,,65,,26,40.350380,74.117110,N,,7382
20201331E050-2020-00757A,MONMOUTH,MIDDLETOWN TWP,07/01/2020,WE,1328,02,NEW JERSEY STATE POLICE,HOLMDEL - SQUAD,0,0,0,0,P,B,N,N,02,2,GARDEN STATE PARKWAY,S,444,,00000444__,110.40,03,,01,04,02,02,01,02,02,01,,,,ROUTE 520 / NEWMAN SPRINGS RD,,,,65,,26,40.340740,74.103680,N,,7373
20201331E050-2020-00763A,MONMOUTH,MIDDLETOWN TWP,07/02/2020,TH,1853,02,NEW JERSEY STATE POLICE,HOLMDEL - SQUAD,0,0,0,0,P,B,N,N,01,2,GARDEN STATE PARKWAY,N,444,,00000444__,112.60,03,,01,04,02,02,01,02,01,01,,,,,,,,65,,26,40.359640,74.133330,N,,7501
20201331E050-2020-00764A,MONMOUTH,MIDDLETOWN TWP,07/02/2020,TH,1837,02,NEW JERSEY STATE POLICE,HOLMDEL - SQUAD,0,0,0,0,P,B,N,N,01,2,GARDEN STATE PARKWAY,N,444,,00000444__,112.70,03,,01,04,02,02,01,02,01,01,,,,,,,,65,,26,40.359640,74.133330,N,,7501
20201331E050-2020-00776A,MONMOUTH,MIDDLETOWN TWP,07/04/2020,SA,1913,02,NEW JERSEY STATE POLICE,HOLMDEL - SQUAD,0,0,0,0,P,B,N,N,12,1,GARDEN STATE PARKWAY,N,444,,00000444__,112.10,03,,01,04,02,01,01,01,01,01,,,,,,,,65,,24,40.356210,74.125250,N,,7660
20201331E050-2020-00777A,MONMOUTH,MIDDLETOWN TWP,07/04/2020,SA,2300,02,NEW JERSEY STATE POLICE,HOLMDEL - SQUAD,0,0,0,0,P,B,N,N,02,2,GARDEN STATE PARKWAY,N,444,,00000444__,110.80,03,,01,04,02,01,05,01,01,01,,,,,,,,65,,26,40.343660,74.107790,N,,7660
20201331E050-2020-00784A,MONMOUTH,MIDDLETOWN TWP,07/05/2020,SU,0415,02,NEW JERSEY STATE POLICE,HOLMDEL - SQUAD,0,3,0,0,I,B,N,N,11,1,GARDEN STATE PARKWAY,S,444,,00000444__,110.30,03,,01,04,02,01,05,01,01,01,,,,,,,,65,,46,40.339220,74.102290,N,NJTA Guardrail,7660
20201331E050-2020-00806A,MONMOUTH,MIDDLETOWN TWP,07/10/2020,FR,1356,02,NEW JERSEY STATE POLICE,HOLMDEL - SQUAD,0,0,0,0,P,B,N,N,02,2,GARDEN STATE PARKWAY,N,444,,00000444__,110.10,03,,01,04,02,02,01,02,01,01,,,,,,,,65,,26,40.336240,74.099320,N,NJTA Guardrail damage.,7991
20201331E050-2020-00807A,MONMOUTH,MIDDLETOWN TWP,07/10/2020,FR,1206,02,NEW JERSEY STATE POLICE,HOLMDEL - SQUAD,0,0,0,0,P,B,N,N,11,1,GARDEN STATE PARKWAY,S,444,,00000444__,113.50,03,,01,04,02,02,01,02,01,01,,,,,,,,65,,46,40.370480,74.144720,N,NJTA Guardrail damage.,7991
20201331E050-2020-00838A,MONMOUTH,MIDDLETOWN TWP,07/12/2020,SU,1651,02,NEW JERSEY STATE POLICE,HOLMDEL - SQUAD,0,0,0,0,P,B,N,N,01,3,GARDEN STATE PARKWAY,N,444,,00000444__,109.50,03,,01,04,02,01,01,01,03,01,,,,,,,,65,,26,40.327760,74.097850,N,,8093
20201331E050-2020-00845A,MONMOUTH,MIDDLETOWN TWP,07/14/2020,TU,1853,02,NEW JERSEY STATE POLICE,HOLMDEL - SQUAD,0,0,0,0,P,B,N,N,01,2,GARDEN STATE PARKWAY,N,444,,00000444__,110.00,03,,01,04,01,01,01,01,02,01,,,,,,,,65,,26,40.333360,74.098420,N,,7887
20201331E050-2020-00884A,MONMOUTH,MIDDLETOWN TWP,07/19/2020,SU,1611,02,NEW JERSEY STATE POLICE,HOLMDEL - SQUAD,0,0,0,0,P,B,N,N,01,2,GARDEN STATE PARKWAY,S,444,,00000444__,110.70,03,,01,05,02,01,01,01,01,01,,,,,,,,65,,26,40.341560,74.104600,N,,7660
20201331E050-2020-00910A,MONMOUTH,MIDDLETOWN TWP,07/24/2020,FR,,02,NEW JERSEY STATE POLICE,HOLMDEL - SQUAD,0,0,0,0,P,B,N,N,11,1,GARDEN STATE PARKWAY,S,444,,00000444__,112.20,03,,01,04,02,02,04,02,01,01,,,,,,,,65,,60,40.356550,74.128970,N,,7794
20201331E050-2020-00940A,MONMOUTH,MIDDLETOWN TWP,07/28/2020,TU,1300,02,NEW JERSEY STATE POLICE,HOLMDEL - SQUAD,0,2,0,0,I,B,N,N,02,2,GARDEN STATE PARKWAY,S,444,,00000444__,111.50,03,,01,04,02,01,01,01,01,01,,,,,,,,65,,26,40.386550,74.177130,N,,7751
20201331E050-2020-00947A,MONMOUTH,MIDDLETOWN TWP,07/29/2020,WE,1209,02,NEW JERSEY STATE POLICE,HOLMDEL - SQUAD,0,0,0,0,P,B,N,N,01,2,GARDEN STATE PARKWAY,S,444,,00000444__,113.30,03,,01,04,02,01,01,01,01,01,,,,,,,,65,,26,40.365370,74.141200,N,,7373
20201331E050-2020-00951A,MONMOUTH,MIDDLETOWN TWP,07/29/2020,WE,2341,02,NEW JERSEY STATE POLICE,HOLMDEL - SQUAD,0,1,0,0,I,B,N,N,11,1,GARDEN STATE PARKWAY,S,444,,00000444__,111.60,03,,03,04,02,01,06,01,01,01,,,,,,,,65,,46,40.349770,74.117220,N,GUARDRAIL OWNED BY NJTA,7570
20201331E050-2020-00958A,MONMOUTH,MIDDLETOWN TWP,07/31/2020,FR,0815,02,NEW JERSEY STATE POLICE,HOLMDEL - SQUAD,0,0,0,0,P,B,N,N,11,1,GARDEN STATE PARKWAY,N,444,,00000444__,110.50,03,,01,04,02,01,01,01,01,01,,,,,,,,65,,46,40.341300,74.103030,N,NJTA GUARDRAIL,7751
20201331E050-2020-00959A,MONMOUTH,MIDDLETOWN TWP,07/31/2020,FR,1024,02,NEW JERSEY STATE POLICE,HOLMDEL - SQUAD,0,0,0,0,P,B,N,N,02,2,GARDEN STATE PARKWAY,N,444,,00000444__,109.80,03,,01,04,02,01,01,01,01,01,,,,,,,,65,,26,40.332050,74.098050,N,,7751
20201331E050-2020-00974A,MONMOUTH,MIDDLETOWN TWP,08/01/2020,SA,1410,02,NEW JERSEY STATE POLICE,HOLMDEL - SQUAD,0,0,0,0,P,B,N,N,01,2,GARDEN STATE PARKWAY,S,444,,00000444__,111.10,03,,01,04,02,01,01,01,01,01,,,,,,,,65,,26,40.431350,74.246930,N,,7411
20201331E050-2020-00977A,MONMOUTH,MIDDLETOWN TWP,08/01/2020,SA,0931,02,NEW JERSEY STATE POLICE,HOLMDEL - SQUAD,0,0,0,0,P,B,N,N,01,3,GARDEN STATE PARKWAY,S,444,,00000444__,113.30,03,,01,04,02,01,01,01,01,01,,,,,,,,65,,26,40.367840,74.143140,N,,7382
20201331E050-2020-01012A,MONMOUTH,MIDDLETOWN TWP,08/07/2020,FR,0639,02,NEW JERSEY STATE POLICE,HOLMDEL - SQUAD,0,1,0,0,I,B,N,N,11,1,GARDEN STATE PARKWAY,N,444,,00000444__,109.60,03,,01,04,02,02,01,02,01,01,,,,,,,,65,,48,40.364570,74.140150,N,NJTA CONCRETE BARRIER.,7661
20201331E050-2020-01028A,MONMOUTH,MIDDLETOWN TWP,08/09/2020,SU,1838,02,NEW JERSEY STATE POLICE,HOLMDEL - SQUAD,0,1,0,0,I,B,N,N,01,2,GARDEN STATE PARKWAY,N,444,,00000444__,111.60,03,,01,04,02,01,01,01,01,01,,,,,,,,65,,26,40.351740,74.117880,N,,8093
20201331E050-2020-01036A,MONMOUTH,MIDDLETOWN TWP,08/11/2020,TU,1550,02,NEW JERSEY STATE POLICE,HOLMDEL - SQUAD,0,0,0,0,P,B,N,N,01,2,GARDEN STATE PARKWAY,S,444,,00000444__,109.80,03,,01,04,02,01,01,01,01,01,,,,,,,,65,,26,40.332400,74.099340,N,,7639
20201331E050-2020-01039A,MONMOUTH,MIDDLETOWN TWP,08/12/2020,WE,1343,02,NEW JERSEY STATE POLICE,HOLMDEL - SQUAD,0,0,0,0,P,B,N,N,03,2,GARDEN STATE PARKWAY,N,444,,00000444__,110.50,03,,03,04,02,02,01,02,01,01,,,,,,,,65,,26,40.341300,74.103030,N,NJTA GUARDRAIL,7501
20201331E050-2020-01040A,MONMOUTH,MIDDLETOWN TWP,08/12/2020,WE,1345,02,NEW JERSEY STATE POLICE,HOLMDEL - SQUAD,0,0,0,0,P,B,N,N,01,2,GARDEN STATE PARKWAY,S,444,,00000444__,110.80,03,,01,04,02,02,01,02,01,01,,,,,,,,65,,26,40.342430,74.106120,N,,6378
20201331E050-2020-01060A,MONMOUTH,MIDDLETOWN TWP,08/14/2020,FR,1431,02,NEW JERSEY STATE POLICE,HOLMDEL - SQUAD,0,0,0,0,P,B,N,N,01,2,GARDEN STATE PARKWAY,S,444,,00000444__,110.60,03,,01,04,02,01,01,01,01,01,,,,,,,,65,,26,40.342270,74.106200,N,,7471
20201331E050-2020-01073A,MONMOUTH,MIDDLETOWN TWP,08/17/2020,MO,2349,02,NEW JERSEY STATE POLICE,HOLMDEL - SQUAD,0,0,0,0,P,B,Y,N,11,1,GARDEN STATE PARKWAY,S,444,,00000444__,111.10,03,,01,04,02,02,07,05,01,01,,,,,,,,65,,46,40.344310,74.111220,N,NJTA GUARDRAIL,7501
20201331E050-2020-01090A,MONMOUTH,MIDDLETOWN TWP,08/20/2020,TH,1907,02,NEW JERSEY STATE POLICE,HOLMDEL - SQUAD,0,0,0,0,P,B,Y,N,02,2,GARDEN STATE PARKWAY,N,444,,00000444__,109.30,03,,01,04,02,01,01,01,01,01,,,,,,,,65,,26,40.324850,74.097830,N,,7794
20201331E050-2020-01094A,MONMOUTH,MIDDLETOWN TWP,08/21/2020,FR,1730,02,NEW JERSEY STATE POLICE,HOLMDEL - SQUAD,0,1,0,0,I,B,N,N,01,2,GARDEN STATE PARKWAY,S,444,,00000444__,113.30,03,,01,04,02,01,01,01,01,01,,,,,,,,65,,26,40.386550,74.177130,N,,7845