Year(4)-CountyCode(2)-MunicipalityCode(2)-CaseNumber(9),County Name,Municipality Name,Crash Date,Crash Day of Week,Crash Time,Police Department Code,Police Department,Police Station,Total Killed,Total Injured,Pedestrians Killed,Pedestrians Injured,Severity,Intersection,Alcohol Involved,Hazmat Involved,Crash Type,Total Vehicles,Location,Location Direction,Route,Route Suffix,Std Rte Identifier,MilePost,Road System,Road Character,Road Horizontal Alignment,Road Grade,Road Surface Type,Surface Condition,Light Condition,Environmental Condition,Road Divided By,Temporary Traffic Control Zone,Distance To Cross Street,Unit Of Measurement,Direction From Cross Street,Cross Street Name,Is Ramp,Ramp To/From Route Name,Ramp To/From Route Direction,Posted Speed,Posted Speed Cross Street,First Harmful Event,Latitude,Longitude,Cell Phone In Use Flag,Other Property Damage,Reporting Badge No.
20201331I-2020-00261,MONMOUTH,MIDDLETOWN TWP,01/06/2020,MO,1252,01,SHREWSBURY PD,,0,1,0,0,I,B,N,N,01,2,ROUTE 520,E,520,,00000520__,13.70,05,,01,04,02,01,01,01,04,01,300,FE,E,CR 13,,,,35,,26,,,N,,4539
20201331I-2020-07273,MONMOUTH,MIDDLETOWN TWP,08/20/2020,TH,1022,01,SHREWSBURY PD,,0,0,0,0,P,B,N,N,99,1,ROUTE 520,W,520,,00000520__,14.10,05,,01,04,02,01,01,01,05,01,,,,,,,,35,,26,,,N,,4538
20201332C060-2020-00001A,MONMOUTH,MILLSTONE TWP,01/01/2020,WE,1142,02,NEW JERSEY STATE POLICE,HAMILTON-SUB -,0,0,0,0,P,B,N,N,08,2,PENN ELMER DR **,N,,,13321227__,.41,07,,01,04,02,01,01,01,05,01,1584,FE,E,ALLEN WAY,,,,25,25,26,40.202580,74.435890,N,,8187
20201332C060-2020-00005A,MONMOUTH,MILLSTONE TWP,01/02/2020,TH,1838,02,NEW JERSEY STATE POLICE,HAMILTON-SUB -,0,0,0,0,P,B,N,N,12,1,SMITHBURG RD,S,,,,,07,,01,04,01,01,05,01,05,01,975,FE,N,BAIRD RD,,,,40,40,24,40.242590,74.384560,N,,8237
20201332C060-2020-00012A,MONMOUTH,MILLSTONE TWP,01/03/2020,FR,1725,02,NEW JERSEY STATE POLICE,HAMILTON-SUB -,0,0,0,0,P,B,N,N,12,1,MONMOUTH COUNTY 1,W,1,,13000001__,3.00,05,,01,04,02,01,06,01,05,01,5280,FE,E,SWEETMANS LN,,,,50,50,24,40.151590,74.562800,N,,8182
20201332C060-2020-00025A,MONMOUTH,MILLSTONE TWP,01/03/2020,FR,0136,02,NEW JERSEY STATE POLICE,HAMILTON-SUB -,0,0,0,0,P,B,N,N,12,1,NJ 33,E,33,,00000033__,20.70,02,,01,04,02,01,06,01,03,01,,,,,,,,55,,24,40.259060,74.401780,N,,8194
20201332C060-2020-00030A,MONMOUTH,MILLSTONE TWP,01/06/2020,MO,0857,02,NEW JERSEY STATE POLICE,HAMILTON-SUB -,0,0,0,0,P,B,N,N,02,2,NJ 33,W,33,,00000033__,21.00,02,,03,04,02,01,01,01,03,01,,,,,,,,55,,26,40.258660,74.398050,N,,8303
20201332C060-2020-00032A,MONMOUTH,MILLSTONE TWP,01/06/2020,MO,2005,02,NEW JERSEY STATE POLICE,HAMILTON-SUB -,0,0,0,0,P,B,N,N,12,1,SMITHBURG RD,N,,,,,07,,01,04,02,01,07,01,05,01,,,S,GRANDVIEW LANE,,,,45,25,24,40.239940,74.379020,N,,7997
20201332C060-2020-00036A,MONMOUTH,MILLSTONE TWP,01/06/2020,MO,1435,02,NEW JERSEY STATE POLICE,HAMILTON-SUB -,0,1,0,0,I,B,N,N,11,1,MONMOUTH COUNTY 1,E,1,,13000001__,1.70,05,,01,04,02,01,01,01,05,01,,,,,,,,50,,52,40.234790,74.442860,N,Utility Pole  JCP&L Monmouth County.,8141
20201332C060-2020-00038A,MONMOUTH,MILLSTONE TWP,01/07/2020,TU,1302,02,NEW JERSEY STATE POLICE,HAMILTON-SUB -,0,0,0,0,P,I,N,N,01,2,PINE DR **,N,,,13321033__,.79,07,,01,04,02,01,01,01,05,01,,AT,,ROUTE 537 / MONMOUTH RD,,,,45,50,26,40.289610,74.129400,N,,8272
20201332C060-2020-00039A,MONMOUTH,MILLSTONE TWP,01/07/2020,TU,0851,02,NEW JERSEY STATE POLICE,HAMILTON-SUB -,0,0,0,0,P,B,N,N,01,2,NJ 33,W,33,,00000033__,18.96,02,,01,04,02,01,01,01,03,01,100,FE,E,PERRINEVILLE RD / PRODELIN WAY,,,,50,45,26,40.745960,74.129630,N,,8272
20201332C060-2020-00045A,MONMOUTH,MILLSTONE TWP,01/08/2020,WE,0534,02,NEW JERSEY STATE POLICE,HAMILTON-SUB -,0,0,0,0,P,B,N,N,11,1,I-195,W,195,,00000195__,15.20,01,,01,04,02,02,05,01,03,01,,,,,,,,65,,60,40.162860,74.431960,N,,8184
20201332C060-2020-00046A,MONMOUTH,MILLSTONE TWP,01/04/2020,SA,1520,02,NEW JERSEY STATE POLICE,HAMILTON-SUB -,0,0,0,0,P,B,N,N,11,1,CONOVER RD **,N,,,13321047__,1.24,07,,01,04,02,01,01,01,05,01,5,FE,S,NJ 33,,,,45,50,50,40.258810,74.400900,N,,8287
20201332C060-2020-00052A,MONMOUTH,MILLSTONE TWP,01/04/2020,SA,1353,02,NEW JERSEY STATE POLICE,HAMILTON-SUB -,0,0,0,0,P,B,N,N,11,1,NJ 33,E,33,,00000033__,20.00,02,,01,04,02,01,01,01,03,01,,,,,,,,50,,60,40.201500,74.531500,N,,8249
20201332C060-2020-00053A,MONMOUTH,MILLSTONE TWP,01/08/2020,WE,0746,02,NEW JERSEY STATE POLICE,HAMILTON-SUB -,0,0,0,0,P,B,N,N,01,2,I-195,W,195,,00000195__,14.20,01,,01,04,02,01,01,01,03,01,,,,,,,,65,,26,40.174680,74.465200,N,,8249
20201332C060-2020-00057A,MONMOUTH,MILLSTONE TWP,01/08/2020,WE,1748,02,NEW JERSEY STATE POLICE,HAMILTON-SUB -,0,0,0,0,P,B,N,N,12,1,MONMOUTH COUNTY 1,E,1,,13000001__,4.18,05,,01,06,02,01,03,01,05,01,100,FE,E,CHADWICK RD,,,,50,25,24,40.221750,74.407820,N,,8309
20201332C060-2020-00060A,MONMOUTH,MILLSTONE TWP,01/09/2020,TH,2108,02,NEW JERSEY STATE POLICE,HAMILTON-SUB -,0,0,0,0,P,B,N,N,12,1,MONMOUTH COUNTY 1,W,1,,13000001__,6.40,05,,01,04,02,01,01,01,05,01,,,,,,,,50,,24,40.199610,74.642930,N,,8241
20201332C060-2020-00063A,MONMOUTH,MILLSTONE TWP,01/10/2020,FR,0946,02,NEW JERSEY STATE POLICE,HAMILTON-SUB -,0,0,0,0,P,B,N,N,11,1,ROUTE 527 ALTERNATE,W,527,A,00000527A_,.95,05,,02,05,02,01,01,01,05,01,,,N,ROBERTS RD,,,,30,35,52,40.515150,74.545210,N,JCP&L utility pole #JC2069MPN,8144
20201332C060-2020-00064A,MONMOUTH,MILLSTONE TWP,01/10/2020,FR,1730,02,NEW JERSEY STATE POLICE,HAMILTON-SUB -,0,0,0,0,P,B,N,N,12,1,ROUTE 524,E,524,,00000524__,14.03,05,,01,04,02,02,05,02,05,01,1584,FE,W,EPHRIAM RD,,,,40,25,24,40.190760,74.453040,N,,8187
20201332C060-2020-00066A,MONMOUTH,MILLSTONE TWP,01/11/2020,SA,0849,02,NEW JERSEY STATE POLICE,HAMILTON-SUB -,0,2,0,0,I,I,N,N,04,2,MONMOUTH COUNTY 1,W,1,,13000001__,4.49,05,,01,06,02,01,01,01,05,01,,AT,,STILLHOUSE RD,,,,50,35,26,,,N,,8141
20201332C060-2020-00068A,MONMOUTH,MILLSTONE TWP,01/12/2020,SU,1115,02,NEW JERSEY STATE POLICE,HAMILTON-SUB -,0,0,0,0,P,I,N,N,03,2,ROUTE 537,N,537,,00000537__,41.84,05,,01,04,02,01,01,01,05,01,,AT,,BURNT TAVERN ANDERSON RD,,,,45,40,26,40.159240,74.420280,N,,8272
20201332C060-2020-00072A,MONMOUTH,MILLSTONE TWP,01/11/2020,SA,1853,02,NEW JERSEY STATE POLICE,HAMILTON-SUB -,0,0,0,0,P,B,N,N,12,1,ROUTE 524,E,524,,00000524__,14.75,05,,01,04,02,01,03,01,05,01,50,FE,E,ROUTE 571 / RISING SUN TAVERN RD,,,,50,40,24,40.192960,74.447610,N,,8287
20201332C060-2020-00073A,MONMOUTH,MILLSTONE TWP,01/13/2020,MO,1735,02,NEW JERSEY STATE POLICE,HAMILTON-SUB -,0,0,0,0,P,B,N,N,12,1,WINDSOR RD,E,,,13321016__,.13,07,,01,04,02,01,05,01,05,01,50,FE,W,PARKSIDE AVE,,,,50,25,24,40.233070,74.501660,N,,8287
20201332C060-2020-00080A,MONMOUTH,MILLSTONE TWP,01/13/2020,MO,1914,02,NEW JERSEY STATE POLICE,HAMILTON-SUB -,0,0,0,0,P,B,N,N,12,1,I-195,W,195,,00000195__,14.20,01,,01,04,02,01,06,01,03,01,,,,,,,,65,,25,40.201500,74.500000,N,,8249
20201332C060-2020-00081A,MONMOUTH,MILLSTONE TWP,01/13/2020,MO,1345,02,NEW JERSEY STATE POLICE,HAMILTON-SUB -,0,0,0,0,P,B,N,N,01,4,ROUTE 537,W,537,,00000537__,45.00,05,,01,04,02,01,01,01,05,01,,,,,,,,50,,26,40.171770,74.406950,N,,8349
20201332C060-2020-00082A,MONMOUTH,MILLSTONE TWP,01/13/2020,MO,1425,02,NEW JERSEY STATE POLICE,HAMILTON-SUB -,0,0,0,0,P,B,N,N,06,2,WOODVILLE RD,,,,,,07,,01,04,03,01,01,05,05,01,,,,CR 527,,,,,,28,40.874610,74.479820,N,,8309
20201332C060-2020-00098A,MONMOUTH,MILLSTONE TWP,01/16/2020,TH,1835,02,NEW JERSEY STATE POLICE,HAMILTON-SUB -,0,0,0,0,P,B,N,N,08,2,ROUTE 571,S,571,,00000571__,24.53,05,,01,04,02,01,05,01,05,01,1584,FE,S,APPLEGATE RD,,,,40,25,26,40.516560,74.651430,N,,8187
20201332C060-2020-00103A,MONMOUTH,MILLSTONE TWP,01/17/2020,FR,1242,02,NEW JERSEY STATE POLICE,HAMILTON-SUB -,0,0,0,0,P,B,N,N,01,2,I-195,W,195,,00000195__,16.71,01,,01,04,02,01,01,01,05,01,10,FE,E,ROUTE 537 / MONMOUTH RD,,,,50,,26,40.161840,74.421760,N,,8375
20201332C060-2020-00105A,MONMOUTH,MILLSTONE TWP,01/17/2020,FR,1218,02,NEW JERSEY STATE POLICE,HAMILTON-SUB -,0,0,0,0,P,B,N,N,02,2,ROUTE 537,W,537,,00000537__,40.40,05,,01,04,02,01,01,05,05,01,,,,,,,,50,,26,40.147800,74.441500,N,,7893
20201332C060-2020-00106A,MONMOUTH,MILLSTONE TWP,01/17/2020,FR,1211,02,NEW JERSEY STATE POLICE,HAMILTON-SUB -,0,0,0,0,P,B,N,N,02,2,ROUTE 537,W,537,,00000537__,41.80,05,,01,04,02,01,01,01,05,01,,,,ANDERSON,,,,50,,26,40.161840,74.421760,N,,8375
20201332C060-2020-00108A,MONMOUTH,MILLSTONE TWP,01/17/2020,FR,1914,02,NEW JERSEY STATE POLICE,HAMILTON-SUB -,0,2,0,0,I,I,N,N,05,2,PRODELIN WAY **,W,,,13321009__,.00,07,,01,04,02,01,04,01,05,01,,AT,,CR 1 / BAIRD RD,,,,35,35,26,40.234980,74.442860,N,,8247
20201332C060-2020-00114A,MONMOUTH,MILLSTONE TWP,01/18/2020,SA,1219,02,NEW JERSEY STATE POLICE,HAMILTON-SUB -,0,0,0,0,P,B,N,N,11,1,I-195,E,195,,00000195__,16.00,01,,03,06,02,03,01,03,03,01,,,,,T,CR 537,EB,65,,56,40.159920,74.423900,N,,8360
20201332C060-2020-00122A,MONMOUTH,MILLSTONE TWP,01/18/2020,SA,1541,02,NEW JERSEY STATE POLICE,HAMILTON-SUB -,0,0,0,0,P,B,N,N,01,2,I-195,E,195,,00000195__,16.30,01,,01,04,02,02,01,03,05,01,,,,,,,,65,,26,40.157200,74.322800,N,,8349
20201332C060-2020-00130A,MONMOUTH,MILLSTONE TWP,01/18/2020,SA,1725,02,NEW JERSEY STATE POLICE,HAMILTON-SUB -,0,0,0,0,P,B,N,N,11,1,RUNNING BROOK DR **,S,,,13321076__,.34,07,,02,05,02,03,06,03,05,01,100,FE,W,BAIRD RD,,,,25,45,56,40.210500,74.429100,N,MAILBOX LOCATED ON 20 RUNNING BROOK DR. MILLSTONE TWP.  MONMOUTH COUNTY,7960
20201332C060-2020-00134A,MONMOUTH,MILLSTONE TWP,01/19/2020,SU,0825,02,NEW JERSEY STATE POLICE,HAMILTON-SUB -,0,1,0,0,I,B,N,N,11,1,MONMOUTH COUNTY 1,E,1,,13000001__,1.42,05,,03,04,02,04,01,01,05,01,75,FE,E,DISBRO HILL RD,,,,35,25,60,40.235900,74.447600,N,Trees and fence in front of 815 Perrineville Road.,8368
20201332C060-2020-00140A,MONMOUTH,MILLSTONE TWP,01/15/2020,WE,1604,02,NEW JERSEY STATE POLICE,HAMILTON-SUB -,0,0,0,0,P,B,N,N,01,2,ROUTE 527 ALTERNATE,N,527,A,00000527A_,2.25,05,,01,04,02,01,01,01,05,01,5,FE,S,NJ 33,,,,40,55,26,40.298730,74.164820,N,,8272
20201332C060-2020-00150A,MONMOUTH,MILLSTONE TWP,01/22/2020,WE,1724,02,NEW JERSEY STATE POLICE,HAMILTON-SUB -,0,0,0,0,P,B,N,N,12,1,MONMOUTH COUNTY 1,W,1,,13000001__,3.90,05,,01,04,02,01,06,01,05,01,,,,,,,,50,,24,40.222350,74.412560,N,,8165
20201332C060-2020-00151A,MONMOUTH,MILLSTONE TWP,01/22/2020,WE,1212,02,NEW JERSEY STATE POLICE,HAMILTON-SUB -,0,0,0,0,P,B,N,N,02,2,I-195,E,195,,00000195__,14.20,01,,03,04,02,01,01,01,03,01,,,,,,,,65,,26,40.201500,74.429100,N,,8360
20201332C060-2020-00172A,MONMOUTH,MILLSTONE TWP,01/31/2020,FR,1632,02,NEW JERSEY STATE POLICE,HAMILTON-SUB -,0,0,0,0,P,B,N,N,02,2,ROUTE 537,W,537,,00000537__,45.00,05,,01,04,02,01,03,01,05,01,,,,,,,,50,,26,40.207110,74.355360,N,,8168
20201332C060-2020-00179A,MONMOUTH,MILLSTONE TWP,01/29/2020,WE,1119,02,NEW JERSEY STATE POLICE,HAMILTON-SUB -,0,0,0,0,P,I,N,N,01,2,MONMOUTH COUNTY 1,W,1,,13000001__,4.49,05,,01,06,02,01,01,01,05,01,,AT,,STILLHOUSE RD,,,,50,40,26,40.221010,74.401470,N,Utility pole # JC 942ME,8035
20201332C060-2020-00181A,MONMOUTH,MILLSTONE TWP,02/01/2020,SA,1811,02,NEW JERSEY STATE POLICE,HAMILTON-SUB -,0,0,0,0,P,B,N,N,01,2,I-195,W,195,,00000195__,16.20,01,,02,04,02,01,06,01,05,01,,,,ROUTE 537 / MONMOUTH RD,,,,35,,26,40.157600,74.429800,N,,8041
20201332C060-2020-00185A,MONMOUTH,MILLSTONE TWP,02/02/2020,SU,1608,02,NEW JERSEY STATE POLICE,HAMILTON-SUB -,0,0,0,0,P,B,N,N,01,2,NJ 33,W,33,,00000033__,20.00,02,,01,04,02,01,03,01,03,01,,,,,,,,40,,26,40.261890,74.416520,N,,8168
20201332C060-2020-00188A,MONMOUTH,MILLSTONE TWP,02/02/2020,SU,1909,02,NEW JERSEY STATE POLICE,HAMILTON-SUB -,0,0,0,0,P,B,N,N,11,1,MILLSTONE RD,N,,,13321017__,2.38,07,,02,05,02,02,05,02,05,01,500,FE,S,PINEHILL RD,,,,40,,46,40.225350,74.429900,N,15' guardrail damage,8375
20201332C060-2020-00193A,MONMOUTH,MILLSTONE TWP,02/03/2020,MO,1557,02,NEW JERSEY STATE POLICE,HAMILTON-SUB -,0,0,0,0,P,B,N,N,12,1,ROUTE 524,W,524,,00000524__,19.20,05,,02,04,02,01,01,01,05,01,,,,,,,,45,,24,40.201080,74.374440,N,Verizon  8 Princeton Hightstown Rd. Unit B East Windsor 08512 /Utility Pole,8272
20201332C060-2020-00218A,MONMOUTH,MILLSTONE TWP,02/10/2020,MO,0645,02,NEW JERSEY STATE POLICE,HAMILTON-SUB -,0,0,0,0,P,B,N,N,01,2,ROUTE 537,E,537,,00000537__,42.22,05,,01,04,02,01,01,01,05,01,50,FE,E,ROUTE 526 / TRENTON-LAKEWOOD RD,,,,50,50,26,40.259870,74.124570,N,,8182
20201332C060-2020-00227A,MONMOUTH,MILLSTONE TWP,02/11/2020,TU,1231,02,NEW JERSEY STATE POLICE,HAMILTON-SUB -,0,0,0,0,P,B,N,N,02,2,ROUTE 537,W,537,,00000537__,40.40,05,,01,04,02,02,01,02,05,01,,,,,,,,50,,26,40.147870,74.441720,N,,8360
20201332C060-2020-00236A,MONMOUTH,MILLSTONE TWP,02/13/2020,TH,1814,02,NEW JERSEY STATE POLICE,HAMILTON-SUB -,0,3,0,0,I,B,N,N,01,2,NJ 33,E,33,,00000033__,20.50,02,,01,04,02,02,07,01,03,01,,,,,,,,55,,26,40.258590,74.398530,N,,8035
20201332C060-2020-00237A,MONMOUTH,MILLSTONE TWP,02/13/2020,TH,1804,02,NEW JERSEY STATE POLICE,HAMILTON-SUB -,0,0,0,0,P,B,N,N,03,2,CHERYL LN **,E,,,13321114__,.00,07,,01,04,02,01,05,01,05,01,5,FE,S,ROUTE 524,,,,25,50,26,40.185700,74.459650,N,,7865
20201332C060-2020-00241A,MONMOUTH,MILLSTONE TWP,02/14/2020,FR,1733,02,NEW JERSEY STATE POLICE,HAMILTON-SUB -,0,0,0,0,P,B,N,N,01,2,ROUTE 526,E,526,,00000526__,18.91,05,,01,04,02,02,06,02,05,01,2640,FE,S,ROUTE 571 / MILLSTONE RD,,,,45,45,26,40.968540,74.968540,N,,8165
20201332C060-2020-00244A,MONMOUTH,MILLSTONE TWP,02/17/2020,MO,1539,02,NEW JERSEY STATE POLICE,HAMILTON-SUB -,0,2,0,0,I,I,N,N,03,2,MONMOUTH COUNTY 1,S,1,,13000001__,5.98,05,,01,04,02,01,01,01,05,01,,AT,,REID LN,,,,50,25,26,40.227520,74.378080,N,,8280
20201332C060-2020-00252A,MONMOUTH,MILLSTONE TWP,02/19/2020,WE,0739,02,NEW JERSEY STATE POLICE,HAMILTON-SUB -,0,0,0,0,P,B,N,N,11,1,ROUTE 537,W,537,,00000537__,41.50,05,,01,05,02,01,01,01,01,01,,,,,,,,50,,46,40.158360,74.426700,N,,8360
20201332C060-2020-00255A,MONMOUTH,MILLSTONE TWP,02/19/2020,WE,1906,02,NEW JERSEY STATE POLICE,HAMILTON-SUB -,0,0,0,0,P,B,N,N,12,1,MONMOUTH COUNTY 1,W,1,,13000001__,4.40,05,,01,04,02,01,06,01,05,01,500,FE,W,STILLHOUSE RD,,,,50,50,24,40.345160,74.158840,N,,8342
20201332C060-2020-00258A,MONMOUTH,MILLSTONE TWP,02/20/2020,TH,2124,02,NEW JERSEY STATE POLICE,HAMILTON-SUB -,0,2,0,0,I,B,N,N,06,2,NJ 33,W,33,,00000033__,20.50,02,,01,04,02,01,06,01,03,01,,,,,,,,55,,28,40.431350,74.876410,N,,8342
20201332C060-2020-00266A,MONMOUTH,MILLSTONE TWP,02/22/2020,SA,1212,02,NEW JERSEY STATE POLICE,HAMILTON-SUB -,0,0,0,0,P,I,N,N,03,2,STILLHOUSE RD **,,,,13321020__,1.50,07,,01,04,02,01,01,01,05,01,,AT,,SWEETMANS LN,,,,50,35,26,40.218080,74.399870,N,,8117
20201332C060-2020-00272A,MONMOUTH,MILLSTONE TWP,02/24/2020,MO,2148,02,NEW JERSEY STATE POLICE,HAMILTON-SUB -,0,1,0,1,I,B,N,N,13,2,ROUTE 571,S,571,,00000571__,25.40,05,,02,06,02,01,05,01,05,01,,,,,,,,45,,22,40.585780,74.586820,N,,8309
20201332C060-2020-00282A,MONMOUTH,MILLSTONE TWP,02/27/2020,TH,0721,02,NEW JERSEY STATE POLICE,HAMILTON-SUB -,0,0,0,0,P,B,N,N,01,2,CONOVER RD **,N,,,13321047__,1.24,07,,01,04,02,01,01,01,05,01,,,,NJ 33,,,,25,55,26,40.258900,74.400840,N,,8187
20201332C060-2020-00295A,MONMOUTH,MILLSTONE TWP,03/03/2020,TU,1640,02,NEW JERSEY STATE POLICE,HAMILTON-SUB -,0,2,0,0,I,B,N,N,03,3,ROUTE 527,S,527,,00000527__,22.52,05,,01,04,02,01,02,01,05,01,,,,,,,,50,,26,40.209570,74.354440,N,,8168
20201332C060-2020-00304A,MONMOUTH,MILLSTONE TWP,03/05/2020,TH,1618,02,NEW JERSEY STATE POLICE,HAMILTON-SUB -,0,0,0,0,P,B,N,N,01,2,NJ 33,E,33,,00000033__,21.10,02,,01,04,02,01,01,01,03,01,,,,ROUTE 527 ALT / IRON ORE RD / WOODV,,,,55,,26,40.789650,74.789650,N,,8165
20201332C060-2020-00306A,MONMOUTH,MILLSTONE TWP,02/27/2020,TH,0924,02,NEW JERSEY STATE POLICE,HAMILTON-SUB -,0,0,0,0,P,B,N,N,15,1,MILLSTONE RD,S,,,13321017__,5.55,07,,01,04,02,01,01,01,05,01,100,FE,N,ROUTE 524 / PAINT ISLAND SPRING RD,,,,40,50,39,40.194120,74.430220,N,,8198
20201332C060-2020-00308A,MONMOUTH,MILLSTONE TWP,03/06/2020,FR,1727,02,NEW JERSEY STATE POLICE,HAMILTON-SUB -,0,0,0,0,P,B,N,N,11,1,ROUTE 524,W,524,,00000524__,15.26,05,,03,04,02,02,06,02,05,01,100,FE,W,RED VALLEY RD / SPRING RD,,,,35,25,52,40.194370,74.445780,N,Verizon Utility Pole # 203-225,8187
20201332C060-2020-00309A,MONMOUTH,MILLSTONE TWP,03/07/2020,SA,0418,02,NEW JERSEY STATE POLICE,HAMILTON-SUB -,0,1,0,0,I,B,N,N,11,1,ROUTE 539,N,539,,00000539__,48.00,05,,02,04,02,01,05,01,05,01,,,,,,,,50,,52,40.207560,74.548570,N,Verizon utility pole #BT96.,8198
20201332C060-2020-00318A,MONMOUTH,MILLSTONE TWP,03/09/2020,MO,0849,02,NEW JERSEY STATE POLICE,HAMILTON-SUB -,0,0,0,0,P,B,N,N,01,2,NJ 33,W,33,,00000033__,19.20,02,,01,04,02,01,01,01,03,01,,,,,,,,55,,26,40.262200,74.431630,N,,8368
20201332C060-2020-00321A,MONMOUTH,MILLSTONE TWP,03/09/2020,MO,1434,02,NEW JERSEY STATE POLICE,HAMILTON-SUB -,0,0,0,0,P,B,N,N,01,2,NJ 33,E,33,,00000033__,19.70,02,,01,04,02,01,01,01,03,01,,,,MILLSTONE RD,,,,55,55,26,40.261720,74.416940,N,,8349
20201332C060-2020-00324A,MONMOUTH,MILLSTONE TWP,03/02/2020,MO,0732,02,NEW JERSEY STATE POLICE,HAMILTON-SUB -,0,0,0,0,P,B,N,N,06,2,15 BROOKSIDE RD,N,,,,,09,,01,04,05,01,01,01,05,01,,,,,,,,5,,26,40.178060,74.407360,N,,8113
20201332C060-2020-00325A,MONMOUTH,MILLSTONE TWP,03/09/2020,MO,2132,02,NEW JERSEY STATE POLICE,HAMILTON-SUB -,0,2,0,0,I,B,Y,N,04,2,NJ 33,W,33,,00000033__,21.10,02,,01,04,02,01,06,01,03,01,,,,,,,,50,,26,40.968540,74.968540,N,,8165
20201332C060-2020-00328A,MONMOUTH,MILLSTONE TWP,03/10/2020,TU,0620,02,NEW JERSEY STATE POLICE,HAMILTON-SUB -,0,1,0,0,I,B,N,N,11,1,ROUTE 524,E,524,,00000524__,14.70,05,,01,04,02,01,02,01,05,01,,,,,,,,45,,52,40.192800,74.448300,N,UTILITY POLE BT106,8368
20201332C060-2020-00330A,MONMOUTH,MILLSTONE TWP,03/09/2020,MO,2028,02,NEW JERSEY STATE POLICE,HAMILTON-SUB -,0,1,0,0,I,B,N,N,12,1,ROUTE 571,E,571,,00000571__,30.60,05,,01,04,02,01,05,01,05,01,100,FE,N,CR 1 / WINDSOR RD,,,,45,35,24,40.133500,74.254380,N,,8287
20201332C060-2020-00331A,MONMOUTH,MILLSTONE TWP,03/10/2020,TU,1159,02,NEW JERSEY STATE POLICE,HAMILTON-SUB -,0,0,0,0,P,B,N,N,02,2,ROUTE 537,E,537,,00000537__,42.50,05,,01,04,02,02,01,01,05,01,,,,,,,,50,,26,40.169180,74.412690,N,,8368
20201332C060-2020-00334A,MONMOUTH,MILLSTONE TWP,03/12/2020,TH,1454,02,NEW JERSEY STATE POLICE,HAMILTON-SUB -,0,0,0,0,P,B,N,N,,2,BAIRD RD / LAMB LN,E,,,13321040__,1.17,07,,01,04,02,01,01,01,05,01,100,FE,W,MIDDLESTONE RD,,,,35,40,26,40.240180,74.422690,N,,8252
20201332C060-2020-00336A,MONMOUTH,MILLSTONE TWP,03/13/2020,FR,0806,02,NEW JERSEY STATE POLICE,HAMILTON-SUB -,0,0,0,0,P,B,N,N,11,1,I-195,E,195,,00000195__,14.40,01,,01,04,02,02,01,02,01,01,,,,,,,,65,,46,40.174000,74.463180,N,Approx. 30' of guardrail damage,8375
20201332C060-2020-00364A,MONMOUTH,MILLSTONE TWP,03/23/2020,MO,1337,02,NEW JERSEY STATE POLICE,HAMILTON-SUB -,0,0,0,0,P,B,N,N,11,1,I-195,E,195,,00000195__,14.40,01,,01,04,02,02,01,02,01,01,,,,,,,,65,,46,40.174000,74.463180,N,NJDOT Guardrail face. 1035 Parkway Ave  Ewing NJ. 08618,8350
20201332C060-2020-00376A,MONMOUTH,MILLSTONE TWP,03/27/2020,FR,1307,02,NEW JERSEY STATE POLICE,HAMILTON-SUB -,0,0,0,0,P,B,N,N,02,2,ROUTE 537,W,537,,00000537__,41.70,05,,01,04,02,01,01,01,05,01,,,,,F,I-195,WB,50,,26,40.201500,74.429100,N,,7960
20201332C060-2020-00379A,MONMOUTH,MILLSTONE TWP,03/28/2020,SA,1920,02,NEW JERSEY STATE POLICE,HAMILTON-SUB -,0,0,0,0,P,B,N,N,01,2,MILLSTONE RD,,,,13321017__,3.54,07,,01,04,02,02,06,02,05,01,50,FE,N,LEONARD LN,,,,35,35,26,40.200110,74.424550,N,,7666
20201332C060-2020-00381A,MONMOUTH,MILLSTONE TWP,03/28/2020,SA,2006,02,NEW JERSEY STATE POLICE,HAMILTON-SUB -,0,0,0,0,P,I,N,N,03,3,ROUTE 537,W,537,,00000537__,42.00,05,,01,04,02,02,06,02,05,01,,AT,,ROUTE 526 / TRENTON-LAKEWOOD RD,,,,50,40,26,40.261350,74.413530,N,,8168