Year(4)-CountyCode(2)-MunicipalityCode(2)-CaseNumber(9),County Name,Municipality Name,Crash Date,Crash Day of Week,Crash Time,Police Department Code,Police Department,Police Station,Total Killed,Total Injured,Pedestrians Killed,Pedestrians Injured,Severity,Intersection,Alcohol Involved,Hazmat Involved,Crash Type,Total Vehicles,Location,Location Direction,Route,Route Suffix,Std Rte Identifier,MilePost,Road System,Road Character,Road Horizontal Alignment,Road Grade,Road Surface Type,Surface Condition,Light Condition,Environmental Condition,Road Divided By,Temporary Traffic Control Zone,Distance To Cross Street,Unit Of Measurement,Direction From Cross Street,Cross Street Name,Is Ramp,Ramp To/From Route Name,Ramp To/From Route Direction,Posted Speed,Posted Speed Cross Street,First Harmful Event,Latitude,Longitude,Cell Phone In Use Flag,Other Property Damage,Reporting Badge No.
20201332C060-2020-00824A,MONMOUTH,MILLSTONE TWP,08/08/2020,SA,1235,02,NEW JERSEY STATE POLICE,HAMILTON-SUB -,0,0,0,0,P,B,N,N,02,2,MONMOUTH COUNTY 1,W,1,,13000001__,.90,05,,01,04,02,01,01,01,05,01,,,,,,,,50,,26,40.235710,74.446950,N,,8293
20201332C060-2020-00826A,MONMOUTH,MILLSTONE TWP,08/08/2020,SA,2103,02,NEW JERSEY STATE POLICE,HAMILTON-SUB -,0,0,0,0,P,B,N,N,11,1,ROUTE 537,E,537,,00000537__,44.27,05,,01,04,02,01,06,01,05,01,50,FE,E,BLUEBERRY HILL RD / PAINT ISLAND SP,,,,50,25,52,40.185510,74.387950,N,JCP&L 880 Pinewald Keswick Rd. Manchester Twp.  NJ 08759 / Utility Pole #J,8304
20201332C060-2020-00827A,MONMOUTH,MILLSTONE TWP,08/09/2020,SU,1432,02,NEW JERSEY STATE POLICE,HAMILTON-SUB -,0,1,0,0,I,B,N,N,10,1,ROUTE 537,S,537,,00000537__,42.23,05,,01,04,02,01,01,01,04,01,100,FE,E,ROUTE 526 / TRENTON-LAKEWOOD RD,,,,40,45,11,40.165500,74.416700,N,,8301
20201332C060-2020-00830A,MONMOUTH,MILLSTONE TWP,08/10/2020,MO,1859,02,NEW JERSEY STATE POLICE,HAMILTON-SUB -,0,1,0,0,I,I,N,N,03,2,ROUTE 524,E,524,,00000524__,15.80,05,,01,04,02,01,01,01,05,01,,AT,,ROUTE 571/PAINT ISLAND/PERRINEVILLE,,,,40,40,26,40.190840,74.430370,N,,8293
20201332C060-2020-00850A,MONMOUTH,MILLSTONE TWP,08/14/2020,FR,1833,02,NEW JERSEY STATE POLICE,HAMILTON-SUB -,0,2,0,0,I,B,N,N,04,2,ROUTE 527 ALTERNATE,S,527,A,00000527A_,2.25,05,,01,04,02,01,01,01,03,01,20,FE,S,NJ 33,,,,45,55,26,40.645870,74.688740,N,,8371
20201332C060-2020-00865A,MONMOUTH,MILLSTONE TWP,08/18/2020,TU,1223,02,NEW JERSEY STATE POLICE,HAMILTON-SUB -,0,0,0,0,P,I,N,N,01,2,NJ 33,W,33,,00000033__,19.00,02,,01,04,02,01,01,01,03,01,,AT,,PERRINEVILLE RD / PRODELIN WAY,,,,50,45,26,40.261710,74.436530,N,,8182
20201332C060-2020-00867A,MONMOUTH,MILLSTONE TWP,08/18/2020,TU,1657,02,NEW JERSEY STATE POLICE,HAMILTON-SUB -,0,0,0,0,P,B,N,N,02,2,SCOTTO FARM RD **,S,,,13321210__,.10,07,,01,04,02,01,01,01,05,01,528,FE,N,BAIRD RD,,,,15,45,26,40.237710,74.431550,N,,8117
20201332C060-2020-00871A,MONMOUTH,MILLSTONE TWP,08/19/2020,WE,1022,02,NEW JERSEY STATE POLICE,HAMILTON-SUB -,0,0,0,0,P,B,N,N,02,2,NJ 33,W,33,,00000033__,19.60,02,,01,04,02,01,01,01,01,01,,,,,,,,55,,26,40.262200,74.420390,N,,8247
20201332C060-2020-00881A,MONMOUTH,MILLSTONE TWP,08/21/2020,FR,1435,02,NEW JERSEY STATE POLICE,HAMILTON-SUB -,0,0,0,0,P,B,N,N,05,2,ROUTE 537,W,537,,00000537__,42.21,05,,01,04,02,01,01,01,05,01,20,FE,W,ROUTE 526 / TRENTON-LAKEWOOD RD,,,,50,45,26,40.262620,74.154870,N,,8182
20201332C060-2020-00883A,MONMOUTH,MILLSTONE TWP,08/21/2020,FR,1722,02,NEW JERSEY STATE POLICE,HAMILTON-SUB -,0,0,0,0,P,B,N,N,01,2,MILLSTONE RD,S,,,13321017__,1.24,07,,01,04,02,01,01,01,05,01,500,FE,S,VALLEY DR,,,,40,25,26,40.200560,74.427580,N,,8301
20201332C060-2020-00888A,MONMOUTH,MILLSTONE TWP,08/22/2020,SA,1728,02,NEW JERSEY STATE POLICE,HAMILTON-SUB -,0,0,0,0,P,B,N,N,12,1,ROUTE 571,N,571,,00000571__,26.82,05,,01,04,02,01,01,01,05,01,500,FE,S,AGRESS RD,,,,40,40,24,40.206530,74.458100,N,,8301
20201332C060-2020-00891A,MONMOUTH,MILLSTONE TWP,08/23/2020,SU,1425,02,NEW JERSEY STATE POLICE,HAMILTON-SUB -,0,0,0,0,P,B,N,N,12,1,I-195,E,195,,00000195__,15.00,01,,01,04,02,01,01,05,03,01,,,,,,,,65,,24,40.172290,74.452050,N,,8157
20201332C060-2020-00894A,MONMOUTH,MILLSTONE TWP,08/24/2020,MO,0830,02,NEW JERSEY STATE POLICE,HAMILTON-SUB -,0,0,0,0,P,B,N,N,01,2,ROUTE 537,W,537,,00000537__,42.20,05,,01,04,02,01,01,01,05,01,,,,,,,,50,,26,40.165660,74.416300,N,,8275
20201332C060-2020-00899A,MONMOUTH,MILLSTONE TWP,08/25/2020,TU,1137,02,NEW JERSEY STATE POLICE,HAMILTON-SUB -,0,1,0,0,I,B,N,N,11,1,BAIRD RD / LAMB LN,E,,,13321040__,2.93,07,,01,04,02,01,01,01,05,01,100,FE,W,WAGNER FARM LN,,,,40,25,60,40.241420,74.389650,N,,7861
20201332C060-2020-00904A,MONMOUTH,MILLSTONE TWP,08/26/2020,WE,1201,02,NEW JERSEY STATE POLICE,HAMILTON-SUB -,0,0,0,0,P,B,N,N,02,2,ROUTE 524,E,524,,00000524__,14.70,05,,01,04,02,01,01,01,05,01,,,,ROUTE 571 / RISING SUN TAVERN RD,,,,40,40,26,40.258590,74.258940,N,,8182
20201332C060-2020-00920A,MONMOUTH,MILLSTONE TWP,08/29/2020,SA,1354,02,NEW JERSEY STATE POLICE,HAMILTON-SUB -,0,6,0,0,I,B,N,N,01,4,ROUTE 571,S,571,,00000571__,25.00,05,,01,04,02,01,01,01,04,01,10,FE,S,KIMBERLY CT,,,,40,,26,40.183810,74.430890,N,,8371
20201332C060-2020-00929A,MONMOUTH,MILLSTONE TWP,08/30/2020,SU,2031,02,NEW JERSEY STATE POLICE,HAMILTON-SUB -,0,1,0,0,I,B,N,N,03,2,ROUTE 524,W,524,,00000524__,15.80,05,,01,04,02,01,03,01,05,01,,,,,,,,45,,26,40.190880,74.430320,N,,8168
20201332C060-2020-00950A,MONMOUTH,MILLSTONE TWP,09/09/2020,WE,1313,02,NEW JERSEY STATE POLICE,HAMILTON-SUB -,0,0,0,0,P,B,N,N,08,2,MONTGOMERY DR,S,,,,,07,,01,04,02,01,01,01,05,01,500,FE,N,CHARLESTON SPRING ROAD,,,,25,45,26,40.204940,74.379560,N,,8345
20201332C060-2020-00953A,MONMOUTH,MILLSTONE TWP,09/10/2020,TH,0704,02,NEW JERSEY STATE POLICE,HAMILTON-SUB -,0,0,0,0,P,B,N,N,01,2,ROUTE 527 ALTERNATE,N,527,A,00000527A_,2.25,05,,01,04,02,02,01,02,04,01,15,FE,S,NJ 33,,,,45,55,26,40.258140,74.396110,N,,8206
20201332C060-2020-00955A,MONMOUTH,MILLSTONE TWP,09/10/2020,TH,0913,02,NEW JERSEY STATE POLICE,HAMILTON-SUB -,0,0,0,0,P,B,N,N,11,1,ROUTE 527,N,527,,00000527__,23.20,05,,03,05,02,02,01,01,05,01,,,,,,,,45,,60,40.220280,74.361670,N,,8345
20201332C060-2020-00956A,MONMOUTH,MILLSTONE TWP,09/10/2020,TH,0926,02,NEW JERSEY STATE POLICE,HAMILTON-SUB -,0,0,0,0,P,B,N,N,01,2,ROUTE 527 ALTERNATE,S,527,A,00000527A_,2.25,05,,01,04,02,02,01,02,04,01,15,FE,S,NJ 33,,,,45,55,26,40.201500,74.429100,N,,8206
20201332C060-2020-00962A,MONMOUTH,MILLSTONE TWP,09/11/2020,FR,1618,02,NEW JERSEY STATE POLICE,HAMILTON-SUB -,0,2,0,0,I,B,N,N,04,2,ROUTE 537,W,537,,00000537__,42.00,05,,01,04,02,01,01,01,05,01,,,,BURNT TAVERN ANDERSON RD,,,,50,35,26,40.161860,74.421710,N,,8249
20201332C060-2020-00977A,MONMOUTH,MILLSTONE TWP,09/15/2020,TU,2109,02,NEW JERSEY STATE POLICE,HAMILTON-SUB -,0,0,0,0,P,B,N,N,11,1,ROUTE 524,E,524,,00000524__,15.40,05,,01,04,02,01,07,01,05,01,,,,,,,,40,,52,40.204520,74.362850,N,UTILITY POLE #228;JCP&L ;880 Pinewald Keswick Road ;Manchester  NJ 08759,7865
20201332C060-2020-00985A,MONMOUTH,MILLSTONE TWP,09/19/2020,SA,0959,02,NEW JERSEY STATE POLICE,HAMILTON-SUB -,0,1,0,0,I,B,N,N,14,1,ROUTE 524,W,524,,00000524__,15.30,05,,02,06,02,01,01,01,05,01,,,,CLARKSBURG RD,,,,45,25,21,40.187030,74.430100,N,,8157
20201332C060-2020-00997A,MONMOUTH,MILLSTONE TWP,09/21/2020,MO,2219,02,NEW JERSEY STATE POLICE,HAMILTON-SUB -,0,0,0,0,P,B,N,N,01,2,ROUTE 526,E,526,,00000526__,19.57,05,,01,04,02,01,05,01,05,01,,,,BURNT TAVERN RD,,,,45,25,26,40.170890,74.421550,N,,7838
20201332C060-2020-01005A,MONMOUTH,MILLSTONE TWP,09/24/2020,TH,1542,02,NEW JERSEY STATE POLICE,HAMILTON-SUB -,0,0,0,0,P,B,N,N,01,2,NJ 33,W,33,,00000033__,19.80,02,,01,04,02,01,01,01,03,01,,,,,,,,55,,26,40.262030,74.419940,N,,8194
20201332C060-2020-01008A,MONMOUTH,MILLSTONE TWP,09/25/2020,FR,2037,02,NEW JERSEY STATE POLICE,HAMILTON-SUB -,0,1,0,0,I,B,N,N,01,2,RED VALLEY RD **,N,,,13321029__,.86,07,,01,04,02,01,05,01,04,01,100,FE,S,YELLOW MEETING HOUSE RD,,,,45,45,26,40.201500,74.429100,N,,8184
20201332C060-2020-01017A,MONMOUTH,MILLSTONE TWP,09/28/2020,MO,,02,NEW JERSEY STATE POLICE,HAMILTON-SUB -,0,0,0,0,P,B,N,N,12,1,I-195,E,195,,00000195__,16.00,01,,01,04,02,02,06,02,01,01,,,,,,,,65,,25,40.164260,74.436560,N,,7838
20201332C060-2020-01028A,MONMOUTH,MILLSTONE TWP,10/01/2020,TH,1953,02,NEW JERSEY STATE POLICE,HAMILTON-SUB -,0,2,0,0,I,B,N,N,01,2,ROUTE 527 ALTERNATE,S,527,A,00000527A_,2.25,05,,01,04,02,01,06,01,05,01,,,,NJ 33,,,,45,,26,40.258000,74.396300,N,,7654
20201332C060-2020-01035A,MONMOUTH,MILLSTONE TWP,10/03/2020,SA,1000,02,NEW JERSEY STATE POLICE,HAMILTON-SUB -,0,1,0,0,I,B,N,N,11,1,PATTERSON LN **,W,,,13321177__,.00,07,,01,04,02,01,01,01,05,01,10,FE,E,ROUTE 571,,,,25,45,60,40.174070,74.422980,N,,8419
20201332C060-2020-01036A,MONMOUTH,MILLSTONE TWP,10/03/2020,SA,1522,02,NEW JERSEY STATE POLICE,HAMILTON-SUB -,0,0,0,0,P,B,N,N,12,1,PRODELIN WAY **,N,,,13321009__,.62,07,,01,04,02,01,01,01,05,01,300,FE,N,HINEKE WAY,,,,40,40,24,40.243470,74.441750,N,,7727
20201332C060-2020-01038A,MONMOUTH,MILLSTONE TWP,10/02/2020,FR,1704,02,NEW JERSEY STATE POLICE,HAMILTON-SUB -,0,0,0,0,P,I,N,N,01,2,DUGANS GROVE RD **,S,,,13321012__,.00,07,,01,04,02,01,01,01,05,01,,AT,,NJ 33,,,,35,65,26,40.260630,74.409530,N,,8304
20201332C060-2020-01042A,MONMOUTH,MILLSTONE TWP,10/04/2020,SU,0841,02,NEW JERSEY STATE POLICE,HAMILTON-SUB -,0,0,0,0,P,B,N,N,03,2,STILLHOUSE RD **,S,,,13321020__,2.91,07,,01,04,02,01,01,01,05,01,,,,STAGE COACH RD,,,,35,50,26,40.201990,74.392410,N,,8540
20201332C060-2020-01043A,MONMOUTH,MILLSTONE TWP,10/04/2020,SU,1507,02,NEW JERSEY STATE POLICE,HAMILTON-SUB -,0,0,0,0,P,B,N,N,01,2,ROUTE 537,W,537,,00000537__,41.38,05,,01,04,02,01,01,01,01,01,,,,PINE DR,,,,40,25,26,40.157620,74.427820,N,,8301
20201332C060-2020-01044A,MONMOUTH,MILLSTONE TWP,10/04/2020,SU,1925,02,NEW JERSEY STATE POLICE,HAMILTON-SUB -,0,0,0,0,P,B,N,N,12,1,ROUTE 524,E,524,,00000524__,15.30,05,,03,05,02,01,05,01,05,01,,,,,,,,,,24,40.194300,74.445500,N,,8486
20201332C060-2020-01049A,MONMOUTH,MILLSTONE TWP,10/06/2020,TU,1616,02,NEW JERSEY STATE POLICE,HAMILTON-SUB -,0,0,0,0,P,B,N,N,12,1,ROUTE 537,W,537,,00000537__,45.50,05,,01,04,02,01,01,01,05,01,,,,,,,,50,,24,40.201140,74.365680,N,,8247
20201332C060-2020-01050A,MONMOUTH,MILLSTONE TWP,10/07/2020,WE,0454,02,NEW JERSEY STATE POLICE,HAMILTON-SUB -,0,0,0,0,P,B,N,N,12,1,ROBERTS RD,N,,,,,07,,01,04,02,01,05,01,05,01,100,FE,S,SMITHBURG RD,,,,40,40,24,40.235950,74.389120,N,,8206
20201332C060-2020-01053A,MONMOUTH,MILLSTONE TWP,10/07/2020,WE,2204,02,NEW JERSEY STATE POLICE,HAMILTON-SUB -,0,0,0,0,P,B,N,N,12,1,NJ 33,W,33,,00000033__,21.00,02,,01,04,02,01,05,01,03,01,,,,,,,,55,,24,40.259360,74.401800,N,,7874
20201332C060-2020-01058A,MONMOUTH,MILLSTONE TWP,10/08/2020,TH,1418,02,NEW JERSEY STATE POLICE,HAMILTON-SUB -,0,0,0,0,P,B,N,N,02,2,NJ 33,W,33,,00000033__,19.20,02,,01,04,02,01,01,01,03,01,,,,,,,,55,,26,40.246120,74.439300,N,,8198
20201332C060-2020-01061A,MONMOUTH,MILLSTONE TWP,10/09/2020,FR,1755,02,NEW JERSEY STATE POLICE,HAMILTON-SUB -,0,0,0,0,P,B,N,N,08,2,4 RED VALLEY RD,,,,,,09,,01,04,02,01,03,01,05,01,,,,,,,,,,26,40.179430,74.446090,N,,8477
20201332C060-2020-01063A,MONMOUTH,MILLSTONE TWP,10/09/2020,FR,2314,02,NEW JERSEY STATE POLICE,HAMILTON-SUB -,0,0,0,0,P,B,N,N,03,2,ROUTE 527,S,527,,00000527__,22.44,05,,01,04,02,01,05,01,05,01,20,FE,N,ROUTE 524 / ROUTE 547,,,,50,50,26,40.208910,74.353430,N,,8371
20201332C060-2020-01067A,MONMOUTH,MILLSTONE TWP,10/11/2020,SU,1117,02,NEW JERSEY STATE POLICE,HAMILTON-SUB -,0,0,0,0,P,B,N,N,05,2,ROUTE 524,E,524,,00000524__,13.70,05,,03,04,02,01,01,01,05,01,,,,,,,,50,,26,40.189670,74.459730,N,,7738
20201332C060-2020-01068A,MONMOUTH,MILLSTONE TWP,10/11/2020,SU,1424,02,NEW JERSEY STATE POLICE,HAMILTON-SUB -,0,0,0,0,P,B,N,N,02,2,ROUTE 571,S,571,,00000571__,25.00,05,,01,04,02,01,01,01,05,01,,,,,,,,45,,26,40.188250,74.428970,N,Streak mark damage to grass on front lawn of 380 Millstone Road.,8168
20201332C060-2020-01069A,MONMOUTH,MILLSTONE TWP,10/11/2020,SU,1359,02,NEW JERSEY STATE POLICE,HAMILTON-SUB -,0,0,0,0,P,B,N,N,11,1,ROUTE 537,W,537,,00000537__,42.82,05,,01,04,02,01,01,01,04,01,300,FE,E,BROOKSIDE RD / SQUAN RD / WRIGHT-DE,,,,50,25,60,,,N,,8184
20201332C060-2020-01070A,MONMOUTH,MILLSTONE TWP,10/11/2020,SU,2040,02,NEW JERSEY STATE POLICE,HAMILTON-SUB -,0,0,0,0,P,B,N,N,06,2,NJ 33,W,33,,00000033__,19.50,02,,01,04,02,02,05,02,03,01,,,,,,,,55,,26,40.262610,74.425910,N,,8347
20201332C060-2020-01079A,MONMOUTH,MILLSTONE TWP,10/13/2020,TU,1548,02,NEW JERSEY STATE POLICE,HAMILTON-SUB -,0,0,0,0,P,B,Y,N,11,1,I-195,E,195,,00000195__,14.60,01,,01,04,02,01,01,01,03,01,,,,,,,,65,,50,40.173430,74.459470,N,,8157
20201332C060-2020-01083A,MONMOUTH,MILLSTONE TWP,10/14/2020,WE,0747,02,NEW JERSEY STATE POLICE,HAMILTON-SUB -,0,2,0,0,I,B,N,N,01,2,ROUTE 571,N,571,,00000571__,24.91,05,,01,04,02,01,01,01,04,01,500,FE,S,KIMBERLY CT,,,,45,25,26,40.178960,74.427080,N,,7838
20201332C060-2020-01086A,MONMOUTH,MILLSTONE TWP,10/14/2020,WE,2310,02,NEW JERSEY STATE POLICE,HAMILTON-SUB -,0,0,0,0,P,B,N,N,12,1,NJ 33,W,33,,00000033__,19.20,02,,01,04,02,01,04,01,03,01,,,,,,,,55,,24,40.262170,74.431630,N,,8437
20201332C060-2020-01089A,MONMOUTH,MILLSTONE TWP,10/15/2020,TH,1456,02,NEW JERSEY STATE POLICE,HAMILTON-SUB -,0,0,0,0,P,B,N,N,06,2,516 STATE HIGHWAY 33 NA,W,,,,,09,,01,04,02,01,01,01,05,01,,,,,,,,,,28,40.261040,74.408210,N,,8113
20201332C060-2020-01098A,MONMOUTH,MILLSTONE TWP,10/16/2020,FR,1711,02,NEW JERSEY STATE POLICE,HAMILTON-SUB -,0,0,0,0,P,B,N,N,12,1,BATTLEGROUND RD,N,,,,,07,,01,04,02,02,01,02,05,01,,,,MORSE DR,,,,40,25,24,40.236590,74.471580,N,,8301
20201332C060-2020-01099A,MONMOUTH,MILLSTONE TWP,10/16/2020,FR,1139,02,NEW JERSEY STATE POLICE,HAMILTON-SUB -,0,0,0,0,P,B,N,N,02,2,NJ 33,W,33,,00000033__,20.60,02,,01,04,02,02,01,02,03,01,,,,,,,,65,,26,40.259900,74.405450,N,,8113
20201332C060-2020-01105A,MONMOUTH,MILLSTONE TWP,10/18/2020,SU,1325,02,NEW JERSEY STATE POLICE,HAMILTON-SUB -,0,0,0,0,P,B,N,N,01,2,NJ 33,W,33,,00000033__,19.10,02,,01,04,02,01,01,01,03,01,,,,,,,,55,,26,40.262030,74.433490,N,,7874
20201332C060-2020-01106A,MONMOUTH,MILLSTONE TWP,10/18/2020,SU,1455,02,NEW JERSEY STATE POLICE,HAMILTON-SUB -,0,0,0,0,P,B,N,N,01,2,ROUTE 537,W,537,,00000537__,41.40,05,,01,04,02,01,01,01,01,01,,,,,,,,50,,26,40.084110,74.266860,N,,7874
20201332C060-2020-01107A,MONMOUTH,MILLSTONE TWP,10/18/2020,SU,1437,02,NEW JERSEY STATE POLICE,HAMILTON-SUB -,0,0,0,0,P,B,N,N,01,3,ROUTE 537,S,537,,00000537__,41.00,05,,01,04,02,01,01,01,01,01,,,,,,,,50,,26,40.152000,74.434900,N,,7738
20201332C060-2020-01112A,MONMOUTH,MILLSTONE TWP,10/19/2020,MO,1135,02,NEW JERSEY STATE POLICE,HAMILTON-SUB -,0,2,0,0,I,I,N,N,02,2,ROUTE 571,N,571,,00000571__,25.63,05,,01,04,02,01,01,01,05,01,,AT,,ROUTE 524 / CLARKSBURG RD / PAINT I,,,,45,50,26,40.190880,74.430320,N,,8477
20201332C060-2020-01117A,MONMOUTH,MILLSTONE TWP,10/19/2020,MO,1830,02,NEW JERSEY STATE POLICE,HAMILTON-SUB -,0,1,0,0,I,B,N,N,03,2,ROUTE 571,E,571,,00000571__,26.73,05,,01,04,02,01,04,01,05,01,,,,ROUTE 524,,,,50,50,26,40.201500,74.123100,N,,8249
20201332C060-2020-01135A,MONMOUTH,MILLSTONE TWP,10/23/2020,FR,1644,02,NEW JERSEY STATE POLICE,HAMILTON-SUB -,0,0,0,0,P,B,N,N,08,2,514 ROUTE 33 NA,W,,,,,09,,01,04,02,01,01,01,05,01,,,,,,,,5,,28,40.260230,74.407290,N,,8275
20201332C060-2020-01137A,MONMOUTH,MILLSTONE TWP,10/23/2020,FR,2345,02,NEW JERSEY STATE POLICE,HAMILTON-SUB -,0,0,0,0,P,B,N,N,12,1,I-195,W,195,,00000195__,14.40,01,,01,04,02,01,06,01,01,01,,,,,,,,65,,24,40.174400,74.463350,N,,7838
20201332C060-2020-01143A,MONMOUTH,MILLSTONE TWP,10/24/2020,SA,1620,02,NEW JERSEY STATE POLICE,HAMILTON-SUB -,0,4,0,0,I,B,N,N,03,2,NJ 33,E,33,,00000033__,21.00,02,,01,04,02,01,01,01,02,01,,,,CONOVER RD,,,,55,25,26,,,N,,8452
20201332C060-2020-01144A,MONMOUTH,MILLSTONE TWP,10/24/2020,SA,2019,02,NEW JERSEY STATE POLICE,HAMILTON-SUB -,0,0,0,0,P,B,N,N,12,1,NJ 33,E,33,,00000033__,20.00,02,,01,04,02,01,06,01,03,01,,,,,,,,55,,24,40.259700,74.405280,N,,8501
20201332C060-2020-01151A,MONMOUTH,MILLSTONE TWP,10/26/2020,MO,1318,02,NEW JERSEY STATE POLICE,HAMILTON-SUB -,0,1,0,0,I,B,N,N,11,1,NJ 33,E,33,,00000033__,21.00,02,,01,04,02,02,01,02,03,01,,,,,,,,50,,56,40.258540,74.399100,N,,7865
20201332C060-2020-01172A,MONMOUTH,MILLSTONE TWP,10/29/2020,TH,1806,02,NEW JERSEY STATE POLICE,HAMILTON-SUB -,0,0,0,0,P,B,N,N,12,1,ROUTE 526,E,526,,00000526__,19.60,05,,01,04,02,02,07,02,05,01,,,,,,,,40,,24,40.859650,74.968540,N,,8165
20201332C060-2020-01179A,MONMOUTH,MILLSTONE TWP,10/30/2020,FR,1402,02,NEW JERSEY STATE POLICE,HAMILTON-SUB -,0,0,0,0,P,B,N,N,12,1,I-195,W,195,,00000195__,14.80,01,,01,04,02,01,01,01,01,01,,,,,,,,65,,24,40.173280,74.455940,N,,8534
20201332C060-2020-01188A,MONMOUTH,MILLSTONE TWP,10/31/2020,SA,1105,02,NEW JERSEY STATE POLICE,HAMILTON-SUB -,0,0,0,0,P,B,N,N,12,1,BAIRD RD / LAMB LN,E,,,13321040__,2.96,07,,01,04,02,01,01,01,05,01,50,FE,E,WAGNER FARM LN,,,,35,25,24,40.241760,74.387580,N,,8419
20201332C060-2020-01189A,MONMOUTH,MILLSTONE TWP,10/31/2020,SA,2011,02,NEW JERSEY STATE POLICE,HAMILTON-SUB -,0,0,0,0,P,B,N,N,12,1,NJ 33,W,33,,00000033__,20.30,02,,01,04,02,01,05,01,03,01,,,,,,,,55,,24,40.260990,74.410940,N,,8464
20201332C060-2020-01194A,MONMOUTH,MILLSTONE TWP,11/01/2020,SU,1627,02,NEW JERSEY STATE POLICE,HAMILTON-SUB -,0,1,0,0,I,B,N,N,11,1,MONMOUTH COUNTY 1,W,1,,13000001__,.10,05,,01,04,02,02,03,02,05,01,,,,,,,,50,,50,40.236540,74.476220,N,A speed limit sign & county road sign  Dept of Public Works  Millstone Twp,8141
20201332C060-2020-01218A,MONMOUTH,MILLSTONE TWP,11/04/2020,WE,0639,02,NEW JERSEY STATE POLICE,HAMILTON-SUB -,0,0,0,0,P,B,N,N,12,1,NJ 33,E,33,,00000033__,20.50,02,,01,04,02,01,01,01,03,01,,,,,,,,50,,24,40.260110,74.408180,N,,8165
20201332C060-2020-01239A,MONMOUTH,MILLSTONE TWP,11/08/2020,SU,0841,02,NEW JERSEY STATE POLICE,HAMILTON-SUB -,0,0,0,0,P,B,N,N,12,1,ROUTE 527,S,527,,00000527__,,05,,01,04,02,01,01,01,05,01,,,,,,,,45,,24,40.859640,74.854290,N,,8165
20201332C060-2020-01241A,MONMOUTH,MILLSTONE TWP,11/08/2020,SU,1235,02,NEW JERSEY STATE POLICE,HAMILTON-SUB -,1,1,0,0,F,B,N,N,11,2,ROUTE 524,W,524,,00000524__,18.70,05,,01,04,02,01,01,01,05,01,,,,,,,,50,,61,40.968540,74.968540,N,Mailbox 125 CR 524 Millstone Township  Monmouth County,8165
20201332C060-2020-01243A,MONMOUTH,MILLSTONE TWP,11/08/2020,SU,0923,02,NEW JERSEY STATE POLICE,HAMILTON-SUB -,0,1,0,0,I,B,Y,N,11,1,NJ 33,E,33,,00000033__,19.50,02,,01,04,02,01,01,01,03,01,,,,,,,,50,,58,40.261720,74.416940,N,,8247
20201332C060-2020-01248A,MONMOUTH,MILLSTONE TWP,11/09/2020,MO,1830,02,NEW JERSEY STATE POLICE,HAMILTON-SUB -,0,0,0,0,P,B,N,N,12,1,WINDSOR RD,W,,,13321016__,.45,07,,01,04,02,01,05,01,05,01,50,FE,E,FELDSHER RD,,,,40,40,24,40.233290,74.495930,N,,8002
20201332C060-2020-01251A,MONMOUTH,MILLSTONE TWP,11/09/2020,MO,1654,02,NEW JERSEY STATE POLICE,HAMILTON-SUB -,0,0,0,0,P,B,N,N,05,2,ROUTE 571,W,571,,00000571__,28.00,05,,01,05,02,01,05,01,05,01,,,,,,,,50,,26,40.204340,74.453100,N,,8498
20201332C060-2020-01264A,MONMOUTH,MILLSTONE TWP,11/13/2020,FR,1410,02,NEW JERSEY STATE POLICE,HAMILTON-SUB -,0,0,0,0,P,B,N,N,12,1,MONMOUTH COUNTY 1,W,1,,13000001__,.60,05,,01,04,02,02,01,01,05,01,,,,FAIRPLAY RD,,,,50,,24,40.236620,74.464590,N,,8464
20201332C060-2020-01271A,MONMOUTH,MILLSTONE TWP,11/14/2020,SA,0749,02,NEW JERSEY STATE POLICE,HAMILTON-SUB -,0,1,0,0,I,B,N,N,04,2,ROUTE 524,W,524,,00000524__,15.80,05,,01,04,02,01,01,01,05,01,,,,ROUTE 571/PAINT ISLAND/PERRINEVILLE,,,,50,35,26,40.190880,74.430320,N,,8141
20201332C060-2020-01274A,MONMOUTH,MILLSTONE TWP,11/15/2020,SU,0535,02,NEW JERSEY STATE POLICE,HAMILTON-SUB -,0,0,0,0,P,B,N,N,12,1,ROUTE 571,N,571,,00000571__,26.73,05,,01,04,02,02,05,01,05,01,,,,OSCAR DR,,,,45,,24,40.217830,74.474520,N,,8345