Year(4)-CountyCode(2)-MunicipalityCode(2)-CaseNumber(9),County Name,Municipality Name,Crash Date,Crash Day of Week,Crash Time,Police Department Code,Police Department,Police Station,Total Killed,Total Injured,Pedestrians Killed,Pedestrians Injured,Severity,Intersection,Alcohol Involved,Hazmat Involved,Crash Type,Total Vehicles,Location,Location Direction,Route,Route Suffix,Std Rte Identifier,MilePost,Road System,Road Character,Road Horizontal Alignment,Road Grade,Road Surface Type,Surface Condition,Light Condition,Environmental Condition,Road Divided By,Temporary Traffic Control Zone,Distance To Cross Street,Unit Of Measurement,Direction From Cross Street,Cross Street Name,Is Ramp,Ramp To/From Route Name,Ramp To/From Route Direction,Posted Speed,Posted Speed Cross Street,First Harmful Event,Latitude,Longitude,Cell Phone In Use Flag,Other Property Damage,Reporting Badge No.
2020133420NT00941,MONMOUTH,NEPTUNE TWP,01/10/2020,FR,1457,01,NEPTUNE TWP PD,,0,0,0,0,P,B,N,N,01,2,PREMIUM OUTLETS BLVD **,,,,13341477__,,07,,01,04,02,01,01,01,,,20,FE,N,NJ 66,,,,25,50,26,40.221300,74.091210,N,,34211
2020133420NT00945,MONMOUTH,NEPTUNE TWP,01/10/2020,FR,1555,01,NEPTUNE TWP PD,,0,0,0,0,P,B,N,N,03,2,NJ 66,E,66,,00000066__,2.36,02,,01,04,01,01,01,01,05,01,500,FE,W,BOWNE RD / WAYSIDE RD,,,,50,25,26,40.229920,74.064870,N,,34167
2020133420NT00954,MONMOUTH,NEPTUNE TWP,01/10/2020,FR,1722,01,NEPTUNE TWP PD,,0,2,0,0,I,B,N,N,01,2,NJ 35,S,35,,00000035__,23.79,02,,01,04,02,01,06,01,05,01,500,FE,N,HECK AVE,,,,35,25,26,,,N,,34149
2020133420NT00958,MONMOUTH,NEPTUNE TWP,01/10/2020,FR,1751,01,NEPTUNE TWP PD,,0,0,0,0,P,B,N,N,06,2,MT HERMON WAY **,E,,,13341155__,.22,07,,01,04,02,01,01,01,05,01,50,FE,E,PENNSYLVANIA AVE,,,,25,25,28,40.221930,74.033740,N,,34162
2020133420NT01050,MONMOUTH,NEPTUNE TWP,01/11/2020,SA,1400,01,NEPTUNE TWP PD,,0,0,0,0,P,B,N,N,01,2,NJ 33,E,33,,00000033__,39.83,02,,01,06,02,01,01,01,05,01,50,FE,E,CR 17 / OLD CORLIES AVE,,,,40,35,26,40.209310,74.084880,N,,34199
2020133420NT01109,MONMOUTH,NEPTUNE TWP,01/11/2020,SA,2157,01,NEPTUNE TWP PD,,0,1,0,0,I,I,N,N,01,3,NJ 35,S,35,,00000035__,24.21,02,,01,04,02,01,06,01,05,01,,AT,,CR 17 / BANGS AVE,,,,35,25,26,40.219620,74.032580,N,,34171
2020133420NT01144,MONMOUTH,NEPTUNE TWP,01/12/2020,SU,0323,01,NEPTUNE TWP PD,,0,0,0,0,P,B,N,N,11,1,WINDING RIDGE RD **,S,,,13341427__,.00,07,,02,05,02,02,06,02,05,01,10,FE,S,CR 17 II / W BANGS AVE,,,,25,40,69,40.219300,74.050900,N,,34171
2020133420NT01155,MONMOUTH,NEPTUNE TWP,01/12/2020,SU,0702,01,NEPTUNE TWP PD,,0,0,0,0,P,B,N,N,11,1,GREEN GROVE RD **,N,,,13341090__,,07,,03,04,02,02,01,02,05,01,,,,,,,,25,,,40.221930,74.033740,N,FENCE TO SUMMERFIELD ELEMNTRY SCHOOL 527 GREEN GROVE RD. STRUCK PHOTOS TAKEN.,34162
2020133420NT01162,MONMOUTH,NEPTUNE TWP,01/12/2020,SU,0838,01,NEPTUNE TWP PD,,0,1,0,0,I,I,N,N,03,2,NJ 35,S,35,,00000035__,23.09,02,,01,04,02,01,01,01,05,01,,AT,,CR 2 / 6TH AVE,,,,35,30,26,40.204480,74.026760,N,,34200
2020133420NT01207,MONMOUTH,NEPTUNE TWP,01/12/2020,SU,1721,01,NEPTUNE TWP PD,,0,0,0,0,P,I,N,N,01,2,NJ 33,N,33,,00000033__,39.82,02,,01,06,02,01,06,01,05,01,,AT,,CR 17 / OLD CORLIES AVE,,,,45,35,26,40.209310,74.084880,N,,34199
2020133420NT01209,MONMOUTH,NEPTUNE TWP,01/12/2020,SU,1812,01,NEPTUNE TWP PD,,0,0,0,0,P,I,N,N,01,2,MONMOUTH COUNTY 40 A,E,40,A,13000040A_,.78,05,,01,04,02,01,01,01,05,01,,AT,,11TH AVE,,,,25,35,26,40.208720,74.015950,N,,34190
2020133420NT01220,MONMOUTH,NEPTUNE TWP,01/12/2020,SU,2032,01,NEPTUNE TWP PD,,0,0,0,0,P,B,N,N,15,1,NJ 18,S,18,,00000018__,8.25,02,,01,04,02,01,05,01,03,01,150,FE,S,NJ 33,,,,65,40,39,40.205560,74.053280,N,,34208
2020133420NT01302,MONMOUTH,NEPTUNE TWP,01/17/2020,FR,1028,01,NEPTUNE TWP PD,,0,1,0,0,I,I,N,N,02,2,NJ 35,N,35,,00000035__,23.45,02,,01,04,02,01,01,01,01,01,,AT,W,NJ 33 / CORLIES AVE,,,,35,30,26,,,N,,34210
2020133420NT01308,MONMOUTH,NEPTUNE TWP,01/13/2020,MO,1528,01,NEPTUNE TWP PD,,0,0,0,0,P,B,N,N,01,2,NJ 33,W,33,,00000033__,40.61,02,,01,04,02,01,01,05,05,01,300,FE,E,WAKEFIELD RD,,,,35,25,26,,,N,,34166
2020133420NT01314,MONMOUTH,NEPTUNE TWP,01/13/2020,MO,1557,01,NEPTUNE TWP PD,,0,1,0,0,I,B,N,N,01,2,NJ 33,W,33,,00000033__,39.16,02,,01,04,02,01,01,05,05,01,500,FE,W,FAIRVIEW AVE / LOCUST ST,,,,45,25,26,40.208000,74.070520,N,,34155
2020133420NT01378,MONMOUTH,NEPTUNE TWP,01/14/2020,TU,1023,01,NEPTUNE TWP PD,,0,0,0,0,P,B,N,N,01,2,NJ 33,W,33,,00000033__,40.05,02,,01,04,01,01,01,01,01,01,10,FE,W,NJ 18,,,,30,45,26,40.209060,74.072320,N,,34194
2020133420NT01424,MONMOUTH,NEPTUNE TWP,01/14/2020,TU,1742,01,NEPTUNE TWP PD,,0,1,0,0,I,B,N,N,01,3,NJ 18,N,18,,00000018__,9.84,02,,01,04,02,02,05,02,03,01,15,FE,,NJ 66,,,,65,50,26,,,N,,34166
2020133420NT01433,MONMOUTH,NEPTUNE TWP,01/14/2020,TU,1835,01,NEPTUNE TWP PD,,0,0,0,0,P,B,N,N,03,2,NEPTUNE BLVD **,N,,,13341013__,,07,,03,04,02,02,05,02,05,01,30,FE,S,MALL ROAD,,,,25,25,26,,,N,,34179
2020133420NT01439,MONMOUTH,NEPTUNE TWP,01/14/2020,TU,2037,01,NEPTUNE TWP PD,,0,3,0,0,I,I,N,N,03,2,MONROE ST **,W,,,13031073__,.25,07,,01,04,02,02,06,02,05,01,,AT,,MYRTLE AVE,,,,25,25,26,,,N,,34172
2020133420NT01456,MONMOUTH,NEPTUNE TWP,01/14/2020,TU,2210,01,NEPTUNE TWP PD,,0,2,0,0,I,I,N,N,03,2,NJ 33,E,33,,00000033__,41.92,02,,01,04,02,01,06,01,05,01,,AT,,CR 40 A / MEMORIAL DR,,,,35,40,26,40.210540,74.016670,N,NJ STATE DOT 1035 PARKWAY AVE. EWING NJ (609) 275 2604,34193
2020133420NT01495,MONMOUTH,NEPTUNE TWP,01/15/2020,WE,1043,01,NEPTUNE TWP PD,,0,0,0,0,P,B,N,N,06,2,HECK AVE,E,,,13341107__,1.29,07,,01,04,02,01,06,01,05,01,300,FE,W,CR 40A / MEMORIAL DR,,,,25,,28,40.212480,74.019090,N,,34582
2020133420NT01506,MONMOUTH,NEPTUNE TWP,01/15/2020,WE,1157,01,NEPTUNE TWP PD,,0,0,0,0,P,B,N,N,06,2,HECK AVE,E,,,13341107__,1.21,07,,01,04,02,01,03,01,05,01,500,FE,E,CR 5 / ATKINS AVE,,,,25,30,28,40.212510,74.019100,N,,34200
2020133420NT01507,MONMOUTH,NEPTUNE TWP,01/15/2020,WE,1202,01,NEPTUNE TWP PD,,0,0,0,0,P,I,N,N,01,2,NJ 35,S,35,,00000035__,24.34,02,,01,04,02,01,01,01,05,01,,AT,,OLDEN AVE,,,,35,25,26,,,N,,164
2020133420NT01518,MONMOUTH,NEPTUNE TWP,01/15/2020,WE,1334,01,NEPTUNE TWP PD,,0,0,0,0,P,I,N,N,01,2,NJ 66,W,66,,00000066__,.97,02,,01,04,02,01,01,01,01,01,,AT,,JUMPING BROOK RD,,,,50,25,26,40.222570,74.086860,N,,34204
2020133420NT01599,MONMOUTH,NEPTUNE TWP,01/16/2020,TH,0801,01,NEPTUNE TWP PD,,0,0,0,0,P,B,N,N,11,1,MONMOUTH COUNTY 5,N,5,,13000005__,.73,05,,01,04,02,01,02,01,05,01,100,FE,S,7TH AVE,,,,30,25,,40.205150,74.020530,N,DAMAGE TO POLE #JC11NT,34200
2020133420NT01609,MONMOUTH,NEPTUNE TWP,01/16/2020,TH,0900,01,NEPTUNE TWP PD,,0,0,0,0,P,I,N,N,02,2,NJ 66,E,66,,00000066__,1.73,02,,01,04,01,01,01,01,05,01,,AT,,GREEN GROVE RD,,,,50,25,26,40.225980,74.072980,N,,34204
2020133420NT01644,MONMOUTH,NEPTUNE TWP,01/16/2020,TH,1346,01,NEPTUNE TWP PD,,0,0,0,0,P,B,N,N,06,2,1945 STATE ROUTE 33,,,,,,09,,01,04,02,01,01,01,05,01,,,,,,,,,,28,40.208580,74.041910,N,,34209
2020133420NT01718,MONMOUTH,NEPTUNE TWP,01/17/2020,FR,0837,01,NEPTUNE TWP PD,,0,1,0,0,I,B,N,N,01,2,NJ 18,S,18,,00000018__,8.28,02,,03,06,02,01,01,01,02,01,,,,,T,NJ 33,WB,55,,26,40.207220,74.055030,N,,34124
2020133420NT01741,MONMOUTH,NEPTUNE TWP,01/16/2020,TH,1120,01,NEPTUNE TWP PD,,0,0,0,0,P,B,N,N,06,2,WILLOW DR **,E,,,13341247__,.60,07,,01,06,02,01,00,01,05,01,100,FE,W,SCHOOLHOUSE RD,,,,25,25,26,40.209160,74.091720,N,,34124
2020133420NT01747,MONMOUTH,NEPTUNE TWP,01/17/2020,FR,1157,01,NEPTUNE TWP PD,,0,0,0,0,P,B,N,N,01,2,NJ 66,E,66,,00000066__,,02,,01,04,01,01,01,01,01,01,20,FE,,MALL ROAD,,,,50,25,26,40.227110,74.043580,N,,34194
2020133420NT01758,MONMOUTH,NEPTUNE TWP,01/17/2020,FR,1310,01,NEPTUNE TWP PD,,0,1,0,0,I,B,N,N,01,3,9TH AVE / LAFAYETTE DR **,W,,,13341083__,.09,07,,01,04,02,01,01,01,05,01,150,FE,W,CR 5 / ATKINS AVE,,,,25,30,26,,,N,,34203
2020133420NT01761,MONMOUTH,NEPTUNE TWP,01/17/2020,FR,1337,01,NEPTUNE TWP PD,,0,2,0,0,I,I,N,N,01,2,NJ 33,W,33,,00000033__,40.44,02,,01,06,02,01,01,01,05,01,,AT,,CR 2 / OXFORD WAY,,,,35,25,26,40.206850,74.045440,N,,34124
2020133420NT01765,MONMOUTH,NEPTUNE TWP,01/17/2020,FR,1412,01,NEPTUNE TWP PD,,0,1,0,0,I,B,N,N,01,2,WAYSIDE RD,N,,,13341418__,.61,07,,01,06,02,01,01,01,05,01,50,FE,S,CR 17 II / W BANGS AVE,,,,25,25,26,40.221400,74.059140,N,,34124
2020133420NT01766,MONMOUTH,NEPTUNE TWP,01/17/2020,FR,1414,01,NEPTUNE TWP PD,,0,2,0,0,I,I,N,N,03,2,MONMOUTH COUNTY 5,N,5,,13000005__,.75,05,,01,04,02,01,01,01,05,01,,AT,,7TH AVE,,,,30,25,26,40.204680,74.021300,N,DAMAGE TO UTILITY POLE 40213,34145
2020133420NT01778,MONMOUTH,NEPTUNE TWP,01/17/2020,FR,1620,01,NEPTUNE TWP PD,,0,0,0,0,P,B,N,N,06,2,MONROE ST **,W,,,13031073__,.52,07,,01,04,02,01,01,01,05,01,25,FE,E,GEORGE ST,,,,25,25,28,40.220900,74.031340,N,,34156
2020133420NT01835,MONMOUTH,NEPTUNE TWP,01/18/2020,SA,1104,01,NEPTUNE TWP PD,,0,0,0,0,P,B,N,N,11,2,3542 SR 66,,,,,,09,,01,04,01,01,01,01,01,01,,,,,,,,,,,40.222720,74.084190,N,,34194
2020133420NT01846,MONMOUTH,NEPTUNE TWP,01/18/2020,SA,1252,01,NEPTUNE TWP PD,,0,0,0,0,P,B,N,N,15,1,NJ 33,E,33,,00000033__,38.59,02,,01,05,02,03,01,03,04,01,100,FE,W,CR 17 / WEST BANGS AVE,,,,45,40,39,40.209230,74.078990,N,BRICK BEAM AND FENCING(MARISOL OTERO-PROPERTY MANAGER  58 SCHINDLER CT  NEPTUNE),34210
2020133420NT01848,MONMOUTH,NEPTUNE TWP,01/18/2020,SA,1314,01,NEPTUNE TWP PD,,0,0,0,0,P,I,N,N,07,2,7TH AVE / LAREINE AVE **,E,,,13071025__,.92,07,,01,04,02,02,01,05,05,01,,AT,,RIDGE AVE,,,,25,25,26,40.205110,74.024050,N,,34160
2020133420NT01849,MONMOUTH,NEPTUNE TWP,01/18/2020,SA,1330,01,NEPTUNE TWP PD,,0,0,0,0,P,I,N,N,03,2,MONMOUTH COUNTY 40 A,S,40,A,13000040A_,1.07,05,,01,04,02,02,01,05,05,01,,AT,,7TH AVE / LAREINE AVE,,,,40,25,26,40.204310,74.018990,N,,34160
2020133420NT01863,MONMOUTH,NEPTUNE TWP,01/18/2020,SA,1620,01,NEPTUNE TWP PD,,0,1,0,0,I,B,N,N,11,1,JUMPING BROOK RD,N,,,13341416__,1.79,07,,02,04,02,03,01,03,05,01,500,FE,S,GREEN GROVE RD,,,,25,25,51,40.222570,74.086860,N,GUARD RAIL,34156
2020133420NT01864,MONMOUTH,NEPTUNE TWP,01/18/2020,SA,1622,01,NEPTUNE TWP PD,,0,0,0,0,P,B,N,N,11,1,NJ 33,W,33,,00000033__,40.05,02,,03,04,02,03,01,03,02,01,,,,,T,NJ 18,NB,40,,56,40.201920,74.053920,N,,34155
2020133420NT01870,MONMOUTH,NEPTUNE TWP,01/18/2020,SA,1655,01,NEPTUNE TWP PD,,0,0,0,0,P,I,N,N,04,2,MONMOUTH COUNTY 2,E,2,,13000002__,.69,05,,01,04,02,03,01,03,05,01,,AT,,HAWTHORNE AVE,,,,30,25,26,40.205460,74.032940,N,,34160
2020133420NT01873,MONMOUTH,NEPTUNE TWP,01/18/2020,SA,1731,01,NEPTUNE TWP PD,,0,0,0,0,P,B,N,N,11,1,SPRINGWOOD AVE / W LAKE AVE **,W,,,13341045__,.25,07,,02,05,02,03,06,03,05,01,200,FE,E,DALE PL,,,,25,25,56,40.216260,74.038120,N,,34165
2020133420NT01877,MONMOUTH,NEPTUNE TWP,01/18/2020,SA,1802,01,NEPTUNE TWP PD,,0,0,0,0,P,I,N,N,11,1,PALMER AVE **,S,,,13341186__,.16,07,,01,04,02,04,07,07,05,01,,AT,,KNOX BLVD,,,,25,25,26,40.217830,74.057150,N,MAILBOX (307 PALMER AVE),34210
2020133420NT01880,MONMOUTH,NEPTUNE TWP,01/18/2020,SA,1817,01,NEPTUNE TWP PD,,0,0,0,0,P,I,N,N,11,1,WAYSIDE RD,N,,,13341418__,1.24,07,,03,04,02,03,06,03,05,01,,AT,,KAREN AVE,,,,25,25,56,40.213650,74.061470,N,,34124
2020133420NT01881,MONMOUTH,NEPTUNE TWP,01/18/2020,SA,1822,01,NEPTUNE TWP PD,,0,3,0,0,I,B,N,N,04,2,MONMOUTH COUNTY 17 II,W,17,2,130000172_,.23,05,,02,05,02,04,07,03,05,01,50,FE,E,RANDI WAY,,,,40,25,26,,,N,JCP&L POLE #JC1156NT,34179
2020133420NT01929,MONMOUTH,NEPTUNE TWP,01/19/2020,SU,0915,01,NEPTUNE TWP PD,,0,1,0,0,I,I,N,N,03,2,BROADWAY AVE **,E,,,13341123__,.26,07,,01,04,02,01,01,01,03,01,,AT,,PENNSYLVANIA AVE,,,,25,25,26,40.210120,74.010480,N,,34156
2020133420NT02087,MONMOUTH,NEPTUNE TWP,01/20/2020,MO,2004,01,NEPTUNE TWP PD,,0,0,0,0,P,B,N,N,01,2,NJ 33,E,33,,00000033__,41.38,02,,01,04,02,01,07,01,05,01,10,FE,W,NJ 35,,,,30,35,26,40.209440,74.027150,N,,34171
2020133420NT02118,MONMOUTH,NEPTUNE TWP,01/21/2020,TU,0521,01,NEPTUNE TWP PD,,0,0,0,0,P,B,N,N,06,2,OXONIA AVE **,S,,,13341177__,.16,07,,01,04,02,01,06,01,05,01,500,FE,S,CR 16 / ASBURY AVE,,,,35,35,26,40.223240,74.031200,N,,34207
2020133420NT02122,MONMOUTH,NEPTUNE TWP,01/21/2020,TU,0718,01,NEPTUNE TWP PD,,0,0,0,0,P,B,N,N,12,1,NJ 18,N,18,,00000018__,,02,,01,04,02,01,01,01,05,01,,,,,,,,65,,24,,,N,,34149
2020133420NT02184,MONMOUTH,NEPTUNE TWP,01/21/2020,TU,1558,01,NEPTUNE TWP PD,,0,0,0,0,P,B,N,N,02,2,NJ 33,W,33,,00000033__,39.77,02,,01,04,01,01,01,01,05,01,50,FE,E,WAYSIDE RD,,,,40,25,26,40.207780,74.061790,N,,34167
2020133420NT02188,MONMOUTH,NEPTUNE TWP,01/21/2020,TU,1608,01,NEPTUNE TWP PD,,0,0,0,0,P,B,N,N,01,3,NJ 33,E,33,,00000033__,37.95,02,,01,04,02,01,01,01,05,01,10,FE,W,SCHOOLHOUSE RD / W JUMPING BROOK RD,,,,40,25,26,40.210430,74.091020,N,,34200
2020133420NT02189,MONMOUTH,NEPTUNE TWP,01/21/2020,TU,1610,01,NEPTUNE TWP PD,,0,0,0,0,P,B,N,N,02,2,DEAL AVE **,S,,,13341189__,.00,07,,01,04,02,01,03,01,05,01,200,FE,S,KNOX BLVD,,,,25,25,26,40.215860,74.055320,N,,34204
2020133420NT02223,MONMOUTH,NEPTUNE TWP,01/21/2020,TU,2242,01,NEPTUNE TWP PD,,0,0,0,0,P,B,Y,N,11,1,NJ 35,S,35,,00000035__,21.96,02,,03,04,02,01,07,01,05,01,,,,,F,CR 40,SB,35,,53,40.189220,74.025310,N,STREET LIGHT WAS STRUCK AND DESTROYED. NJDOT WAS ADVISED.,34180
2020133420NT02232,MONMOUTH,NEPTUNE TWP,01/22/2020,WE,0617,01,NEPTUNE TWP PD,,0,0,0,0,P,B,N,N,02,2,NJ 35,S,35,,00000035__,24.76,02,,01,04,02,01,06,01,05,01,75,FE,W,ROBIN RD,,,,35,25,26,40.225800,74.038820,N,,34156
2020133420NT02261,MONMOUTH,NEPTUNE TWP,01/22/2020,WE,1118,01,NEPTUNE TWP PD,,0,0,0,0,P,B,N,N,01,2,NJ 66,E,66,,00000066__,2.42,02,,01,04,02,01,01,01,05,01,150,FE,W,BOWNE RD / WAYSIDE RD,,,,66,25,26,40.220280,74.093610,N,,34165
2020133420NT02299,MONMOUTH,NEPTUNE TWP,01/22/2020,WE,1646,01,NEPTUNE TWP PD,,0,0,0,0,P,I,N,N,01,2,MONMOUTH COUNTY 40 A,N,40,A,13000040A_,.61,05,,01,04,02,01,01,01,05,01,,AT,,NJ 33 / CORLIES AVE,,,,30,30,26,40.209930,74.023460,N,,34165
2020133420NT02304,MONMOUTH,NEPTUNE TWP,01/22/2020,WE,1724,01,NEPTUNE TWP PD,,0,0,0,0,P,B,N,N,01,2,NJ 33,E,33,,00000033__,40.04,02,,01,04,02,01,06,01,05,01,50,FE,W,NJ 18,,,,40,65,26,40.228250,74.049770,N,,34156
2020133420NT02325,MONMOUTH,NEPTUNE TWP,01/22/2020,WE,2154,01,NEPTUNE TWP PD,,0,0,0,0,P,B,N,N,12,1,MONMOUTH COUNTY 17 II,W,17,2,130000172_,.63,05,,01,04,02,01,05,01,05,01,1000,FE,E,SHOREBROOK CIR,,,,40,25,24,40.213370,74.076870,N,,34193
2020133420NT02370,MONMOUTH,NEPTUNE TWP,01/23/2020,TH,1410,01,NEPTUNE TWP PD,,0,0,0,0,P,B,N,N,03,2,NJ 35,S,35,,00000035__,23.50,02,,01,04,02,01,01,01,04,01,250,FE,N,NJ 33 / CORLIES AVE,,,,35,35,26,40.209600,74.028170,N,,34124
2020133420NT02403,MONMOUTH,NEPTUNE TWP,01/23/2020,TH,2030,01,NEPTUNE TWP PD,,0,0,0,0,P,I,N,N,03,2,BROADWAY AVE **,W,,,13341123__,.05,07,,01,04,02,01,06,01,05,01,,AT,,LAWRENCE AVE,,,,25,25,26,40.210940,74.014240,N,,34173
2020133420NT02408,MONMOUTH,NEPTUNE TWP,01/23/2020,TH,2107,01,NEPTUNE TWP PD,,0,2,0,0,I,I,N,N,01,2,NJ 35,S,35,,00000035__,23.31,02,,01,04,02,01,06,01,05,01,,AT,,9TH AVE,,,,35,25,26,40.207540,74.026130,N,,34193
2020133420NT02473,MONMOUTH,NEPTUNE TWP,01/24/2020,FR,1729,01,NEPTUNE TWP PD,,0,1,0,0,I,B,N,N,01,2,NJ 33,E,33,,00000033__,40.12,02,,01,04,02,01,06,01,01,01,50,FE,W,BRIGHTON AVE,,,,40,25,26,,,N,,164
2020133420NT02494,MONMOUTH,NEPTUNE TWP,01/24/2020,FR,2313,01,NEPTUNE TWP PD,,0,0,0,0,P,B,N,N,11,1,NJ 18,S,18,,00000018__,9.84,02,,03,05,02,01,05,01,03,01,,,,,T,NJ 66,EB,65,,56,,,N,,34208
2020133420NT02500,MONMOUTH,NEPTUNE TWP,01/24/2020,FR,2251,01,NEPTUNE TWP PD,,0,0,0,0,P,I,N,N,06,2,FISHER AVE **,S,,,13341118__,.55,07,,01,04,02,01,05,01,05,01,,AT,,STRATFORD AVE,,,,25,25,26,40.217380,74.027170,N,,34190
2020133420NT02543,MONMOUTH,NEPTUNE TWP,01/25/2020,SA,1537,01,NEPTUNE TWP PD,,0,0,0,0,P,B,N,N,11,2,NJ 18,N,18,,00000018__,,02,,03,04,02,02,01,02,02,01,,,,,F,NJ 18,NB,65,,,,,N,,34209
2020133420NT02552,MONMOUTH,NEPTUNE TWP,01/25/2020,SA,1624,01,NEPTUNE TWP PD,,0,0,0,0,P,B,N,N,01,2,NJ 35,S,35,,00000035__,,02,,02,04,02,02,01,02,03,01,,,,,,,,35,,26,40.225390,74.038010,N,,34162
2020133420NT02553,MONMOUTH,NEPTUNE TWP,01/25/2020,SA,1631,01,NEPTUNE TWP PD,,0,0,0,0,P,B,N,N,11,2,NJ 18,N,18,,00000018__,,02,,03,04,02,02,01,01,02,01,,,,,F,NJ 18,NB,65,,,40.228250,74.049770,N,,34209
2020133420NT02624,MONMOUTH,NEPTUNE TWP,01/26/2020,SU,1140,01,NEPTUNE TWP PD,,0,1,0,0,I,B,N,N,01,2,NJ 66,E,66,,00000066__,3.13,02,,01,04,02,01,01,01,05,01,400,FE,W,NEPTUNE BLVD,,,,50,25,26,40.227110,74.043580,N,,34211
2020133420NT02636,MONMOUTH,NEPTUNE TWP,01/26/2020,SU,1325,01,NEPTUNE TWP PD,,0,1,0,0,I,I,N,N,15,1,NJ 66,E,66,,00000066__,3.37,02,,01,05,02,01,01,01,03,01,,AT,,NEPTUNE BLVD,,,,55,25,39,40.224960,74.043160,N,,34200
2020133420NT02663,MONMOUTH,NEPTUNE TWP,01/26/2020,SU,1900,01,NEPTUNE TWP PD,,0,1,0,0,I,B,N,N,01,2,NJ 66,E,66,,00000066__,2.43,02,,01,04,02,01,07,01,05,01,100,FE,W,BOWNE RD / WAYSIDE RD,,,,50,25,26,40.230240,74.060580,N,,34180
2020133420NT02668,MONMOUTH,NEPTUNE TWP,01/26/2020,SU,2006,01,NEPTUNE TWP PD,,0,0,0,0,P,B,N,N,06,2,OXONIA AVE **,N,,,13341177__,.00,07,,01,04,02,01,06,01,05,01,100,FE,S,MONROE AVE,,,,35,30,28,40.220970,74.030850,N,,34207
2020133420NT02743,MONMOUTH,NEPTUNE TWP,01/27/2020,MO,1536,01,NEPTUNE TWP PD,,0,0,0,0,P,B,N,N,03,2,NJ 33,E,33,,00000033__,41.02,02,,01,04,01,01,01,01,01,01,10,FE,E,TAYLOR AVE,,,,30,25,26,40.208410,74.033990,N,,34194
2020133420NT02842,MONMOUTH,NEPTUNE TWP,01/28/2020,TU,1102,01,NEPTUNE TWP PD,,0,0,0,0,P,I,N,N,03,2,MONMOUTH COUNTY 17 II,N,17,2,130000172_,2.96,05,,01,04,02,01,01,01,05,01,,AT,,NEPTUNE BLVD,,,,25,25,26,40.219070,74.036470,N,,34165
2020133420NT02996,MONMOUTH,NEPTUNE TWP,01/29/2020,WE,1440,01,NEPTUNE TWP PD,,0,1,0,0,I,B,N,N,01,2,NJ 33,,33,,00000033__,40.48,02,,01,04,02,01,01,01,04,01,200,FE,E,CR 2 / OXFORD WAY,,,,35,25,26,40.206850,74.045440,N,,34211
2020133420NT03116,MONMOUTH,NEPTUNE TWP,01/30/2020,TH,1406,01,NEPTUNE TWP PD,,0,0,0,0,P,B,N,N,01,2,NJ 33,E,33,,00000033__,40.91,02,,01,04,02,01,01,01,05,01,50,FE,E,NEPTUNE BLVD,,,,35,25,26,40.208380,74.034500,N,,34162
2020133420NT03123,MONMOUTH,NEPTUNE TWP,01/30/2020,TH,1514,01,NEPTUNE TWP PD,,0,1,0,0,I,B,N,N,01,2,NJ 66,E,66,,00000066__,3.21,02,,01,05,02,01,01,01,05,01,,,,,T,NEPTUNE BOULEVARD,SB,,,26,40.225840,74.042370,N,,34204
2020133420NT03236,MONMOUTH,NEPTUNE TWP,01/31/2020,FR,1052,01,NEPTUNE TWP PD,,0,3,0,0,I,I,N,N,03,3,NJ 33,W,33,,00000033__,41.92,02,,01,04,02,01,01,01,05,01,,AT,,CR 40 A / MEMORIAL DR,,,,30,30,26,40.210710,74.017230,N,,34197
2020133420NT03248,MONMOUTH,NEPTUNE TWP,01/31/2020,FR,1242,01,NEPTUNE TWP PD,,0,1,0,0,I,I,N,N,03,2,NJ 66,E,66,,00000066__,3.21,02,,01,04,02,01,01,01,03,01,,AT,,NEPTUNE BLVD,,,,50,25,26,40.227110,74.043580,N,,34122
2020133420NT03260,MONMOUTH,NEPTUNE TWP,01/31/2020,FR,1658,01,NEPTUNE TWP PD,,0,0,0,0,P,B,N,N,01,2,NJ 33,W,33,,00000033__,41.81,02,,01,04,02,01,01,01,05,01,250,FE,E,CR 5 / ATKINS AVE,,,,30,30,26,,,N,,34166
2020133420NT03261,MONMOUTH,NEPTUNE TWP,01/31/2020,FR,1522,01,NEPTUNE TWP PD,,0,0,0,0,P,I,N,N,03,2,RIDGE AVE / WICKAPECKO DR,N,,,13371419__,3.00,07,,01,04,02,01,01,01,05,01,,AT,,7TH AVE,,,,25,25,26,40.205110,74.024050,N,,34197
2020133420NT03277,MONMOUTH,NEPTUNE TWP,01/31/2020,FR,1742,01,NEPTUNE TWP PD,,0,0,0,0,P,B,N,N,01,2,NJ 66,E,66,,00000066__,1.64,02,,01,04,01,01,06,01,04,01,500,FE,W,GREEN GROVE RD,,,,55,25,26,40.225980,74.072980,N,,34210
2020133420NT03298,MONMOUTH,NEPTUNE TWP,01/31/2020,FR,2152,01,NEPTUNE TWP PD,,0,0,0,0,P,B,N,N,06,2,LEONARD AVE **,N,,,13341175__,.19,07,,01,04,02,02,06,02,05,01,50,FE,N,MONROE AVE,,,,25,25,28,,,N,,34168
2020133420NT03348,MONMOUTH,NEPTUNE TWP,02/01/2020,SA,1207,01,NEPTUNE TWP PD,,0,2,0,0,I,I,N,N,01,2,MONMOUTH COUNTY 17 II,E,17,2,130000172_,2.13,05,,01,04,01,01,01,01,04,01,,AT,W,WINDING RIDGE DR,,,,40,25,26,40.218810,74.046990,N,,34210