Year(4)-CountyCode(2)-MunicipalityCode(2)-CaseNumber(9),County Name,Municipality Name,Crash Date,Crash Day of Week,Crash Time,Police Department Code,Police Department,Police Station,Total Killed,Total Injured,Pedestrians Killed,Pedestrians Injured,Severity,Intersection,Alcohol Involved,Hazmat Involved,Crash Type,Total Vehicles,Location,Location Direction,Route,Route Suffix,Std Rte Identifier,MilePost,Road System,Road Character,Road Horizontal Alignment,Road Grade,Road Surface Type,Surface Condition,Light Condition,Environmental Condition,Road Divided By,Temporary Traffic Control Zone,Distance To Cross Street,Unit Of Measurement,Direction From Cross Street,Cross Street Name,Is Ramp,Ramp To/From Route Name,Ramp To/From Route Direction,Posted Speed,Posted Speed Cross Street,First Harmful Event,Latitude,Longitude,Cell Phone In Use Flag,Other Property Damage,Reporting Badge No.
2020133420NT06602,MONMOUTH,NEPTUNE TWP,03/04/2020,WE,1649,01,NEPTUNE TWP PD,,0,2,0,0,I,I,N,N,03,2,MONROE ST **,W,,,13031073__,.73,07,,01,04,02,01,01,01,05,01,,AT,,SAYRE ST,,,,25,25,26,40.220190,74.035000,N,,34156
2020133420NT06610,MONMOUTH,NEPTUNE TWP,03/04/2020,WE,1719,01,NEPTUNE TWP PD,,0,0,0,0,P,I,N,N,01,3,NJ 33,E,33,,00000033__,38.61,02,,01,04,02,01,01,01,05,01,,AT,,CR 17 / WEST BANGS AVE,,,,45,40,26,,,N,,34179
2020133420NT06625,MONMOUTH,NEPTUNE TWP,03/04/2020,WE,1931,01,NEPTUNE TWP PD,,0,1,0,0,I,I,N,N,03,2,NJ 33,W,33,,00000033__,40.13,02,,01,04,02,01,06,01,04,01,,AT,,BRIGHTON AVE,,,,40,25,26,,,N,,34209
2020133420NT06698,MONMOUTH,NEPTUNE TWP,03/05/2020,TH,1422,01,NEPTUNE TWP PD,,0,1,0,0,I,I,N,N,03,2,NJ 33,W,33,,00000033__,40.13,02,,01,04,02,01,01,01,02,01,,AT,,BRIGHTON AVE,,,,40,25,26,40.206180,74.052650,N,,34160
2020133420NT06714,MONMOUTH,NEPTUNE TWP,03/05/2020,TH,1707,01,NEPTUNE TWP PD,,0,0,0,0,P,B,N,N,06,2,DRUMMOND AVE **,N,,,13341101__,.04,07,,01,04,02,01,07,01,05,01,200,FE,N,BANGS AVE,,,,25,25,26,40.218910,74.028910,N,,34210
2020133420NT06719,MONMOUTH,NEPTUNE TWP,03/05/2020,TH,1831,01,NEPTUNE TWP PD,,0,0,0,0,P,B,N,N,08,2,WAVERLY,,,,,,07,,01,04,01,01,01,01,01,01,,FE,,,,,,,,26,40.219770,74.088240,N,,34194
2020133420NT06761,MONMOUTH,NEPTUNE TWP,03/06/2020,FR,0807,01,NEPTUNE TWP PD,,0,0,0,0,P,B,N,N,02,2,NJ 33,W,33,,00000033__,41.02,02,,01,04,01,01,01,01,05,01,5,FE,E,TAYLOR AVE,,,,40,25,26,40.208410,74.033990,N,,34167
2020133420NT06763,MONMOUTH,NEPTUNE TWP,03/06/2020,FR,0825,01,NEPTUNE TWP PD,,0,1,0,0,I,B,N,N,02,2,NJ 33,W,33,,00000033__,40.15,02,,01,04,01,01,01,01,05,01,100,FE,E,BRIGHTON AVE,,,,40,25,26,40.194140,74.055990,N,,34167
2020133420NT06784,MONMOUTH,NEPTUNE TWP,03/06/2020,FR,1121,01,NEPTUNE TWP PD,,0,0,0,0,P,B,N,N,08,2,WAYSIDE RD,S,,,13341418__,.62,07,,01,04,02,01,01,01,05,01,10,FE,S,CR 17 II / W BANGS AVE,,,,35,40,26,40.221400,74.059140,N,,34207
2020133420NT06785,MONMOUTH,NEPTUNE TWP,03/06/2020,FR,1123,01,NEPTUNE TWP PD,,0,1,0,0,I,I,N,N,03,2,COLUMBUS AVE **,N,,,13341099__,.07,07,,01,04,01,02,01,02,05,01,,AT,E,DRUMMOND AVE,,,,25,25,26,40.218650,74.028610,N,,34167
2020133420NT06801,MONMOUTH,NEPTUNE TWP,03/06/2020,FR,1348,01,NEPTUNE TWP PD,,0,1,0,0,I,B,N,N,04,2,MONMOUTH COUNTY 17 II,W,17,2,130000172_,2.45,05,,01,04,01,02,01,02,05,01,15,FE,E,ALPINE TRL,,,,35,10,26,40.215620,74.041500,N,,34167
2020133420NT06809,MONMOUTH,NEPTUNE TWP,03/06/2020,FR,1518,01,NEPTUNE TWP PD,,0,0,0,0,P,B,N,N,02,2,RIDGE AVE / WICKAPECKO DR,S,,,13371419__,2.66,07,,01,04,02,02,01,02,05,01,150,FE,N,DIVISION ST,,,,25,25,26,,,N,,164
2020133420NT06814,MONMOUTH,NEPTUNE TWP,03/06/2020,FR,1606,01,NEPTUNE TWP PD,,0,0,0,0,P,I,N,N,08,2,NEPTUNE BLVD **,S,,,,,07,,01,04,02,01,01,02,04,05,,AT,S,HECK AVENUE,,,,25,25,26,40.213170,74.035430,N,,187
2020133420NT06823,MONMOUTH,NEPTUNE TWP,03/06/2020,FR,1829,01,NEPTUNE TWP PD,,0,0,0,0,P,B,N,N,01,2,NJ 66,E,66,,00000066__,2.45,02,,01,04,02,02,06,02,05,01,15,FE,W,BOWNE RD / WAYSIDE RD,,,,50,25,26,40.230250,74.060380,N,,34197
2020133420NT06860,MONMOUTH,NEPTUNE TWP,03/07/2020,SA,1108,01,NEPTUNE TWP PD,,0,2,0,0,I,B,N,N,03,2,NJ 66,E,66,,00000066__,1.54,02,,01,04,01,01,01,01,05,01,1000,FE,W,GREEN GROVE RD,,,,45,25,28,40.224930,74.077410,N,,34167
2020133420NT06899,MONMOUTH,NEPTUNE TWP,03/07/2020,SA,1917,01,NEPTUNE TWP PD,,0,0,0,0,P,I,N,N,01,2,NJ 35,S,35,,00000035__,23.80,02,,01,04,02,01,06,01,05,01,,AT,,GREENWOOD AVE,,,,35,25,26,40.213340,74.029720,N,,34197
2020133420NT06903,MONMOUTH,NEPTUNE TWP,03/07/2020,SA,2100,01,NEPTUNE TWP PD,,0,1,0,0,I,I,N,N,01,2,NJ 35,S,35,,00000035__,24.21,02,,01,04,02,01,06,01,04,01,,AT,,CR 17 / BANGS AVE,,,,35,25,26,40.219640,74.032590,N,,34175
2020133420NT06919,MONMOUTH,NEPTUNE TWP,03/08/2020,SU,0028,01,NEPTUNE TWP PD,,0,0,0,0,P,B,N,N,06,2,CLINTON PLACE,E,,,,,07,,01,04,02,01,07,01,05,01,450,FE,W,VALLEY ROAD,,,,25,25,28,40.188470,74.041310,N,,34192
2020133420NT06951,MONMOUTH,NEPTUNE TWP,03/08/2020,SU,1534,01,NEPTUNE TWP PD,,0,0,0,0,P,B,N,N,01,2,NJ 66,E,66,,00000066__,.97,02,,01,04,02,01,01,01,05,01,5,FE,W,JUMPING BROOK RD,,,,50,25,26,40.222570,74.086860,N,,34149
2020133420NT07013,MONMOUTH,NEPTUNE TWP,03/09/2020,MO,0846,01,NEPTUNE TWP PD,,0,0,0,0,P,I,N,N,03,2,HECK AVE,E,,,13341107__,.94,07,,01,04,02,01,01,01,05,01,,AT,,RIDGE AVE,,,,25,25,26,40.212780,74.024340,N,,34187
2020133420NT07026,MONMOUTH,NEPTUNE TWP,03/09/2020,MO,1013,01,NEPTUNE TWP PD,,0,0,0,0,P,B,N,N,03,2,NJ 66,E,66,,00000066__,3.58,02,,01,04,02,01,01,01,05,01,200,FE,W,NJ 35,,,,50,35,26,40.225800,74.038820,N,DAMAGE TO BUSHES IN BELONGING TO EXXON GAS STATION AT 2000 SH 66,34180
2020133420NT07045,MONMOUTH,NEPTUNE TWP,03/09/2020,MO,1331,01,NEPTUNE TWP PD,,0,0,0,0,P,I,N,N,06,2,LAWRENCE AVE **,N,,,13341028__,.07,07,,01,04,02,01,01,01,05,01,,AT,,EMBURY AVE,,,,25,25,26,,,N,,34179
2020133420NT07049,MONMOUTH,NEPTUNE TWP,03/09/2020,MO,1349,01,NEPTUNE TWP PD,,0,0,0,0,P,I,N,N,14,1,SPRINGWOOD AVE / W LAKE AVE **,E,,,13341045__,.55,07,,01,04,02,01,01,01,05,01,,AT,N,BLOOMFIELD AVE,,,,25,25,26,40.215860,74.031750,N,,34187
2020133420NT07058,MONMOUTH,NEPTUNE TWP,03/09/2020,MO,1458,01,NEPTUNE TWP PD,,0,0,0,0,P,I,N,N,03,2,NJ 33,W,33,,00000033__,41.02,02,,01,04,02,01,01,01,05,01,,AT,,TAYLOR AVE,,,,40,25,26,40.207350,74.041600,N,,34180
2020133420NT07086,MONMOUTH,NEPTUNE TWP,03/09/2020,MO,2106,01,NEPTUNE TWP PD,,0,1,0,1,I,I,N,N,13,1,MYRTLE AVE **,N,,,13341119__,.41,07,,01,04,02,01,06,01,05,01,,AT,,WEST LAKE AVE,,,,25,25,22,,,N,,34209
2020133420NT07174,MONMOUTH,NEPTUNE TWP,03/10/2020,TU,1627,01,NEPTUNE TWP PD,,0,1,0,0,I,I,N,N,03,2,NJ 33,E,33,,00000033__,38.61,02,,01,04,02,01,01,01,04,01,,AT,,CR 17 / WEST BANGS AVE,,,,45,40,26,40.209230,74.078990,N,,34210
2020133420NT07178,MONMOUTH,NEPTUNE TWP,03/10/2020,TU,1648,01,NEPTUNE TWP PD,,0,0,0,0,P,I,N,N,01,2,MONMOUTH COUNTY 40 A,S,40,A,13000040A_,1.14,05,,01,04,02,01,01,01,05,01,,AT,,CR 2 / 6TH AVE,,,,40,30,26,40.203300,74.019360,N,,34160
2020133420NT07180,MONMOUTH,NEPTUNE TWP,03/10/2020,TU,1648,01,NEPTUNE TWP PD,NEPTUNE TWP,0,0,0,0,P,B,N,N,01,3,NJ 66,E,66,,00000066__,.74,02,,01,04,02,01,01,01,01,01,1200,FE,W,JUMPING BROOK RD,,,,50,25,26,,,Y,,
2020133420NT07237,MONMOUTH,NEPTUNE TWP,03/11/2020,WE,0820,01,NEPTUNE TWP PD,,0,0,0,0,P,B,N,N,01,2,NJ 33,W,33,,00000033__,41.60,02,,01,04,02,01,01,01,04,01,75,FE,E,RIDGE AVE,,,,30,25,26,40.209850,74.023440,N,,34135
2020133420NT07271,MONMOUTH,NEPTUNE TWP,03/11/2020,WE,1250,01,NEPTUNE TWP PD,,0,1,0,0,I,I,N,N,03,2,NEPTUNE BLVD **,N,,,13341013__,,07,,01,04,02,01,01,01,05,01,,AT,,WASHINGTON AVE,,,,25,25,26,,,N,,164
2020133420NT07276,MONMOUTH,NEPTUNE TWP,03/11/2020,WE,1305,01,NEPTUNE TWP PD,,0,0,0,0,P,B,N,N,06,2,OCEAN AVE / SPRAY AVE **,W,,,13341138__,.11,07,,01,04,02,01,00,01,05,01,25,FE,N,SEAVIEW AVE,,,,25,25,28,40.215720,74.002220,N,,34135
2020133420NT07293,MONMOUTH,NEPTUNE TWP,03/11/2020,WE,1516,01,NEPTUNE TWP PD,,0,0,0,0,P,I,N,N,06,2,GREEN GROVE RD / HOPE RD,S,,,13341417__,1.37,07,,01,04,02,01,01,01,05,01,,AT,,SUNNYFIELD TER,,,,25,25,28,40.211900,74.066190,N,,34205
2020133420NT07370,MONMOUTH,NEPTUNE TWP,03/12/2020,TH,0854,01,NEPTUNE TWP PD,,0,0,0,0,P,B,N,N,08,2,RIVERVIEW AVE / UNION AVE / WASHINGTON AVE **,N,,,13351386__,.98,07,,01,04,02,01,01,01,05,01,150,FE,S,NJ 33 / CORLIES AVE,,,,25,40,26,,,N,,34170
2020133420NT07492,MONMOUTH,NEPTUNE TWP,03/13/2020,FR,1243,01,NEPTUNE TWP PD,,0,0,0,0,P,B,N,N,11,1,MONMOUTH COUNTY 16,E,16,,13000016__,2.68,05,,01,04,02,01,01,01,05,01,200,FE,W,VANADA DR,,,,45,25,52,40.233840,74.075310,N,UTILITY POLE #B274NT,34160
2020133420NT07494,MONMOUTH,NEPTUNE TWP,03/13/2020,FR,1246,01,NEPTUNE TWP PD,,0,0,0,0,P,I,N,N,03,2,HECK AVE,W,,,13341107__,.43,07,,01,04,02,01,01,01,05,01,,AT,,TAYLOR AVE,,,,25,25,26,40.213060,74.033900,N,,34187
2020133420NT07517,MONMOUTH,NEPTUNE TWP,03/13/2020,FR,1553,01,NEPTUNE TWP PD,,0,1,0,0,I,B,Y,N,14,1,NJ 35,S,35,,00000035__,23.85,02,,01,04,02,01,01,01,05,01,40,FE,S,RUTHERFORD AVE,,,,35,25,26,40.214780,74.030190,N,,34165
2020133420NT07616,MONMOUTH,NEPTUNE TWP,03/14/2020,SA,1450,01,NEPTUNE TWP PD,,0,0,0,0,P,I,N,N,06,2,WEBB AVE **,W,,,13341125__,.34,07,,01,04,02,01,01,01,05,01,,AT,E,BEACH AVE,,,,25,25,26,40.213400,74.004250,N,,34187
2020133420NT07644,MONMOUTH,NEPTUNE TWP,03/14/2020,SA,2130,01,NEPTUNE TWP PD,,0,0,0,0,P,I,N,N,03,2,MALL ROAD,E,,,,,07,,01,04,02,01,06,01,04,01,,AT,,NEPTUNE BLVD,,,,25,25,26,40.209280,74.036930,N,,34209
2020133420NT07660,MONMOUTH,NEPTUNE TWP,03/15/2020,SU,0744,01,NEPTUNE TWP PD,,0,1,0,0,I,I,N,N,02,2,HECK AVE,W,,,13341107__,.94,07,,01,04,02,01,01,01,05,01,,AT,,RIDGE AVE,,,,25,25,26,40.212780,74.024340,N,POLE #JC191 DESTROYED. DAMAGE TO DECORATIVE WALL ON LAWN OF 3 RIDGE AVENUE.,34180
2020133420NT07680,MONMOUTH,NEPTUNE TWP,03/15/2020,SU,1219,01,NEPTUNE TWP PD,,0,0,0,0,P,B,N,N,08,2,LAUREL PL **,W,,,13341201__,.02,07,,01,04,02,01,01,01,05,01,100,FE,E,WAYSIDE RD,,,,25,25,28,40.209200,74.056230,N,,34165
2020133420NT07719,MONMOUTH,NEPTUNE TWP,03/16/2020,MO,0749,01,NEPTUNE TWP PD,,0,0,0,0,P,B,N,N,01,2,NJ 35,N,35,,00000035__,24.64,02,,02,04,02,01,01,01,03,01,50,FE,S,CR 16 / ASBURY AVE,,,,35,25,26,40.222960,74.034940,N,,34162
2020133420NT07735,MONMOUTH,NEPTUNE TWP,03/16/2020,MO,1147,01,NEPTUNE TWP PD,,0,2,0,0,I,I,N,N,03,2,NJ 33,E,33,,00000033__,40.90,02,,01,04,02,01,01,01,05,01,,AT,,NEPTUNE BLVD,,,,40,25,26,,,N,,164
2020133420NT07773,MONMOUTH,NEPTUNE TWP,03/16/2020,MO,2143,01,NEPTUNE TWP PD,,0,0,0,0,P,B,N,N,01,2,NJ 71,N,71,,00000071__,7.87,02,,01,04,02,01,06,01,05,01,10,FE,S,BOND ST / MAIN AVE,,,,30,25,26,40.213630,74.014090,N,,34171
2020133420NT07785,MONMOUTH,NEPTUNE TWP,03/17/2020,TU,0824,01,NEPTUNE TWP PD,,0,0,0,0,P,B,N,N,99,1,EIGHTH AVE **,W,,,13341080__,.31,07,,01,04,02,02,01,02,05,01,500,FE,W,NJ 35,,,,25,35,99,40.221930,74.033740,N,1404 8TH AVENUE NEPTUNE NJ 07753-POWER LINE PULLED FROM RESIDENCE.,34162
2020133420NT07839,MONMOUTH,NEPTUNE TWP,03/17/2020,TU,1857,01,NEPTUNE TWP PD,,0,0,0,0,P,I,N,N,03,2,MONMOUTH COUNTY 17 II,W,17,2,130000172_,1.53,05,,01,04,02,01,01,01,05,01,,AT,,WAYSIDE RD,,,,40,25,26,40.221400,74.059140,N,,34175
2020133420NT07841,MONMOUTH,NEPTUNE TWP,03/17/2020,TU,1926,01,NEPTUNE TWP PD,,0,2,0,0,I,B,Y,N,01,3,NJ 66,W,66,,00000066__,.97,02,,01,04,02,01,07,01,05,01,25,FE,E,JUMPING BROOK RD,,,,50,25,26,40.222570,74.086860,N,,
2020133420NT07920,MONMOUTH,NEPTUNE TWP,03/18/2020,WE,2017,01,NEPTUNE TWP PD,,0,0,0,0,P,B,N,N,08,2,3701 SR 33,S,,,,,09,,01,04,02,01,06,01,05,01,,,,,,,,,,26,40.210860,74.091210,N,,34183
2020133420NT07935,MONMOUTH,NEPTUNE TWP,03/19/2020,TH,1045,01,NEPTUNE TWP PD,,0,0,0,0,P,B,N,N,03,2,EIGHTH AVE **,E,,,13341080__,.73,07,,01,04,02,02,01,01,05,01,80,FE,E,HAMILTON AVE,,,,25,25,26,,,N,,34179
2020133420NT07971,MONMOUTH,NEPTUNE TWP,03/19/2020,TH,1957,01,NEPTUNE TWP PD,,0,0,0,0,P,B,N,N,08,2,MONMOUTH COUNTY 16,E,16,,13000016__,5.42,05,,01,04,02,02,07,01,05,01,20,FE,E,WHITESVILLE RD,,,,30,25,28,40.223460,74.026400,N,,34204
2020133420NT07992,MONMOUTH,NEPTUNE TWP,03/20/2020,FR,0400,01,NEPTUNE TWP PD,,0,0,0,0,P,B,N,N,12,1,NJ 18,S,18,,00000018__,8.03,02,,01,04,02,01,06,01,03,01,1320,FE,S,NJ 33,,,,65,40,,,,N,,34209
2020133420NT07999,MONMOUTH,NEPTUNE TWP,03/20/2020,FR,0839,01,NEPTUNE TWP PD,,0,0,0,0,P,B,N,N,01,2,NJ 35,S,35,,00000035__,23.10,02,,01,04,02,01,01,05,05,01,50,FE,N,CR 2 / 6TH AVE,,,,35,30,26,40.204480,74.026760,N,,34135
2020133420NT08041,MONMOUTH,NEPTUNE TWP,03/20/2020,FR,1435,01,NEPTUNE TWP PD,,0,0,0,0,P,I,N,N,08,2,OCEAN AVE / SPRAY AVE **,S,,,13341138__,.24,07,,01,04,01,01,01,01,05,01,,AT,,OCEAN PATHWAY,,,,25,25,28,40.212270,74.003160,N,,34162
2020133420NT08187,MONMOUTH,NEPTUNE TWP,03/22/2020,SU,1359,01,NEPTUNE TWP PD,,0,0,0,0,P,B,N,N,05,2,MYRTLE AVE **,S,,,13341119__,.37,07,,01,04,02,01,01,01,05,01,200,FE,S,WEST LAKE AVE,,,,25,25,26,40.214730,74.025660,N,,34207
2020133420NT08244,MONMOUTH,NEPTUNE TWP,03/23/2020,MO,1107,01,NEPTUNE TWP PD,,0,0,0,0,P,B,N,N,01,2,NJ 66,S,66,,00000066__,.97,02,,01,04,02,02,01,02,02,01,,,,,F,JUMPING BROOK ROAD,WB,25,,26,,,N,,34166
2020133420NT08321,MONMOUTH,NEPTUNE TWP,03/24/2020,TU,2015,01,NEPTUNE TWP PD,,0,0,0,0,P,I,N,N,02,2,NJ 33,W,33,,00000033__,41.38,02,,01,04,02,01,06,01,02,01,,AT,,NJ 35,,,,35,40,26,40.209440,74.027150,N,,34183
2020133420NT08389,MONMOUTH,NEPTUNE TWP,03/26/2020,TH,1107,01,NEPTUNE TWP PD,,0,0,0,0,P,I,N,N,03,2,NJ 35,S,35,,00000035__,23.70,02,,01,04,02,02,01,02,04,01,,AT,E,HECK AVE,,,,35,25,26,40.212700,74.028890,N,,34187
2020133420NT08430,MONMOUTH,NEPTUNE TWP,03/26/2020,TH,2104,01,NEPTUNE TWP PD,,0,0,0,0,P,B,N,N,06,2,MONROE ST **,E,,,13031073__,.24,07,,03,04,02,01,06,01,05,01,40,FE,W,MYRTLE AVE,,,,25,25,26,40.221100,74.026870,N,,34189
2020133420NT08508,MONMOUTH,NEPTUNE TWP,03/28/2020,SA,0900,01,NEPTUNE TWP PD,,0,0,0,0,P,I,N,N,06,2,BENSON AVE **,N,,,13341142__,.14,07,,01,04,02,01,01,01,05,01,,AT,S,COOKMAN AVE,,,,25,25,26,40.210140,74.013680,N,,34187
2020133420NT08510,MONMOUTH,NEPTUNE TWP,03/28/2020,SA,1516,01,NEPTUNE TWP PD,,0,0,0,0,P,B,N,N,12,1,MONMOUTH COUNTY 17 II,E,17,2,130000172_,2.77,05,,01,05,02,02,01,02,04,,1000,FE,W,NEPTUNE BLVD,,,,30,25,24,40.216170,74.035590,N,,34578
2020133420NT08512,MONMOUTH,NEPTUNE TWP,03/28/2020,SA,1619,01,NEPTUNE TWP PD,,0,0,0,0,P,B,N,N,06,2,MYRTLE AVE **,N,,,13341119__,.54,07,,01,04,02,02,01,02,05,01,200,FE,N,IVY PL,,,,25,25,28,40.214720,74.025620,N,,34165
2020133420NT08518,MONMOUTH,NEPTUNE TWP,03/28/2020,SA,1922,01,NEPTUNE TWP PD,,0,0,0,0,P,B,N,N,10,1,NJ 18,S,18,,00000018__,9.50,02,,01,04,02,02,06,02,03,01,,,,,,NJ 66,EB,50,,,40.222020,74.052170,N,,34172
2020133420NT08525,MONMOUTH,NEPTUNE TWP,03/29/2020,SU,0319,01,NEPTUNE TWP PD,,0,0,0,0,P,B,N,N,11,1,NJ 66,E,66,,00000066__,2.98,02,,03,05,02,02,06,02,05,01,,,,,F,NJ 18,SB,50,,,,,N,,34172
2020133420NT08552,MONMOUTH,NEPTUNE TWP,03/29/2020,SU,1322,01,NEPTUNE TWP PD,,0,0,0,0,P,I,N,N,03,2,NJ 66,E,66,,00000066__,2.45,02,,01,04,02,02,01,02,04,01,,AT,,BOWNE RD / WAYSIDE RD,,,,50,25,26,40.230250,74.060380,N,,34187
2020133420NT08562,MONMOUTH,NEPTUNE TWP,03/29/2020,SU,1756,01,NEPTUNE TWP PD,,0,0,0,0,P,B,N,N,03,2,NJ 35,S,35,,00000035__,24.52,02,,01,04,02,02,01,02,04,01,500,FE,N,BROCKTON AVE,,,,35,25,26,40.225910,74.038020,N,,34206
2020133420NT08565,MONMOUTH,NEPTUNE TWP,03/29/2020,SU,2212,01,NEPTUNE TWP PD,,0,0,0,0,P,B,N,N,08,2,MONROE ST **,W,,,,,07,,01,04,02,02,01,02,05,01,,,W,GEORGE ST,,,,25,25,26,40.220800,74.031800,N,,34172
2020133420NT08616,MONMOUTH,NEPTUNE TWP,03/30/2020,MO,1622,01,NEPTUNE TWP PD,,0,0,0,0,P,I,N,N,01,2,NJ 35,S,35,,00000035__,24.06,02,,01,04,02,02,01,02,05,01,,AT,,STRATFORD AVE,,,,35,25,26,,,N,,164
2020133420NT08707,MONMOUTH,NEPTUNE TWP,04/01/2020,WE,1227,01,NEPTUNE TWP PD,,0,0,0,0,P,B,N,N,08,2,MONMOUTH COUNTY 2,S,2,,13000002__,1.24,05,,01,04,02,01,01,01,05,01,300,FE,W,CR 5 / ATKINS AVE,,,,30,30,26,40.204010,74.022390,N,,34160
2020133420NT08714,MONMOUTH,NEPTUNE TWP,04/01/2020,WE,1340,01,NEPTUNE TWP PD,,0,0,0,0,P,B,N,N,03,2,NJ 66,E,66,,00000066__,3.62,02,,01,04,02,01,01,01,04,01,50,FE,E,NJ 35 / CARDINAL RD,,,,50,25,26,40.225800,74.038820,N,,34160
2020133420NT08718,MONMOUTH,NEPTUNE TWP,04/01/2020,WE,1441,01,NEPTUNE TWP PD,,0,0,0,0,P,B,N,N,12,1,MONMOUTH COUNTY 17 II,W,17,2,130000172_,.43,05,,01,06,02,01,01,01,05,01,40,FE,W,SHOREBROOK CIR,,,,40,25,24,,,N,,34179
2020133420NT08847,MONMOUTH,NEPTUNE TWP,04/03/2020,FR,1717,01,NEPTUNE TWP PD,,0,0,0,0,P,I,N,N,03,2,NJ 35,S,35,,00000035__,23.93,02,,01,04,02,01,01,01,05,01,,AT,,WEST LAKE AVE,,,,35,25,26,,,N,,34149
2020133420NT08852,MONMOUTH,NEPTUNE TWP,04/03/2020,FR,1829,01,NEPTUNE TWP PD,,0,0,0,0,P,B,N,N,08,2,MYRTLE AVE **,N,,,13341119__,.17,07,,01,04,02,02,01,02,05,01,500,FE,S,STRATFORD AVE,,,,25,25,28,40.216990,74.025680,N,,34175
2020133420NT08923,MONMOUTH,NEPTUNE TWP,04/04/2020,SA,2224,01,NEPTUNE TWP PD,,0,0,0,0,P,B,N,N,06,2,HECK AVE,W,,,13341107__,1.06,07,,01,04,02,01,07,01,05,01,50,FE,E,BORDEN AVE,,,,25,25,28,40.212660,74.021450,N,,34171
2020133420NT08971,MONMOUTH,NEPTUNE TWP,04/05/2020,SU,1910,01,NEPTUNE TWP PD,,0,1,0,0,I,B,N,N,11,1,NJ 66,E,66,,00000066__,2.98,02,,02,04,02,01,01,01,02,01,,,,,F,NJ 18,SB,50,,56,40.206180,74.052650,N,,34199
2020133420NT09026,MONMOUTH,NEPTUNE TWP,04/06/2020,MO,1535,01,NEPTUNE TWP PD,,0,0,0,0,P,B,N,N,08,2,HECK AVE,W,,,13341107__,.47,07,,01,04,02,01,01,01,04,01,200,FE,E,TAYLOR AVE,,,,25,25,26,40.213310,74.032220,N,,34187
2020133420NT09043,MONMOUTH,NEPTUNE TWP,04/06/2020,MO,2032,01,NEPTUNE TWP PD,,0,0,0,0,P,B,N,N,06,2,MYRTLE AVE **,S,,,13341119__,.27,07,,01,04,02,01,07,01,05,01,50,FE,N,STRATFORD AVE,,,,25,25,26,40.217850,74.026280,N,,34210
2020133420NT09084,MONMOUTH,NEPTUNE TWP,04/07/2020,TU,1519,01,NEPTUNE TWP PD,,0,1,0,0,I,B,N,N,11,1,MONMOUTH COUNTY 17 II,W,17,2,130000172_,2.92,05,,02,06,02,01,01,01,05,01,200,FE,W,NEPTUNE BLVD,,,,40,25,60,40.219020,74.037090,N,,34156
2020133420NT09099,MONMOUTH,NEPTUNE TWP,04/07/2020,TU,1817,01,NEPTUNE TWP PD,,0,0,0,0,P,I,N,N,11,1,MONMOUTH COUNTY 17 II,W,17,2,130000172_,2.96,05,,01,04,02,01,01,,05,01,,AT,,NEPTUNE BLVD,,,,40,25,,40.216170,74.035590,N,UNKNOWN EXTENT OF DAMAGE TO POLE # BT2770NT,34183
2020133420NT09133,MONMOUTH,NEPTUNE TWP,04/08/2020,WE,1227,01,NEPTUNE TWP PD,,0,0,0,0,P,I,N,N,03,2,CENTRAL AVE / FLETCHER LAKE AVE **,W,,,13341136__,.40,07,,01,04,02,01,01,05,05,01,,AT,,WEBB AVE,,,,25,25,26,40.210470,74.006760,N,,34208
2020133420NT09171,MONMOUTH,NEPTUNE TWP,04/08/2020,WE,2143,01,NEPTUNE TWP PD,,0,0,0,0,P,B,Y,N,11,1,CENTRAL BLVD **,N,,,13341192__,.23,07,,01,04,02,01,07,01,05,01,20,FE,S,BELLMAR AVE,,,,25,25,,40.214500,74.057170,N,FENCE AT LAWN 113 MONMOUTH AVENUE / FENCE AND LAWN AT 112 BELMAR AVENUE,34189
2020133420NT09173,MONMOUTH,NEPTUNE TWP,04/08/2020,WE,2000,01,NEPTUNE TWP PD,,0,0,0,0,P,I,N,N,06,2,TOOMIN DR **,E,,,13341269__,.42,07,,01,04,02,01,07,01,05,01,,AT,W,COUNTRY CLUB DR,,,,25,25,28,,,N,,34171
2020133420NT09191,MONMOUTH,NEPTUNE TWP,04/09/2020,TH,0433,01,NEPTUNE TWP PD,,0,0,0,0,P,B,N,N,12,1,NJ 18,N,18,,00000018__,8.19,02,,01,04,02,01,05,01,05,01,500,FE,S,NJ 33,,,,65,40,24,40.206280,74.050560,N,,34171
2020133420NT09218,MONMOUTH,NEPTUNE TWP,04/09/2020,TH,1423,01,NEPTUNE TWP PD,,0,1,0,0,I,B,N,N,01,2,MONMOUTH COUNTY 17 II,E,17,2,130000172_,2.77,05,,02,05,02,02,01,02,05,01,250,FE,E,DALE PL,,,,40,25,26,,,N,,34170
2020133420NT09222,MONMOUTH,NEPTUNE TWP,04/09/2020,TH,1509,01,NEPTUNE TWP PD,,0,0,0,0,P,B,N,N,15,2,NJ 33,W,33,,00000033__,38.35,02,,01,06,02,01,01,01,05,01,300,FE,E,OLD CORLIES RD / JUMPING BROOK RD,,,,45,25,,40.210640,74.090410,N,TWO (2) ONE-HUNDRED (100) FOOT SECTIONS OF 5' LARGE DIAMETER HOSE-NEPTUNE FIRE,34185
2020133420NT09297,MONMOUTH,NEPTUNE TWP,04/10/2020,FR,1506,01,NEPTUNE TWP PD,,0,0,0,0,P,B,N,N,01,2,NJ 66,E,66,,00000066__,.96,02,,01,04,02,01,01,01,05,01,50,FE,W,JUMPING BROOK RD,,,,50,25,26,40.222570,74.086860,N,,34160