Year(4)-CountyCode(2)-MunicipalityCode(2)-CaseNumber(9),County Name,Municipality Name,Crash Date,Crash Day of Week,Crash Time,Police Department Code,Police Department,Police Station,Total Killed,Total Injured,Pedestrians Killed,Pedestrians Injured,Severity,Intersection,Alcohol Involved,Hazmat Involved,Crash Type,Total Vehicles,Location,Location Direction,Route,Route Suffix,Std Rte Identifier,MilePost,Road System,Road Character,Road Horizontal Alignment,Road Grade,Road Surface Type,Surface Condition,Light Condition,Environmental Condition,Road Divided By,Temporary Traffic Control Zone,Distance To Cross Street,Unit Of Measurement,Direction From Cross Street,Cross Street Name,Is Ramp,Ramp To/From Route Name,Ramp To/From Route Direction,Posted Speed,Posted Speed Cross Street,First Harmful Event,Latitude,Longitude,Cell Phone In Use Flag,Other Property Damage,Reporting Badge No.
2020133420NT14301,MONMOUTH,NEPTUNE TWP,06/22/2020,MO,1406,01,NEPTUNE TWP PD,,0,0,0,0,P,B,N,N,02,2,NJ 33,W,33,,00000033__,39.80,02,,01,04,02,01,01,01,04,01,300,FE,W,FORTUNATO PL,,,,40,25,56,,,N,,34211
2020133420NT14308,MONMOUTH,NEPTUNE TWP,06/22/2020,MO,1507,01,NEPTUNE TWP PD,,0,0,0,0,P,B,N,N,02,2,NJ 35,S,35,,00000035__,23.55,02,,01,04,02,01,01,01,04,01,5,FE,N,BRADFISKE AVE,,,,35,25,26,,,N,,34149
2020133420NT14388,MONMOUTH,NEPTUNE TWP,06/23/2020,TU,1356,01,NEPTUNE TWP PD,,0,0,0,0,P,B,N,N,01,2,NJ 66,E,66,,00000066__,2.67,02,,01,05,02,01,01,01,03,01,500,FE,W,HILLSIDE AVE,,,,50,25,26,40.224290,74.030260,N,,34160
2020133420NT14393,MONMOUTH,NEPTUNE TWP,06/23/2020,TU,1449,01,NEPTUNE TWP PD,,0,0,0,0,P,B,N,N,02,2,MONMOUTH COUNTY 40 A,S,40,A,13000040A_,1.16,05,,01,04,02,01,01,01,05,01,100,FE,N,CR 2 / 6TH AVE,,,,40,25,26,40.203290,74.019360,N,,34211
2020133420NT14466,MONMOUTH,NEPTUNE TWP,06/24/2020,WE,1325,01,NEPTUNE TWP PD,,0,0,0,0,P,B,N,N,06,2,MONMOUTH COUNTY 5,N,5,,13000005__,1.33,05,,01,04,02,01,01,01,05,01,20,FE,N,HECK AVE,,,,30,25,26,40.212850,74.020920,N,,
2020133420NT14467,MONMOUTH,NEPTUNE TWP,06/24/2020,WE,1336,01,NEPTUNE TWP PD,,0,1,0,0,I,B,N,N,01,2,NJ 33,W,33,,00000033__,39.77,02,,01,04,02,01,01,01,05,01,60,FE,E,WAYSIDE RD,,,,40,25,26,40.207650,74.055950,N,,34179
2020133420NT14469,MONMOUTH,NEPTUNE TWP,06/24/2020,WE,1358,01,NEPTUNE TWP PD,,0,1,0,0,I,I,N,N,01,2,NJ 35,S,35,,00000035__,24.29,02,,01,04,02,01,01,01,04,01,,AT,N,MONROE AVE,,,,35,25,26,40.220640,74.033120,N,,34187
2020133420NT14476,MONMOUTH,NEPTUNE TWP,06/24/2020,WE,1537,01,NEPTUNE TWP PD,,0,2,0,0,I,I,N,N,03,2,NJ 33,W,33,,00000033__,37.95,02,,01,04,02,01,01,01,05,01,,AT,,SCHOOLHOUSE RD / W JUMPING BROOK RD,,,,40,25,26,40.210430,74.091020,N,D.O.T. AND JCP&L TRAFFIC BOX AND (NO STOPPING OR STANDING) TRAFFIC SIGN,34179
2020133420NT14489,MONMOUTH,NEPTUNE TWP,06/24/2020,WE,1710,01,NEPTUNE TWP PD,,0,2,0,0,I,I,N,N,07,2,NJ 33,W,33,,00000033__,38.61,02,,01,05,02,01,01,01,05,01,,AT,,CR 17 / WEST BANGS AVE,,,,45,40,26,40.209230,74.078990,N,,34156
2020133420NT14495,MONMOUTH,NEPTUNE TWP,06/24/2020,WE,1741,01,NEPTUNE TWP PD,,0,0,0,0,P,B,N,N,02,2,NJ 35,N,35,,00000035__,23.45,02,,01,04,02,01,01,,02,01,20,FE,S,NJ 33 / CORLIES AVE,,,,35,30,26,40.209440,74.027150,N,,34204
2020133420NT14510,MONMOUTH,NEPTUNE TWP,06/24/2020,WE,2049,01,NEPTUNE TWP PD,,0,0,0,0,P,B,N,N,08,2,MONMOUTH COUNTY 2,W,2,,13000002__,1.02,05,,01,04,02,01,03,01,05,01,10,FE,E,NJ 35,,,,30,35,26,40.204480,74.026760,N,,34193
2020133420NT14578,MONMOUTH,NEPTUNE TWP,06/25/2020,TH,1826,01,NEPTUNE TWP PD,,0,0,0,0,P,B,N,N,08,2,MONMOUTH COUNTY 16,W,16,,13000016__,5.44,05,,01,04,01,02,01,02,05,01,100,FE,E,WHITESVILLE RD,,,,35,25,26,40.223690,74.025780,N,,34183
2020133420NT14587,MONMOUTH,NEPTUNE TWP,06/25/2020,TH,2222,01,NEPTUNE TWP PD,,0,0,0,0,P,B,N,N,12,1,NJ 33,E,33,,00000033__,37.91,02,,01,04,02,01,06,01,04,01,200,FE,W,SCHOOLHOUSE RD / W JUMPING BROOK RD,,,,40,25,24,,,N,,34203
2020133420NT14600,MONMOUTH,NEPTUNE TWP,06/26/2020,FR,0241,01,NEPTUNE TWP PD,,0,0,0,0,P,B,N,N,11,1,NJ 18,N,18,,00000018__,9.34,02,,01,04,02,01,05,01,03,01,2640,FE,,,T,NJ 66,EB,65,,,,,N,,34191
2020133420NT14605,MONMOUTH,NEPTUNE TWP,06/26/2020,FR,0640,01,NEPTUNE TWP PD,,0,0,0,0,P,B,N,N,10,1,SPRINGWOOD AVE / W LAKE AVE **,E,,,13341045__,.21,07,,02,05,02,01,01,01,05,01,10,FE,W,DALE PL,,,,25,25,01,40.221930,74.033740,N,TREES ON NEPTUNE TOWNSHIP PUBLIC WORKS PROPERTY,34162
2020133420NT14613,MONMOUTH,NEPTUNE TWP,06/26/2020,FR,1014,01,NEPTUNE TWP PD,,0,0,0,0,P,B,N,N,02,2,NJ 66,E,66,,00000066__,3.07,02,,01,04,02,01,01,01,03,01,500,FE,E,NJ 18,,,,50,65,26,,,N,,34185
2020133420NT14663,MONMOUTH,NEPTUNE TWP,06/26/2020,FR,1851,01,NEPTUNE TWP PD,,0,0,0,0,P,I,N,N,02,2,NJ 35,S,35,,00000035__,24.77,02,,02,04,02,01,01,01,03,01,,AT,,ROBIN RD,,,,35,25,26,,,N,,34189
2020133420NT14672,MONMOUTH,NEPTUNE TWP,06/26/2020,FR,2102,01,NEPTUNE TWP PD,,0,0,0,0,P,B,N,N,06,2,HECK AVE,E,,,13341107__,1.05,07,,01,04,02,01,03,01,05,01,25,FE,W,BORDEN AVE,,,,25,25,28,,,N,,34189
2020133420NT14697,MONMOUTH,NEPTUNE TWP,06/26/2020,FR,2334,01,NEPTUNE TWP PD,,0,1,0,0,I,B,N,N,11,1,NJ 18,N,18,,00000018__,8.03,02,,01,04,02,01,07,01,03,01,1320,FE,S,NJ 33,,,,65,40,60,40.201920,74.053920,N,,34171
2020133420NT14716,MONMOUTH,NEPTUNE TWP,06/27/2020,SA,1124,01,NEPTUNE TWP PD,,0,1,0,0,I,B,N,N,14,1,MONMOUTH COUNTY 17 II,E,17,2,130000172_,2.26,05,,01,06,02,01,01,01,05,01,1000,FE,W,ALPINE TRL,,,,40,25,26,,,N,,34170
2020133420NT14732,MONMOUTH,NEPTUNE TWP,06/27/2020,SA,1706,01,NEPTUNE TWP PD,,0,0,0,0,P,I,N,N,03,2,NJ 66,E,66,,00000066__,3.21,02,,01,04,02,02,01,02,03,01,,AT,,NEPTUNE BLVD,,,,50,25,26,,,N,,34170
2020133420NT14734,MONMOUTH,NEPTUNE TWP,06/27/2020,SA,1733,01,NEPTUNE TWP PD,,0,0,0,0,P,I,N,N,03,2,NJ 35,S,35,,00000035__,24.77,02,,01,04,02,02,01,02,03,01,,AT,,ROBIN RD,,,,35,25,26,,,N,,34170
2020133420NT14737,MONMOUTH,NEPTUNE TWP,06/27/2020,SA,1749,01,NEPTUNE TWP PD,,0,0,0,0,P,I,N,N,11,1,NJ 18,S,18,,00000018__,9.84,02,,03,05,02,02,01,02,02,01,,AT,,,T,NJ 66,EB,65,,56,40.228480,74.050310,N,,34189
2020133420NT14762,MONMOUTH,NEPTUNE TWP,06/27/2020,SA,2302,01,NEPTUNE TWP PD,,0,0,0,0,P,B,N,N,06,2,FISHER AVE **,S,,,13341118__,.63,07,,01,04,02,01,03,01,05,01,15,FE,S,COLUMBUS AVE,,,,25,25,28,40.218830,74.028320,N,,34200
2020133420NT14851,MONMOUTH,NEPTUNE TWP,06/29/2020,MO,0031,01,NEPTUNE TWP PD,,0,0,0,0,P,I,N,N,02,2,NJ 33,W,33,,00000033__,39.86,02,,01,04,02,01,06,01,05,01,,AT,,FORTUNATO PL,,,,40,,26,40.206830,74.055700,N,,34207
2020133420NT14862,MONMOUTH,NEPTUNE TWP,06/29/2020,MO,0851,01,NEPTUNE TWP PD,,0,1,0,0,I,I,N,N,01,2,NJ 35,S,35,,00000035__,24.21,02,,01,05,02,01,01,,04,01,,AT,S,CR 17 / BANGS AVE,,,,35,25,26,40.219010,74.032230,N,,34187
2020133420NT14867,MONMOUTH,NEPTUNE TWP,06/29/2020,MO,1008,01,NEPTUNE TWP PD,,0,1,0,0,I,B,N,N,01,3,NJ 66,E,66,,00000066__,3.15,02,,01,04,02,01,01,01,03,01,300,FE,W,NEPTUNE BLVD,,,,50,25,26,40.227790,74.047700,N,,
2020133420NT14870,MONMOUTH,NEPTUNE TWP,06/29/2020,MO,1019,01,NEPTUNE TWP PD,,0,0,0,0,P,I,N,N,02,2,NJ 18,E,18,,00000018__,9.84,02,,01,04,02,01,01,01,03,01,,AT,,,F,NJ 66,SB,50,,26,40.228480,74.050310,N,,34160
2020133420NT14907,MONMOUTH,NEPTUNE TWP,06/29/2020,MO,1512,01,NEPTUNE TWP PD,,0,2,0,0,I,I,N,N,03,2,MONMOUTH COUNTY 5,E,5,,13000005__,1.28,05,,01,04,02,01,01,01,05,01,,AT,,EMBURY AVE,,,,30,25,26,40.212100,74.020720,N,SOUTHWEST CURB AND GAS DRIP SHUT OFF COVER,34204
2020133420NT14910,MONMOUTH,NEPTUNE TWP,06/29/2020,MO,1536,01,NEPTUNE TWP PD,,0,1,0,0,I,B,N,N,01,2,MONMOUTH COUNTY 16,E,16,,13000016__,3.43,05,,01,04,02,01,01,01,05,01,500,FE,W,BOWNE RD,,,,45,25,26,,,N,,34166
2020133420NT14911,MONMOUTH,NEPTUNE TWP,06/29/2020,MO,1542,01,NEPTUNE TWP PD,,0,0,0,0,P,B,N,N,01,3,NJ 33,W,33,,00000033__,40.57,02,,01,04,02,01,01,01,04,01,100,FE,E,WAKEFIELD RD,,,,35,25,26,40.207350,74.041600,N,,
2020133420NT14915,MONMOUTH,NEPTUNE TWP,06/29/2020,MO,1640,01,NEPTUNE TWP PD,,0,1,0,0,I,B,N,N,01,2,NJ 66,W,66,,00000066__,1.77,02,,01,04,02,01,01,01,05,01,200,FE,E,GREEN GROVE RD,,,,50,25,26,40.225980,74.072980,N,,34160
2020133420NT14916,MONMOUTH,NEPTUNE TWP,06/29/2020,MO,1654,01,NEPTUNE TWP PD,,0,0,0,0,P,B,N,N,01,2,NJ 35,S,35,,00000035__,21.65,02,,01,06,01,01,01,01,01,01,400,FE,S,SEAVIEW CIR,,,,35,25,26,40.184750,74.026240,N,,34124
2020133420NT14922,MONMOUTH,NEPTUNE TWP,06/29/2020,MO,1750,01,NEPTUNE TWP PD,,0,0,0,0,P,I,N,N,02,2,NJ 35,S,35,,00000035__,24.65,02,,02,05,02,01,01,01,03,01,,AT,,CR 16 / ASBURY AVE,,,,35,35,26,,,N,,34165
2020133420NT14973,MONMOUTH,NEPTUNE TWP,06/30/2020,TU,1147,01,NEPTUNE TWP PD,,0,0,0,0,P,B,N,N,06,2,COOKMAN AVE **,E,,,13341131__,.02,07,,01,04,02,01,01,01,05,01,100,FE,E,LAWRENCE AVE,,,,25,25,28,40.210240,74.014120,N,,34124
2020133420NT14986,MONMOUTH,NEPTUNE TWP,06/30/2020,TU,1416,01,NEPTUNE TWP PD,,0,0,0,0,P,I,N,N,11,1,HAWTHORNE AVE **,N,,,13351035__,.66,07,,01,04,02,02,01,02,05,01,,AT,S,NJ 33 / CORLIES AVE,,,,25,35,26,40.206530,74.033220,N,CABLE WIRE FROM TELEPHONE POLE WIRE #40221NT. VERIZON NOTIFIED.,34187
2020133420NT15004,MONMOUTH,NEPTUNE TWP,06/30/2020,TU,1829,01,NEPTUNE TWP PD,,0,0,0,0,P,I,N,N,11,1,NJ 33,W,33,,00000033__,41.38,02,,01,04,02,01,01,01,02,01,,AT,,NJ 35,,,,30,30,56,40.209340,74.027100,N,,34210
2020133420NT15005,MONMOUTH,NEPTUNE TWP,06/30/2020,TU,1842,01,NEPTUNE TWP PD,,0,0,0,0,P,B,N,N,06,2,RIDGE AVE / WICKAPECKO DR,N,,,13371419__,2.73,07,,01,04,02,01,01,01,05,01,10,FE,S,11TH AVE,,,,25,25,28,,,N,,34181
2020133420NT15057,MONMOUTH,NEPTUNE TWP,07/01/2020,WE,1049,01,NEPTUNE TWP PD,,0,1,0,0,I,I,N,N,14,1,CENTRAL AVE / FLETCHER LAKE AVE **,N,,,13341136__,.70,07,,01,04,02,01,01,01,05,01,,AT,,BATH AVE,,,,25,25,21,40.214610,74.005240,N,,185
2020133420NT15071,MONMOUTH,NEPTUNE TWP,07/01/2020,WE,1315,01,NEPTUNE TWP PD,,0,0,0,0,P,B,N,N,03,2,JUMPING BROOK RD,N,,,13341416__,1.13,07,,03,05,02,01,01,01,05,01,500,FE,N,ESSEX RD,,,,25,25,26,40.223500,74.087300,N,,34211
2020133420NT15073,MONMOUTH,NEPTUNE TWP,07/01/2020,WE,1341,01,NEPTUNE TWP PD,,0,0,0,0,P,B,N,N,11,1,NJ 18,N,18,,00000018__,8.28,02,,03,06,02,02,01,02,02,01,,,,,F,NJ 33,WB,65,,,40.206430,74.052340,N,,34162
2020133420NT15083,MONMOUTH,NEPTUNE TWP,07/01/2020,WE,1642,01,NEPTUNE TWP PD,,0,0,0,0,P,B,N,N,06,2,GREEN GROVE RD / HOPE RD,S,,,13341417__,.71,07,,01,04,02,01,01,01,05,01,40,FE,S,CR 17 II / W BANGS AVE,,,,25,40,28,40.217080,74.069140,N,,34211
2020133420NT15087,MONMOUTH,NEPTUNE TWP,07/01/2020,WE,1739,01,NEPTUNE TWP PD,,0,0,0,0,P,B,N,N,02,2,NJ 35,S,35,,00000035__,23.46,02,,01,04,02,01,01,01,02,01,50,FE,N,NJ 33 / CORLIES AVE,,,,35,30,26,40.209240,74.026310,N,,34135
2020133420NT15158,MONMOUTH,NEPTUNE TWP,07/02/2020,TH,1641,01,NEPTUNE TWP PD,,0,1,0,0,I,I,N,N,03,2,OAKDALE DR **,S,,,13341057__,.05,07,,01,04,02,01,01,01,05,01,,AT,,WOODMERE AVE,,,,25,25,26,,,N,,164
2020133420NT15209,MONMOUTH,NEPTUNE TWP,07/03/2020,FR,0818,01,NEPTUNE TWP PD,,0,1,0,0,I,B,N,N,01,2,NJ 66,W,66,,00000066__,.98,02,,01,04,02,01,01,01,05,01,50,FE,E,JUMPING BROOK RD,,,,50,25,26,,,N,,34166
2020133420NT15229,MONMOUTH,NEPTUNE TWP,07/03/2020,FR,1256,01,NEPTUNE TWP PD,,0,4,0,0,I,I,N,N,03,2,NJ 33,W,33,,00000033__,40.55,02,,01,04,02,01,01,01,05,01,,AT,,WAKEFIELD RD,,,,40,25,26,40.207320,74.042070,N,,34180
2020133420NT15239,MONMOUTH,NEPTUNE TWP,07/03/2020,FR,1513,01,NEPTUNE TWP PD,,0,1,0,0,I,B,N,N,02,2,NJ 35,S,35,,00000035__,23.08,02,,01,04,02,01,01,01,05,01,50,FE,S,CR 2 / 6TH AVE,,,,35,30,26,40.204150,74.026500,N,,34180
2020133420NT15240,MONMOUTH,NEPTUNE TWP,07/03/2020,FR,1521,01,NEPTUNE TWP PD,,0,0,0,0,P,B,N,N,08,2,MAIN AVE **,E,,,13341143__,.44,07,,01,04,02,01,01,01,05,01,50,FE,W,CENTRAL AVE,,,,25,25,26,40.211940,74.006220,N,,34179
2020133420NT15303,MONMOUTH,NEPTUNE TWP,07/04/2020,SA,0259,01,NEPTUNE TWP PD,,0,0,0,0,P,I,N,N,11,1,MYRTLE AVE **,W,,,,,07,,01,04,02,01,06,01,05,01,,AT,,EMBURY AVE,,,,25,25,56,,,N,DAMAGE TO THE SOUTH SIDE OF 159 MYRTLE AVENUE,34191
2020133420NT15312,MONMOUTH,NEPTUNE TWP,07/04/2020,SA,0915,01,NEPTUNE TWP PD,,0,1,0,0,I,I,N,N,14,1,SPRINGWOOD AVE / W LAKE AVE **,E,,,13341045__,.35,07,,01,05,02,01,01,01,05,01,,AT,,NEPTUNE BLVD,,,,25,25,26,40.216170,74.035590,N,BICYCLE,34165
2020133420NT15350,MONMOUTH,NEPTUNE TWP,07/04/2020,SA,1837,01,NEPTUNE TWP PD,,0,0,0,0,P,B,N,N,08,2,FISHER AVE **,N,,,13341118__,.43,07,,01,04,02,01,01,01,05,01,50,FE,N,WEST LAKE AVE,,,,25,25,28,,,N,,34203
2020133420NT15407,MONMOUTH,NEPTUNE TWP,07/04/2020,SA,2244,01,NEPTUNE TWP PD,,0,0,0,0,P,I,N,N,01,2,NJ 33,W,33,,00000033__,39.76,02,,01,04,02,01,06,01,05,01,,AT,E,WAYSIDE RD,,,,40,25,26,,,N,,34191
2020133420NT15451,MONMOUTH,NEPTUNE TWP,07/05/2020,SU,0213,01,NEPTUNE TWP PD,,0,0,0,0,P,B,N,N,11,1,SEAVIEW CIR,N,,,,,07,,02,04,02,01,06,01,05,01,100,FE,S,NJ 35,,,,25,35,,,,N,,34172
2020133420NT15469,MONMOUTH,NEPTUNE TWP,07/05/2020,SU,1018,01,NEPTUNE TWP PD,,0,0,0,0,P,B,N,N,11,1,MONMOUTH COUNTY 17 II,E,17,2,130000172_,.92,05,,01,04,02,01,01,01,05,01,100,FE,W,GREEN GROVE RD,,,,40,25,56,40.217030,74.070660,N,MAILBOX AT 3209 W. BANGS AVE  AS WELL AS FRONT LAWN OF 3207 W. BANGS AVENUE,34187
2020133420NT15518,MONMOUTH,NEPTUNE TWP,07/05/2020,SU,2015,01,NEPTUNE TWP PD,,0,0,0,0,P,I,N,N,01,2,MONMOUTH COUNTY 40 A,S,40,A,13000040A_,.61,05,,01,04,02,01,01,01,05,01,,AT,,NJ 33 / CORLIES AVE,,,,30,30,26,40.210710,74.017230,N,,34210
2020133420NT15529,MONMOUTH,NEPTUNE TWP,07/05/2020,SU,2141,01,NEPTUNE TWP PD,,0,6,0,0,I,B,N,N,04,2,NJ 66,E,66,,00000066__,1.06,02,,01,04,02,01,06,01,04,01,500,FE,E,JUMPING BROOK RD,,,,50,25,26,,,N,,34203
2020133420NT15533,MONMOUTH,NEPTUNE TWP,07/05/2020,SU,2216,01,NEPTUNE TWP PD,,0,1,0,0,I,B,N,N,11,1,MONMOUTH COUNTY 17 II,W,17,2,130000172_,1.71,05,,01,04,02,01,06,01,05,01,30,FE,E,ARNOLD AVE,,,,40,25,52,40.221170,74.056980,N,POLE #JC903464NPT (JCP&L),34183
2020133420NT15576,MONMOUTH,NEPTUNE TWP,07/06/2020,MO,1219,01,NEPTUNE TWP PD,,0,1,0,0,I,I,N,N,14,1,MONMOUTH COUNTY 40 A,S,40,A,13000040A_,.45,05,,01,04,02,01,01,01,05,01,,AT,,HECK AVE,,,,30,25,21,,,N,,34170
2020133420NT15596,MONMOUTH,NEPTUNE TWP,07/06/2020,MO,1816,01,NEPTUNE TWP PD,,0,0,0,0,P,I,N,N,01,2,NJ 33,W,33,,00000033__,39.69,02,,01,04,02,02,01,05,05,01,,AT,,PROSPECT PL / VICTOR PL,,,,40,25,26,40.207470,74.058860,N,,34208
2020133420NT15704,MONMOUTH,NEPTUNE TWP,07/07/2020,TU,1945,01,NEPTUNE TWP PD,,0,1,0,0,I,I,N,N,03,2,STOCKTON AVE **,E,,,13341134__,.11,07,,01,04,02,01,01,01,05,01,,AT,,NEW YORK AVE,,,,25,25,26,40.207620,74.010180,N,,34175
2020133420NT15771,MONMOUTH,NEPTUNE TWP,07/08/2020,WE,1505,01,NEPTUNE TWP PD,,0,1,0,0,I,B,N,N,11,1,HECK AVE,W,,,13341107__,.41,07,,01,04,02,01,01,01,05,01,100,FE,W,TAYLOR AVE,,,,25,25,56,40.213060,74.033900,N,POLE# BT385,34160
2020133420NT15797,MONMOUTH,NEPTUNE TWP,07/08/2020,WE,2234,01,NEPTUNE TWP PD,,0,0,0,0,P,B,N,N,11,1,WAYSIDE RD,S,,,13341418__,.02,07,,03,04,02,01,06,01,04,01,100,FE,S,NJ 66,,,,25,50,56,,,N,DAMAGE TO A LIGHT POST OWNED BY 783 WAYSIDE ROAD,34209
2020133420NT15809,MONMOUTH,NEPTUNE TWP,07/09/2020,TH,0723,01,NEPTUNE TWP PD,,0,0,0,0,P,B,N,N,06,2,MT ZION WAY **,E,,,13341159__,.02,07,,01,04,02,01,01,01,05,01,10,FE,W,PENNSYLVANIA AVE,,,,25,25,28,40.214300,74.008120,N,,34210
2020133420NT15841,MONMOUTH,NEPTUNE TWP,07/09/2020,TH,1509,01,NEPTUNE TWP PD,,0,0,0,0,P,I,N,N,11,1,MT CARMEL WAY **,E,,,13341160__,.11,07,,01,04,02,01,01,01,05,01,,AT,,NEW YORK AVE,,,,25,25,52,,,N,JCP&L POLE #JC3695NPT,34166
2020133420NT15856,MONMOUTH,NEPTUNE TWP,07/09/2020,TH,1545,01,NEPTUNE TWP PD,,0,0,0,0,P,B,N,N,02,2,NJ 33,W,33,,00000033__,39.86,02,,01,04,02,01,01,01,01,01,20,FE,E,FORTUNATO PL,,,,40,25,26,40.206830,74.055700,N,,34205
2020133420NT15882,MONMOUTH,NEPTUNE TWP,07/09/2020,TH,2216,01,NEPTUNE TWP PD,,0,1,0,0,I,I,N,N,07,2,NJ 66,W,66,,00000066__,2.45,02,,01,04,02,01,06,01,05,01,,AT,,BOWNE RD / WAYSIDE RD,,,,50,25,26,,,N,,34203
2020133420NT15886,MONMOUTH,NEPTUNE TWP,07/09/2020,TH,2354,01,NEPTUNE TWP PD,,0,0,0,0,P,B,N,N,06,2,WEBB AVE **,W,,,13341125__,.42,07,,01,04,02,01,05,01,05,01,15,FE,W,OCEAN AVE,,,,25,25,28,40.209820,74.004630,N,,34193
2020133420NT15894,MONMOUTH,NEPTUNE TWP,07/09/2020,TH,2354,01,NEPTUNE TWP PD,,0,0,0,0,P,B,N,N,06,2,WEBB AVE **,W,,,13341125__,.27,07,,01,04,02,01,05,01,05,01,5,FE,W,CENTRAL AVE,,,,25,25,28,40.210470,74.006760,N,,34193
2020133420NT15908,MONMOUTH,NEPTUNE TWP,07/10/2020,FR,0737,01,NEPTUNE TWP PD,,0,0,0,0,P,B,N,N,12,1,NJ 18,S,18,,00000018__,8.30,02,,01,04,02,01,01,05,03,01,,,,,,,,65,,24,40.200530,74.054640,N,,34207
2020133420NT15918,MONMOUTH,NEPTUNE TWP,07/10/2020,FR,0843,01,NEPTUNE TWP PD,,0,0,0,0,P,B,N,N,02,2,NJ 66,W,66,,00000066__,1.54,02,,01,04,01,02,01,02,05,01,1000,FE,W,GREEN GROVE RD,,,,50,25,26,,,N,,34170
2020133420NT15959,MONMOUTH,NEPTUNE TWP,07/10/2020,FR,1746,01,NEPTUNE TWP PD,,0,1,0,0,I,B,N,N,10,2,NJ 18,N,18,,00000018__,8.37,02,,03,04,02,02,01,02,02,01,500,FE,N,NJ 33,,,,65,40,01,40.206180,74.052650,N,,34207
2020133420NT15974,MONMOUTH,NEPTUNE TWP,07/10/2020,FR,2220,01,NEPTUNE TWP PD,,0,2,0,0,I,B,N,N,04,2,MONMOUTH COUNTY 17 II,E,17,2,130000172_,2.14,05,,02,05,02,02,05,02,05,01,50,FE,E,WINDING RIDGE DR,,,,40,25,26,40.219570,74.050700,N,GUARD RAIL,34190
2020133420NT15986,MONMOUTH,NEPTUNE TWP,07/11/2020,SA,0427,01,NEPTUNE TWP PD,,0,0,0,0,P,B,Y,N,06,3,CHESWICK CT / STAMFORD DR / SURREY LN **,N,,,13341335__,.49,07,,02,04,02,01,02,01,05,01,30,FE,N,BRIXTON PL,,,,25,25,28,40.213070,74.044770,N,,
2020133420NT16030,MONMOUTH,NEPTUNE TWP,07/11/2020,SA,1544,01,NEPTUNE TWP PD,,0,0,0,0,P,B,N,N,02,2,MONMOUTH COUNTY 40 A,N,40,A,13000040A_,.50,05,,01,04,02,01,01,01,05,01,50,FE,S,EMBURY ST,,,,30,25,26,40.211880,74.016430,N,,34208
2020133420NT16064,MONMOUTH,NEPTUNE TWP,07/11/2020,SA,2153,01,NEPTUNE TWP PD,,0,0,0,0,P,B,N,N,08,2,MILLBROOK AVE / SAYRE ST **,N,,,13341170__,.17,07,,01,04,02,01,05,01,05,01,25,FE,N,BRADFORD AVE,,,,25,25,28,40.221210,74.038980,N,,34175
2020133420NT16088,MONMOUTH,NEPTUNE TWP,07/12/2020,SU,1037,01,NEPTUNE TWP PD,,0,0,0,0,P,B,N,N,08,2,MONMOUTH COUNTY 5,N,5,,13000005__,.82,05,,01,04,02,01,01,01,05,01,50,FE,S,8TH AVE,,,,25,25,26,40.206230,74.020430,N,,34205
2020133420NT16156,MONMOUTH,NEPTUNE TWP,07/13/2020,MO,0845,01,NEPTUNE TWP PD,,0,0,0,0,P,B,N,N,01,2,NJ 33,W,33,,00000033__,40.61,02,,01,04,02,01,01,01,05,01,300,FE,E,WAKEFIELD RD,,,,40,25,26,40.207750,74.042020,N,,34210
2020133420NT16157,MONMOUTH,NEPTUNE TWP,07/13/2020,MO,0855,01,NEPTUNE TWP PD,,0,0,0,0,P,B,N,N,02,2,NJ 33,W,33,,00000033__,37.97,02,,01,04,02,01,01,01,05,01,100,FE,E,SCHOOLHOUSE RD / W JUMPING BROOK RD,,,,45,25,26,,,N,,34166
2020133420NT16162,MONMOUTH,NEPTUNE TWP,07/13/2020,MO,1026,01,NEPTUNE TWP PD,,0,0,0,0,P,B,N,N,11,1,NJ 66,E,66,,00000066__,3.59,02,,01,04,02,01,01,01,03,01,100,FE,W,NJ 35 / CARDINAL RD,,,,50,25,69,40.226230,74.039470,N,,34165
2020133420NT16195,MONMOUTH,NEPTUNE TWP,07/13/2020,MO,1657,01,NEPTUNE TWP PD,,0,0,0,0,P,B,N,N,04,2,GULLY RD,N,,,13521414__,1.54,07,,01,05,02,01,01,01,05,01,6,FE,S,CR 17 I / OLD CORLIES AVE,,,,25,30,26,40.207410,74.081740,N,,34180
2020133420NT16196,MONMOUTH,NEPTUNE TWP,07/13/2020,MO,1705,01,NEPTUNE TWP PD,,0,0,0,0,P,I,N,N,01,2,MONMOUTH COUNTY 17 II,W,17,2,130000172_,.94,05,,01,07,02,01,01,01,04,05,,AT,,GREEN GROVE RD,,,,40,25,26,40.217490,74.069070,N,,34210
2020133420NT16244,MONMOUTH,NEPTUNE TWP,07/14/2020,TU,1125,01,NEPTUNE TWP PD,,0,0,0,0,P,B,N,N,08,2,2200 SR 66,S,,,,,09,,01,04,02,01,01,01,05,01,,,,,,,,,,26,40.225840,74.042370,N,,34187
2020133420NT16250,MONMOUTH,NEPTUNE TWP,07/14/2020,TU,1145,01,NEPTUNE TWP PD,,0,1,0,0,I,B,N,N,01,4,NJ 66,E,66,,00000066__,3.20,02,,01,04,02,01,01,01,01,01,50,FE,W,NEPTUNE BLVD,,,,50,,26,40.227110,74.043580,Y,,
2020133420NT16255,MONMOUTH,NEPTUNE TWP,07/14/2020,TU,1231,01,NEPTUNE TWP PD,,0,0,0,0,P,B,N,N,06,2,SURF AVE **,W,,,13341150__,.07,07,,01,04,02,01,01,01,05,01,50,FE,W,BEACH AVE,,,,25,25,28,40.214810,74.004530,N,,34187