Year(4)-CountyCode(2)-MunicipalityCode(2)-CaseNumber(9),County Name,Municipality Name,Crash Date,Crash Day of Week,Crash Time,Police Department Code,Police Department,Police Station,Total Killed,Total Injured,Pedestrians Killed,Pedestrians Injured,Severity,Intersection,Alcohol Involved,Hazmat Involved,Crash Type,Total Vehicles,Location,Location Direction,Route,Route Suffix,Std Rte Identifier,MilePost,Road System,Road Character,Road Horizontal Alignment,Road Grade,Road Surface Type,Surface Condition,Light Condition,Environmental Condition,Road Divided By,Temporary Traffic Control Zone,Distance To Cross Street,Unit Of Measurement,Direction From Cross Street,Cross Street Name,Is Ramp,Ramp To/From Route Name,Ramp To/From Route Direction,Posted Speed,Posted Speed Cross Street,First Harmful Event,Latitude,Longitude,Cell Phone In Use Flag,Other Property Damage,Reporting Badge No.
2020133420NT23106,MONMOUTH,NEPTUNE TWP,09/30/2020,WE,0914,01,NEPTUNE TWP PD,,0,1,0,0,I,I,N,N,02,2,NJ 33,W,33,,00000033__,40.13,02,,02,06,02,02,01,01,01,01,,AT,,BRIGHTON AVE,,,,40,25,26,40.206280,74.050560,N,,34124
2020133420NT23118,MONMOUTH,NEPTUNE TWP,09/30/2020,WE,1143,01,NEPTUNE TWP PD,,0,1,0,0,I,B,Y,N,14,1,2200 SR 66,S,,,,,09,,01,04,02,01,01,01,05,01,,,,,,,,,,26,40.225840,74.042370,N,,34209
2020133420NT23291,MONMOUTH,NEPTUNE TWP,10/02/2020,FR,0223,01,NEPTUNE TWP PD,,0,0,0,0,P,B,Y,N,11,1,MONMOUTH COUNTY 17 II,W,17,2,130000172_,1.80,05,,03,04,02,02,06,01,05,01,10,FE,N,KNOX BLVD,,,,40,25,56,40.219280,74.056000,N,TREE- 1 KNOX BLVD NEPTUNE  NJ,34172
2020133420NT23296,MONMOUTH,NEPTUNE TWP,10/02/2020,FR,0634,01,NEPTUNE TWP PD,,0,0,0,0,P,B,N,N,08,2,MYRTLE AVE **,N,,,13341119__,.41,07,,01,04,02,01,02,01,05,01,10,FE,S,WEST LAKE AVE,,,,25,25,26,40.215230,74.025570,N,,34210
2020133420NT23327,MONMOUTH,NEPTUNE TWP,10/02/2020,FR,1254,01,NEPTUNE TWP PD,,0,1,0,0,I,B,N,N,01,2,NJ 35,S,35,,00000035__,23.71,02,,01,04,02,01,01,01,05,01,50,FE,N,HECK AVE,,,,35,25,26,,,N,,164
2020133420NT23360,MONMOUTH,NEPTUNE TWP,10/02/2020,FR,1823,01,NEPTUNE TWP PD,,0,0,0,0,P,B,N,N,11,1,3510 SR 66,E,,,,,09,,01,04,02,01,01,01,05,01,,,,,,,,,,69,40.225510,74.075210,N,DAMAGED TO OVERHANG (CARPORT),34207
2020133420NT23364,MONMOUTH,NEPTUNE TWP,10/02/2020,FR,1906,01,NEPTUNE TWP PD,,0,2,0,0,I,I,N,N,03,2,NJ 33,E,33,,00000033__,38.61,02,,01,04,02,01,07,01,05,01,,AT,,CR 17 / WEST BANGS AVE,,,,45,25,26,40.209230,74.078990,N,,34171
2020133420NT23443,MONMOUTH,NEPTUNE TWP,10/03/2020,SA,1208,01,NEPTUNE TWP PD,,0,1,0,0,I,I,N,N,01,3,NJ 35,N,35,,00000035__,23.86,02,,01,04,02,01,01,01,05,01,,AT,,RUTHERFORD AVE,,,,35,25,26,,,N,,
2020133420NT23456,MONMOUTH,NEPTUNE TWP,10/03/2020,SA,1435,01,NEPTUNE TWP PD,,0,0,0,0,P,B,N,N,02,2,GREEN GROVE RD / HOPE RD,S,,,13341417__,1.22,07,,01,06,02,01,01,01,05,01,800,FE,S,SUNNYFIELD TER,,,,25,25,26,40.224340,74.073040,N,,34211
2020133420NT23501,MONMOUTH,NEPTUNE TWP,10/04/2020,SU,0052,01,NEPTUNE TWP PD,,0,1,0,0,I,B,N,N,11,1,NJ 33,E,33,,00000033__,40.76,02,,01,04,02,01,06,01,05,01,200,FE,W,STANLEY AVE,,,,40,25,52,40.208580,74.041910,N,,34171
2020133420NT23504,MONMOUTH,NEPTUNE TWP,10/04/2020,SU,0113,01,NEPTUNE TWP PD,,0,0,0,0,P,B,N,N,06,2,SPRINGWOOD AVE / W LAKE AVE **,E,,,13341045__,.87,07,,01,04,02,01,03,01,05,01,25,FE,E,MYRTLE AVE,,,,25,25,28,40.215240,74.025570,N,,34200
2020133420NT23536,MONMOUTH,NEPTUNE TWP,10/04/2020,SU,1431,01,NEPTUNE TWP PD,,0,1,0,0,I,I,N,N,06,2,STARTFORD AVE **,S,,,13341074__,.00,07,,01,04,02,01,01,01,05,01,,AT,,NEPTUNE BLVD,,,,25,25,28,40.217220,74.037620,N,329 NEPTUNE BOULEVARD (GARAGE DOOR / MINOR STRUCTURAL TO DOOR FRAME / STAIRS),34185
2020133420NT23547,MONMOUTH,NEPTUNE TWP,10/04/2020,SU,1809,01,NEPTUNE TWP PD,,0,0,0,0,P,I,N,N,02,2,SPRINGWOOD AVE / W LAKE AVE **,E,,,13341045__,.62,07,,01,04,02,01,01,01,05,01,,AT,,NJ 35,,,,25,35,26,40.215170,74.030520,N,,34175
2020133420NT23561,MONMOUTH,NEPTUNE TWP,10/04/2020,SU,2210,01,NEPTUNE TWP PD,,0,1,0,0,I,I,N,N,03,2,SPRINGWOOD AVE / W LAKE AVE **,S,,,13341045__,.35,07,,01,04,02,01,06,01,05,01,,AT,,NEPTUNE BLVD,,,,25,25,26,40.215870,74.035180,N,,34171
2020133420NT23686,MONMOUTH,NEPTUNE TWP,10/06/2020,TU,0716,01,NEPTUNE TWP PD,,0,0,0,0,P,I,N,N,02,2,NJ 18,S,18,,00000018__,9.84,02,,01,04,01,01,01,01,03,01,,AT,,NJ 66,,,,65,50,26,,,N,,34166
2020133420NT23722,MONMOUTH,NEPTUNE TWP,10/06/2020,TU,1202,01,NEPTUNE TWP PD,,0,0,0,0,P,I,N,N,03,2,MT TABOR WAY **,N,,,13341154__,.11,07,,01,04,02,01,01,01,05,01,,AT,,PENNSYLVANIA AVE,,,,25,25,26,40.213560,74.009230,N,,34180
2020133420NT23726,MONMOUTH,NEPTUNE TWP,10/06/2020,TU,1246,01,NEPTUNE TWP PD,,0,0,0,0,P,B,N,N,01,2,NEPTUNE BLVD **,N,,,13341013__,.05,07,,01,04,02,01,01,01,02,01,250,FE,S,NJ 66,,,,25,50,26,,,N,,34187
2020133420NT23745,MONMOUTH,NEPTUNE TWP,10/06/2020,TU,1457,01,NEPTUNE TWP PD,,0,0,0,0,P,I,N,N,11,1,OHAGAN TER **,S,,,13341326__,.15,07,,01,06,02,01,01,01,05,01,,AT,,E SHADOWLAWN DR,,,,25,25,69,,,N,ELECTRICAL CONNECTIONS TO 714 AND 718 O'HAGEN TERRACE RIPPED OFF OF RESIDENCES.,34166
2020133420NT23773,MONMOUTH,NEPTUNE TWP,10/06/2020,TU,1816,01,NEPTUNE TWP PD,,0,0,0,0,P,I,N,N,01,2,SPRINGWOOD AVE / W LAKE AVE **,S,,,13341045__,.35,07,,01,04,02,01,01,01,05,01,,AT,,NEPTUNE BLVD,,,,25,25,26,40.216170,74.035590,N,,34165
2020133420NT23783,MONMOUTH,NEPTUNE TWP,10/06/2020,TU,2009,01,NEPTUNE TWP PD,,0,0,0,0,P,B,N,N,06,2,STARTFORD AVE **,W,,,13341074__,.06,07,,01,04,02,01,07,01,05,01,300,FE,E,NEPTUNE BLVD,,,,25,25,28,40.217630,74.033930,N,,34210
2020133420NT23850,MONMOUTH,NEPTUNE TWP,10/07/2020,WE,1225,01,NEPTUNE TWP PD,,0,0,0,0,P,B,N,N,01,2,NJ 66,E,66,,00000066__,1.72,02,,01,04,02,01,01,01,05,01,50,FE,W,GREEN GROVE RD,,,,50,25,26,,,N,,34157
2020133420NT23864,MONMOUTH,NEPTUNE TWP,10/07/2020,WE,1454,01,NEPTUNE TWP PD,,0,0,0,0,P,B,N,N,01,2,NJ 33,W,33,,00000033__,39.84,02,,01,04,02,01,01,01,05,01,100,FE,W,FORTUNATO PL,,,,40,25,26,40.206830,74.055700,N,,34211
2020133420NT23881,MONMOUTH,NEPTUNE TWP,10/07/2020,WE,1743,01,NEPTUNE TWP PD,,0,0,0,0,P,B,N,N,13,1,RIDGE AVE / WICKAPECKO DR,N,,,13371419__,2.94,07,,01,04,02,01,01,01,05,01,50,FE,N,8TH AVE,,,,25,25,22,40.206460,74.023310,N,,34175
2020133420NT23927,MONMOUTH,NEPTUNE TWP,10/08/2020,TH,0657,01,NEPTUNE TWP PD,,0,0,0,0,P,I,N,N,07,2,NJ 33,W,33,,00000033__,38.61,02,,01,05,02,01,02,01,05,01,,AT,,CR 17 / WEST BANGS AVE,,,,45,40,26,40.209230,74.078990,N,,34162
2020133420NT23947,MONMOUTH,NEPTUNE TWP,10/08/2020,TH,1208,01,NEPTUNE TWP PD,,0,0,0,0,P,B,N,N,03,2,MONMOUTH COUNTY 40 A,N,40,A,13000040A_,.45,05,,01,04,02,01,01,01,05,01,25,FE,N,HECK AVE,,,,30,25,26,,,N,,34157
2020133420NT23998,MONMOUTH,NEPTUNE TWP,10/08/2020,TH,2102,01,NEPTUNE TWP PD,,0,0,0,0,P,I,N,N,03,2,MONMOUTH COUNTY 17 I,W,17,1,130000171_,.52,05,,01,06,02,01,05,01,04,01,,AT,E,C WRIGHT WAY,,,,35,25,26,40.203220,74.068470,N,,34175
2020133420NT24065,MONMOUTH,NEPTUNE TWP,10/09/2020,FR,1342,01,NEPTUNE TWP PD,,0,1,0,0,I,B,N,N,01,3,NJ 33,W,33,,00000033__,39.84,02,,01,04,02,01,01,01,05,01,100,FE,W,FORTUNATO PL,,,,40,25,26,,,N,,
2020133420NT24076,MONMOUTH,NEPTUNE TWP,10/09/2020,FR,1612,01,NEPTUNE TWP PD,,0,0,0,0,P,B,N,N,02,2,NJ 66,E,66,,00000066__,3.21,02,,01,05,02,01,01,01,03,01,20,FE,W,NEPTUNE BLVD,,,,50,25,26,,,N,,34209
2020133420NT24101,MONMOUTH,NEPTUNE TWP,10/09/2020,FR,2159,01,NEPTUNE TWP PD,,0,0,0,0,P,I,N,N,06,2,MONMOUTH COUNTY 16,E,16,,13000016__,5.42,05,,01,04,02,01,06,01,05,01,,AT,,WHITESVILLE RD,,,,25,25,26,40.223690,74.025780,N,,34173
2020133420NT24117,MONMOUTH,NEPTUNE TWP,10/10/2020,SA,0249,01,NEPTUNE TWP PD,,0,0,0,0,P,B,N,N,11,1,NJ 35,S,35,,00000035__,23.45,02,,01,04,02,01,06,01,02,01,5,FE,S,NJ 33 / CORLIES AVE,,,,35,30,50,40.209340,74.027100,N,NEW JERSEY STATE DOT-DUNNS MILL RD. BORDENTOWN NJ 08505 609-298-6166,34193
2020133420NT24212,MONMOUTH,NEPTUNE TWP,10/11/2020,SU,,01,NEPTUNE TWP PD,,0,0,0,0,P,B,N,N,06,2,PALMER AVE **,E,,,,,07,,01,04,02,01,05,01,05,01,50,FE,E,WAYSIDE ROAD,,,,25,25,28,,,N,,34166
2020133420NT24265,MONMOUTH,NEPTUNE TWP,10/12/2020,MO,0730,01,NEPTUNE TWP PD,,0,0,0,0,P,B,N,N,06,2,SEWALL AVE **,W,,,13031032__,.24,07,,01,04,02,02,07,02,05,01,250,FE,E,WHITESVILLE RD,,,,25,25,28,,,N,,34170
2020133420NT24273,MONMOUTH,NEPTUNE TWP,10/12/2020,MO,1024,01,NEPTUNE TWP PD,,0,0,0,0,P,B,N,N,03,2,NJ 66,E,66,,00000066__,3.62,02,,01,04,02,02,01,02,03,01,10,FE,N,NJ 35,,,,50,25,26,40.224990,74.037410,N,,34149
2020133420NT24325,MONMOUTH,NEPTUNE TWP,10/12/2020,MO,2307,01,NEPTUNE TWP PD,,0,0,0,0,P,B,N,N,11,1,MONMOUTH COUNTY 17 II,W,17,2,130000172_,2.14,05,,02,04,02,02,06,02,05,01,35,FE,E,WINDING RIDGE DR,,,,40,25,46,40.219570,74.050700,N,GUARD RAIL COUNTY WAS NOTIFIED,34197
2020133420NT24342,MONMOUTH,NEPTUNE TWP,10/13/2020,TU,0742,01,NEPTUNE TWP PD,,0,1,0,0,I,I,N,N,03,2,BROADWAY AVE **,W,,,13341123__,.44,07,,01,04,02,02,01,02,03,01,,AT,,CENTRAL AVE,,,,25,25,26,,,N,,164
2020133420NT24345,MONMOUTH,NEPTUNE TWP,10/13/2020,TU,0844,01,NEPTUNE TWP PD,,0,0,0,0,P,B,N,N,06,2,HECK AVE,W,,,13341107__,.90,07,,01,04,02,01,01,01,05,01,800,FE,W,BORDEN AVE,,,,,25,26,40.213020,74.023150,N,,34211
2020133420NT24358,MONMOUTH,NEPTUNE TWP,10/13/2020,TU,1033,01,NEPTUNE TWP PD,,0,1,0,0,I,B,N,N,04,2,MONMOUTH COUNTY 17 II,W,17,2,130000172_,2.17,05,,02,05,02,02,01,02,05,01,200,FE,E,WINDING RIDGE DR,,,,35,25,26,40.219570,74.050700,N,,34208
2020133420NT24414,MONMOUTH,NEPTUNE TWP,10/13/2020,TU,1929,01,NEPTUNE TWP PD,,0,0,0,0,P,I,N,N,02,2,NJ 33,W,33,,00000033__,38.06,02,,01,04,02,01,07,01,05,01,,AT,,OAK TER,,,,45,25,26,40.210120,74.089250,N,,34171
2020133420NT24479,MONMOUTH,NEPTUNE TWP,10/14/2020,WE,1537,01,NEPTUNE TWP PD,,0,0,0,0,P,B,N,N,01,2,NJ 33,W,33,,00000033__,41.09,02,,01,04,02,01,01,01,05,01,50,FE,E,HAWTHORNE AVE,,,,40,25,26,40.208540,74.033050,N,,34165
2020133420NT24538,MONMOUTH,NEPTUNE TWP,10/15/2020,TH,0653,01,NEPTUNE TWP PD,,0,0,0,0,P,B,N,N,02,2,NJ 33,E,33,,00000033__,41.44,02,,01,04,02,01,01,01,05,01,50,FE,E,FISHER AVE,,,,30,25,26,40.209490,74.026120,N,,34165
2020133420NT24540,MONMOUTH,NEPTUNE TWP,10/15/2020,TH,0730,01,NEPTUNE TWP PD,,0,0,0,0,P,I,N,N,11,1,SPRINGWOOD AVE / W LAKE AVE **,E,,,13341045__,.87,07,,01,04,02,01,01,01,05,01,,AT,W,MYRTLE AVE,,,,25,25,56,40.215430,74.025770,N,PEDESTRIAN STOP SIGN. TWO VEHICLE POSTS LOCATED IN FRONT AND BACK OF SIGN.,34187
2020133420NT24577,MONMOUTH,NEPTUNE TWP,10/15/2020,TH,1531,01,NEPTUNE TWP PD,,0,0,0,0,P,B,N,N,02,2,NJ 18,N,18,,00000018__,8.28,02,,01,04,02,01,01,01,02,01,,,,,F,NJ 33,WB,65,,26,40.206180,74.052650,N,,34160
2020133420NT24594,MONMOUTH,NEPTUNE TWP,10/15/2020,TH,1834,01,NEPTUNE TWP PD,,0,0,0,0,P,B,N,N,01,2,NJ 18,S,18,,00000018__,8.28,02,,03,05,02,01,03,01,02,01,,,,,T,NJ 33,EB,65,,26,40.228480,74.050310,N,,34210
2020133420NT24596,MONMOUTH,NEPTUNE TWP,10/15/2020,TH,1921,01,NEPTUNE TWP PD,,0,1,0,0,I,I,N,N,03,3,NJ 35,N,35,,00000035__,23.16,02,,01,04,02,01,06,01,05,01,,AT,,7TH AVE,,,,35,25,26,40.205480,74.026400,N,,
2020133420NT24628,MONMOUTH,NEPTUNE TWP,10/16/2020,FR,0647,01,NEPTUNE TWP PD,,0,0,0,0,P,B,N,N,01,2,NJ 33,E,33,,00000033__,37.91,02,,01,04,02,01,01,01,05,01,200,FE,W,SCHOOLHOUSE RD / W JUMPING BROOK RD,,,,40,25,26,40.210430,74.091020,N,,34211
2020133420NT24670,MONMOUTH,NEPTUNE TWP,10/16/2020,FR,1931,01,NEPTUNE TWP PD,,0,0,0,0,P,I,N,N,13,1,EIGHTH AVE **,W,,,13341080__,.28,07,,01,04,02,01,06,01,05,01,,AT,,RIDGE AVE,,,,25,25,26,40.208450,74.022870,N,,34189
2020133420NT24685,MONMOUTH,NEPTUNE TWP,10/16/2020,FR,2248,01,NEPTUNE TWP PD,,0,0,0,0,P,I,N,N,11,1,MALL ROAD,S,,,,,05,,01,04,02,02,06,01,05,01,,AT,,NJ 66,,,,25,50,26,40.225840,74.042370,N,UTILITY POLE JC13NT,34190
2020133420NT24701,MONMOUTH,NEPTUNE TWP,10/17/2020,SA,0100,01,NEPTUNE TWP PD,,0,0,0,0,P,B,N,N,11,2,NEPTUNE BOULEVARD,N,,,,.27,07,,02,04,02,02,07,02,01,01,100,FE,N,BINGHAM STREET,,,,25,25,69,40.220200,74.036530,N,WASTE DISPOSAL CONCRETE ENCLOSURE ON THE PROPERTY OF 500 NEPTUNE BOULEVARD,34170
2020133420NT24702,MONMOUTH,NEPTUNE TWP,10/17/2020,SA,0736,01,NEPTUNE TWP PD,,0,0,0,0,P,B,N,N,11,1,NJ 33,E,33,,00000033__,39.91,02,,01,04,02,02,01,01,01,01,250,FE,E,FORTUNATO PL,,,,40,25,56,,,N,,164
2020133420NT24726,MONMOUTH,NEPTUNE TWP,10/17/2020,SA,1421,01,NEPTUNE TWP PD,,0,2,0,0,I,B,N,N,01,2,NJ 66,E,66,,00000066__,.93,02,,01,04,02,01,01,01,05,01,200,FE,W,JUMPING BROOK RD,,,,50,25,26,40.222570,74.086860,N,,34185
2020133420NT24804,MONMOUTH,NEPTUNE TWP,10/18/2020,SU,1514,01,NEPTUNE TWP PD,,0,1,0,0,I,B,N,N,03,2,MYRTLE AVE **,S,,,13341119__,.15,07,,01,04,02,01,01,01,05,01,2,FE,N,BANGS AVE,,,,25,30,26,40.219240,74.027350,N,,34211
2020133420NT24808,MONMOUTH,NEPTUNE TWP,10/18/2020,SU,1634,01,NEPTUNE TWP PD,,0,0,0,0,P,I,N,N,03,2,NJ 33,E,33,,00000033__,41.38,02,,01,04,02,01,01,01,02,01,,AT,,NJ 35,,,,30,35,26,,,N,,164
2020133420NT24837,MONMOUTH,NEPTUNE TWP,10/19/2020,MO,0213,01,NEPTUNE TWP PD,,0,0,0,0,P,I,Y,N,11,1,MONMOUTH COUNTY 40 A,S,40,A,13000040A_,2.11,05,,02,05,02,01,07,01,02,01,,AT,,,T,NJ 35,SB,40,,56,,,N,YIELD SIGN AND NO TURN SIGN,34192
2020133420NT24867,MONMOUTH,NEPTUNE TWP,10/19/2020,MO,1300,01,NEPTUNE TWP PD,,0,0,0,0,P,B,N,N,02,2,NJ 66,E,66,,00000066__,3.30,02,,01,04,02,01,01,01,05,01,500,FE,E,NEPTUNE BLVD,,,,50,25,26,40.227110,74.043580,N,,34180
2020133420NT24904,MONMOUTH,NEPTUNE TWP,10/19/2020,MO,2048,01,NEPTUNE TWP PD,,0,0,0,0,P,I,N,N,04,2,NJ 33,E,33,,00000033__,40.90,02,,01,04,02,01,06,01,05,01,,AT,,NEPTUNE BLVD,,,,40,25,26,,,N,,34191
2020133420NT24973,MONMOUTH,NEPTUNE TWP,10/20/2020,TU,1604,01,NEPTUNE TWP PD,,0,0,0,0,P,B,N,N,03,2,NJ 35,N,35,,00000035__,23.08,02,,01,04,02,01,01,01,05,01,50,FE,S,CR 2 / 6TH AVE,,,,35,25,26,40.204480,74.026760,N,,34179
2020133420NT24990,MONMOUTH,NEPTUNE TWP,10/20/2020,TU,2052,01,NEPTUNE TWP PD,,0,0,0,0,P,I,N,N,07,2,NJ 66,W,66,,00000066__,1.73,02,,01,04,02,02,06,04,05,01,,AT,,GREEN GROVE RD,,,,50,25,26,40.225980,74.072980,N,,34206
2020133420NT25004,MONMOUTH,NEPTUNE TWP,10/20/2020,TU,2300,01,NEPTUNE TWP PD,,0,0,0,0,P,B,Y,N,06,2,MONMOUTH COUNTY 5,S,5,,13000005__,1.28,05,,01,04,02,01,06,01,05,01,10,FE,N,EMBURY AVE,,,,25,25,28,,,N,,34203
2020133420NT25021,MONMOUTH,NEPTUNE TWP,10/21/2020,WE,0813,01,NEPTUNE TWP PD,,0,0,0,0,P,B,N,N,01,2,NJ 66,E,66,,00000066__,.91,02,,01,04,02,01,01,01,04,01,300,FE,W,JUMPING BROOK RD,,,,50,25,26,40.222570,74.086860,N,,34211
2020133420NT25041,MONMOUTH,NEPTUNE TWP,10/21/2020,WE,1250,01,NEPTUNE TWP PD,,0,0,0,0,P,I,N,N,03,2,FIFTH  AVE **,S,,,13341043__,.12,07,,01,04,02,01,01,05,05,01,,AT,,CR 5 / ATKINS AVE,,,,30,25,26,40.202650,74.022030,N,2X2 HOLE IN THE WALL (155 STEINER AVENUE  NEPTUNE CITY) OWNER JASON COHEN NOTIF.,34208
2020133420NT25064,MONMOUTH,NEPTUNE TWP,10/21/2020,WE,1534,01,NEPTUNE TWP PD,,0,2,0,0,I,B,N,N,11,2,JUMPING BROOK RD,N,,,13341416__,1.79,07,,01,04,02,01,01,01,05,01,500,FE,S,GREEN GROVE RD,,,,25,25,56,40.232350,74.077830,N,,34167
2020133420NT25067,MONMOUTH,NEPTUNE TWP,10/21/2020,WE,1546,01,NEPTUNE TWP PD,,0,0,0,0,P,I,N,N,01,2,NJ 66,S,66,,00000066__,.97,02,,03,04,02,01,01,05,05,01,,AT,,JUMPING BROOK RD,,,,25,50,26,40.222570,74.086860,N,,34208
2020133420NT25185,MONMOUTH,NEPTUNE TWP,10/22/2020,TH,2226,01,NEPTUNE TWP PD,,0,1,0,0,I,B,Y,N,15,2,5 COURTLAND ST,E,,,,,09,,01,04,05,02,06,02,05,01,,,,,,,,25,,28,40.222830,74.032700,N,,34197
2020133420NT25207,MONMOUTH,NEPTUNE TWP,10/23/2020,FR,1009,01,NEPTUNE TWP PD,,0,0,0,0,P,B,N,N,02,2,NJ 35,S,35,,00000035__,23.47,02,,01,04,02,02,01,02,04,01,100,FE,N,NJ 33 / CORLIES AVE,,,,35,40,26,40.210370,74.028660,N,,34180
2020133420NT25223,MONMOUTH,NEPTUNE TWP,10/23/2020,FR,1414,01,NEPTUNE TWP PD,NEPTUNE TWP PD,0,0,0,0,P,B,N,N,11,1,TENTH AVE **,E,,,13341082__,.28,07,,01,04,02,01,01,01,05,01,1000,FE,E,CR 5 / ATKINS AVE,,,,25,30,58,40.208030,74.030630,N,METAL GUARD RAIL WAS DAMAGED DURING THE ACCIDENT. DPW NOTIFIED.,34177
2020133420NT25230,MONMOUTH,NEPTUNE TWP,10/23/2020,FR,1643,01,NEPTUNE TWP PD,,0,0,0,0,P,B,N,N,01,2,NJ 33,W,33,,00000033__,39.77,02,,01,04,02,01,01,05,05,01,50,FE,E,WAYSIDE RD,,,,40,25,26,,,N,,34166
2020133420NT25240,MONMOUTH,NEPTUNE TWP,10/23/2020,FR,1841,01,NEPTUNE TWP PD,,0,0,0,0,P,B,N,N,08,2,NJ 33,,33,,00000033__,40.05,02,,01,04,02,01,06,01,05,01,,,,,F,NJ 18,SB,40,,26,,,N,,34203
2020133420NT25256,MONMOUTH,NEPTUNE TWP,10/23/2020,FR,2119,01,NEPTUNE TWP PD,,0,0,0,0,P,I,N,N,07,2,NJ 35,S,35,,00000035__,23.93,02,,01,04,02,02,06,02,05,01,,AT,,WEST LAKE AVE,,,,35,25,26,,,N,,34172
2020133420NT25257,MONMOUTH,NEPTUNE TWP,10/23/2020,FR,2126,01,NEPTUNE TWP PD,,0,0,0,0,P,I,Y,N,11,1,HECK AVE,W,,,13341107__,.43,07,,01,04,02,01,06,01,05,01,,AT,,TAYLOR AVE,,,,25,25,59,,,N,FENCE ON THE PROPERTY OF 2109 HECK AVE,34173
2020133420NT25266,MONMOUTH,NEPTUNE TWP,10/20/2020,TU,2310,01,NEPTUNE TWP PD,,0,0,0,0,P,B,Y,N,06,3,NJ 33,W,33,,00000033__,41.08,02,,01,04,02,01,06,01,05,01,10,FE,W,HAWTHORNE AVE,,,,40,25,28,,,N,,
2020133420NT25305,MONMOUTH,NEPTUNE TWP,10/24/2020,SA,1254,01,NEPTUNE TWP PD,,0,0,0,0,P,B,N,N,01,2,NJ 35,N,35,,00000035__,23.07,02,,01,04,02,01,01,01,05,01,100,FE,S,CR 2 / 6TH AVE,,,,35,30,26,,,N,,34160
2020133420NT25314,MONMOUTH,NEPTUNE TWP,10/24/2020,SA,1526,01,NEPTUNE TWP PD,,0,0,0,0,P,B,N,N,11,2,NJ 33,W,33,,00000033__,40.83,02,,01,04,02,01,01,01,05,01,50,FE,W,DAVIS AVE,,,,35,25,56,40.207930,74.037490,N,SPEED LIMIT SIGN (DOT NOTIFIED),34160
2020133420NT25325,MONMOUTH,NEPTUNE TWP,10/24/2020,SA,1733,01,NEPTUNE TWP PD,,0,0,0,0,P,I,N,N,01,2,NJ 35,N,35,,00000035__,24.65,02,,03,04,02,01,03,01,02,01,,AT,,CR 16 / ASBURY AVE,,,,35,35,26,40.225910,74.038020,N,,34209
2020133420NT25343,MONMOUTH,NEPTUNE TWP,10/24/2020,SA,2016,01,NEPTUNE TWP PD,,0,0,0,0,P,B,N,N,01,2,NJ 33,W,33,,00000033__,41.12,02,,01,04,02,01,06,01,05,01,10,FE,E,HAMILTON AVE,,,,35,25,26,40.208410,74.033990,N,,34193
2020133420NT25402,MONMOUTH,NEPTUNE TWP,10/25/2020,SU,1541,01,NEPTUNE TWP PD,,0,0,0,0,P,B,N,N,02,2,NJ 33,E,33,,00000033__,41.44,02,,01,04,02,02,01,02,05,01,30,FE,E,FISHER AVE,,,,40,25,26,40.209510,74.025790,N,,34180
2020133420NT25404,MONMOUTH,NEPTUNE TWP,10/25/2020,SU,1602,01,NEPTUNE TWP PD,,0,0,0,0,P,B,N,N,06,2,GREEN GROVE RD / HOPE RD,N,,,13341417__,.63,07,,01,04,02,02,01,02,05,01,500,FE,S,CR 17 II / W BANGS AVE,,,,25,40,28,40.216450,74.068020,N,,34160
2020133420NT25458,MONMOUTH,NEPTUNE TWP,10/26/2020,MO,1323,01,NEPTUNE TWP PD,,0,0,0,0,P,I,N,N,01,3,NJ 35,S,35,,00000035__,23.55,02,,01,04,02,02,01,02,04,01,,AT,,BRADFISKE AVE,,,,35,25,26,,,N,,
2020133420NT25507,MONMOUTH,NEPTUNE TWP,10/27/2020,TU,0314,01,NEPTUNE TWP PD,,0,0,0,0,P,I,N,N,11,1,NJ 18,S,18,,00000018__,9.84,02,,03,05,02,02,05,01,02,01,,AT,,,T,NJ 66,EB,65,,69,40.228480,74.050310,N,,34190
2020133420NT25564,MONMOUTH,NEPTUNE TWP,10/27/2020,TU,1643,01,NEPTUNE TWP PD,,0,0,0,0,P,B,N,N,01,2,PREMIUM OUTLETS BLVD **,S,,,,,07,,01,04,02,01,01,01,02,01,10,FE,N,NJ 66,,,,25,50,26,40.221300,74.091210,N,,34185
2020133420NT25581,MONMOUTH,NEPTUNE TWP,10/27/2020,TU,2121,01,NEPTUNE TWP PD,,0,0,0,0,P,B,N,N,11,1,MONMOUTH COUNTY 17 II,W,17,2,130000172_,2.36,05,,01,04,02,01,06,01,05,01,500,FE,W,ALPINE TRL,,,,40,25,,40.218820,74.046990,N,POLE #JC90429NPT,34150
2020133420NT25697,MONMOUTH,NEPTUNE TWP,10/28/2020,WE,2040,01,NEPTUNE TWP PD,,0,1,0,0,I,I,N,N,01,2,JUMPING BROOK RD,,,,13341416__,.97,07,,01,04,02,01,06,01,05,01,,AT,,NJ 66,,,,25,50,26,40.222570,74.086860,N,,34183
2020133420NT25728,MONMOUTH,NEPTUNE TWP,10/29/2020,TH,0925,01,NEPTUNE TWP PD,,0,0,0,0,P,I,N,N,12,1,NJ 18,N,18,,00000018__,8.28,02,,01,04,02,02,01,02,03,01,,AT,,NJ 33,,,,65,40,24,,,N,,34166
2020133420NT25742,MONMOUTH,NEPTUNE TWP,10/29/2020,TH,1325,01,NEPTUNE TWP PD,,0,0,0,0,P,B,N,N,11,1,NJ 18,S,18,,00000018__,9.75,02,,01,04,02,02,01,02,03,01,500,FE,S,NJ 66,,,,65,50,,,,N,SR 18 SOUTH MILE MARKER 9.6 NJDOT NOTIFIED,34166