Year(4)-CountyCode(2)-MunicipalityCode(2)-CaseNumber(9),County Name,Municipality Name,Crash Date,Crash Day of Week,Crash Time,Police Department Code,Police Department,Police Station,Total Killed,Total Injured,Pedestrians Killed,Pedestrians Injured,Severity,Intersection,Alcohol Involved,Hazmat Involved,Crash Type,Total Vehicles,Location,Location Direction,Route,Route Suffix,Std Rte Identifier,MilePost,Road System,Road Character,Road Horizontal Alignment,Road Grade,Road Surface Type,Surface Condition,Light Condition,Environmental Condition,Road Divided By,Temporary Traffic Control Zone,Distance To Cross Street,Unit Of Measurement,Direction From Cross Street,Cross Street Name,Is Ramp,Ramp To/From Route Name,Ramp To/From Route Direction,Posted Speed,Posted Speed Cross Street,First Harmful Event,Latitude,Longitude,Cell Phone In Use Flag,Other Property Damage,Reporting Badge No.
2020133420NT30031,MONMOUTH,NEPTUNE TWP,12/20/2020,SU,1110,01,NEPTUNE TWP PD,,0,0,0,0,P,I,N,N,03,2,NJ 35,N,35,,00000035__,23.93,02,,01,04,02,01,01,01,05,01,,AT,,WEST LAKE AVE,,,,35,25,26,40.216940,74.031590,N,,34179
2020133420NT30060,MONMOUTH,NEPTUNE TWP,12/20/2020,SU,1948,01,NEPTUNE TWP PD,,0,0,0,0,P,I,N,N,03,2,SPRINGWOOD AVE / W LAKE AVE **,E,,,13341045__,.87,07,,01,04,02,01,06,01,05,01,,AT,,MYRTLE AVE,,,,25,25,26,40.215610,74.025610,N,,34193
2020133420NT30061,MONMOUTH,NEPTUNE TWP,12/20/2020,SU,1954,01,NEPTUNE TWP PD,,0,0,0,0,P,B,N,N,06,2,MYRTLE AVE **,N,,,13341119__,.14,07,,01,04,02,01,06,01,05,01,50,FE,S,BANGS AVE,,,,25,30,28,40.218630,74.025860,N,,34193
2020133420NT30062,MONMOUTH,NEPTUNE TWP,12/20/2020,SU,1957,01,NEPTUNE TWP PD,,0,0,0,0,P,I,N,N,11,1,JUMPING BROOK RD,,,,13341416__,1.88,07,,01,04,02,02,07,01,04,01,,AT,,GREEN GROVE RD,,,,25,25,57,40.207980,74.064010,N,,34183
2020133420NT30114,MONMOUTH,NEPTUNE TWP,12/21/2020,MO,1707,01,NEPTUNE TWP PD,,0,3,0,0,I,I,N,N,07,2,NJ 33,W,33,,00000033__,40.44,02,,01,06,02,01,06,01,05,01,,AT,,CR 2 / OXFORD WAY,,,,40,25,26,40.206850,74.045440,N,,34185
2020133420NT30126,MONMOUTH,NEPTUNE TWP,12/21/2020,MO,1935,01,NEPTUNE TWP PD,,0,0,0,0,P,I,N,N,01,2,NJ 33,E,33,,00000033__,41.02,02,,01,04,02,01,07,01,05,01,,AT,,TAYLOR AVE,,,,35,25,26,40.208410,74.033990,N,,34192
2020133420NT30129,MONMOUTH,NEPTUNE TWP,12/21/2020,MO,2007,01,NEPTUNE TWP PD,,0,0,0,0,P,B,N,N,01,2,NJ 35,S,35,,00000035__,24.78,02,,01,04,02,01,06,01,05,01,30,FE,N,ROBIN RD,,,,35,25,26,40.224990,74.037410,N,,34197
2020133420NT30130,MONMOUTH,NEPTUNE TWP,12/21/2020,MO,2024,01,NEPTUNE TWP PD,,0,1,0,0,I,I,N,N,03,3,NJ 35,N,35,,00000035__,23.93,02,,01,04,02,01,06,01,05,01,,AT,,WEST LAKE AVE,,,,35,25,26,40.215780,74.030540,N,,
2020133420NT30144,MONMOUTH,NEPTUNE TWP,12/22/2020,TU,0142,01,NEPTUNE TWP PD,,0,0,0,0,P,B,N,N,11,1,NJ 35,N,35,,00000035__,21.86,02,,01,05,01,02,06,02,01,01,25,FE,E,S CONCOURSE,,,,35,25,48,40.184750,74.026090,N,,34207
2020133420NT30194,MONMOUTH,NEPTUNE TWP,12/22/2020,TU,1457,01,NEPTUNE TWP PD,,0,0,0,0,P,B,N,N,02,2,NJ 18,S,18,,00000018__,9.84,02,,01,04,02,01,01,01,04,01,5,FE,W,,T,NJ 66,EB,65,,26,,,N,,34149
2020133420NT30204,MONMOUTH,NEPTUNE TWP,12/22/2020,TU,1707,01,NEPTUNE TWP PD,,0,0,0,0,P,I,N,N,03,2,MONMOUTH COUNTY 40 A,N,40,A,13000040A_,1.07,05,,01,04,02,01,06,01,05,01,,AT,,7TH AVE / LAREINE AVE,,,,40,25,26,40.204300,74.018990,N,,34211
2020133420NT30219,MONMOUTH,NEPTUNE TWP,12/22/2020,TU,2015,01,NEPTUNE TWP PD,,0,3,0,0,I,B,N,N,01,2,SPRINGWOOD AVE / W LAKE AVE **,W,,,13341045__,.62,07,,01,04,02,01,03,01,05,01,25,FE,E,NJ 35,,,,25,35,26,40.216010,74.029940,N,,34200
2020133420NT30319,MONMOUTH,NEPTUNE TWP,12/24/2020,TH,1247,01,NEPTUNE TWP PD,,0,0,0,0,P,B,N,N,08,2,SEVENTH AVE,W,,,,,07,,01,04,02,01,01,01,05,01,15,FE,W,CR 40,,,,25,40,26,,,N,,34209
2020133420NT30343,MONMOUTH,NEPTUNE TWP,12/24/2020,TH,1724,01,NEPTUNE TWP PD,,0,1,0,0,I,B,N,N,03,3,NJ 66,W,66,,00000066__,1.01,02,,01,04,02,01,05,01,05,01,200,FE,E,JUMPING BROOK RD,,,,50,25,26,40.224730,74.085400,N,,34179
2020133420NT30395,MONMOUTH,NEPTUNE TWP,12/25/2020,FR,1732,01,NEPTUNE TWP PD,,0,3,0,0,I,I,N,N,03,2,MONMOUTH COUNTY 17 II,W,17,2,130000172_,.94,05,,01,04,02,01,06,01,05,01,,AT,,GREEN GROVE RD,,,,40,25,26,40.217490,74.069070,N,,34199
2020133420NT30434,MONMOUTH,NEPTUNE TWP,12/26/2020,SA,1157,01,NEPTUNE TWP PD,,0,0,0,0,P,B,N,N,01,2,NJ 71,N,71,,00000071__,7.84,02,,01,04,02,01,01,01,04,02,150,FE,S,BOND ST / MAIN AVE,,,,30,25,26,40.212410,74.014350,N,,34208
2020133420NT30447,MONMOUTH,NEPTUNE TWP,12/26/2020,SA,1510,01,NEPTUNE TWP PD,,0,0,0,0,P,B,N,N,09,2,SQUIRREL RD **,E,,,13341293__,.09,07,,01,04,02,01,01,01,05,01,10,FE,W,GREEN GROVE RD,,,,25,25,26,40.214500,74.066920,N,,34211
2020133420NT30454,MONMOUTH,NEPTUNE TWP,12/30/2020,WE,2042,01,NEPTUNE TWP PD,,0,0,0,0,P,B,N,N,01,2,NJ 66,E,66,,00000066__,1.03,02,,01,06,02,01,06,01,04,01,300,FE,E,JUMPING BROOK RD,,,,35,25,26,,,N,,34199
2020133420NT30489,MONMOUTH,NEPTUNE TWP,12/27/2020,SU,1651,01,NEPTUNE TWP PD,,0,1,0,0,I,I,N,N,03,2,STARTFORD AVE **,E,,,13341074__,.29,07,,01,04,02,01,05,01,05,01,,AT,,OAK ST,,,,25,25,26,40.217420,74.030260,N,,34185
2020133420NT30493,MONMOUTH,NEPTUNE TWP,12/27/2020,SU,1826,01,NEPTUNE TWP PD,,0,1,0,0,I,I,N,N,07,2,NJ 35,S,35,,00000035__,24.21,02,,01,04,02,01,06,01,05,01,,AT,,CR 17 / BANGS AVE,,,,35,30,26,40.219610,74.032580,N,TRAFFIC SIGNAL POLE DAMAGED AT SR 35/ BANGS AVENUE AND NJDOT WAS NOTIFIED.,34207
2020133420NT30496,MONMOUTH,NEPTUNE TWP,12/27/2020,SU,1930,01,NEPTUNE TWP PD,,0,0,0,0,P,B,N,N,06,2,9TH AVE / LAFAYETTE DR **,S,,,13341083__,.62,07,,01,04,02,01,06,01,05,01,25,FE,S,NJ 33 / CORLIES AVE,,,,25,40,28,40.209010,74.028330,N,,34199
2020133420NT30543,MONMOUTH,NEPTUNE TWP,12/28/2020,MO,1527,01,NEPTUNE TWP PD,,0,2,0,0,I,I,N,N,03,3,NJ 35,S,35,,00000035__,23.16,02,,01,04,02,01,01,01,05,01,,AT,,7TH AVE,,,,35,25,26,40.205480,74.026400,N,,
2020133420NT30552,MONMOUTH,NEPTUNE TWP,12/27/2020,SU,1514,01,NEPTUNE TWP PD,,0,0,0,0,P,B,N,N,06,2,MT TABOR WAY **,W,,,13341154__,.16,07,,01,04,02,01,01,01,05,01,20,FE,E,NEW JERSEY AVE,,,,25,25,26,,,N,,34179
2020133420NT30553,MONMOUTH,NEPTUNE TWP,12/28/2020,MO,1730,01,NEPTUNE TWP PD,,0,0,0,0,P,I,N,N,03,2,MONMOUTH COUNTY 2,W,2,,13000002__,1.15,05,,01,04,02,01,06,01,05,01,,AT,,RIDGE AVE,,,,30,25,26,,,N,,34166
2020133420NT30564,MONMOUTH,NEPTUNE TWP,12/28/2020,MO,1916,01,NEPTUNE TWP PD,,0,0,0,0,P,B,N,N,02,2,MONMOUTH COUNTY 40 A,N,40,A,13000040A_,1.08,05,,01,04,02,01,06,01,05,01,50,FE,N,7TH AVE / LAREINE AVE,,,,40,25,26,40.204300,74.018990,N,,34194
2020133420NT30573,MONMOUTH,NEPTUNE TWP,12/28/2020,MO,2155,01,NEPTUNE TWP PD,,0,0,0,0,P,B,N,N,01,2,GREEN GROVE RD / HOPE RD,N,,,13341417__,1.86,07,,01,04,02,01,07,01,04,01,100,FE,S,JUMPING BROOK RD,,,,25,25,26,,,N,,34172
2020133420NT30584,MONMOUTH,NEPTUNE TWP,12/29/2020,TU,0108,01,NEPTUNE TWP PD,,0,0,0,0,P,B,N,N,11,2,HAMILTON AVE **,N,,,13341116__,.09,07,,01,04,02,01,06,01,05,01,50,FE,N,8TH AVE,,,,25,25,56,,,N,,34191
2020133420NT30633,MONMOUTH,NEPTUNE TWP,12/29/2020,TU,1718,01,NEPTUNE TWP PD,,0,1,0,0,I,I,N,N,01,2,PREMIUM OUTLETS BLVD **,S,,,,,07,,03,04,02,01,06,01,05,01,,AT,,NJ 66,,,,25,50,26,40.221300,74.091210,N,,34165
2020133420NT30678,MONMOUTH,NEPTUNE TWP,12/30/2020,WE,1313,01,NEPTUNE TWP PD,,0,0,0,0,P,I,N,N,03,2,NJ 35,N,35,,00000035__,23.93,02,,01,04,02,01,01,01,05,01,,AT,,WEST LAKE AVE,,,,35,25,26,,,N,,164
2020133420NT30740,MONMOUTH,NEPTUNE TWP,12/31/2020,TH,1355,01,NEPTUNE TWP PD,,0,1,0,0,I,I,N,N,01,2,NJ 33,W,33,,00000033__,40.32,02,,01,04,02,01,01,01,05,01,,AT,,OAK DR / WALNUT AVE,,,,40,25,26,,,N,,34157
2020133420NT30744,MONMOUTH,NEPTUNE TWP,12/31/2020,TH,1525,01,NEPTUNE TWP PD,,0,0,0,0,P,B,N,N,02,2,MONMOUTH COUNTY 16,E,16,,13000016__,5.46,05,,01,04,02,01,01,01,05,01,200,FE,E,WHITESVILLE RD,,,,35,25,26,40.223460,74.026400,N,,34211
2020133520N08160,MONMOUTH,NEPTUNE CITY BORO,11/05/2020,TH,1622,01,NEPTUNE CITY PD,,0,0,0,0,P,I,N,N,07,2,NJ 35,N,35,,00000035__,22.46,02,,01,04,02,01,01,01,05,01,,AT,,S WALL ST,,,,35,25,26,40.195970,74.027080,N,,35121
2020133520NC00044,MONMOUTH,NEPTUNE CITY BORO,01/02/2020,TH,1809,01,NEPTUNE CITY PD,,0,2,0,0,I,I,N,N,07,3,MONMOUTH COUNTY 17 III,E,17,3,130000173_,.56,05,,01,04,02,01,07,01,05,01,,AT,,CR 17 / EAST END AVE,,,,35,30,26,40.200760,74.037110,N,,
2020133520NC00076,MONMOUTH,NEPTUNE CITY BORO,01/03/2020,FR,2054,01,NEPTUNE CITY PD,,0,0,0,0,P,I,N,N,03,2,MONMOUTH COUNTY 40 A,S,40,A,13000040A_,1.29,05,,01,04,02,02,06,02,05,01,,AT,,4TH AVE,,,,40,25,26,40.201650,74.022390,N,,35129
2020133520NC00086,MONMOUTH,NEPTUNE CITY BORO,01/04/2020,SA,0926,01,NEPTUNE CITY PD,,0,0,0,0,P,B,N,N,11,1,MONMOUTH COUNTY 17 III,E,17,3,130000173_,.57,05,,01,04,02,02,01,05,05,01,72,FE,W,LOCUST AVE,,,,35,25,56,,,N,SHRUBS AND BUILDING (193 WEST SYLVANIA AVENUE),35128
2020133520NC00156,MONMOUTH,NEPTUNE CITY BORO,01/07/2020,TU,0923,01,NEPTUNE CITY PD,,0,0,0,0,P,B,N,N,11,1,NJ 35,W,35,,00000035__,22.53,02,,01,04,02,00,00,00,02,01,20,FE,E,CR 17 / MERRITT AVE / SYLVANIA AVE,,,,35,25,56,,,N,ROAD SIGN (ONE WAY SIGN),35131
2020133520NC00222,MONMOUTH,NEPTUNE CITY BORO,01/09/2020,TH,0900,01,NEPTUNE CITY PD,,0,0,0,0,P,B,N,N,11,1,OXFORD DR **,E,,,13351058__,.01,07,,03,04,02,01,01,01,05,01,50,FE,N,CR 17 III / W SYLVANIA AVE,,,,25,35,60,40.198110,74.030120,N,TREE/GRASS MINOR DAMAGE,35133
2020133520NC00326,MONMOUTH,NEPTUNE CITY BORO,01/11/2020,SA,1534,01,NEPTUNE CITY PD,,0,0,0,0,P,I,N,N,03,2,6TH AVE,E,,,,,05,,01,04,02,01,01,01,05,01,,AT,,SPRINGDALE AVE,,,,30,25,26,40.206390,74.044420,N,,35121
2020133520NC00369,MONMOUTH,NEPTUNE CITY BORO,01/12/2020,SU,1500,01,NEPTUNE CITY PD,,0,0,0,0,P,B,N,N,01,2,NJ 33,E,33,,00000033__,40.43,02,,01,04,02,01,01,01,05,01,50,FE,W,CR 2 / OXFORD WAY,,,,40,30,26,,,N,,35126
2020133520NC00444,MONMOUTH,NEPTUNE CITY BORO,01/14/2020,TU,1828,01,NEPTUNE CITY PD,,0,0,0,0,P,B,N,N,03,2,MONMOUTH COUNTY 17 III,W,17,3,130000173_,1.05,05,,01,04,02,02,07,02,05,01,400,FE,W,OAK DR,,,,35,25,26,40.205960,74.046770,N,,35129
2020133520NC00496,MONMOUTH,NEPTUNE CITY BORO,01/16/2020,TH,1553,01,NEPTUNE CITY PD,,0,0,0,0,P,B,N,N,01,2,NJ 33,E,33,,00000033__,40.44,02,,01,05,02,01,01,01,05,01,25,FE,W,CR 2 / OXFORD WAY,,,,40,35,26,,,N,,35131
2020133520NC00536,MONMOUTH,NEPTUNE CITY BORO,01/17/2020,FR,1202,01,NEPTUNE CITY PD,,0,0,0,0,P,I,N,N,11,1,MONMOUTH COUNTY 17 V,S,17,5,130000175_,.16,05,,01,04,02,01,01,01,05,01,,AT,,PROSPECT AVE,,,,25,25,52,40.203180,74.033950,N,"LIGHT POST(#40052NC)  """"NO PARKING SIGN"""" AND GRASS",35133
2020133520NC00702,MONMOUTH,NEPTUNE CITY BORO,01/22/2020,WE,1507,01,NEPTUNE CITY PD,,0,0,0,0,P,I,N,N,01,2,NJ 35,S,35,,00000035__,22.23,02,,03,04,02,01,01,01,01,01,,AT,,OAK TER,,,,35,25,26,40.204840,74.045640,N,,35133
2020133520NC00706,MONMOUTH,NEPTUNE CITY BORO,01/22/2020,WE,1634,01,NEPTUNE CITY PD,,0,0,0,0,P,I,N,N,08,2,MONMOUTH COUNTY 40 A,E,40,A,13000040A_,1.29,05,,01,04,02,01,01,01,05,01,,AT,,4TH AVE,,,,25,40,26,40.201650,74.022390,N,,35129
2020133520NC00810,MONMOUTH,NEPTUNE CITY BORO,01/25/2020,SA,1447,01,NEPTUNE CITY PD,,0,0,0,0,P,B,N,N,01,2,NJ 33,E,33,,00000033__,40.13,02,,01,06,02,02,01,02,01,,10,FE,W,BRIGHTON AVE,,,,40,25,26,40.206280,74.050560,N,,35106
2020133520NC01004,MONMOUTH,NEPTUNE CITY BORO,01/30/2020,TH,1537,01,NEPTUNE CITY PD,,0,1,0,0,I,B,N,N,07,2,NJ 33,E,33,,00000033__,40.30,02,,01,04,02,01,01,01,05,01,90,FE,W,OAK DR / WALNUT AVE,,,,40,,26,,,N,,35126
2020133520NC01101,MONMOUTH,NEPTUNE CITY BORO,02/02/2020,SU,1549,01,NEPTUNE CITY PD,,0,0,0,0,P,B,N,N,11,1,NJ 35,S,35,,00000035__,23.02,02,,02,04,02,02,01,02,05,01,5,FE,S,5TH AVE,,,,35,25,56,,,N,"(1) """"ENTERING BORO OF NEPTUNE CITY SIGN"""" (1) RETAINING WALL",35130
2020133520NC01111,MONMOUTH,NEPTUNE CITY BORO,02/03/2020,MO,0117,01,NEPTUNE CITY PD,,0,0,0,0,P,B,N,N,11,1,NJ 35,E,35,,00000035__,22.53,02,,02,04,02,02,07,01,03,01,,,,,T,CR 17,EB,35,,56,,,N,LIGHT POLE (#15) NJ STATE DOT,35128
2020133520NC01154,MONMOUTH,NEPTUNE CITY BORO,02/04/2020,TU,1023,01,NEPTUNE CITY PD,,0,0,0,0,P,I,N,N,07,2,NJ 35,S,35,,00000035__,22.53,02,,02,04,02,02,01,02,02,01,,AT,,CR 17 / MERRITT AVE / SYLVANIA AVE,,,,35,35,26,40.197390,74.028350,N,,35134
2020133520NC01167,MONMOUTH,NEPTUNE CITY BORO,02/04/2020,TU,1752,01,NEPTUNE CITY PD,,0,0,0,0,P,B,N,N,03,2,MONMOUTH COUNTY 17 III,E,17,3,130000173_,.52,05,,01,06,02,01,03,01,05,01,120,FE,E,TUCKER DR,,,,35,25,26,,,N,,35131
2020133520NC01244,MONMOUTH,NEPTUNE CITY BORO,02/07/2020,FR,0656,01,NEPTUNE CITY PD,,0,0,0,0,P,I,N,N,04,2,NJ 33,E,33,,00000033__,40.55,02,,01,04,02,02,01,02,05,01,,AT,,WAKEFIELD RD,,,,40,25,26,,,N,,35126
2020133520NC01255,MONMOUTH,NEPTUNE CITY BORO,02/07/2020,FR,1231,01,NEPTUNE CITY PD,,0,0,0,0,P,B,N,N,01,2,OAK DR **,,,,13351059__,.00,07,,01,05,02,02,01,05,05,01,15,FE,N,CR 17 III / W SYLVANIA AVE,,,,25,35,26,40.204840,74.045640,N,,35106
2020133520NC01277,MONMOUTH,NEPTUNE CITY BORO,02/08/2020,SA,0003,01,NEPTUNE CITY PD,,0,1,0,0,I,B,Y,N,06,3,LOCUST AVE **,N,,,13351047__,.16,07,,01,04,02,01,07,01,05,01,174,FE,N,3RD AVE,,,,25,25,26,40.203260,74.037120,N,,35121
2020133520NC01303,MONMOUTH,NEPTUNE CITY BORO,02/08/2020,SA,1940,01,NEPTUNE CITY PD,,0,0,0,0,P,B,N,N,06,2,STEINER AVE **,,,,13351037__,.13,07,,01,04,02,01,03,01,05,01,60,FE,N,RIVERVIEW AVE,,,,25,25,28,40.192680,74.026010,N,,35106
2020133520NC01380,MONMOUTH,NEPTUNE CITY BORO,02/11/2020,TU,1134,01,NEPTUNE CITY PD,,0,0,0,0,P,B,N,N,11,1,NJ 35,E,35,,00000035__,22.53,02,,02,04,02,02,01,02,03,01,,,,,T,CR 17,EB,15,,56,40.190430,74.025160,N,,35129
2020133520NC01421,MONMOUTH,NEPTUNE CITY BORO,02/12/2020,WE,1301,01,NEPTUNE CITY PD,,0,2,0,0,I,B,N,N,07,2,NJ 33,E,33,,00000033__,40.30,02,,01,04,02,01,01,01,05,01,90,FE,W,OAK DR / WALNUT AVE,,,,40,,26,,,N,,35126
2020133520NC01576,MONMOUTH,NEPTUNE CITY BORO,02/17/2020,MO,1525,01,NEPTUNE CITY PD,,0,1,0,0,I,I,N,N,02,2,MONMOUTH COUNTY 2,W,2,,13000002__,.06,05,,03,06,02,01,01,01,05,01,,AT,,OXFORD AVE,,,,30,25,26,40.206400,74.044420,N,,35134
2020133520NC01583,MONMOUTH,NEPTUNE CITY BORO,02/17/2020,MO,2045,01,NEPTUNE CITY PD,,0,1,0,1,I,I,N,N,13,1,MONMOUTH COUNTY 17 III,W,17,3,130000173_,.56,05,,01,04,02,01,07,01,05,01,,AT,,CR 17 / EAST END AVE,,,,35,30,22,40.200760,74.037110,N,,35121
2020133520NC01673,MONMOUTH,NEPTUNE CITY BORO,02/21/2020,FR,0153,01,NEPTUNE CITY PD,,0,1,0,0,I,B,Y,N,06,2,NEPTUNE AVE / SPRINGDALE AVE **,S,,,13351382__,.12,07,,01,04,02,01,06,01,05,01,329,FE,S,SUMMERLAN PL,,,,25,25,26,,,N,GRASS BELONGING TO THE PROPERTY OF 100 SPRINGDALE AVENUE,35130
2020133520NC01749,MONMOUTH,NEPTUNE CITY BORO,02/22/2020,SA,2253,01,NEPTUNE CITY PD,,1,0,1,0,F,I,Y,N,13,1,NJ 33,E,33,,00000033__,40.32,02,,01,05,02,01,07,01,05,01,,AT,,OAK DR / WALNUT AVE,,,,40,25,22,40.204840,74.045640,N,,35106
2020133520NC01795,MONMOUTH,NEPTUNE CITY BORO,02/24/2020,MO,0855,01,NEPTUNE CITY PD,,0,0,0,0,P,B,N,N,04,2,MONMOUTH COUNTY 40 A,N,40,A,13000040A_,1.41,05,,01,04,02,01,01,01,04,01,50,FE,S,EVERGREEN AVE,,,,45,25,26,40.199440,74.020720,N,,35129
2020133520NC02237,MONMOUTH,NEPTUNE CITY BORO,03/09/2020,MO,1655,01,NEPTUNE CITY PD,,0,1,0,0,I,B,N,N,01,2,NJ 33,E,33,,00000033__,40.44,02,,01,04,02,01,01,01,05,01,15,FE,W,CR 2 / OXFORD WAY,,,,40,25,26,40.206850,74.045440,N,,35133
2020133520NC02327,MONMOUTH,NEPTUNE CITY BORO,03/12/2020,TH,0656,01,NEPTUNE CITY PD,,0,2,0,0,I,I,N,N,01,5,NJ 33,E,33,,00000033__,40.55,02,,01,04,02,01,01,01,05,01,,AT,W,WAKEFIELD RD,,,,45,25,26,,,N,,
2020133520NC02410,MONMOUTH,NEPTUNE CITY BORO,03/15/2020,SU,1004,01,NEPTUNE CITY PD,,0,2,0,0,I,I,N,N,02,2,NJ 33,E,33,,00000033__,40.13,02,,01,04,02,01,01,01,01,01,,AT,,BRIGHTON AVE,,,,40,25,26,40.206160,74.050540,N,,35133
2020133520NC02560,MONMOUTH,NEPTUNE CITY BORO,03/22/2020,SU,0237,01,NEPTUNE CITY PD,,0,0,0,0,P,I,Y,N,11,1,MONMOUTH COUNTY 17 III,E,17,3,130000173_,.56,05,,01,04,02,01,06,01,04,01,,AT,,CR 17 / EAST END AVE,,,,35,25,56,,,Y,RIGHT CURVE WARNING / SPEED SIGN (30 MPH).,35124
2020133520NC02667,MONMOUTH,NEPTUNE CITY BORO,03/27/2020,FR,1336,01,NEPTUNE CITY PD,,0,0,0,0,P,B,N,N,01,3,MONMOUTH COUNTY 17 III,E,17,3,130000173_,.72,05,,01,04,02,01,01,01,05,01,25,FE,W,SPRINGDALE AVE / TFH WAY,,,,35,25,26,40.202380,74.039290,N,,
2020133520NC02750,MONMOUTH,NEPTUNE CITY BORO,04/01/2020,WE,1627,01,NEPTUNE CITY PD,,0,0,0,0,P,I,N,N,03,2,MONMOUTH COUNTY 17 III,E,17,3,130000173_,.56,05,,01,04,02,01,01,01,05,01,,AT,,CR 17 / EAST END AVE,,,,35,30,26,40.200760,74.037110,N,,35129
2020133520NC02907,MONMOUTH,NEPTUNE CITY BORO,04/10/2020,FR,1256,01,NEPTUNE CITY PD,,0,0,0,0,P,B,N,N,03,2,NJ 35,W,35,,00000035__,22.31,02,,01,04,02,01,01,01,05,01,40,FE,E,CR 5 / STEINER AVE,,,,35,35,26,,,N,,35128
2020133520NC03001,MONMOUTH,NEPTUNE CITY BORO,04/15/2020,WE,1043,01,NEPTUNE CITY PD,,0,1,0,0,I,B,N,N,11,1,NJ 35,N,35,,00000035__,22.68,02,,01,06,02,01,01,01,05,01,50,FE,N,WOODLAND AVE,,,,35,25,56,40.196780,74.028030,N,POLE JC508NC BROKE  WIRE FROM SAME POLE CONNECTED TO POLE 40250NC FELL IN ROAD,35129
2020133520NC03124,MONMOUTH,NEPTUNE CITY BORO,04/21/2020,TU,1950,01,NEPTUNE CITY PD,,0,0,0,0,P,I,N,N,03,2,MONMOUTH COUNTY 40 A,S,40,A,13000040A_,1.29,05,,01,04,02,01,03,01,05,01,,AT,,4TH AVE,,,,40,25,26,,,N,,35133
2020133520NC03198,MONMOUTH,NEPTUNE CITY BORO,04/26/2020,SU,2007,01,NEPTUNE CITY PD,,0,1,0,1,I,I,Y,N,13,1,MONMOUTH COUNTY 17 III,W,17,3,130000173_,.56,05,,01,04,02,02,07,05,05,01,,AT,,CR 17 / EAST END AVE,,,,35,30,22,40.200770,74.037120,N,,35133
2020133520NC03289,MONMOUTH,NEPTUNE CITY BORO,05/01/2020,FR,1940,01,NEPTUNE CITY PD,,0,0,0,0,P,B,N,N,11,1,NJ 35,S,35,,00000035__,22.18,02,,03,05,02,01,01,01,05,01,462,FE,N,BOSTON RD,,,,35,25,48,40.192510,74.024500,N,,35134
2020133520NC03308,MONMOUTH,NEPTUNE CITY BORO,05/03/2020,SU,1501,01,NEPTUNE CITY PD,,0,2,0,0,I,I,N,N,07,2,NJ 35,S,35,,00000035__,22.53,02,,02,04,02,01,01,01,02,01,,AT,,CR 17 / MERRITT AVE / SYLVANIA AVE,,,,35,35,26,40.197390,74.028350,N,,35121
2020133520NC03335,MONMOUTH,NEPTUNE CITY BORO,05/05/2020,TU,1040,01,NEPTUNE CITY PD,,0,0,0,0,P,I,N,N,11,1,NJ 35,S,35,,00000035__,22.53,02,,03,04,02,01,01,01,02,01,,AT,,CR 17 / MERRITT AVE / SYLVANIA AVE,,,,35,35,39,40.197390,74.028350,N,DO NOT ENTER SIGN,35133
2020133520NC03356,MONMOUTH,NEPTUNE CITY BORO,05/06/2020,WE,1450,01,NEPTUNE CITY PD,,0,0,0,0,P,I,N,N,01,2,NJ 33,E,33,,00000033__,40.44,02,,01,04,02,02,01,02,05,01,,AT,,CR 2 / OXFORD WAY,,,,40,25,26,40.206850,74.045440,N,,35121
2020133520NC03419,MONMOUTH,NEPTUNE CITY BORO,05/10/2020,SU,2302,01,NEPTUNE CITY PD,,0,0,0,0,P,I,N,N,11,1,NJ 35,S,35,,00000035__,23.02,02,,02,04,02,01,06,01,05,01,,AT,,5TH AVE,,,,35,25,56,,,N,RAILROAD TIE,35128
2020133520NC03452,MONMOUTH,NEPTUNE CITY BORO,05/12/2020,TU,1108,01,NEPTUNE CITY PD,,0,0,0,0,P,B,N,N,01,2,NJ 35,S,35,,00000035__,22.94,02,,01,04,02,01,01,01,05,01,59,FE,S,4TH AVE,,,,35,25,26,40.201650,74.022390,N,,35121
2020133520NC03525,MONMOUTH,NEPTUNE CITY BORO,05/15/2020,FR,1555,01,NEPTUNE CITY PD,,0,0,0,0,P,B,N,N,02,2,NJ 33,E,33,,00000033__,40.55,02,,01,04,02,01,01,01,05,01,30,FE,E,WAKEFIELD RD,,,,35,25,26,,,N,,35126
2020133520NC03527,MONMOUTH,NEPTUNE CITY BORO,05/15/2020,FR,1920,01,NEPTUNE CITY PD,,0,1,0,0,I,I,N,N,03,2,MONMOUTH COUNTY 40 A,N,40,A,13000040A_,1.29,05,,01,04,02,01,01,01,05,01,,AT,W,4TH AVE,,,,40,25,26,40.201650,74.022390,N,,35134
2020133520NC03661,MONMOUTH,NEPTUNE CITY BORO,05/21/2020,TH,2054,01,NEPTUNE CITY PD,,0,0,0,0,P,B,N,N,11,1,MONMOUTH COUNTY 17 IV,S,17,4,130000174_,.14,05,,03,04,02,01,03,01,05,01,300,FE,S,TUCKER DR,,,,30,25,56,40.196670,74.043110,N,CR17 NORTHBOUND BRIDGE GUARDRAIL,35134
2020133520NC03671,MONMOUTH,NEPTUNE CITY BORO,05/22/2020,FR,1004,01,NEPTUNE CITY PD,,0,2,0,0,I,I,N,N,03,3,MONMOUTH COUNTY 40 A,N,40,A,13000040A_,1.29,05,,01,04,02,01,01,01,05,01,,AT,,4TH AVE,,,,40,25,26,40.201650,74.022390,N,UTILITY POLE-JC108NC-NO DAMAGE.,
2020133520NC03780,MONMOUTH,NEPTUNE CITY BORO,05/27/2020,WE,0713,01,NEPTUNE CITY PD,,0,2,0,0,I,I,N,N,07,2,NJ 35,W,35,,00000035__,22.30,02,,01,04,02,01,01,05,05,01,,AT,,CR 5 / STEINER AVE,,,,35,35,26,,,N,,35128