Year(4)-CountyCode(2)-MunicipalityCode(2)-CaseNumber(9),County Name,Municipality Name,Crash Date,Crash Day of Week,Crash Time,Police Department Code,Police Department,Police Station,Total Killed,Total Injured,Pedestrians Killed,Pedestrians Injured,Severity,Intersection,Alcohol Involved,Hazmat Involved,Crash Type,Total Vehicles,Location,Location Direction,Route,Route Suffix,Std Rte Identifier,MilePost,Road System,Road Character,Road Horizontal Alignment,Road Grade,Road Surface Type,Surface Condition,Light Condition,Environmental Condition,Road Divided By,Temporary Traffic Control Zone,Distance To Cross Street,Unit Of Measurement,Direction From Cross Street,Cross Street Name,Is Ramp,Ramp To/From Route Name,Ramp To/From Route Direction,Posted Speed,Posted Speed Cross Street,First Harmful Event,Latitude,Longitude,Cell Phone In Use Flag,Other Property Damage,Reporting Badge No.
2020133520NC08002,MONMOUTH,NEPTUNE CITY BORO,10/29/2020,TH,1505,01,NEPTUNE CITY PD,,0,2,0,0,I,B,N,N,04,3,MONMOUTH COUNTY 17 III,E,17,3,130000173_,.63,05,,03,04,02,02,01,02,05,01,25,FE,W,RIVERDALE AVE,,,,35,25,26,40.201250,74.038660,N,,
2020133520NC08028,MONMOUTH,NEPTUNE CITY BORO,10/30/2020,FR,1537,01,NEPTUNE CITY PD,,0,1,0,0,I,B,N,N,06,3,MONMOUTH COUNTY 2,E,2,,13000002__,.16,05,,01,04,02,02,01,01,05,01,528,FE,E,OXFORD AVE,,,,30,25,28,40.206400,74.044420,N,,35121
2020133520NC08154,MONMOUTH,NEPTUNE CITY BORO,11/05/2020,TH,1055,01,NEPTUNE CITY PD,,0,0,0,0,P,I,N,N,02,2,NJ 33,E,33,,00000033__,40.55,02,,01,04,02,01,01,01,05,01,,AT,,WAKEFIELD RD,,,,40,25,26,40.206850,74.045440,N,,35121
2020133520NC08180,MONMOUTH,NEPTUNE CITY BORO,11/06/2020,FR,1408,01,NEPTUNE CITY PD,,0,0,0,0,P,I,N,N,03,2,MONMOUTH COUNTY 2,E,,,,,05,,02,04,02,01,01,01,05,01,,AT,,SPRINGDALE AVE,,,,35,25,26,40.206390,74.044420,N,,35133
2020133520NC08183,MONMOUTH,NEPTUNE CITY BORO,11/06/2020,FR,1530,01,NEPTUNE CITY PD,,0,1,0,0,I,I,N,N,03,2,NJ 35,N,35,,00000035__,22.88,02,,01,05,02,01,01,01,05,01,,AT,,3RD AVE,,,,35,25,26,40.201380,74.027140,N,,35133
2020133520NC08356,MONMOUTH,NEPTUNE CITY BORO,11/13/2020,FR,0632,01,NEPTUNE CITY PD,,0,1,0,1,I,I,N,N,13,1,MONMOUTH COUNTY 17 III,S,17,3,130000173_,.56,05,,01,04,02,02,06,02,05,01,,AT,,CR 17 / EAST END AVE,,,,35,30,22,,,N,,35130
2020133520NC08573,MONMOUTH,NEPTUNE CITY BORO,11/20/2020,FR,1631,01,NEPTUNE CITY PD,,0,0,0,0,P,I,N,N,03,2,MONMOUTH COUNTY 40 A,N,40,A,13000040A_,1.42,05,,01,04,02,01,03,01,05,01,,AT,,EVERGREEN AVE,,,,45,25,26,40.199440,74.020720,N,,35129
2020133520NC08646,MONMOUTH,NEPTUNE CITY BORO,11/23/2020,MO,1328,01,NEPTUNE CITY PD,,0,0,0,0,P,I,N,N,03,2,MONMOUTH COUNTY 5,N,5,,13000005__,.47,05,,01,04,02,01,01,01,05,01,,AT,,3RD AVE,,,,35,25,26,,,N,,35136
2020133520NC08659,MONMOUTH,NEPTUNE CITY BORO,11/24/2020,TU,1012,01,NEPTUNE CITY PD,,0,0,0,0,P,B,N,N,06,2,FOURTH AVE **,W,,,13351019__,.21,07,,01,04,02,01,01,01,05,01,248,FE,W,CR 5 / STEINER AVE,,,,25,35,28,,,N,,35136
2020133520NC08704,MONMOUTH,NEPTUNE CITY BORO,11/26/2020,TH,1158,01,NEPTUNE CITY PD,,0,0,0,0,P,B,N,N,11,1,OXFORD DR **,N,,,13351058__,.03,07,,02,04,02,01,01,01,05,01,150,FE,N,CR 17 III / W SYLVANIA AVE,,,,25,35,56,40.205610,74.042000,N,DUMPSTER  SHRUBBERY  POLE #PM61092 & #GPU61091NC DAMAGED. FENCE DESTROYED,35129
2020133520NC08787,MONMOUTH,NEPTUNE CITY BORO,12/01/2020,TU,0602,01,NEPTUNE CITY PD,,0,0,0,0,P,B,N,N,11,1,NJ 35,W,35,,00000035__,22.53,02,,01,05,02,02,06,01,05,01,,,,,F,CR 17,NB,35,,56,,,N,,35128
2020133520NC08827,MONMOUTH,NEPTUNE CITY BORO,12/02/2020,WE,1548,01,NEPTUNE CITY PD,,0,0,0,0,P,B,N,N,06,2,LAUREL AVE **,S,,,13351036__,.26,07,,01,04,02,01,01,01,05,01,145,FE,N,CR 17 III / W SYLVANIA AVE,,,,25,35,28,,,N,,35130
2020133520NC08866,MONMOUTH,NEPTUNE CITY BORO,12/04/2020,FR,0800,01,NEPTUNE CITY PD,,0,0,0,0,P,B,N,N,11,1,MONMOUTH COUNTY 17 III,E,17,3,130000173_,.64,05,,02,04,02,01,01,01,05,01,50,FE,E,RIVERDALE AVE,,,,35,25,56,,,N,APPROX. $500 OF DAMAGE TO LANDSCAPING AND FENCE OF 195 W SYLVANIA AVE,35129
2020133520NC08906,MONMOUTH,NEPTUNE CITY BORO,12/05/2020,SA,1407,01,NEPTUNE CITY PD,,0,0,0,0,P,B,N,N,08,2,SMOCK ST **,W,,,13351002__,.01,07,,01,05,02,02,01,01,05,01,60,FE,E,NJ 5,,,,25,30,28,,,N,,35128
2020133520NC08933,MONMOUTH,NEPTUNE CITY BORO,12/06/2020,SU,1552,01,NEPTUNE CITY PD,,0,1,0,0,I,I,N,N,01,2,NJ 35,S,35,,00000035__,23.02,02,,01,04,02,01,01,01,05,01,,AT,,5TH AVE,,,,35,25,26,,,N,,35128
2020133520NC08958,MONMOUTH,NEPTUNE CITY BORO,12/07/2020,MO,1624,01,NEPTUNE CITY PD,,0,1,0,0,I,R,N,N,01,2,MONMOUTH COUNTY 40 A,N,40,A,13000040A_,1.41,05,,01,04,02,01,01,01,05,01,58,FE,S,EVERGREEN AVE,,,,45,25,26,40.199440,74.020720,N,,35121
2020133520NC09230,MONMOUTH,NEPTUNE CITY BORO,12/18/2020,FR,1615,01,NEPTUNE CITY PD,,0,1,0,0,I,B,Y,N,03,2,NJ 33,E,33,,00000033__,40.31,02,,01,04,02,01,01,01,05,01,50,FE,W,OAK DR / WALNUT AVE,,,,40,25,26,,,N,,35128
2020133520NC09260,MONMOUTH,NEPTUNE CITY BORO,12/19/2020,SA,2244,01,NEPTUNE CITY PD,,0,1,0,0,I,B,Y,N,11,1,RILEY ROAD,S,,,,,07,,01,04,02,01,06,01,05,01,40,FE,S,BOSTON ROAD,,,,25,25,56,,,N,,35128
2020133520NC09296,MONMOUTH,NEPTUNE CITY BORO,12/21/2020,MO,1328,01,NEPTUNE CITY PD,,0,0,0,0,P,B,N,N,11,1,MONMOUTH COUNTY 40 A,S,40,A,13000040A_,1.42,05,,01,04,02,01,01,01,05,01,20,FE,N,EVERGREEN AVE,,,,35,25,,,,N,VEHICLE #1 STRUCK A UTLOTLITY POLE (#JC9N9) ALONG CR-40A.,35136
2020133520NC09301,MONMOUTH,NEPTUNE CITY BORO,12/21/2020,MO,1607,01,NEPTUNE CITY PD,,0,0,0,0,P,B,N,N,07,2,THIRD AVE **,W,,,13351031__,.27,07,,01,04,02,01,01,01,05,01,79,FE,W,LAUREL AVE,,,,25,25,26,40.201640,74.028870,N,,35121
2020133520NC09305,MONMOUTH,NEPTUNE CITY BORO,12/21/2020,MO,1904,01,NEPTUNE CITY PD,,0,0,0,0,P,B,N,N,02,2,MONMOUTH COUNTY 17 III,W,17,3,130000173_,.71,05,,01,04,02,01,06,01,05,01,30,FE,W,SPRINGDALE AVE / TFH WAY,,,,35,25,26,,,N,,35130
2020133520NC09316,MONMOUTH,NEPTUNE CITY BORO,12/22/2020,TU,0839,01,NEPTUNE CITY PD,,0,0,0,0,P,I,N,N,11,1,NEPTUNE AVE / SPRINGDALE AVE **,N,,,13351382__,.23,07,,01,04,02,01,01,01,05,01,,AT,N,5TH AVE,,,,25,25,56,40.205540,74.037270,N,CHAIN LINK FENCE LOCATED AT 68 SPRINGDALE AVENUE,35134
2020133520NC09375,MONMOUTH,NEPTUNE CITY BORO,12/25/2020,FR,2001,01,NEPTUNE CITY PD,,0,0,0,0,P,I,N,N,01,2,MONMOUTH COUNTY 17 III,E,17,3,130000173_,.72,05,,01,04,02,01,06,01,05,01,,AT,,SPRINGDALE AVE / TFH WAY,,,,35,25,26,,,N,,35136
2020133520NC09408,MONMOUTH,NEPTUNE CITY BORO,12/27/2020,SU,1528,01,NEPTUNE CITY PD,,0,0,0,0,P,I,N,N,11,1,NJ 35,S,35,,00000035__,22.48,02,,01,04,02,01,00,01,02,01,,AT,,MYRON AVE,,,,35,25,50,,,N,"NJ DOT """"ONE WAY"""" SIGN WAS STRUCK BY AN UNKNOWN VEHICLE THAT LEFT THE SCENE.",35136
2020133620CN04215,MONMOUTH,TINTON FALLS BORO,05/06/2020,WE,2105,01,COLTS NECK PD,,0,0,0,0,P,B,N,N,11,1,NJ 18,N,18,,00000018__,15.80,02,,01,04,02,02,05,01,01,01,,,,,,,,65,,46,,,N,,84046
2020133620KP01453,MONMOUTH,TINTON FALLS BORO,02/16/2020,SU,1307,01,KEYPORT PD,,0,0,0,0,P,B,N,N,01,2,GARDEN STATE PARKWAY,S,,,,,03,,01,04,02,01,01,01,05,01,25,FE,N,,T,NJ 35,SB,25,,26,40.424070,74.202790,N,,22038
2020133620TF00035,MONMOUTH,TINTON FALLS BORO,01/02/2020,TH,0735,01,TINTON FALLS PD,,0,0,0,0,P,B,N,N,02,2,NJ 66,E,66,,00000066__,.16,02,,02,04,02,01,01,01,03,,25,FE,W,SHARK RIVER RD,,,,50,35,26,,,N,,36049
2020133620TF00045,MONMOUTH,TINTON FALLS BORO,01/02/2020,TH,1147,01,TINTON FALLS PD,,0,0,0,0,P,B,N,N,11,1,MONMOUTH COUNTY 13,S,13,,13000013__,.05,05,,02,04,02,01,01,01,01,,250,FE,N,NJ 35,,,,40,50,11,40.312490,74.067580,N,,36049
2020133620TF00095,MONMOUTH,TINTON FALLS BORO,01/03/2020,FR,1413,01,TINTON FALLS PD,1336,0,0,0,0,P,B,N,N,01,2,1 NORMAN J FIELD WAY,,,,,,08,,01,04,02,02,01,05,05,,,,,,,,,,,26,40.305600,74.090700,N,,36068
2020133620TF00126,MONMOUTH,TINTON FALLS BORO,01/04/2020,SA,1724,01,TINTON FALLS PD,,0,0,0,0,P,B,N,N,07,2,MONMOUTH COUNTY 16,W,16,,13000016__,2.18,05,,01,06,02,02,05,02,05,,200,FE,W,PINE ST / ESSEX RD,,,,45,25,26,40.240230,74.088160,N,,36054
2020133620TF00252,MONMOUTH,TINTON FALLS BORO,01/07/2020,TU,2037,01,TINTON FALLS PD,,0,0,0,0,P,B,N,N,11,1,NJ 18,S,18,,00000018__,14.49,02,,03,06,02,02,07,02,01,01,100,FE,S,CR 38 / WAYSIDE RD,,,,55,40,48,40.282860,74.096680,N,GUARD RAIL- SR 18 SB MM 15,36077
2020133620TF00264,MONMOUTH,TINTON FALLS BORO,01/08/2020,WE,0737,01,TINTON FALLS PD,,0,0,0,0,P,I,N,N,03,2,MONMOUTH COUNTY 51,N,51,,13000051__,2.58,07,,01,04,02,02,01,01,05,,,AT,,SOCIETY HILL WAY,,,,40,25,26,40.313000,74.080450,N,,36209
2020133620TF00269,MONMOUTH,TINTON FALLS BORO,01/08/2020,WE,0928,01,TINTON FALLS PD,,0,0,0,0,P,I,N,N,03,2,MONMOUTH COUNTY 13 A,W,13,A,13000013A_,1.10,05,,01,04,02,02,01,01,05,,,AT,S,KNOLLWOOD DR,,,,40,25,26,,,N,,36073
2020133620TF00347,MONMOUTH,TINTON FALLS BORO,01/09/2020,TH,1930,01,TINTON FALLS PD,,0,0,0,0,P,I,N,N,03,2,MONMOUTH COUNTY 51,S,51,,13000051__,.63,05,,01,04,02,01,06,01,05,,,AT,,CENTRE PLZ,,,,50,25,26,,,N,,36053
2020133620TF00360,MONMOUTH,TINTON FALLS BORO,01/10/2020,FR,0656,01,TINTON FALLS PD,,0,0,0,0,P,B,N,N,01,3,MONMOUTH COUNTY 13,S,13,,13000013__,1.66,05,,01,04,02,01,01,01,05,01,50,FE,S,PATTERSON AVE,,,,40,25,26,,,N,,36037
2020133620TF00433,MONMOUTH,TINTON FALLS BORO,01/11/2020,SA,1304,01,TINTON FALLS PD,,0,0,0,0,P,B,N,N,06,2,WOODCHUCK CT,,,,,,07,,01,04,02,01,00,01,,,500,FE,E,FOX CHASE DR,,,,25,25,28,40.234190,74.096630,N,,36065
2020133620TF00437,MONMOUTH,TINTON FALLS BORO,01/11/2020,SA,1419,01,TINTON FALLS PD,,0,0,0,0,P,B,N,N,08,2,AUTUMN DR,E,,,,,07,,01,04,02,01,01,01,,,750,FE,S,NJ 33,,,,25,50,28,40.215010,74.103700,N,,36065
2020133620TF00484,MONMOUTH,TINTON FALLS BORO,01/12/2020,SU,1253,01,TINTON FALLS PD,,0,1,0,0,I,B,N,N,03,2,MONMOUTH COUNTY 38,S,38,,13000038__,.80,05,,01,04,02,01,01,01,05,01,250,FE,S,PINE BROOK RD,,,,40,40,26,40.286650,74.094960,N,,36065
2020133620TF00584,MONMOUTH,TINTON FALLS BORO,01/14/2020,TU,1747,01,TINTON FALLS PD,,0,0,0,0,P,B,N,N,01,2,MONMOUTH COUNTY 51,S,51,,13000051__,1.81,05,,01,04,02,02,07,02,05,,1000,FE,S,ROUTE 537 / TINTON AVE,,,,40,40,26,40.299980,74.081590,N,,36050
2020133620TF00585,MONMOUTH,TINTON FALLS BORO,01/14/2020,TU,1754,01,TINTON FALLS PD,,0,0,0,0,P,B,N,N,02,2,MONMOUTH COUNTY 13,S,13,,13000013__,.10,05,,01,04,02,02,06,02,04,,528,FE,N,NJ 35,,,,40,50,26,40.323140,74.072880,N,,36056
2020133620TF00622,MONMOUTH,TINTON FALLS BORO,01/15/2020,WE,1618,01,TINTON FALLS PD,,0,0,0,0,P,B,N,N,01,2,MONMOUTH COUNTY 13,S,13,,13000013__,1.11,05,,01,04,02,01,01,01,04,01,250,FE,N,GILBERT ST S,,,,40,25,26,40.325010,74.073130,N,,36065
2020133620TF00661,MONMOUTH,TINTON FALLS BORO,01/16/2020,TH,1056,01,TINTON FALLS PD,,0,0,0,0,P,B,N,N,02,2,NJ 66,W,66,,00000066__,.16,02,,01,04,02,01,01,01,05,01,850,FE,E,NJ 33,,,,50,50,26,40.299730,74.091950,N,,36065
2020133620TF00698,MONMOUTH,TINTON FALLS BORO,01/17/2020,FR,1008,01,TINTON FALLS PD,,0,0,0,0,P,B,N,N,08,2,556 TINTON AVE,,,,,,08,,01,04,02,01,01,01,,,,,,,,,,,,28,,,N,,36037
2020133620TF00711,MONMOUTH,TINTON FALLS BORO,01/17/2020,FR,1704,01,TINTON FALLS PD,TINTON FALLS,0,1,0,0,I,B,N,N,02,2,ROUTE 547,S,547,,00000547__,22.00,05,,01,04,02,01,06,01,04,,250,FE,N,MAZZA BLVD,,,,50,25,26,40.223830,74.118340,N,,36064
2020133620TF00752,MONMOUTH,TINTON FALLS BORO,01/18/2020,SA,1253,01,TINTON FALLS PD,,0,2,0,0,I,B,N,N,04,2,JUMPING BROOK RD,N,,,13341416__,,07,,02,04,02,03,01,03,05,,2640,FE,S,ASBURY AVE,,,,25,45,26,40.226350,74.086550,N,,36076
2020133620TF00753,MONMOUTH,TINTON FALLS BORO,01/18/2020,SA,1317,01,TINTON FALLS PD,,0,2,0,0,I,B,N,N,11,1,MONMOUTH COUNTY 13 A,E,13,A,13000013A_,1.32,05,,02,04,02,03,01,03,05,,100,FE,W,CLEARVIEW DR,,,,40,25,56,40.319100,74.084480,N,,36055
2020133620TF00803,MONMOUTH,TINTON FALLS BORO,01/20/2020,MO,1456,01,TINTON FALLS PD,,0,0,0,0,P,B,N,N,02,2,NJ 18,S,18,,00000018__,14.44,02,,01,04,02,01,01,01,01,01,350,FE,S,CR 38 / WAYSIDE RD,,,,65,40,26,40.276860,74.072140,N,,36065
2020133620TF00852,MONMOUTH,TINTON FALLS BORO,01/21/2020,TU,1500,01,TINTON FALLS PD,TINTON FALLS PD,0,0,0,0,P,B,N,N,02,2,NJ 18,S,18,,00000018__,14.01,02,,01,04,02,01,01,01,01,,2640,FE,S,CR 38 / WAYSIDE RD,,,,55,40,26,40.280460,74.077870,N,GUARD RAIL,36070
2020133620TF00853,MONMOUTH,TINTON FALLS BORO,01/21/2020,TU,1522,01,TINTON FALLS PD,,0,1,0,0,I,B,N,N,01,2,MONMOUTH COUNTY 16,E,16,,13000016__,2.19,05,,01,04,02,01,01,01,05,01,150,FE,W,PINE ST / ESSEX RD,,,,45,35,26,40.240230,74.088160,N,,36065
2020133620TF00913,MONMOUTH,TINTON FALLS BORO,01/23/2020,TH,0738,01,TINTON FALLS PD,,0,3,0,0,I,B,N,N,07,2,MONMOUTH COUNTY 16,E,16,,13000016__,2.55,05,,01,04,02,01,01,01,05,01,264,FE,W,GREEN GROVE RD,,,,45,40,26,,,N,,36056
2020133620TF00918,MONMOUTH,TINTON FALLS BORO,01/23/2020,TH,0943,01,TINTON FALLS PD,NJ0133600,0,0,0,0,P,I,N,N,01,2,MONMOUTH COUNTY 13 A,W,13,A,13000013A_,1.53,05,,01,04,02,01,01,01,05,01,,AT,,CR 51 / HANCE AVE,,,,40,40,26,,,N,,36210
2020133620TF00960,MONMOUTH,TINTON FALLS BORO,01/24/2020,FR,0857,01,TINTON FALLS PD,,0,0,0,0,P,B,N,N,08,2,HARMON DR,N,,,,,07,,01,04,02,01,01,01,,,300,FE,S,HELIPORT DR,,,,25,25,26,,,N,,36065
2020133620TF01014,MONMOUTH,TINTON FALLS BORO,01/25/2020,SA,0901,01,TINTON FALLS PD,,0,0,0,0,P,B,N,N,01,2,MONMOUTH COUNTY 38,N,38,,13000038__,1.45,05,,01,04,02,02,01,02,05,01,350,FE,N,NJ 18,,,,40,65,26,40.281410,74.081120,N,,36065
2020133620TF01022,MONMOUTH,TINTON FALLS BORO,01/25/2020,SA,1328,01,TINTON FALLS PD,,0,0,0,0,P,B,N,N,15,1,NJ 18,N,18,,00000018__,14.67,02,,02,04,02,02,01,02,01,01,850,FE,N,CR 38 / WAYSIDE RD,,,,65,40,39,40.283940,74.107750,N,,36065
2020133620TF01052,MONMOUTH,TINTON FALLS BORO,01/26/2020,SU,1248,01,TINTON FALLS PD,,0,0,0,0,P,B,N,N,02,2,NJ 18,S,18,,00000018__,14.48,02,,01,04,02,01,01,01,01,01,150,FE,S,CR 38 / WAYSIDE RD,,,,65,40,26,40.282670,74.096380,N,,36065
2020133620TF01208,MONMOUTH,TINTON FALLS BORO,01/30/2020,TH,0925,01,TINTON FALLS PD,1336,0,0,0,0,P,B,N,N,02,2,MONMOUTH COUNTY 51,S,51,,13000051__,.05,05,,01,04,02,01,01,01,05,,250,FE,N,ROUTE 547 / SHAFTO RD / WYCKOFF RD,,,,50,40,26,40.309070,74.080610,N,,36068
2020133620TF01231,MONMOUTH,TINTON FALLS BORO,01/30/2020,TH,1635,01,TINTON FALLS PD,,0,0,0,0,P,I,N,N,03,2,ROUTE 520,E,520,,00000520__,16.14,05,,01,04,02,01,01,01,05,,,AT,,CLINTON PL,,,,40,25,26,,,N,,36080
2020133620TF01246,MONMOUTH,TINTON FALLS BORO,01/31/2020,FR,1050,01,TINTON FALLS PD,TINTON FALLS,0,0,0,0,P,B,N,N,02,2,GILBERT ST N **,W,,,13361050__,.23,07,,01,04,02,01,01,01,05,,20,FE,W,CR 13 / SHREWSBURY AVE,,,,25,40,26,40.326810,74.073410,N,,36075
2020133620TF01301,MONMOUTH,TINTON FALLS BORO,02/01/2020,SA,1718,01,TINTON FALLS PD,,0,2,0,0,I,I,N,N,07,3,MONMOUTH COUNTY 51,,51,,13000051__,4.00,05,,01,04,02,01,06,01,05,,,AT,,APPLE ST,,,,40,25,26,40.330100,74.083850,N,,
2020133620TF01337,MONMOUTH,TINTON FALLS BORO,02/03/2020,MO,0630,01,TINTON FALLS PD,,0,0,0,0,P,B,N,N,12,1,MONMOUTH COUNTY 51,,51,,13000051__,2.67,07,,01,04,02,01,05,01,05,,500,FE,N,SOCIETY HILL WAY,,,,40,25,24,40.309070,74.080610,N,,36049
2020133620TF01346,MONMOUTH,TINTON FALLS BORO,02/03/2020,MO,0952,01,TINTON FALLS PD,,0,0,0,0,P,B,N,N,11,1,GILBERT ST N **,,,,13361050__,.23,07,,01,04,02,00,00,00,05,,10,FE,W,CR 13 / SHREWSBURY AVE,,,,25,40,69,40.326810,74.073410,N,STORM DRAIN,36209
2020133620TF01347,MONMOUTH,TINTON FALLS BORO,02/03/2020,MO,0958,01,TINTON FALLS PD,,0,0,0,0,P,B,N,N,11,1,GILBERT ST N **,W,,,13361050__,.23,07,,01,04,02,01,01,01,05,,10,FE,W,CR 13 / SHREWSBURY AVE,,,,25,40,69,40.326810,74.073410,N,STORM DRAIN,36077
2020133620TF01461,MONMOUTH,TINTON FALLS BORO,02/05/2020,WE,2146,01,TINTON FALLS PD,,0,0,0,0,P,I,N,N,03,2,MONMOUTH COUNTY 13 A,E,13,A,13000013A_,1.53,05,,01,04,02,01,06,01,05,,,AT,,CR 51 / HANCE AVE,,,,40,40,26,40.321140,74.082080,N,,36054
2020133620TF01507,MONMOUTH,TINTON FALLS BORO,02/07/2020,FR,0548,01,TINTON FALLS PD,,0,0,0,0,P,B,N,N,12,1,NJ 33,W,33,,00000033__,,02,,01,04,02,02,05,05,05,,1000,FE,E,ROUTE 547,,,,50,50,24,40.219650,74.119110,N,,36054
2020133620TF01521,MONMOUTH,TINTON FALLS BORO,02/07/2020,FR,1053,01,TINTON FALLS PD,,0,0,0,0,P,B,N,N,01,2,MONMOUTH COUNTY 13,S,13,,13000013__,.94,05,,01,04,02,02,01,01,05,01,28,FE,N,CR 13A / SYCAMORE AVE,,,,40,40,26,,,N,,36037
2020133620TF01524,MONMOUTH,TINTON FALLS BORO,02/07/2020,FR,1156,01,TINTON FALLS PD,,0,0,0,0,P,B,N,N,11,1,MONMOUTH COUNTY 51,S,51,,13000051__,.50,05,,02,04,02,02,01,05,05,01,2640,FE,N,ROUTE 547 / SHAFTO RD / WYCKOFF RD,,,,45,40,57,,,N,,36037
2020133620TF01543,MONMOUTH,TINTON FALLS BORO,02/07/2020,FR,1834,01,TINTON FALLS PD,,0,0,0,0,P,I,N,N,02,2,MONMOUTH COUNTY 16,S,16,,13000016__,2.60,05,,01,04,02,02,07,01,05,,,AT,,GREEN GROVE RD,,,,45,40,26,,,N,,36073
2020133620TF01614,MONMOUTH,TINTON FALLS BORO,02/09/2020,SU,1915,01,TINTON FALLS PD,,0,0,0,0,P,B,N,N,06,2,DARTMOUTH CT **,S,,,13361213__,.00,07,,01,04,02,01,07,01,05,,50,FE,S,GLASSBORO DR,,,,25,25,28,40.290490,74.107170,N,,36057
2020133620TF01621,MONMOUTH,TINTON FALLS BORO,02/10/2020,MO,0805,01,TINTON FALLS PD,,0,0,0,0,P,B,N,N,06,2,235 HOPE RD,,,,,,09,,01,04,02,01,01,01,,,,,,,,,,,,28,40.309270,74.078540,N,,36057
2020133620TF01639,MONMOUTH,TINTON FALLS BORO,02/10/2020,MO,1458,01,TINTON FALLS PD,,0,1,0,0,I,B,N,N,01,2,MONMOUTH COUNTY 51,N,51,,13000051__,3.28,07,,01,04,02,02,01,02,05,,50,FE,S,CR 13A / SYCAMORE AVE,,,,40,40,26,40.302960,74.079560,N,,36049
2020133620TF01645,MONMOUTH,TINTON FALLS BORO,02/10/2020,MO,1740,01,TINTON FALLS PD,TINTON FALLS,0,0,0,0,P,B,N,N,01,2,NJ 33,,33,,00000033__,,02,,01,04,03,02,07,02,03,,15,FE,W,SHARK RIVER ROAD,,,,50,35,26,40.217440,74.103250,N,,36067
2020133620TF01692,MONMOUTH,TINTON FALLS BORO,02/11/2020,TU,1628,01,TINTON FALLS PD,,0,0,0,0,P,B,N,N,10,1,977 SYCAMORE AVE,,,,,,06,,01,04,02,02,01,01,05,,,,,,,,,,,01,40.314790,74.091500,N,,36049
2020133620TF01755,MONMOUTH,TINTON FALLS BORO,02/13/2020,TH,0908,01,TINTON FALLS PD,,0,0,0,0,P,B,N,N,15,2,HERITAGE BLVD **,S,,,13361147__,1.22,07,,01,04,02,02,01,02,,,15,FE,S,WEST PARK AVE,,,,25,35,09,40.258290,74.083500,N,,36073
2020133620TF01768,MONMOUTH,TINTON FALLS BORO,02/13/2020,TH,1528,01,TINTON FALLS PD,,0,0,0,0,P,B,N,N,12,1,ROUTE 547,N,547,,00000547__,24.04,05,,01,04,02,02,01,02,04,01,100,FE,S,W PARK AVE,,,,50,25,24,40.221220,74.122590,N,,36080
2020133620TF01802,MONMOUTH,TINTON FALLS BORO,02/14/2020,FR,1002,01,TINTON FALLS PD,,0,1,0,0,I,B,N,N,12,1,ESSEX RD **,,,,13361096__,.00,07,,01,04,02,01,01,01,05,01,1320,FE,S,CR 16 / ASBURY AVE,,,,35,45,24,40.233940,74.090620,N,,36067
2020133620TF01833,MONMOUTH,TINTON FALLS BORO,02/15/2020,SA,0034,01,TINTON FALLS PD,NJ0133600,0,0,0,0,P,B,N,N,02,2,MONMOUTH COUNTY 51,N,51,,13000051__,3.25,07,,01,04,02,01,06,01,05,,200,FE,W,CR 13A / SYCAMORE AVE,,,,40,40,26,,,N,MONMOUTH CHURCH OF CHRIST (312 HANCE AVE),36071
2020133620TF01898,MONMOUTH,TINTON FALLS BORO,02/17/2020,MO,0036,01,TINTON FALLS PD,,0,0,0,0,P,B,N,N,11,1,PARK RD **,S,,,13361104__,.61,07,,02,04,02,01,05,01,05,,300,FE,S,PINE BROOK RD,,,,25,40,54,40.287050,74.086180,N,JCPL POLE #JC1948,36076
2020133620TF01946,MONMOUTH,TINTON FALLS BORO,02/18/2020,TU,1441,01,TINTON FALLS PD,,0,0,0,0,P,B,N,N,01,2,ROUTE 520,E,520,,00000520__,15.94,05,,01,04,02,01,01,01,05,,100,FE,W,WILLIAM ST,,,,40,25,26,40.336880,74.080130,N,,36077
2020133620TF02070,MONMOUTH,TINTON FALLS BORO,02/21/2020,FR,0757,01,TINTON FALLS PD,TINTON FALLS,0,0,0,0,P,B,N,N,01,2,NJ 33,E,33,,00000033__,37.13,02,,02,04,02,01,01,01,03,,50,FE,W,AUTUMN DR,,,,50,25,26,40.217160,74.104530,N,,36073
2020133620TF02100,MONMOUTH,TINTON FALLS BORO,02/21/2020,FR,1836,01,TINTON FALLS PD,,0,0,0,0,P,B,N,N,04,2,MONMOUTH COUNTY 38,N,38,,13000038__,.85,05,,01,04,02,01,06,01,05,01,10,FE,S,PINE BROOK RD,,,,40,40,26,40.286650,74.094960,N,,36077
2020133620TF02129,MONMOUTH,TINTON FALLS BORO,02/22/2020,SA,1515,01,TINTON FALLS PD,,0,2,0,0,I,B,N,N,01,3,MONMOUTH COUNTY 13,S,13,,13000013__,1.71,05,,01,04,02,01,01,01,04,,200,FE,N,PATTERSON AVE,,,,40,25,26,40.337810,74.075030,N,,36073