Year(4)-CountyCode(2)-MunicipalityCode(2)-CaseNumber(9),County Name,Municipality Name,Crash Date,Crash Day of Week,Crash Time,Police Department Code,Police Department,Police Station,Total Killed,Total Injured,Pedestrians Killed,Pedestrians Injured,Severity,Intersection,Alcohol Involved,Hazmat Involved,Crash Type,Total Vehicles,Location,Location Direction,Route,Route Suffix,Std Rte Identifier,MilePost,Road System,Road Character,Road Horizontal Alignment,Road Grade,Road Surface Type,Surface Condition,Light Condition,Environmental Condition,Road Divided By,Temporary Traffic Control Zone,Distance To Cross Street,Unit Of Measurement,Direction From Cross Street,Cross Street Name,Is Ramp,Ramp To/From Route Name,Ramp To/From Route Direction,Posted Speed,Posted Speed Cross Street,First Harmful Event,Latitude,Longitude,Cell Phone In Use Flag,Other Property Damage,Reporting Badge No.
2020133620TF12708,MONMOUTH,TINTON FALLS BORO,12/16/2020,WE,1823,01,TINTON FALLS PD,,0,1,0,0,I,B,N,N,01,2,MONMOUTH COUNTY 13 A,W,13,A,13000013A_,.63,05,,01,04,02,03,05,03,05,01,100,FE,E,REED RD,,,,40,25,26,,,N,,36080
2020133620TF12731,MONMOUTH,TINTON FALLS BORO,12/17/2020,TH,0831,01,TINTON FALLS PD,,0,0,0,0,P,I,N,N,03,2,MONMOUTH COUNTY 38,N,38,,13000038__,,05,,01,04,02,03,01,02,05,01,,AT,,,F,GARDEN STATE PARKWAY,SB,40,,26,40.283730,74.092140,N,,36065
2020133620TF12788,MONMOUTH,TINTON FALLS BORO,12/18/2020,FR,1847,01,TINTON FALLS PD,TINTON FALLS,0,0,0,0,P,I,N,N,07,2,ROUTE 547,N,547,,00000547__,23.18,05,,01,04,02,01,06,01,05,,,AT,,CR 16 / ASBURY AVE,,,,50,45,26,40.247070,74.099490,N,,36064
2020133620TF12818,MONMOUTH,TINTON FALLS BORO,12/19/2020,SA,1239,01,TINTON FALLS PD,,0,1,0,0,I,B,N,N,01,2,NJ 33,W,33,,00000033__,37.14,02,,02,04,02,01,01,01,03,,20,FE,W,AUTUMN DR,,,,50,25,26,40.217160,74.104530,N,,36063
2020133620TF12856,MONMOUTH,TINTON FALLS BORO,12/20/2020,SU,1743,01,TINTON FALLS PD,,0,0,0,0,P,B,N,N,01,2,GREEN GROVE RD / HOPE RD,S,,,13341417__,3.76,07,,01,04,02,01,06,01,05,01,10,FE,N,WEST PARK AVE,,,,40,35,26,40.309070,74.080610,N,,36074
2020133620TF12878,MONMOUTH,TINTON FALLS BORO,12/21/2020,MO,0926,01,TINTON FALLS PD,,0,0,0,0,P,B,N,N,03,2,ROUTE 547,N,547,,00000547__,25.53,05,,01,04,02,02,01,01,04,01,850,FE,S,CR 51 / HOPE RD,,,,40,50,26,40.270040,74.082390,N,,36065
2020133620TF12885,MONMOUTH,TINTON FALLS BORO,12/21/2020,MO,1144,01,TINTON FALLS PD,,0,0,0,0,P,B,N,N,11,1,MONMOUTH COUNTY 51,N,51,,13000051__,1.42,05,,01,04,02,02,01,01,05,01,950,FE,N,PINE BROOK RD,,,,40,40,56,40.302960,74.079560,N,,36065
2020133620TF12893,MONMOUTH,TINTON FALLS BORO,12/21/2020,MO,1550,01,TINTON FALLS PD,,0,0,0,0,P,B,N,N,06,2,736 SHREWSBURY AVENUE,,,,,,09,,01,04,02,02,01,01,,,,,,,,,,,,28,40.324120,74.073930,N,,36065
2020133620TF12904,MONMOUTH,TINTON FALLS BORO,12/21/2020,MO,2051,01,TINTON FALLS PD,,0,0,0,0,P,B,N,N,02,2,NJ 33,E,33,,00000033__,37.24,02,,01,04,02,01,06,01,03,,528,FE,E,AUTUMN DR,,,,50,25,26,,,N,,36210
2020133620TF12917,MONMOUTH,TINTON FALLS BORO,12/22/2020,TU,0826,01,TINTON FALLS PD,,0,2,0,0,I,I,N,N,03,2,ROUTE 547,N,547,,00000547__,,05,,01,04,02,02,01,01,05,01,,AT,,ROSE GLEN DRIVE,,,,50,25,26,40.261660,74.088980,N,,36065
2020133620TF12927,MONMOUTH,TINTON FALLS BORO,12/22/2020,TU,1122,01,TINTON FALLS PD,,0,0,0,0,P,B,N,N,11,1,MONMOUTH COUNTY 38,S,38,,13000038__,1.08,05,,01,04,02,02,01,01,05,01,50,FE,S,STAVBRO LN,,,,40,25,56,40.281040,74.088400,N,,36065
2020133620TF12969,MONMOUTH,TINTON FALLS BORO,12/23/2020,WE,1501,01,TINTON FALLS PD,,0,0,0,0,P,B,N,N,01,2,MONMOUTH COUNTY 13 A,E,13,A,13000013A_,1.81,05,,01,04,02,01,01,01,05,,200,FE,W,PALOMINO PL,,,,40,25,26,40.304680,74.099960,N,,36074
2020133620TF12975,MONMOUTH,TINTON FALLS BORO,12/23/2020,WE,1644,01,TINTON FALLS PD,TINTON FALLS,0,0,0,0,P,B,N,N,03,2,GREEN GROVE RD / HOPE RD,,,,13341417__,2.02,07,,01,04,02,01,03,01,05,01,50,FE,S,CR 16 / ASBURY AVE,,,,40,45,26,40.269340,74.070670,N,,36067
2020133620TF13062,MONMOUTH,TINTON FALLS BORO,12/26/2020,SA,1405,01,TINTON FALLS PD,,0,0,0,0,P,I,N,N,01,2,MONMOUTH COUNTY 38,E,38,,13000038__,.00,05,,03,04,02,01,01,01,05,,,AT,,,T,ROUTE 537,WB,40,,26,40.298950,74.095000,N,,36078
2020133620TF13109,MONMOUTH,TINTON FALLS BORO,12/28/2020,MO,1219,01,TINTON FALLS PD,,0,0,0,0,P,B,N,N,03,2,1 NORMAN J FIELD WAY,,,,,,08,,01,04,02,01,01,01,,,,,,,,,,,,26,40.305590,74.090700,N,,36076
2020133620TF13165,MONMOUTH,TINTON FALLS BORO,12/30/2020,WE,0021,01,TINTON FALLS PD,TINTON FALLS,0,0,0,0,P,B,N,N,12,1,ROUTE 547,S,547,,00000547__,23.64,05,,01,04,02,01,06,01,05,,1000,FE,S,OAK LEAF LN,,,,50,25,24,40.247070,74.099490,N,,36075
2020133620TF13184,MONMOUTH,TINTON FALLS BORO,12/30/2020,WE,1356,01,TINTON FALLS PD,,0,0,0,0,P,B,N,N,06,2,556 TINTON AVE; PD 36,W,,,,,09,,01,04,02,01,01,01,05,,,,,,,,,25,,28,40.298420,74.090960,N,,36081
2020133620TF13186,MONMOUTH,TINTON FALLS BORO,12/30/2020,WE,1404,01,TINTON FALLS PD,,0,0,0,0,P,B,N,N,01,2,NJ 18,N,18,,00000018__,14.51,02,,01,04,02,01,01,01,01,,700,FE,S,,T,CR 38,NB,55,,26,,,N,,36073
20201336E050-2020-00003A,MONMOUTH,TINTON FALLS BORO,01/01/2020,WE,0541,02,NEW JERSEY STATE POLICE,HOLMDEL - SQUAD,0,1,0,0,I,B,N,N,01,2,GARDEN STATE PARKWAY,S,444,,00000444__,106.70,03,,01,04,02,01,05,01,01,01,,,,,,,,65,,26,40.285750,74.088890,N,,7661
20201336E050-2020-00007A,MONMOUTH,TINTON FALLS BORO,01/03/2020,FR,0102,02,NEW JERSEY STATE POLICE,HOLMDEL - SQUAD,0,0,0,0,P,B,N,N,12,1,GARDEN STATE PARKWAY,S,444,,00000444__,107.40,03,,01,04,02,01,05,01,01,01,,,,,,,,65,,24,40.295520,74.092200,N,,8093
20201336E050-2020-00010A,MONMOUTH,TINTON FALLS BORO,01/03/2020,FR,1250,02,NEW JERSEY STATE POLICE,HOLMDEL - SQUAD,0,0,0,0,P,B,N,N,02,2,GARDEN STATE PARKWAY,N,444,,00000444__,104.00,03,,01,04,02,01,01,01,01,01,,,,,,,,65,,26,40.251180,74.081480,N,,7852
20201336E050-2020-00035A,MONMOUTH,TINTON FALLS BORO,01/08/2020,WE,1701,02,NEW JERSEY STATE POLICE,HOLMDEL - SQUAD,0,0,0,0,P,B,N,N,01,2,GARDEN STATE PARKWAY,S,444,,00000444__,101.30,03,,01,04,02,01,03,01,03,01,,,,,,,,65,,26,40.216060,74.099060,N,,7779
20201336E050-2020-00037A,MONMOUTH,TINTON FALLS BORO,01/04/2020,SA,0956,02,NEW JERSEY STATE POLICE,HOLMDEL - SQUAD,0,0,0,0,P,B,N,N,12,1,GARDEN STATE PARKWAY,N,444,,00000444__,106.40,03,,01,04,02,01,01,01,01,01,,,,,,,,65,,24,40.284160,74.086950,N,,7471
20201336E050-2020-00046A,MONMOUTH,TINTON FALLS BORO,01/10/2020,FR,1842,02,NEW JERSEY STATE POLICE,HOLMDEL - SQUAD,0,0,0,0,P,B,N,N,01,2,GARDEN STATE PARKWAY,S,444,,00000444__,107.20,03,,01,04,02,01,06,01,01,01,,,,,,,,65,,26,40.295240,74.092460,N,,7570
20201336E050-2020-00059A,MONMOUTH,TINTON FALLS BORO,01/10/2020,FR,1738,02,NEW JERSEY STATE POLICE,HOLMDEL - SQUAD,0,0,0,0,P,B,N,N,02,2,GARDEN STATE PARKWAY,S,444,,00000444__,104.80,03,,01,04,02,01,05,01,01,01,,,,,,,,65,,26,40.262970,74.080220,N,,7661
20201336E050-2020-00061A,MONMOUTH,TINTON FALLS BORO,01/14/2020,TU,1756,02,NEW JERSEY STATE POLICE,HOLMDEL - SQUAD,0,0,0,0,P,B,N,N,01,2,GARDEN STATE PARKWAY,N,444,,00000444__,103.60,03,,01,04,02,02,06,02,01,01,,,,,,,,65,,26,40.245450,74.083090,N,,7471
20201336E050-2020-00082A,MONMOUTH,TINTON FALLS BORO,01/18/2020,SA,0515,02,NEW JERSEY STATE POLICE,HOLMDEL - SQUAD,0,0,0,0,P,B,N,N,02,2,GARDEN STATE PARKWAY,S,444,,00000444__,104.00,03,,01,04,02,01,05,01,03,01,,,,,,,,65,,26,40.227660,74.095450,N,,7779
20201336E050-2020-00086A,MONMOUTH,TINTON FALLS BORO,01/18/2020,SA,1227,02,NEW JERSEY STATE POLICE,HOLMDEL - SQUAD,0,0,0,0,P,B,N,N,02,5,GARDEN STATE PARKWAY,N,444,,00000444__,108.70,03,,01,04,02,03,01,03,01,01,,,,,,,,65,,26,40.316310,74.096730,N,NJTA Guardrail,7794
20201336E050-2020-00087A,MONMOUTH,TINTON FALLS BORO,01/18/2020,SA,1309,02,NEW JERSEY STATE POLICE,HOLMDEL - SQUAD,0,0,0,0,P,B,N,N,01,2,GARDEN STATE PARKWAY,N,444,,00000444__,106.40,03,,01,05,02,03,01,03,01,01,,,,,,,,65,,26,40.283300,74.085210,N,NJTA Guardrail,7362
20201336E050-2020-00088A,MONMOUTH,TINTON FALLS BORO,01/18/2020,SA,1227,02,NEW JERSEY STATE POLICE,HOLMDEL - SQUAD,0,0,0,0,P,B,N,N,01,2,GARDEN STATE PARKWAY,N,444,,00000444__,108.70,03,,01,05,02,03,01,03,01,01,,,,,,,,65,,26,40.316310,74.096730,N,,7794
20201336E050-2020-00089A,MONMOUTH,TINTON FALLS BORO,01/18/2020,SA,1227,02,NEW JERSEY STATE POLICE,HOLMDEL - SQUAD,0,1,0,0,I,B,N,N,02,3,GARDEN STATE PARKWAY,N,444,,00000444__,108.70,03,,01,05,02,03,01,03,01,01,,,,,,,,65,,26,40.316310,74.096730,N,,7794
20201336E050-2020-00090A,MONMOUTH,TINTON FALLS BORO,01/18/2020,SA,1302,02,NEW JERSEY STATE POLICE,HOLMDEL - SQUAD,0,0,0,0,P,B,N,N,01,2,GARDEN STATE PARKWAY,N,444,,00000444__,107.00,03,,01,04,02,03,01,03,01,01,,,,,,,,65,,26,40.386550,74.171340,N,,7794
20201336E050-2020-00091A,MONMOUTH,TINTON FALLS BORO,01/18/2020,SA,1233,02,NEW JERSEY STATE POLICE,HOLMDEL - SQUAD,0,1,0,0,I,B,N,N,03,3,GARDEN STATE PARKWAY,N,444,,00000444__,107.00,03,,01,04,02,03,01,03,01,01,,,,,,,,65,,26,40.386550,74.177130,N,,7794
20201336E050-2020-00092A,MONMOUTH,TINTON FALLS BORO,01/18/2020,SA,1235,02,NEW JERSEY STATE POLICE,HOLMDEL - SQUAD,0,1,0,0,I,B,N,N,11,1,GARDEN STATE PARKWAY,N,444,,00000444__,106.30,03,,01,05,02,03,01,03,01,01,,,,,,,,65,,46,40.282580,74.084580,N,NJTA Guardrail,7362
20201336E050-2020-00099A,MONMOUTH,TINTON FALLS BORO,01/10/2020,FR,0901,02,NEW JERSEY STATE POLICE,HOLMDEL - SQUAD,0,0,0,0,P,B,N,N,01,2,GARDEN STATE PARKWAY,S,444,,00000444__,105.00,03,,03,04,02,01,01,01,01,01,,,,,T,STATE HIGHWAY 36,EB,65,,26,40.386550,74.177130,N,,7469
20201336E050-2020-00103A,MONMOUTH,TINTON FALLS BORO,01/20/2020,MO,2136,02,NEW JERSEY STATE POLICE,HOLMDEL - SQUAD,0,1,0,0,I,B,N,N,01,3,GARDEN STATE PARKWAY,S,444,,00000444__,105.50,03,,01,04,02,01,05,01,01,01,,,,,,,,65,,26,40.272810,74.080330,N,NJTA GUARDRAIL DAMAGE,7373
20201336E050-2020-00105A,MONMOUTH,TINTON FALLS BORO,01/21/2020,TU,1530,02,NEW JERSEY STATE POLICE,HOLMDEL - SQUAD,0,0,0,0,P,B,N,N,11,2,GARDEN STATE PARKWAY,E,444,,00000444__,106.00,03,,01,04,02,01,01,01,01,01,,,,,,,,65,,48,40.386550,74.177130,N,NJTA CONCRETE BARRIER,7576
20201336E050-2020-00106A,MONMOUTH,TINTON FALLS BORO,01/21/2020,TU,1136,02,NEW JERSEY STATE POLICE,HOLMDEL - SQUAD,0,0,0,0,P,B,N,N,01,3,GARDEN STATE PARKWAY,N,444,,00000444__,109.00,03,,01,04,02,01,01,01,01,01,,,,,,,,65,,26,40.386550,74.177130,N,,7661
20201336E050-2020-00120A,MONMOUTH,TINTON FALLS BORO,01/23/2020,TH,1305,02,NEW JERSEY STATE POLICE,HOLMDEL - SQUAD,0,0,0,0,P,B,N,N,11,1,GARDEN STATE PARKWAY,N,444,,00000444__,104.60,03,,01,04,02,01,01,01,01,01,,,,,,,,65,,46,40.259690,74.079130,N,NJTA Guardrail,7794
20201336E050-2020-00122A,MONMOUTH,TINTON FALLS BORO,01/23/2020,TH,0114,02,NEW JERSEY STATE POLICE,HOLMDEL - SQUAD,0,1,0,0,I,B,N,N,11,1,GARDEN STATE PARKWAY,S,444,,00000444__,105.70,03,,01,04,02,01,04,01,01,01,,,,,,,,65,,47,40.272930,74.080170,N,50 FEET OF NJTA GUARDRAIL AND DAMAGED ROADWAY,7382
20201336E050-2020-00128A,MONMOUTH,TINTON FALLS BORO,01/25/2020,SA,1240,02,NEW JERSEY STATE POLICE,HOLMDEL - SQUAD,0,1,0,0,I,B,N,N,02,2,GARDEN STATE PARKWAY,N,444,,00000444__,104.00,03,,01,04,02,02,01,02,01,01,,,,,,,,65,,26,40.258270,74.079350,N,NJTA CONCRETE BARRIER,7845
20201336E050-2020-00134A,MONMOUTH,TINTON FALLS BORO,01/26/2020,SU,1918,02,NEW JERSEY STATE POLICE,HOLMDEL - SQUAD,0,0,0,0,P,B,N,N,12,1,GARDEN STATE PARKWAY,N,444,,00000444__,106.80,03,,03,04,02,01,05,01,01,01,,,,,,,,65,,24,40.289620,74.089430,N,,7798
20201336E050-2020-00140A,MONMOUTH,TINTON FALLS BORO,01/27/2020,MO,0752,02,NEW JERSEY STATE POLICE,HOLMDEL - SQUAD,0,0,0,0,P,B,N,N,01,2,GARDEN STATE PARKWAY,N,444,,00000444__,103.00,03,,01,04,02,01,01,01,03,01,,,,,,,,65,,26,40.237670,74.088430,N,,7852
20201336E050-2020-00163A,MONMOUTH,TINTON FALLS BORO,01/28/2020,TU,0522,02,NEW JERSEY STATE POLICE,HOLMDEL - SQUAD,0,0,0,0,P,B,N,N,11,2,GARDEN STATE PARKWAY,N,444,,00000444__,105.00,03,,,04,02,01,02,01,05,01,,,,,,,,15,,56,40.286200,74.078900,N,,8068
20201336E050-2020-00169A,MONMOUTH,TINTON FALLS BORO,02/02/2020,SU,1225,02,NEW JERSEY STATE POLICE,HOLMDEL - SQUAD,0,0,0,0,P,B,N,N,15,1,GARDEN STATE PARKWAY,N,444,,00000444__,108.20,03,,01,04,02,01,01,01,01,01,,,,,,,,65,,39,40.309360,74.094480,N,NJTA ONE WAY SIGN,7382
20201336E050-2020-00191A,MONMOUTH,TINTON FALLS BORO,02/08/2020,SA,1549,02,NEW JERSEY STATE POLICE,HOLMDEL - SQUAD,0,0,0,0,P,B,N,N,12,1,GARDEN STATE PARKWAY,S,444,,00000444__,102.60,03,,01,04,02,01,01,01,03,01,,,,,,,,65,,24,40.314780,74.364890,N,,8093
20201336E050-2020-00193A,MONMOUTH,TINTON FALLS BORO,02/09/2020,SU,,02,NEW JERSEY STATE POLICE,HOLMDEL - SQUAD,0,0,0,0,P,B,N,N,11,1,GARDEN STATE PARKWAY,S,444,,00000444__,107.90,03,,01,04,02,01,05,01,01,01,,,,,,,,65,,46,40.265790,74.079270,N,DAMAGE TO 5 FT PIECE OF GUIDE RAIL.,7991
20201336E050-2020-00195A,MONMOUTH,TINTON FALLS BORO,02/01/2020,SA,,02,NEW JERSEY STATE POLICE,HOLMDEL - SQUAD,0,1,0,0,I,B,N,N,11,1,GARDEN STATE PARKWAY,S,444,,00000444__,104.10,03,,01,04,02,02,06,01,01,01,,,,,,,,65,,54,40.386550,74.177130,N,MINOR DAMAGE TO WOODEN POLE.,7469
20201336E050-2020-00201A,MONMOUTH,TINTON FALLS BORO,02/10/2020,MO,0808,02,NEW JERSEY STATE POLICE,HOLMDEL - SQUAD,0,0,0,0,P,B,N,N,01,2,GARDEN STATE PARKWAY,N,444,,00000444__,105.00,03,,01,04,02,01,01,01,01,01,,,,,,,,65,,26,40.236500,74.325600,N,,7208
20201336E050-2020-00208A,MONMOUTH,TINTON FALLS BORO,02/10/2020,MO,2031,02,NEW JERSEY STATE POLICE,HOLMDEL - SQUAD,0,0,0,0,P,B,N,N,12,1,GARDEN STATE PARKWAY,S,444,,00000444__,107.30,03,,01,04,02,02,05,02,03,01,,,,,,,,65,,24,40.296000,74.092300,N,,8068
20201336E050-2020-00211A,MONMOUTH,TINTON FALLS BORO,02/11/2020,TU,0933,02,NEW JERSEY STATE POLICE,HOLMDEL - SQUAD,0,0,0,0,P,B,N,N,11,1,GARDEN STATE PARKWAY,S,444,,00000444__,102.00,03,,02,04,02,02,01,02,01,01,,,,,T,ASBURY AVENUE,EB,65,,46,40.238590,74.089720,N,DAMAGE TO NJTA GUARDRAIL,7227
20201336E050-2020-00212A,MONMOUTH,TINTON FALLS BORO,02/11/2020,TU,1451,02,NEW JERSEY STATE POLICE,HOLMDEL - SQUAD,0,0,0,0,P,B,N,N,01,2,GARDEN STATE PARKWAY,S,444,,00000444__,107.10,03,,01,04,02,02,01,02,01,01,,,,,,,,35,,26,40.765430,74.765480,N,,7887
20201336E050-2020-00226A,MONMOUTH,TINTON FALLS BORO,02/05/2020,WE,0814,02,NEW JERSEY STATE POLICE,HOLMDEL - SQUAD,0,0,0,0,P,B,N,N,06,2,GARDEN STATE PARKWAY,S,444,,00000444__,105.00,03,,01,05,02,02,01,02,03,01,,,,,,,,35,,26,39.833850,74.871820,N,NJTP LIGHTPOST.,7639
20201336E050-2020-00254A,MONMOUTH,TINTON FALLS BORO,02/21/2020,FR,1650,02,NEW JERSEY STATE POLICE,HOLMDEL - SQUAD,0,1,0,0,I,B,N,N,01,2,GARDEN STATE PARKWAY,S,444,,00000444__,103.30,03,,01,04,02,01,01,01,01,01,,,,,,,,65,,26,40.242140,74.086890,N,,7373
20201336E050-2020-00257A,MONMOUTH,TINTON FALLS BORO,02/23/2020,SU,0344,02,NEW JERSEY STATE POLICE,HOLMDEL - SQUAD,0,0,0,0,P,B,Y,N,11,1,GARDEN STATE PARKWAY,S,444,,00000444__,109.00,03,,01,04,02,01,07,01,01,01,,,,,,,,25,,69,40.315780,74.124870,N,NJTA damage to far left Toll Plaza Exit 109.,8093
20201336E050-2020-00263A,MONMOUTH,TINTON FALLS BORO,02/25/2020,TU,0647,02,NEW JERSEY STATE POLICE,HOLMDEL - SQUAD,0,0,0,0,P,B,N,N,01,2,GARDEN STATE PARKWAY,N,444,,00000444__,105.00,03,,01,04,02,01,01,01,01,01,,,,,,,,65,,26,40.285800,74.077900,N,,7578
20201336E050-2020-00271A,MONMOUTH,TINTON FALLS BORO,02/25/2020,TU,1612,02,NEW JERSEY STATE POLICE,HOLMDEL - SQUAD,0,1,0,0,I,B,N,N,02,2,GARDEN STATE PARKWAY,S,444,,00000444__,105.30,03,,03,04,02,02,01,02,01,01,,,,,,,,65,,26,40.266400,74.078400,N,,7453
20201336E050-2020-00275A,MONMOUTH,TINTON FALLS BORO,02/23/2020,SU,1228,02,NEW JERSEY STATE POLICE,HOLMDEL - SQUAD,0,0,0,0,P,B,N,N,15,1,GARDEN STATE PARKWAY,N,444,,00000444__,107.20,03,,01,04,02,01,01,01,01,01,,,,,,,,65,,39,40.386550,74.177130,N,,7469
20201336E050-2020-00278A,MONMOUTH,TINTON FALLS BORO,02/26/2020,WE,1729,02,NEW JERSEY STATE POLICE,HOLMDEL - SQUAD,0,0,0,0,P,B,N,N,01,2,GARDEN STATE PARKWAY,S,444,,00000444__,106.30,03,,01,04,02,01,01,01,03,01,,,,,F,HOPE RD,NB,65,,26,40.280400,74.084900,N,,7373
20201336E050-2020-00286A,MONMOUTH,TINTON FALLS BORO,02/27/2020,TH,0823,02,NEW JERSEY STATE POLICE,HOLMDEL - SQUAD,0,0,0,0,P,B,N,N,02,2,GARDEN STATE PARKWAY,N,444,,00000444__,104.10,03,,01,04,02,01,01,01,01,01,,,,,,,,65,,26,40.252550,74.080970,N,,7576
20201336E050-2020-00292A,MONMOUTH,TINTON FALLS BORO,02/27/2020,TH,2123,02,NEW JERSEY STATE POLICE,HOLMDEL - SQUAD,0,1,0,0,I,B,N,N,01,3,GARDEN STATE PARKWAY,N,444,,00000444__,106.90,03,,03,06,02,01,05,01,01,01,,,,,,,,65,,26,40.290980,74.089960,N,NJTA;Guardrail Face,7798
20201336E050-2020-00308A,MONMOUTH,TINTON FALLS BORO,03/02/2020,MO,1317,02,NEW JERSEY STATE POLICE,HOLMDEL - SQUAD,0,0,0,0,P,B,N,N,01,2,GARDEN STATE PARKWAY,S,444,,00000444__,103.00,03,,01,05,02,01,01,01,01,01,,,,,,,,65,,26,40.238380,74.089690,N,,7798
20201336E050-2020-00309A,MONMOUTH,TINTON FALLS BORO,03/03/2020,TU,0546,02,NEW JERSEY STATE POLICE,HOLMDEL - SQUAD,0,1,0,0,I,B,N,N,11,1,GARDEN STATE PARKWAY,S,444,,00000444__,105.40,03,,01,04,02,01,01,01,01,01,,,,,,,,65,,46,40.268770,74.078740,N,NJTA GUARDRAIL,7373
20201336E050-2020-00313A,MONMOUTH,TINTON FALLS BORO,03/03/2020,TU,1633,02,NEW JERSEY STATE POLICE,HOLMDEL - SQUAD,0,0,0,0,P,B,N,N,01,2,GARDEN STATE PARKWAY,S,444,,00000444__,106.60,03,,01,07,02,02,01,02,01,01,,,,,,,,65,,26,40.386550,74.177130,N,,7469
20201336E050-2020-00314A,MONMOUTH,TINTON FALLS BORO,03/03/2020,TU,1713,02,NEW JERSEY STATE POLICE,HOLMDEL - SQUAD,0,0,0,0,P,B,N,N,03,2,GARDEN STATE PARKWAY,S,444,,00000444__,106.50,03,,01,07,02,02,01,02,01,01,,,,,,,,65,,26,40.285610,74.088790,N,,7469
20201336E050-2020-00332A,MONMOUTH,TINTON FALLS BORO,03/08/2020,SU,1158,02,NEW JERSEY STATE POLICE,HOLMDEL - SQUAD,0,0,0,0,P,B,N,N,02,2,GARDEN STATE PARKWAY,N,444,,00000444__,105.00,03,,02,04,02,01,01,01,01,01,,,,,,,,25,,26,40.335610,74.098320,N,,8003
20201336E050-2020-00342A,MONMOUTH,TINTON FALLS BORO,03/10/2020,TU,2210,02,NEW JERSEY STATE POLICE,HOLMDEL - SQUAD,0,0,0,0,P,B,N,N,12,1,GARDEN STATE PARKWAY,N,444,,00000444__,108.90,03,,01,04,02,01,05,01,03,01,,,,,,,,65,,24,40.319090,74.097680,N,,7453
20201336E050-2020-00344A,MONMOUTH,TINTON FALLS BORO,03/12/2020,TH,1840,02,NEW JERSEY STATE POLICE,HOLMDEL - SQUAD,0,0,0,0,P,B,N,N,12,1,GARDEN STATE PARKWAY,S,444,,00000444__,100.90,03,,01,04,02,01,01,01,01,01,,,,,,,,65,,24,40.209610,74.098640,N,,7845
20201336E050-2020-00350A,MONMOUTH,TINTON FALLS BORO,03/13/2020,FR,1426,02,NEW JERSEY STATE POLICE,HOLMDEL - SQUAD,0,1,0,0,I,B,N,N,01,2,GARDEN STATE PARKWAY,S,444,,00000444__,109.00,03,,01,04,02,01,01,01,02,01,,,,,,,,65,,26,40.340740,74.103680,N,,7794
20201336E050-2020-00367A,MONMOUTH,TINTON FALLS BORO,03/19/2020,TH,0616,02,NEW JERSEY STATE POLICE,HOLMDEL - SQUAD,0,0,0,0,P,B,N,N,11,1,GARDEN STATE PARKWAY,N,444,,00000444__,104.10,03,,01,04,02,02,06,02,01,01,,,,,,,,65,,48,40.298490,74.090200,N,NJTA CEMENT BARRIERS,7779
20201336E050-2020-00374A,MONMOUTH,TINTON FALLS BORO,03/23/2020,MO,1618,02,NEW JERSEY STATE POLICE,HOLMDEL - SQUAD,0,0,0,0,P,B,N,N,11,1,GARDEN STATE PARKWAY,S,444,,00000444__,104.00,03,,01,04,02,02,01,02,01,01,,,,,,,,65,,60,38.765500,74.568300,N,,7382
20201336E050-2020-00404A,MONMOUTH,TINTON FALLS BORO,04/06/2020,MO,2125,02,NEW JERSEY STATE POLICE,HOLMDEL - SQUAD,0,0,0,0,P,B,N,N,02,2,GARDEN STATE PARKWAY,S,444,,00000444__,108.10,03,,01,04,02,01,05,01,01,01,,,,,,,,65,,26,40.308120,74.095170,N,,7578
20201336E050-2020-00406A,MONMOUTH,TINTON FALLS BORO,04/07/2020,TU,1018,02,NEW JERSEY STATE POLICE,HOLMDEL - SQUAD,0,2,0,0,I,B,Y,N,01,2,GARDEN STATE PARKWAY,N,444,,00000444__,108.20,03,,01,04,02,01,01,01,01,01,,,,,,,,65,,26,40.386550,74.177130,N,Motorcycle on hitch mount.;NJTPA Guardrail,7362
20201336E050-2020-00414A,MONMOUTH,TINTON FALLS BORO,04/09/2020,TH,1421,02,NEW JERSEY STATE POLICE,HOLMDEL - SQUAD,0,0,0,0,P,B,N,N,11,1,GARDEN STATE PARKWAY,N,444,,00000444__,106.30,03,,01,04,02,02,01,02,01,01,,,,,,,,65,,46,40.283260,74.085150,N,NJTA GUARDRAIL,7798