Year(4)-CountyCode(2)-MunicipalityCode(2)-CaseNumber(9),County Name,Municipality Name,Crash Date,Crash Day of Week,Crash Time,Police Department Code,Police Department,Police Station,Total Killed,Total Injured,Pedestrians Killed,Pedestrians Injured,Severity,Intersection,Alcohol Involved,Hazmat Involved,Crash Type,Total Vehicles,Location,Location Direction,Route,Route Suffix,Std Rte Identifier,MilePost,Road System,Road Character,Road Horizontal Alignment,Road Grade,Road Surface Type,Surface Condition,Light Condition,Environmental Condition,Road Divided By,Temporary Traffic Control Zone,Distance To Cross Street,Unit Of Measurement,Direction From Cross Street,Cross Street Name,Is Ramp,Ramp To/From Route Name,Ramp To/From Route Direction,Posted Speed,Posted Speed Cross Street,First Harmful Event,Latitude,Longitude,Cell Phone In Use Flag,Other Property Damage,Reporting Badge No.
2020133720OT01003,MONMOUTH,OCEAN TWP,01/13/2020,MO,0526,01,OCEAN TWP PD (MONMOUTH),ZONE 51,0,0,0,0,P,B,N,N,11,1,DEAL RD,W,,,13371368__,2.90,07,,01,04,02,01,00,01,05,01,200,FE,W,BOWNE RD,,,,35,40,69,40.250130,74.068910,N,,37301
2020133720OT01006,MONMOUTH,OCEAN TWP,01/13/2020,MO,0704,01,OCEAN TWP PD (MONMOUTH),55,0,0,0,0,P,B,N,N,01,2,INTERLAKEN RD **,W,,,13371201__,.01,07,,01,04,02,01,01,01,05,01,30,FE,E,LOGAN RD,,,,25,35,26,40.241570,74.032360,N,,37227
2020133720OT01046,MONMOUTH,OCEAN TWP,01/13/2020,MO,1511,01,OCEAN TWP PD (MONMOUTH),ZONE 51,0,2,0,0,I,I,N,N,03,2,FREDRIC DR **,W,,,13371192__,.35,07,,01,04,02,01,01,01,04,01,,AT,,WEST PARK AVE,,,,45,25,26,40.255920,74.051520,N,,37282
2020133720OT01075,MONMOUTH,OCEAN TWP,01/13/2020,MO,1942,01,OCEAN TWP PD (MONMOUTH),ZONE 54,0,0,0,0,P,B,N,N,11,1,SUNSET AVE,E,,,13371213__,.49,07,,01,05,02,01,06,01,05,01,200,FE,E,BREILLE AVE,,,,35,25,56,40.237700,74.045570,N,DAMAGE TO STORM DRAIN LOCATED NEXT TO ENTRANCE TO 3500 SUNSET AVENUE,37299
2020133720OT01149,MONMOUTH,OCEAN TWP,01/14/2020,TU,1539,01,OCEAN TWP PD (MONMOUTH),ZONE 51,0,0,0,0,P,I,N,N,07,2,DEAL RD,W,,,13371368__,1.98,07,,01,04,02,02,01,02,05,01,,AT,,POPLAR RD / ROLLER RD,,,,45,40,26,,,N,,37281
2020133720OT01153,MONMOUTH,OCEAN TWP,01/14/2020,TU,1559,01,OCEAN TWP PD (MONMOUTH),51,0,0,0,0,P,I,N,N,07,2,NJ 35,N,35,,00000035__,27.47,02,,01,04,02,02,01,02,01,01,,AT,,WEST PARK AVE,,,,50,40,26,,,N,,37241
2020133720OT01213,MONMOUTH,OCEAN TWP,01/15/2020,WE,0706,01,OCEAN TWP PD (MONMOUTH),53 ZONE,0,0,0,0,P,B,N,N,06,2,AMPERE AVE **,N,,,13371092__,.33,07,,01,04,02,00,00,00,05,01,200,FE,N,FREEHOLD ST,,,,25,25,28,40.261040,74.021760,N,,37266
2020133720OT01253,MONMOUTH,OCEAN TWP,01/15/2020,WE,1634,01,OCEAN TWP PD (MONMOUTH),ZONE 51,0,0,0,0,P,B,N,N,11,1,HAMPTON DR **,W,,,13371022__,.00,07,,01,04,02,01,01,01,05,01,100,FE,W,STONEHENGE DR,,,,25,25,61,40.247580,74.057140,N,A BROKEN MAILBOX BELONGING TO 1 HAMPTON DRIVE,37301
2020133720OT01259,MONMOUTH,OCEAN TWP,01/15/2020,WE,1837,01,OCEAN TWP PD (MONMOUTH),ZONE 54,0,0,0,0,P,I,N,N,11,1,NJ 35,N,35,,00000035__,26.04,02,,01,04,02,01,06,01,01,01,,AT,,ALLAIRE AVE,,,,50,25,49,40.243050,74.032780,N,SR 35 ALLAIRE AVENUE NORTHERN HIGHWAY BARRIER DAMAGE,37282
2020133720OT01348,MONMOUTH,OCEAN TWP,01/16/2020,TH,1734,01,OCEAN TWP PD (MONMOUTH),51,0,0,0,0,P,I,N,N,03,2,DEAL RD,W,,,13371368__,1.62,07,,01,04,02,01,06,01,05,01,,AT,,RUSTIC DR,,,,45,,26,40.251060,74.042050,N,,37246
2020133720OT01380,MONMOUTH,OCEAN TWP,01/17/2020,FR,0732,01,OCEAN TWP PD (MONMOUTH),ZONE 52,0,1,0,0,I,I,N,N,04,2,NJ 35,N,35,,00000035__,27.47,02,,01,04,02,01,01,01,01,01,,AT,,WEST PARK AVE,,,,50,40,26,40.257900,74.040520,N,,37274
2020133720OT01386,MONMOUTH,OCEAN TWP,01/17/2020,FR,0750,01,OCEAN TWP PD (MONMOUTH),ZONE 52,0,0,0,0,P,B,N,N,02,2,NJ 35,N,35,,00000035__,27.47,02,,01,04,02,01,01,01,01,01,25,FE,S,WEST PARK AVE,,,,50,40,26,40.279160,74.045500,N,,37274
2020133720OT01430,MONMOUTH,OCEAN TWP,01/17/2020,FR,1627,01,OCEAN TWP PD (MONMOUTH),ZONE 54,0,1,0,0,I,B,N,N,01,3,NJ 66,W,66,,00000066__,2.76,02,,01,06,02,01,03,01,02,01,25,FE,W,HILLSIDE AVE,,,,50,25,26,40.229520,74.054720,N,,37281
2020133720OT01437,MONMOUTH,OCEAN TWP,01/17/2020,FR,1821,01,OCEAN TWP PD (MONMOUTH),ZONE 54,0,4,0,0,I,B,N,N,01,2,NJ 35,S,35,,00000035__,26.13,02,,01,04,02,01,06,01,01,01,150,FE,N,BLOOMFIELD AVE,,,,50,25,26,40.246140,74.038480,N,,37286
2020133720OT01506,MONMOUTH,OCEAN TWP,01/18/2020,SA,1226,01,OCEAN TWP PD (MONMOUTH),ZONE 54,0,2,0,0,I,B,N,N,11,1,NJ 18,S,18,,00000018__,10.85,02,,01,04,02,03,01,03,03,01,5280,FE,N,NJ 66 / ASBURY AVE,,,,65,50,60,40.323831,74.052080,N,,37286
2020133720OT01508,MONMOUTH,OCEAN TWP,01/18/2020,SA,1229,01,OCEAN TWP PD (MONMOUTH),54,0,0,0,0,P,B,N,N,01,2,NJ 35,S,35,,00000035__,26.08,02,,01,04,02,03,01,03,01,01,200,FE,N,ALLAIRE AVE,,,,50,25,26,,,N,,37241
2020133720OT01512,MONMOUTH,OCEAN TWP,01/18/2020,SA,1239,01,OCEAN TWP PD (MONMOUTH),ZONE 52,0,0,0,0,P,B,N,N,11,1,DEAL RD,W,,,13371368__,1.20,07,,01,04,02,03,01,03,05,01,10,FE,E,LOGAN RD,,,,40,35,56,40.251480,74.039190,N,MINOR DAMAGE TO POLE (UNKNOWN NUMBER),37273
2020133720OT01514,MONMOUTH,OCEAN TWP,01/18/2020,SA,1312,01,OCEAN TWP PD (MONMOUTH),52,0,0,0,0,P,B,N,N,01,2,DEAL RD,E,,,13371368__,.56,07,,01,04,02,03,01,03,05,01,10,FE,W,WHALEPOND RD,,,,40,40,26,40.253560,74.023090,N,DAMAGE TO LAWN AND MAILBOX OF 414 DEAL ROAD FROM VEHICLE 1.,37270
2020133720OT01517,MONMOUTH,OCEAN TWP,01/18/2020,SA,1258,01,OCEAN TWP PD (MONMOUTH),ZONE 54,0,0,0,0,P,B,N,N,01,2,SUNSET AVE,W,,,13371213__,.00,07,,01,04,02,03,01,03,05,01,25,FE,W,NJ 35,,,,35,50,26,40.236920,74.039580,N,,37281
2020133720OT01518,MONMOUTH,OCEAN TWP,01/18/2020,SA,1257,01,OCEAN TWP PD (MONMOUTH),53,0,0,0,0,P,B,N,N,11,1,WHALEPOND RD,N,,,13371369__,.00,07,,01,04,02,03,01,03,05,01,2,FE,N,DEAL RD,,,,40,40,56,40.253560,74.023090,N,SCRATCHES TO CURB  GOUGES TO GRASS  DENT IN TRAFFIC LIGHT CONTROL BOX.,37227
2020133720OT01574,MONMOUTH,OCEAN TWP,01/19/2020,SU,1316,01,OCEAN TWP PD (MONMOUTH),54,0,0,0,0,P,B,N,N,11,1,DEAL RD,E,,,13371368__,2.53,07,,01,05,02,00,01,00,05,01,5,FE,E,RANDI LN,,,,45,25,50,40.250110,74.059980,N,LAWN @ 2 RANDI LANE  STREET SIGN,37244
2020133720OT01624,MONMOUTH,OCEAN TWP,01/20/2020,MO,1157,01,OCEAN TWP PD (MONMOUTH),ZONE 51,0,0,0,0,P,B,N,N,01,2,NJ 35,S,35,,00000035__,27.50,02,,03,04,02,01,01,01,01,01,75,FE,,,F,KINGS HIGHWAY,NB,50,,26,,,N,,37304
2020133720OT01627,MONMOUTH,OCEAN TWP,01/20/2020,MO,1300,01,OCEAN TWP PD (MONMOUTH),ZONE 51,0,0,0,0,P,B,N,N,01,2,FAITH DR / POPLAR RD / ROLLER RD,N,,,13371194__,.00,07,,01,04,02,01,01,01,05,01,15,FE,S,WEST PARK AVE,,,,40,40,26,,,N,,37304
2020133720OT01649,MONMOUTH,OCEAN TWP,01/20/2020,MO,1729,01,OCEAN TWP PD (MONMOUTH),ZONE 51,0,0,0,0,P,B,N,N,12,1,WEST PARK AVE,E,,,,,07,,01,04,02,01,07,01,05,01,75,FE,E,POPLAR RD,,,,40,40,24,,,N,,37304
2020133720OT01655,MONMOUTH,OCEAN TWP,01/20/2020,MO,1829,01,OCEAN TWP PD (MONMOUTH),ZONE 51,0,0,0,0,P,B,N,N,12,1,WEST PARK AVE,W,,,,,07,,01,04,02,01,07,01,05,01,200,FE,W,NJ 18,,,,40,65,24,,,N,,37304
2020133720OT01718,MONMOUTH,OCEAN TWP,01/21/2020,TU,1258,01,OCEAN TWP PD (MONMOUTH),ZONE 55,0,0,0,0,P,B,N,N,02,2,NJ 35,N,35,,00000035__,24.80,02,,01,04,02,01,01,01,02,01,,,,,,,,50,,26,40.227480,74.038140,N,,37274
2020133720OT01746,MONMOUTH,OCEAN TWP,01/21/2020,TU,1733,01,OCEAN TWP PD (MONMOUTH),ZONE 54,0,1,0,0,I,B,N,N,01,2,NJ 35,S,35,,00000035__,26.09,02,,01,04,02,01,01,01,05,01,250,FE,N,ALLAIRE AVE,,,,50,25,26,40.245680,74.038020,N,,37290
2020133720OT01752,MONMOUTH,OCEAN TWP,01/21/2020,TU,1810,01,OCEAN TWP PD (MONMOUTH),OCEAN TOWNSHIP,0,0,0,0,P,B,N,N,01,2,SUNSET AVE,E,,,13371213__,.00,07,,01,04,02,01,06,01,05,01,50,FE,W,NJ 35,,,,35,50,26,40.238550,74.048420,N,,37303
2020133720OT01787,MONMOUTH,OCEAN TWP,01/22/2020,WE,0708,01,OCEAN TWP PD (MONMOUTH),52,0,0,0,0,P,B,N,N,11,1,DEAL RD,E,,,13371368__,1.21,07,,01,04,02,01,06,01,05,01,75,FE,E,LOGAN RD,,,,40,35,69,,,N,DATA COMM AND ELECTRICAL SERVICE WIRES TO 2914 LOGAN RD UTILITY POLE 40704OT,37227
2020133720OT01789,MONMOUTH,OCEAN TWP,01/22/2020,WE,0659,01,OCEAN TWP PD (MONMOUTH),ZONE 53,0,0,0,0,P,B,N,N,08,2,DEBORAH PL **,S,,,13371094__,.04,07,,02,04,02,01,00,01,05,01,200,FE,N,W LINCOLN AVE,,,,25,25,28,40.265640,74.022930,N,,37708
2020133720OT01844,MONMOUTH,OCEAN TWP,01/22/2020,WE,1517,01,OCEAN TWP PD (MONMOUTH),51,0,0,0,0,P,B,N,N,01,3,WEST PARK AVE,W,,,,,07,,01,04,02,01,01,01,04,01,100,FE,W,KINGS HWY,,,,40,35,26,40.264000,74.045490,N,,37241
2020133720OT01851,MONMOUTH,OCEAN TWP,01/22/2020,WE,1604,01,OCEAN TWP PD (MONMOUTH),ZONE 55,0,0,0,0,P,B,N,N,01,2,NJ 35,N,35,,00000035__,24.90,02,,02,04,02,01,01,01,02,01,,,,,,,,50,,26,40.225800,74.038820,N,,37281
2020133720OT01924,MONMOUTH,OCEAN TWP,01/23/2020,TH,1237,01,OCEAN TWP PD (MONMOUTH),ZONE 54,0,0,0,0,P,B,N,N,01,2,DEAL RD,E,,,13371368__,2.29,07,,01,04,02,01,01,01,04,01,50,FE,E,NJ 18,,,,45,65,26,40.251040,74.051960,N,,37281
2020133720OT01944,MONMOUTH,OCEAN TWP,01/23/2020,TH,1548,01,OCEAN TWP PD (MONMOUTH),ZONE 54,0,0,0,0,P,B,N,N,02,2,DEAL RD,E,,,13371368__,1.42,07,,01,04,02,01,01,01,05,01,50,FE,W,NJ 35,,,,40,50,26,40.251360,74.035000,N,,37282
2020133720OT01959,MONMOUTH,OCEAN TWP,01/23/2020,TH,1831,01,OCEAN TWP PD (OCEAN),54 ZONE,0,2,0,0,I,B,N,N,01,2,NJ 18,S,18,,00000018__,9.94,02,,01,04,02,01,05,01,03,01,500,FE,N,NJ 66 / ASBURY AVE,,,,65,50,26,40.232680,74.050300,Y,,37295
2020133720OT01966,MONMOUTH,OCEAN TWP,01/23/2020,TH,2039,01,OCEAN TWP PD (MONMOUTH),,0,1,0,1,I,B,N,N,06,2,NJ 18,S,18,,00000018__,10.10,02,,01,04,02,01,05,01,03,05,1320,FE,N,NJ 66 / ASBURY AVE,,,,65,50,28,40.232680,74.050300,N,,
2020133720OT02034,MONMOUTH,OCEAN TWP,01/24/2020,FR,1608,01,OCEAN TWP PD (MONMOUTH),ZONE 54,0,0,0,0,P,I,N,N,03,2,CAMP AVE/N WANAMASSA/S DITTMAR/STEWARD/WALNNUT **,W,,,13371254__,.61,07,,01,04,02,01,03,01,05,01,,AT,,WICKAPECO DR,,,,25,35,26,40.232720,74.025200,N,,37290
2020133720OT02068,MONMOUTH,OCEAN TWP,01/25/2020,SA,0121,01,OCEAN TWP PD (MONMOUTH),,0,0,0,0,P,B,N,N,02,2,MONMOUTH COUNTY 15,S,15,,13000015__,1.96,05,,01,04,02,02,06,01,05,01,30,FE,N,DEAL RD,,,,40,40,26,40.253170,74.012610,N,,37300
2020133720OT02072,MONMOUTH,OCEAN TWP,01/25/2020,SA,0251,01,OCEAN TWP PD (MONMOUTH),ZONE 51,0,0,0,0,P,B,N,N,02,2,NJ 18,N,18,,00000018__,11.36,02,,01,04,02,01,06,01,03,01,50,FE,S,DEAL RD,,,,65,45,26,,,N,,37292
2020133720OT02118,MONMOUTH,OCEAN TWP,01/25/2020,SA,2009,01,OCEAN TWP PD (MONMOUTH),ZONE 43,0,0,0,0,P,B,N,N,04,2,NJ 66,W,66,,00000066__,2.97,02,,01,04,02,02,07,01,03,01,50,FE,W,NJ 18,,,,50,65,26,40.229540,74.054800,N,,37301
2020133720OT02127,MONMOUTH,OCEAN TWP,01/25/2020,SA,2329,01,OCEAN TWP PD (MONMOUTH),,0,1,0,0,I,I,N,N,07,2,W PARK AVE,E,,,,,07,,01,04,02,02,06,01,05,01,,AT,,POPLAR RD,,,,40,40,26,40.255920,74.051520,N,,37303
2020133720OT02157,MONMOUTH,OCEAN TWP,01/26/2020,SU,1248,01,OCEAN TWP PD (MONMOUTH),ZONE 52,0,0,0,0,P,B,N,N,01,2,W PARK AVE,W,,,,,07,,01,04,02,01,01,01,05,01,50,FE,E,NJ 35,,,,40,40,26,40.264660,74.041930,N,,37290
2020133720OT02196,MONMOUTH,OCEAN TWP,01/26/2020,SU,2021,01,OCEAN TWP PD (MONMOUTH),ZONE 1,0,3,0,0,I,B,N,N,01,2,ALDRIN AVE / COLLINS AVE / KINGS HWY **,S,,,13371187__,.02,07,,01,04,02,01,06,01,05,01,100,FE,N,WEST PARK AVE,,,,35,40,26,40.266460,74.043020,N,,37300
2020133720OT02268,MONMOUTH,OCEAN TWP,01/27/2020,MO,1747,01,OCEAN TWP PD (MONMOUTH),ZONE 54,0,0,0,0,P,B,N,N,01,3,NJ 35,S,35,,00000035__,26.55,02,,01,05,02,01,05,01,01,01,150,FE,S,DEAL RD,,,,50,40,26,40.247850,74.055050,N,,
2020133720OT02355,MONMOUTH,OCEAN TWP,01/28/2020,TU,1313,01,OCEAN TWP PD (MONMOUTH),ZONE 54,0,0,0,0,P,B,N,N,01,2,NJ 18,N,18,,00000018__,11.37,02,,03,06,02,01,01,05,03,01,15,FE,,,T,DEAL ROAD,EB,65,,26,40.250050,74.056630,N,,37263
2020133720OT02436,MONMOUTH,OCEAN TWP,01/29/2020,WE,0833,01,OCEAN TWP PD (MONMOUTH),ZONE 54,0,0,0,0,P,B,N,N,08,2,FAITH DR / POPLAR RD / ROLLER RD,N,,,13371194__,.78,07,,01,04,02,01,01,01,05,01,25,FE,S,DEAL RD,,,,25,45,26,40.250480,74.049620,N,,37290
2020133720OT02556,MONMOUTH,OCEAN TWP,01/30/2020,TH,1339,01,OCEAN TWP PD (MONMOUTH),ZONE 55,0,0,0,0,P,B,N,N,01,2,NJ 35,N,35,,00000035__,24.90,02,,02,04,02,01,01,01,02,01,,,,,,,,50,,26,40.226030,74.038030,N,,37274
2020133720OT02575,MONMOUTH,OCEAN TWP,01/30/2020,TH,1556,01,OCEAN TWP PD (MONMOUTH),ZONE 54,0,0,0,0,P,B,N,N,01,2,NJ 35,S,35,,00000035__,25.45,02,,01,04,02,01,01,01,01,01,20,FE,N,US 40 / SUNSET AVE,,,,50,35,26,40.235660,74.037820,N,,37282
2020133720OT02669,MONMOUTH,OCEAN TWP,01/31/2020,FR,1409,01,OCEAN TWP PD (MONMOUTH),ZONE 52,0,0,0,0,P,B,N,N,03,2,W PARK AVE,E,,,,,07,,01,04,02,01,01,01,04,01,15,FE,W,POLBOS PKWY,,,,40,25,26,40.261240,74.063220,N,,37274
2020133720OT02718,MONMOUTH,OCEAN TWP,02/01/2020,SA,0916,01,OCEAN TWP PD (MONMOUTH),ZONE 54,0,0,0,0,P,B,N,N,01,2,BOWNE RD,S,,,13341420__,1.21,07,,01,04,02,02,01,01,05,01,25,FE,N,CONASCONK DR,,,,40,25,26,40.246650,74.067200,N,,37280
2020133720OT02811,MONMOUTH,OCEAN TWP,02/02/2020,SU,1105,01,OCEAN TWP PD (MONMOUTH),,0,0,0,0,P,B,N,N,06,2,WELLS AVE **,E,,,13371085__,.09,07,,01,04,02,01,00,01,05,01,50,FE,E,CEDAR ST,,,,25,25,28,40.262390,74.011060,N,,37241
2020133720OT02973,MONMOUTH,OCEAN TWP,02/04/2020,TU,0945,01,OCEAN TWP PD (MONMOUTH),ZONE 53,0,0,0,0,P,B,N,N,08,2,LAWRENCE AVE **,W,,,13371139__,.41,07,,01,04,02,02,01,02,05,01,150,FE,E,LARCHWOOD AVE,,,,25,25,28,40.263010,74.006930,N,,37290
2020133720OT02985,MONMOUTH,OCEAN TWP,02/04/2020,TU,1214,01,OCEAN TWP PD (MONMOUTH),ZONE 51,0,0,0,0,P,B,N,N,03,2,DEAL RD,W,,,13371368__,1.62,07,,01,04,02,02,01,01,04,01,15,FE,W,RUSTIC DR,,,,45,,26,40.251230,74.042870,N,,37274
2020133720OT03005,MONMOUTH,OCEAN TWP,02/04/2020,TU,1544,01,OCEAN TWP PD (MONMOUTH),ZONE 51,0,0,0,0,P,B,N,N,03,2,CINDY LN **,N,,,13371188__,.27,07,,01,04,02,01,01,01,05,01,240,FE,N,WEST PARK LN,,,,35,40,26,40.263290,74.046760,N,,37259
2020133720OT03012,MONMOUTH,OCEAN TWP,02/04/2020,TU,1713,01,OCEAN TWP PD (MONMOUTH),ZONE 51,0,0,0,0,P,B,N,N,03,2,WEST PARK AVE,W,,,,,07,,01,04,02,01,03,01,05,01,25,FE,E,NJ 35,,,,40,50,26,,,N,,37304
2020133720OT03100,MONMOUTH,OCEAN TWP,02/05/2020,WE,1608,01,OCEAN TWP PD (MONMOUTH),ZONE 54,0,0,0,0,P,B,N,N,01,2,NJ 18,N,18,,00000018__,11.37,02,,03,04,02,01,01,01,03,01,10,FE,,,T,DEAL ROAD,EB,65,,26,40.251440,74.054110,N,,37282
2020133720OT03107,MONMOUTH,OCEAN TWP,02/05/2020,WE,1910,01,OCEAN TWP PD (MONMOUTH),54 ZONE,0,0,0,0,P,B,N,N,02,2,NJ 18,S,18,,00000018__,11.12,02,,01,04,02,01,05,01,03,01,1320,FE,S,DEAL RD,,,,65,45,26,40.253670,74.013470,N,,37295
2020133720OT03181,MONMOUTH,OCEAN TWP,02/06/2020,TH,1908,01,OCEAN TWP PD (MONMOUTH),,0,0,0,0,P,B,N,N,11,1,NJ 66,W,66,,00000066__,3.00,02,,03,04,02,02,06,02,02,01,500,FE,,,T,NJ 18,NB,50,,56,40.228590,74.049740,N,MEDIAN / GRASS / CURB FROM 66 WEST,37297
2020133720OT03222,MONMOUTH,OCEAN TWP,02/07/2020,FR,0801,01,OCEAN TWP PD (MONMOUTH),ZONE 53,0,0,0,0,P,B,N,N,03,2,BRIGHTON AVE / SHERMAN AVE,E,,,13101027__,.84,07,,01,04,02,02,01,01,05,01,150,FE,W,SHERIDAN AVE,,,,30,25,26,40.253600,74.009770,N,,37274
2020133720OT03383,MONMOUTH,OCEAN TWP,02/09/2020,SU,1334,01,OCEAN TWP PD (MONMOUTH),ZONE 54,0,0,0,0,P,B,N,N,01,2,NJ 35,S,35,,00000035__,26.10,02,,01,04,02,01,01,01,01,01,300,FE,N,ALLAIRE AVE,,,,50,25,26,40.246140,74.038480,N,,37301
2020133720OT03388,MONMOUTH,OCEAN TWP,02/09/2020,SU,1420,01,OCEAN TWP PD (MONMOUTH),ZONE 55,0,0,0,0,P,I,N,N,01,2,MONMOUTH COUNTY 40,W,40,,13000040__,.09,07,,01,04,02,01,01,01,05,01,,AT,,ALLEN ST,,,,35,25,26,40.235170,74.036240,N,,37285
2020133720OT03393,MONMOUTH,OCEAN TWP,02/09/2020,SU,1514,01,OCEAN TWP PD (MONMOUTH),ZONE 51,0,0,0,0,P,B,N,N,01,2,NJ 35,S,35,,00000035__,27.48,02,,01,04,02,01,01,01,01,01,50,FE,N,WEST PARK AVE,,,,50,40,26,40.264190,74.043430,N,,37259
2020133720OT03471,MONMOUTH,OCEAN TWP,02/10/2020,MO,1702,01,OCEAN TWP PD (MONMOUTH),51,0,0,0,0,P,I,N,N,07,2,DEAL RD,,,,13371368__,1.74,07,,01,04,02,02,06,02,05,01,,AT,,GARDEN DR / MCKINLEY DR,,,,45,,26,40.247850,74.055050,N,,37248
2020133720OT03476,MONMOUTH,OCEAN TWP,02/10/2020,MO,1918,01,OCEAN TWP PD (MONMOUTH),53 ZONE,0,1,0,0,I,I,N,N,03,2,MONMOUTH COUNTY 15,S,15,,13000015__,2.62,05,,01,04,02,02,07,02,05,01,,AT,,WELLS AVE,,,,35,25,26,40.262620,74.012550,N,UTILITY POLE #40517OT,37295
2020133720OT03505,MONMOUTH,OCEAN TWP,02/11/2020,TU,0801,01,OCEAN TWP PD (MONMOUTH),ZONE 54,0,1,0,0,I,B,N,N,02,2,NJ 18,N,18,,00000018__,11.37,02,,01,04,02,02,01,02,03,01,25,FE,S,DEAL RD,,,,65,40,26,40.228810,74.050280,N,,37281
2020133720OT03552,MONMOUTH,OCEAN TWP,02/11/2020,TU,1839,01,OCEAN TWP PD (MONMOUTH),,0,0,0,0,P,B,N,N,09,2,PARK AVE,W,,,13371370__,.00,07,,01,04,02,02,07,01,05,01,5,FE,E,CR 15 / MONMOUTH RD,,,,35,35,26,,,N,,37297
2020133720OT03575,MONMOUTH,OCEAN TWP,02/12/2020,WE,0632,01,OCEAN TWP PD (MONMOUTH),ZONE 52,0,0,0,0,P,B,N,N,06,2,550 W PARK AVE,,,,,,08,,01,04,02,01,07,01,05,01,,,,,,,,,,28,,,N,,37304
2020133720OT03591,MONMOUTH,OCEAN TWP,02/12/2020,WE,1002,01,OCEAN TWP PD (MONMOUTH),ZONE 55,0,0,0,0,P,B,N,N,01,2,FAIRMONT AVE **,W,,,13371210__,.20,07,,01,04,02,01,01,01,05,01,10,FE,E,NJ 35,,,,25,50,26,,,N,,37277
2020133720OT03616,MONMOUTH,OCEAN TWP,02/12/2020,WE,1458,01,OCEAN TWP PD (MONMOUTH),ZONE 54,0,0,0,0,P,B,N,N,01,2,NJ 18,N,18,,00000018__,11.37,02,,01,04,02,01,01,01,03,01,15,FE,,,T,DEAL RD,EB,65,,26,,,N,,37304
2020133720OT03643,MONMOUTH,OCEAN TWP,02/12/2020,WE,2043,01,OCEAN TWP PD (MONMOUTH),,0,1,0,0,I,B,N,N,01,2,NJ 35,N,35,,00000035__,26.57,02,,01,04,02,02,06,02,01,01,50,FE,S,DEAL RD,,,,50,40,26,40.247850,74.055050,N,,37293
2020133720OT03713,MONMOUTH,OCEAN TWP,02/13/2020,TH,1402,01,OCEAN TWP PD (MONMOUTH),ZONE 54,0,0,0,0,P,B,N,N,03,2,SUNSET AVE,W,,,13371213__,.07,07,,01,04,02,02,01,02,05,01,375,FE,E,NJ 35,,,,35,,26,40.236920,74.039580,N,,37259
2020133720OT03805,MONMOUTH,OCEAN TWP,02/14/2020,FR,0916,01,OCEAN TWP PD (MONMOUTH),ZONE 54,0,0,0,0,P,B,N,N,12,1,GREEN GROVE RD / HOPE RD,N,,,13341417__,2.55,07,,01,04,02,01,01,01,05,01,200,FE,N,TILTON DR,,,,40,25,24,40.239520,74.077180,N,,37305
2020133720OT03829,MONMOUTH,OCEAN TWP,02/14/2020,FR,1214,01,OCEAN TWP PD (MONMOUTH),ZONE 55,0,0,0,0,P,B,N,N,02,2,NJ 35,N,35,,00000035__,24.90,02,,02,04,02,01,01,01,02,01,,,,,,,,50,,26,40.230180,74.038830,N,,37282
2020133720OT03855,MONMOUTH,OCEAN TWP,02/14/2020,FR,1709,01,OCEAN TWP PD (MONMOUTH),ZONE 54,0,0,0,0,P,B,N,N,06,2,DEAL RD,E,,,13371368__,2.64,07,,01,04,02,01,01,01,05,02,10,FE,E,HARTSHORNE RD,,,,45,25,28,40.249860,74.061930,N,,37274
2020133720OT038938,MONMOUTH,OCEAN TWP,02/15/2020,SA,1319,01,OCEAN TWP PD (MONMOUTH),ZONE 55,0,0,0,0,P,I,N,N,03,2,RIDGE AVE / WICKAPECKO DR,S,,,13371419__,1.52,07,,02,04,02,01,01,01,05,01,,AT,,BIMBLER BLVD,,,,35,25,26,40.225680,74.027360,N,,37255
2020133720OT03933,MONMOUTH,OCEAN TWP,02/15/2020,SA,1227,01,OCEAN TWP PD (MONMOUTH),54,0,1,0,0,I,B,N,N,01,3,NJ 35,S,35,,00000035__,26.11,02,,01,04,02,01,01,01,01,01,50,FE,N,BLOOMFIELD AVE,,,,50,25,26,,,N,,37241
2020133720OT03937,MONMOUTH,OCEAN TWP,02/15/2020,SA,1243,01,OCEAN TWP PD (MONMOUTH),ZONE 55,0,0,0,0,P,I,N,N,03,2,MONMOUTH COUNTY 40,W,40,,13000040__,.09,07,,01,04,02,01,01,01,05,01,,AT,,ALLEN ST,,,,35,25,26,40.238550,74.048420,N,,37255
2020133720OT03949,MONMOUTH,OCEAN TWP,02/15/2020,SA,1452,01,OCEAN TWP PD (MONMOUTH),ZONE 54,0,0,0,0,P,B,N,N,01,2,NJ 35,S,35,,00000035__,26.13,02,,01,04,02,01,01,01,01,01,500,FE,N,ALLAIRE AVE,,,,50,25,26,40.246140,74.038480,N,,37282
2020133720OT03970,MONMOUTH,OCEAN TWP,02/15/2020,SA,2022,01,OCEAN TWP PD (MONMOUTH),,0,0,0,0,P,B,N,N,09,2,PARK AVE,E,,,13371370__,.00,07,,01,04,02,01,06,01,05,01,10,FE,W,CR 15 / MONMOUTH RD,,,,35,35,26,40.270970,74.015870,N,,37301
2020133720OT04011,MONMOUTH,OCEAN TWP,02/16/2020,SU,1128,01,OCEAN TWP PD (MONMOUTH),ZONE 54,0,1,0,0,I,B,N,N,01,3,NJ 66,W,66,,00000066__,3.50,02,,01,04,02,01,01,05,03,01,100,FE,E,S MALL DR,,,,50,25,26,40.227160,74.042810,N,,37305
2020133720OT04091,MONMOUTH,OCEAN TWP,02/17/2020,MO,1113,01,OCEAN TWP PD (MONMOUTH),ZONE 54,0,0,0,0,P,I,N,N,11,1,DEAL RD,W,,,13371368__,1.62,07,,01,04,02,01,01,01,05,01,,AT,,RUSTIC DR,,,,45,,56,,,N,,37304