Year(4)-CountyCode(2)-MunicipalityCode(2)-CaseNumber(9),County Name,Municipality Name,Crash Date,Crash Day of Week,Crash Time,Police Department Code,Police Department,Police Station,Total Killed,Total Injured,Pedestrians Killed,Pedestrians Injured,Severity,Intersection,Alcohol Involved,Hazmat Involved,Crash Type,Total Vehicles,Location,Location Direction,Route,Route Suffix,Std Rte Identifier,MilePost,Road System,Road Character,Road Horizontal Alignment,Road Grade,Road Surface Type,Surface Condition,Light Condition,Environmental Condition,Road Divided By,Temporary Traffic Control Zone,Distance To Cross Street,Unit Of Measurement,Direction From Cross Street,Cross Street Name,Is Ramp,Ramp To/From Route Name,Ramp To/From Route Direction,Posted Speed,Posted Speed Cross Street,First Harmful Event,Latitude,Longitude,Cell Phone In Use Flag,Other Property Damage,Reporting Badge No.
2020133720OT04103,MONMOUTH,OCEAN TWP,02/17/2020,MO,1347,01,OCEAN TWP PD (MONMOUTH),ZONE 51,0,0,0,0,P,B,N,N,01,2,FAITH DR / POPLAR RD / ROLLER RD,S,,,13371194__,.29,07,,01,04,02,01,01,01,05,01,25,FE,S,CHRISTY LN,,,,40,25,26,40.257300,74.051870,N,,37290
2020133720OT04179,MONMOUTH,OCEAN TWP,02/18/2020,TU,1252,01,OCEAN TWP PD (MONMOUTH),ZONE 51,0,0,0,0,P,B,N,N,01,2,NJ 35,S,35,,00000035__,27.50,02,,01,04,02,01,01,01,01,01,150,FE,N,WEST PARK AVE,,,,50,40,26,,,N,,37277
2020133720OT04182,MONMOUTH,OCEAN TWP,02/18/2020,TU,1343,01,OCEAN TWP PD (MONMOUTH),ZONE 54,0,0,0,0,P,B,N,N,01,2,NJ 18,N,18,,00000018__,11.37,02,,01,04,02,01,01,01,03,01,15,FE,,,T,DEAL ROAD,EB,65,,26,40.247850,74.055050,N,,37280
2020133720OT04211,MONMOUTH,OCEAN TWP,02/18/2020,TU,1716,01,OCEAN TWP PD (MONMOUTH),ZONE 54,0,0,0,0,P,B,N,N,01,2,MONMOUTH COUNTY 16,W,16,,13000016__,2.61,05,,01,04,02,01,03,01,05,01,30,FE,E,GREEN GROVE RD,,,,45,40,,40.229510,74.054720,N,,37285
2020133720OT04217,MONMOUTH,OCEAN TWP,02/18/2020,TU,1816,01,OCEAN TWP PD (MONMOUTH),OCEAN TOWNSHIP,0,0,0,0,P,B,N,N,01,2,NJ 35,S,35,,00000035__,26.23,02,,01,04,02,02,06,04,01,01,1000,FE,N,ALLAIRE AVE,,,,50,25,26,40.246140,74.038480,N,,37303
2020133720OT04230,MONMOUTH,OCEAN TWP,02/18/2020,TU,2129,01,OCEAN TWP PD (MONMOUTH),,0,0,0,0,P,B,N,N,02,2,NJ 35,S,35,,00000035__,24.90,02,,02,04,02,01,07,01,01,01,,,,,,,,50,,26,40.226790,74.039410,N,,37297
2020133720OT04265,MONMOUTH,OCEAN TWP,02/19/2020,WE,1412,01,OCEAN TWP PD (MONMOUTH),52,0,0,0,0,P,B,N,N,01,2,NJ 35,N,35,,00000035__,27.50,02,,03,04,02,01,01,01,01,01,15,FE,,,T,WEST PARK AVE,WB,50,,26,,,N,,37241
2020133720OT04273,MONMOUTH,OCEAN TWP,02/19/2020,WE,1602,01,OCEAN TWP PD (MONMOUTH),ZONE 51,0,0,0,0,P,B,N,N,01,2,ALDRIN AVE / COLLINS AVE / KINGS HWY **,S,,,13371187__,.00,07,,01,04,02,01,01,01,02,01,15,FE,N,WEST PARK AVE,,,,35,40,26,40.264200,74.043430,N,,37263
2020133720OT04284,MONMOUTH,OCEAN TWP,02/19/2020,WE,1819,01,OCEAN TWP PD (MONMOUTH),52,0,2,0,0,I,B,N,N,01,2,DEAL RD,W,,,13371368__,1.11,07,,01,04,02,01,06,01,05,01,500,FE,W,LOGAN RD,,,,40,35,26,,,N,,37241
2020133720OT04308,MONMOUTH,OCEAN TWP,02/20/2020,TH,0534,01,OCEAN TWP PD (OCEAN),,0,0,0,0,P,I,N,N,03,2,MONMOUTH COUNTY 14,W,14,,13000014__,.00,05,,01,04,01,01,06,01,05,01,,AT,,GREEN GROVE RD / HOPE RD,,,,45,40,26,40.255620,74.074100,N,,37303
2020133720OT04312,MONMOUTH,OCEAN TWP,02/20/2020,TH,0738,01,OCEAN TWP PD (MONMOUTH),54,0,0,0,0,P,B,N,N,01,2,NJ 18,N,18,,00000018__,11.37,02,,03,07,02,01,01,01,03,01,15,FE,,,T,DEAL RD,EB,65,,26,,,N,,37248
2020133720OT04336,MONMOUTH,OCEAN TWP,02/20/2020,TH,1135,01,OCEAN TWP PD (MONMOUTH),ZONE 53,0,0,0,0,P,I,N,N,03,2,MONMOUTH COUNTY 15,N,15,,13000015__,2.62,05,,01,04,02,01,01,01,05,01,,AT,,WELLS AVE,,,,35,25,26,40.263770,74.012550,N,,37282
2020133720OT04453,MONMOUTH,OCEAN TWP,02/21/2020,FR,1621,01,OCEAN TWP PD (MONMOUTH),ZONE 52,0,0,0,0,P,B,N,N,03,2,MONMOUTH COUNTY 14,W,14,,13000014__,1.75,05,,01,04,02,01,01,01,05,01,100,FE,E,NJ 35,,,,40,50,26,40.264660,74.041930,N,,37285
2020133720OT04465,MONMOUTH,OCEAN TWP,02/21/2020,FR,1938,01,OCEAN TWP PD (MONMOUTH),,0,0,0,0,P,B,N,N,01,2,MONMOUTH COUNTY 16,W,16,,13000016__,3.52,05,,01,04,02,01,06,01,05,01,5,FE,E,BOWNE RD,,,,45,40,26,40.230900,74.061110,N,,37303
2020133720OT04580,MONMOUTH,OCEAN TWP,02/22/2020,SA,2353,01,OCEAN TWP PD (MONMOUTH),,0,0,0,0,P,B,N,N,02,2,NJ 66,W,66,,00000066__,3.25,02,,02,04,02,01,06,01,05,01,5,FE,E,FREEHOLD RD,,,,50,25,26,40.230250,74.060380,N,,37303
2020133720OT04616,MONMOUTH,OCEAN TWP,02/23/2020,SU,1137,01,OCEAN TWP PD (MONMOUTH),52,0,0,0,0,P,B,N,N,06,2,VERNON ST **,S,,,13371174__,.25,07,,01,04,02,00,00,00,05,01,5,FE,N,ALMA PL,,,,25,25,28,40.264450,74.034940,N,,37244
2020133720OT04629,MONMOUTH,OCEAN TWP,02/23/2020,SU,1415,01,OCEAN TWP PD (MONMOUTH),54 ZONE,0,0,0,0,P,B,N,N,01,2,MONMOUTH COUNTY 40,E,40,,13000040__,.00,07,,01,04,02,01,01,01,05,01,10,FE,W,NJ 35,,,,35,50,26,40.235660,74.037820,N,,37266
2020133720OT04692,MONMOUTH,OCEAN TWP,02/24/2020,MO,0848,01,OCEAN TWP PD (MONMOUTH),54,0,0,0,0,P,B,N,N,02,2,NJ 35,S,35,,00000035__,27.40,02,,01,04,02,01,01,01,01,01,25,FE,S,COLT RD,,,,50,25,26,40.259200,74.041530,N,,37264
2020133720OT04696,MONMOUTH,OCEAN TWP,02/24/2020,MO,0938,01,OCEAN TWP PD (MONMOUTH),54,0,0,0,0,P,B,N,N,01,2,NJ 18,N,18,,00000018__,11.20,02,,01,07,02,01,01,01,03,01,15,FE,,,T,DEAL RD,EB,65,,26,40.250020,74.056620,N,,37264
2020133720OT04721,MONMOUTH,OCEAN TWP,02/24/2020,MO,1711,01,OCEAN TWP PD (MONMOUTH),54,0,0,0,0,P,B,N,N,01,2,NJ 35,S,35,,00000035__,25.45,02,,01,04,02,01,01,01,01,01,15,FE,N,US 40 / SUNSET AVE,,,,50,35,26,40.235390,74.038510,Y,,37248
2020133720OT04730,MONMOUTH,OCEAN TWP,02/24/2020,MO,1924,01,OCEAN TWP PD (MONMOUTH),55 ZONE,0,0,0,0,P,B,N,N,01,2,NJ 35,N,35,,00000035__,24.90,02,,02,04,02,01,06,01,02,01,,,,,,,,50,,26,,,N,,37295
2020133720OT04822,MONMOUTH,OCEAN TWP,02/25/2020,TU,1542,01,OCEAN TWP PD (MONMOUTH),51,0,0,0,0,P,B,N,N,01,2,COLT RD,N,,,,,07,,01,04,02,02,01,02,05,01,30,FE,S,WEST PARK AVE,,,,35,35,26,40.260680,74.043890,N,,37227
2020133720OT04877,MONMOUTH,OCEAN TWP,02/26/2020,WE,0704,01,OCEAN TWP PD (MONMOUTH),54 ZONE,0,0,0,0,P,B,N,N,11,1,NJ 18,N,18,,00000018__,10.00,02,,03,04,02,02,01,02,03,01,500,FE,,,F,NJ 66,WB,65,,56,40.228680,74.050290,N,,37266
2020133720OT04897,MONMOUTH,OCEAN TWP,02/26/2020,WE,1105,01,OCEAN TWP PD (MONMOUTH),ZONE 54,0,0,0,0,P,B,Y,N,11,1,SUNSET AVE,W,,,13371213__,.46,07,,03,05,02,02,01,04,05,01,500,FE,W,S ROLLER RD,,,,35,25,,40.239520,74.050300,N,UTILITY POLE # JC2655OT,37274
2020133720OT04974,MONMOUTH,OCEAN TWP,02/27/2020,TH,0832,01,OCEAN TWP PD (MONMOUTH),ZONE 53,0,1,0,0,I,B,N,N,99,1,MONMOUTH COUNTY 15,N,15,,13000015__,2.50,05,,01,04,02,01,01,10,05,01,100,FE,N,ROOSEVELT AVE,,,,35,35,39,40.260690,74.011830,N,,37290
2020133720OT05049,MONMOUTH,OCEAN TWP,02/27/2020,TH,1917,01,OCEAN TWP PD (MONMOUTH),52,0,1,0,0,I,I,N,N,07,2,DEAL RD,E,,,13371368__,1.20,07,,01,04,02,01,06,01,05,01,,AT,,LOGAN RD,,,,40,35,26,40.251480,74.039190,N,,37289
2020133720OT05052,MONMOUTH,OCEAN TWP,02/27/2020,TH,1942,01,OCEAN TWP PD (MONMOUTH),,0,0,0,0,P,I,N,N,03,2,PARK AVE,E,,,13371370__,.34,07,,01,04,02,01,05,01,05,01,,AT,,LARCHWOOD AVE,,,,35,35,26,,,N,,37303
2020133720OT05061,MONMOUTH,OCEAN TWP,02/27/2020,TH,2018,01,OCEAN TWP PD (MONMOUTH),,0,0,0,0,P,B,N,N,06,2,ALPERN AVE **,W,,,13371154__,.30,07,,01,04,02,01,05,01,05,01,50,FE,W,NJ 71 / NORWOOD AVE,,,,25,35,28,40.274640,74.003680,N,,37303
2020133720OT05063,MONMOUTH,OCEAN TWP,02/27/2020,TH,2023,01,OCEAN TWP PD (MONMOUTH),,0,0,0,0,P,B,N,N,07,2,DEAL RD,W,,,13371368__,1.38,07,,01,04,02,01,06,01,05,01,250,FE,W,NJ 35,,,,45,50,26,,,N,,37293
2020133720OT05116,MONMOUTH,OCEAN TWP,02/28/2020,FR,1143,01,OCEAN TWP PD (MONMOUTH),ZONE 55,0,0,0,0,P,B,N,N,02,2,NJ 35,N,35,,00000035__,24.80,02,,01,04,02,01,01,01,02,01,10,FE,E,BERKELEY AVE,,,,50,25,26,40.274230,74.043740,N,LIGHT POLE MSC III,37305
2020133720OT05169,MONMOUTH,OCEAN TWP,02/28/2020,FR,2201,01,OCEAN TWP PD (MONMOUTH),ZONE 51,0,0,0,0,P,B,N,N,02,2,NJ 35,S,35,,00000035__,27.49,02,,01,04,02,01,06,01,01,01,100,FE,N,WEST PARK AVE,,,,50,40,26,,,N,,37302
2020133720OT05444,MONMOUTH,OCEAN TWP,03/03/2020,TU,0828,01,OCEAN TWP PD (MONMOUTH),ZONE 54,0,2,0,0,I,B,N,N,01,4,NJ 18,N,18,,00000018__,11.28,02,,01,04,02,02,01,01,03,01,500,FE,S,DEAL RD,,,,65,45,26,40.228810,74.050280,N,,37274
2020133720OT05454,MONMOUTH,OCEAN TWP,03/03/2020,TU,0937,01,OCEAN TWP PD (MONMOUTH),,0,2,0,0,I,B,N,N,01,2,NJ 35,N,35,,00000035__,26.50,02,,03,04,02,02,01,01,01,01,250,FE,,,F,DEAL ROAD,EB,50,,26,40.251840,74.039250,N,,37285
2020133720OT05461,MONMOUTH,OCEAN TWP,03/03/2020,TU,1106,01,OCEAN TWP PD (MONMOUTH),52 ZONE,0,0,0,0,P,B,N,N,01,2,DEAL RD,E,,,13371368__,.60,07,,01,04,02,01,01,01,05,01,15,FE,E,DOREEN RD,,,,40,25,26,40.253320,74.023980,N,,37266
2020133720OT05464,MONMOUTH,OCEAN TWP,03/03/2020,TU,1117,01,OCEAN TWP PD (MONMOUTH),ZONE 53,0,0,0,0,P,I,N,N,03,2,NJ 71,S,71,,00000071__,12.42,02,,01,04,02,01,01,01,05,01,,AT,,HIGHLAND AVE,,,,35,25,26,40.269210,74.009140,N,,37285
2020133720OT05465,MONMOUTH,OCEAN TWP,03/03/2020,TU,1131,01,OCEAN TWP PD (MONMOUTH),,0,0,0,0,P,B,N,N,02,2,NJ 35,N,35,,00000035__,27.43,02,,01,04,02,01,01,01,01,01,200,FE,S,WEST PARK AVE,,,,50,45,26,40.264660,74.041930,N,,37296
2020133720OT05470,MONMOUTH,OCEAN TWP,03/03/2020,TU,1236,01,OCEAN TWP PD (MONMOUTH),ZONE 55,0,0,0,0,P,B,N,N,01,2,NJ 35,N,35,,00000035__,24.80,02,,02,04,02,01,01,01,02,01,,,,,,,,50,,26,,,N,,37304
2020133720OT05477,MONMOUTH,OCEAN TWP,03/03/2020,TU,1344,01,OCEAN TWP PD (MONMOUTH),ZONE 52,0,1,0,0,I,I,N,N,03,3,MONMOUTH COUNTY 14,W,14,,13000014__,2.61,05,,01,04,02,01,01,01,05,01,,AT,,WHALEPOND RD,,,,35,35,26,40.269540,74.026610,N,,37274
2020133720OT05478,MONMOUTH,OCEAN TWP,03/03/2020,TU,1345,01,OCEAN TWP PD (MONMOUTH),ZONE 54,0,0,0,0,P,B,N,N,02,2,DEAL RD,E,,,13371368__,1.43,07,,01,04,02,01,01,01,05,01,15,FE,W,NJ 35,,,,45,50,26,,,N,,37304
2020133720OT05493,MONMOUTH,OCEAN TWP,03/03/2020,TU,1544,01,OCEAN TWP PD (MONMOUTH),ZONE 52,0,0,0,0,P,B,N,N,02,2,DEAL RD,W,,,13371368__,1.43,07,,01,04,02,02,01,02,05,01,20,FE,E,NJ 35,,,,45,50,26,,,N,,37304
2020133720OT05579,MONMOUTH,OCEAN TWP,03/04/2020,WE,1802,01,OCEAN TWP PD (MONMOUTH),ZONE 54,0,0,0,0,P,B,N,N,06,2,BRIELLE AVE,,,,13371333__,.15,07,,01,04,02,01,01,01,05,01,50,FE,S,SUNSET AVE,,,,25,35,26,,,N,,37281
2020133720OT05615,MONMOUTH,OCEAN TWP,03/04/2020,WE,2105,01,OCEAN TWP PD (MONMOUTH),ZONE 51,0,0,0,0,P,B,Y,N,11,1,NJ 18,S,18,,00000018__,12.16,02,,01,04,02,01,06,05,05,01,500,FE,N,WEST PARK AVE,,,,65,45,57,,,N,,37302
2020133720OT05674,MONMOUTH,OCEAN TWP,03/05/2020,TH,1308,01,OCEAN TWP PD (MONMOUTH),ZONE 53,0,0,0,0,P,I,N,N,03,2,LARCHWOOD AVE **,N,,,13531050__,1.22,07,,01,04,02,01,01,01,05,01,,AT,,PARK AVE,,,,35,35,26,40.274880,74.009920,N,,37255
2020133720OT05686,MONMOUTH,OCEAN TWP,03/05/2020,TH,1330,01,OCEAN TWP PD (MONMOUTH),ZONE 52,0,0,0,0,P,B,N,N,01,2,MONMOUTH COUNTY 14,W,14,,13000014__,1.74,05,,01,04,02,01,01,01,05,01,50,FE,E,NJ 35,,,,40,50,26,40.226790,74.039410,N,,37282
2020133720OT05705,MONMOUTH,OCEAN TWP,03/05/2020,TH,1815,01,OCEAN TWP PD (MONMOUTH),ZONE 51,0,1,0,0,I,B,N,N,07,2,MONMOUTH COUNTY 14,W,14,,13000014__,,05,,01,04,02,01,06,01,05,01,50,FE,W,COLT ROAD,,,,40,25,26,40.263800,74.046220,N,,37282
2020133720OT05796,MONMOUTH,OCEAN TWP,03/06/2020,FR,1506,01,OCEAN TWP PD (MONMOUTH),ZONE 54,0,0,0,0,P,B,N,N,03,2,BOWNE RD,N,,,13341420__,.04,07,,01,05,02,02,01,02,02,01,20,FE,N,CR 16 / ASBURY AVE,,,,35,45,26,40.229510,74.054720,N,,37280
2020133720OT05819,MONMOUTH,OCEAN TWP,03/06/2020,FR,1836,01,OCEAN TWP PD (MONMOUTH),,0,0,0,0,P,I,N,N,07,2,NJ 35,N,35,,00000035__,25.45,02,,01,04,02,02,06,02,01,01,,AT,,US 40 / SUNSET AVE,,,,50,35,26,40.235940,74.037460,N,,37303
2020133720OT05877,MONMOUTH,OCEAN TWP,03/07/2020,SA,1326,01,OCEAN TWP PD (MONMOUTH),52,0,0,0,0,P,B,N,N,03,2,MONMOUTH COUNTY 14,W,14,,13000014__,1.84,05,,01,04,02,01,01,01,05,01,40,FE,E,KLEIN ST,,,,40,25,26,40.265500,74.040690,N,,37244
2020133720OT05881,MONMOUTH,OCEAN TWP,03/07/2020,SA,1355,01,OCEAN TWP PD (MONMOUTH),54 ZONE,0,1,0,0,I,B,N,N,01,2,NJ 18,N,18,,00000018__,11.37,02,,03,04,02,01,01,01,03,01,10,FE,,,T,DEAL RD,EB,65,,26,40.251480,74.039190,N,,37266
2020133720OT05933,MONMOUTH,OCEAN TWP,03/08/2020,SU,0307,01,OCEAN TWP PD (MONMOUTH),P37-ZONE 1,0,0,0,0,P,B,N,N,12,1,FAITH DR / POPLAR RD / ROLLER RD,N,,,13371194__,.00,07,,01,04,02,01,06,01,05,01,25,FE,S,WEST PARK AVE,,,,40,40,24,40.261500,74.052060,N,,37300
2020133720OT05953,MONMOUTH,OCEAN TWP,03/08/2020,SU,1252,01,OCEAN TWP PD (MONMOUTH),ZONE 52,0,4,0,0,I,I,N,N,03,2,DOW AVE **,W,,,13371159__,.75,07,,01,04,02,01,01,01,05,01,,AT,,HOLBROOK ST,,,,35,25,26,40.261850,74.037760,N,LAWN/BUSHES 709 DOW AVE. OCEAN NJ 07755,37290
2020133720OT06052,MONMOUTH,OCEAN TWP,03/09/2020,MO,1359,01,OCEAN TWP PD (MONMOUTH),ZONE 54,0,0,0,0,P,B,N,N,01,2,NJ 35,N,35,,00000035__,24.90,02,,01,04,02,01,01,01,02,01,,,,,,,,50,,26,40.225910,74.038020,N,,37281
2020133720OT06059,MONMOUTH,OCEAN TWP,03/09/2020,MO,1452,01,OCEAN TWP PD (MONMOUTH),53,0,0,0,0,P,B,N,N,06,2,WHALEPOND RD,N,,,13371369__,.20,07,,01,04,02,01,01,01,05,01,180,FE,S,SHADOWLAWN DR,,,,35,35,26,40.256890,74.023190,N,,37227
2020133720OT06169,MONMOUTH,OCEAN TWP,03/10/2020,TU,1440,01,OCEAN TWP PD (MONMOUTH),55,0,0,0,0,P,B,N,N,06,2,IVY PL/N EDGEMERE DR/PALMER AVE/S EDGEMERE DR **,E,,,13371278__,.36,07,,01,04,02,01,01,01,05,01,20,FE,E,STAFFA ST,,,,25,25,28,40.236660,74.011960,N,,37227
2020133720OT06183,MONMOUTH,OCEAN TWP,03/10/2020,TU,1725,01,OCEAN TWP PD (MONMOUTH),ZONE 54,0,0,0,0,P,B,N,N,01,2,NJ 66,W,66,,00000066__,3.00,02,,01,04,02,01,01,01,03,01,15,FE,E,FREEHOLD ROAD,,,,50,25,26,40.243510,74.062640,N,,37263
2020133720OT06191,MONMOUTH,OCEAN TWP,03/10/2020,TU,1932,01,OCEAN TWP PD (MONMOUTH),ZONE 53,0,0,0,0,P,B,N,N,06,2,ROSS CT **,S,,,13371353__,.00,07,,01,04,02,01,05,01,05,01,200,FE,S,SHADOW LAWN DR,,,,25,25,28,40.256250,74.021240,N,,37298
2020133720OT06227,MONMOUTH,OCEAN TWP,03/11/2020,WE,1127,01,OCEAN TWP PD (MONMOUTH),53 ZONE,0,0,0,0,P,I,N,N,03,2,NJ 71,S,71,,00000071__,11.40,02,,01,04,02,01,01,01,02,01,,AT,,ROOSEVELT AVE,,,,35,35,26,40.259600,74.000070,N,,37266
2020133720OT06237,MONMOUTH,OCEAN TWP,03/11/2020,WE,1308,01,OCEAN TWP PD (MONMOUTH),ZONE 53,0,0,0,0,P,I,N,N,08,2,NJ 71,S,71,,00000071__,11.64,02,,01,04,02,01,01,01,05,01,,AT,,BERGEN AVE / ELBERON AVE,,,,35,25,26,40.262720,74.000010,N,,37290
2020133720OT06239,MONMOUTH,OCEAN TWP,03/11/2020,WE,1414,01,OCEAN TWP PD (MONMOUTH),55 ZONE,0,0,0,0,P,I,N,N,03,2,MONMOUTH COUNTY 16,W,16,,13000016__,5.12,05,,01,04,02,01,01,01,05,01,,AT,,BIMBLER BVLD,,,,35,25,26,40.224600,74.031760,N,,37266
2020133720OT06340,MONMOUTH,OCEAN TWP,03/12/2020,TH,1706,01,OCEAN TWP PD (MONMOUTH),ZONE 54,0,0,0,0,P,B,N,N,01,2,NJ 35,S,35,,00000035__,26.04,02,,01,04,02,01,01,01,01,01,20,FE,N,ALLAIRE AVE,,,,50,25,26,,,N,,37304
2020133720OT06347,MONMOUTH,OCEAN TWP,03/12/2020,TH,1754,01,OCEAN TWP PD (MONMOUTH),ZONE 51,0,0,0,0,P,B,N,N,02,3,MONMOUTH COUNTY 14,E,14,,13000014__,.79,05,,01,06,02,01,01,05,05,01,25,FE,W,NJ 18,,,,45,65,26,40.260030,74.058310,N,,
2020133720OT06392,MONMOUTH,OCEAN TWP,02/12/2020,WE,1639,01,OCEAN TWP PD (MONMOUTH),ZONE 51,0,0,0,0,P,B,N,N,01,2,DEAL RD,W,,,13371368__,1.98,07,,03,04,02,01,01,01,05,01,10,FE,,,T,POPLAR RD,NB,45,,26,40.250550,74.049910,N,,37259
2020133720OT06396,MONMOUTH,OCEAN TWP,03/13/2020,FR,1218,01,OCEAN TWP PD (MONMOUTH),51,0,0,0,0,P,B,N,N,01,2,COLT RD,N,,,,,07,,01,04,02,02,01,01,05,01,10,FE,S,WEST PARK AVE,,,,25,40,26,40.262020,74.043380,N,,37241
2020133720OT06409,MONMOUTH,OCEAN TWP,03/13/2020,FR,1500,01,OCEAN TWP PD (MONMOUTH),54,0,0,0,0,P,B,N,N,01,2,MONMOUTH COUNTY 16,W,16,,13000016__,3.03,05,,01,04,02,01,01,01,05,01,100,FE,E,SHARON DR,,,,45,25,26,40.229920,74.064870,N,,37270
2020133720OT06443,MONMOUTH,OCEAN TWP,03/13/2020,FR,2249,01,OCEAN TWP PD (MONMOUTH),ZONE 55,0,0,0,0,P,B,N,N,12,1,NJ 35,N,35,,00000035__,24.80,02,,02,04,02,01,06,01,02,01,,,,,,,,50,,24,40.227480,74.038140,N,,37299
2020133720OT06485,MONMOUTH,OCEAN TWP,03/14/2020,SA,1115,01,OCEAN TWP PD (MONMOUTH),52,0,0,0,0,P,B,N,N,01,2,NJ 35,N,35,,00000035__,26.00,02,,01,04,02,01,01,01,01,01,200,FE,S,ALLAIRE AVE,,,,50,25,26,40.244180,74.037710,N,,37241
2020133720OT06501,MONMOUTH,OCEAN TWP,03/14/2020,SA,1534,01,OCEAN TWP PD (MONMOUTH),ZONE 54,0,0,0,0,P,B,N,N,01,2,NJ 35,S,35,,00000035__,25.45,02,,01,04,02,01,01,01,01,01,20,FE,N,US 40 / SUNSET AVE,,,,50,35,26,40.235710,74.037980,N,,37281
2020133720OT06584,MONMOUTH,OCEAN TWP,03/16/2020,MO,0843,01,OCEAN TWP PD (MONMOUTH),ZONE 52,0,1,0,0,I,B,N,N,01,2,MONMOUTH COUNTY 14,W,14,,13000014__,2.61,05,,01,04,02,01,01,01,05,01,15,FE,E,WHALEPOND RD,,,,35,35,26,,,N,,37304
2020133720OT06587,MONMOUTH,OCEAN TWP,03/16/2020,MO,0900,01,OCEAN TWP PD (MONMOUTH),ZONE 55,0,0,0,0,P,I,N,N,03,2,SUNSET AVE,W,,,13031365__,1.33,07,,01,04,02,01,01,01,05,01,,AT,,UNAMI AVE,,,,35,25,26,40.230760,74.022200,N,,37280
2020133720OT06592,MONMOUTH,OCEAN TWP,03/16/2020,MO,1056,01,OCEAN TWP PD (MONMOUTH),ZONE 51,0,0,0,0,P,B,N,N,11,1,NJ 18,N,18,,00000018__,12.00,02,,03,04,02,01,01,01,01,01,200,FE,,,F,WEST PARK AVE,EB,65,,56,,,N,,37304
2020133720OT06645,MONMOUTH,OCEAN TWP,03/17/2020,TU,1255,01,OCEAN TWP PD (MONMOUTH),51,0,0,0,0,P,B,N,N,01,2,FAITH DR / POPLAR RD / ROLLER RD,N,,,13371194__,.00,07,,01,04,02,01,01,01,05,01,5,FE,S,WEST PARK AVE,,,,40,45,26,40.255920,74.051520,N,,37244
2020133720OT06655,MONMOUTH,OCEAN TWP,03/17/2020,TU,1639,01,OCEAN TWP PD (MONMOUTH),ZONE 51,0,2,0,0,I,B,N,N,01,2,NJ 35,S,35,,00000035__,27.48,02,,01,04,02,01,01,01,01,01,75,FE,N,WEST PARK AVE,,,,50,40,26,40.226790,74.039410,N,,37274
2020133720OT06700,MONMOUTH,OCEAN TWP,03/18/2020,WE,1428,01,OCEAN TWP PD (MONMOUTH),55,0,0,0,0,P,B,N,N,03,2,NJ 35,N,35,,00000035__,24.90,02,,02,04,02,01,01,01,02,01,,,,,,,,50,,26,,,N,,37248
2020133720OT06711,MONMOUTH,OCEAN TWP,03/18/2020,WE,1530,01,OCEAN TWP PD (MONMOUTH),ZONE 51,0,0,0,0,P,B,N,N,02,2,NJ 35,S,35,,00000035__,27.00,02,,01,04,02,01,01,01,01,01,2500,FE,S,COLT RD,,,,50,25,26,40.258200,74.041150,N,,37286
2020133720OT06770,MONMOUTH,OCEAN TWP,03/19/2020,TH,1313,01,OCEAN TWP PD (MONMOUTH),53,0,0,0,0,P,B,N,N,08,2,56 MONMOUTH RD,,,,,,09,,01,04,02,01,01,05,05,01,,,,,,,,,,28,40.270810,74.016040,N,,37248
2020133720OT06848,MONMOUTH,OCEAN TWP,03/20/2020,FR,1412,01,OCEAN TWP PD (MONMOUTH),54,0,0,0,0,P,B,N,N,01,2,NJ 35,S,35,,00000035__,26.12,02,,01,04,02,01,01,01,01,01,100,FE,N,BLOOMFIELD AVE,,,,50,25,26,40.245340,74.038530,N,,37259
2020133720OT06879,MONMOUTH,OCEAN TWP,03/20/2020,FR,1730,01,OCEAN TWP PD (MONMOUTH),ZONE 54,0,0,0,0,P,B,N,N,01,2,GREEN GROVE RD / HOPE RD,N,,,13341417__,2.14,07,,01,04,02,01,01,01,05,01,600,FE,N,CR 16 / ASBURY AVE,,,,40,45,26,40.234320,74.077130,N,,37259
2020133720OT07024,MONMOUTH,OCEAN TWP,03/23/2020,MO,1023,01,OCEAN TWP PD (MONMOUTH),ZONE 55,0,0,0,0,P,I,N,N,03,2,GRASMERE AVE **,S,,,13371263__,.00,07,,01,04,02,02,01,02,05,01,,AT,,WICKAPECKO DR,,,,35,25,26,40.235460,74.024160,N,,37281
2020133720OT07402,MONMOUTH,OCEAN TWP,03/29/2020,SU,1823,01,OCEAN TWP PD (MONMOUTH),55 ZONE,0,0,0,0,P,B,N,N,11,2,NJ 35,N,35,,00000035__,24.80,02,,02,04,02,02,01,00,02,01,,,,,,,,50,,56,,,N,DAMAGE TO GRASS AT THE TIRE DEPOT 721 SR 35,37266
2020133720OT07409,MONMOUTH,OCEAN TWP,03/30/2020,MO,1106,01,OCEAN TWP PD (MONMOUTH),51 ZONE,0,2,0,0,I,I,N,N,01,2,BOWNE RD,N,,,13341420__,2.04,07,,01,04,02,01,01,01,05,01,,AT,,GREEN GROVE RD,,,,40,40,26,40.256840,74.073890,N,,37266
2020133720OT07480,MONMOUTH,OCEAN TWP,03/31/2020,TU,1633,01,OCEAN TWP PD (MONMOUTH),ZONE 51,0,0,0,0,P,B,N,N,12,1,MONMOUTH COUNTY 14,E,14,,13000014__,1.43,05,,01,04,02,01,01,01,05,01,20,FE,W,RALEIGH CT W,,,,40,,24,,,N,,37304