Year(4)-CountyCode(2)-MunicipalityCode(2)-CaseNumber(9),County Name,Municipality Name,Crash Date,Crash Day of Week,Crash Time,Police Department Code,Police Department,Police Station,Total Killed,Total Injured,Pedestrians Killed,Pedestrians Injured,Severity,Intersection,Alcohol Involved,Hazmat Involved,Crash Type,Total Vehicles,Location,Location Direction,Route,Route Suffix,Std Rte Identifier,MilePost,Road System,Road Character,Road Horizontal Alignment,Road Grade,Road Surface Type,Surface Condition,Light Condition,Environmental Condition,Road Divided By,Temporary Traffic Control Zone,Distance To Cross Street,Unit Of Measurement,Direction From Cross Street,Cross Street Name,Is Ramp,Ramp To/From Route Name,Ramp To/From Route Direction,Posted Speed,Posted Speed Cross Street,First Harmful Event,Latitude,Longitude,Cell Phone In Use Flag,Other Property Damage,Reporting Badge No.
2020133720OT07523,MONMOUTH,OCEAN TWP,04/01/2020,WE,1149,01,OCEAN TWP PD (MONMOUTH),ZONE 55,0,1,0,0,I,B,N,N,11,1,LOGAN RD,S,,,13371367__,.56,07,,03,04,02,01,01,01,05,01,30,FE,S,MADISON AVE,,,,35,25,56,40.241570,74.032360,N,DAMAGE TO UTILITY POLE #BT1284OT(SCRAPED)  DAMAGE TO TREE AT 2202 LOGAN ROAD,37282
2020133720OT07532,MONMOUTH,OCEAN TWP,04/01/2020,WE,1319,01,OCEAN TWP PD (MONMOUTH),ZONE 54,0,0,0,0,P,B,N,N,11,1,NJ 35,S,35,,00000035__,27.50,02,,02,04,02,01,01,01,01,01,100,FE,,,F,WEST PARK AVENUE,WB,50,,,40.264780,74.042620,N,YIELD SIGN DAMAGED,37282
2020133720OT07631,MONMOUTH,OCEAN TWP,04/03/2020,FR,1437,01,OCEAN TWP PD (MONMOUTH),53 ZONE,0,0,0,0,P,B,N,N,11,1,CHATHAM AVE **,N,,,13371112__,.00,07,,01,06,02,02,01,02,05,01,45,FE,S,W LINCOLN AVE,,,,25,35,69,40.264550,74.020890,N,OPTIMUM SERVICE CABLE LINE FROM UTILITY POLE JC1080C TO 141 CHATHAM AVENUE.,37266
2020133720OT07797,MONMOUTH,OCEAN TWP,04/06/2020,MO,1834,01,OCEAN TWP PD (MONMOUTH),ZONE 53,0,0,0,0,P,I,N,N,03,2,SHERIDAN AVE **,E,,,13371123__,.09,07,,01,04,02,01,01,01,05,01,,AT,,SHERMAN AVE,,,,30,25,26,40.253600,74.009770,N,,37274
2020133720OT08035,MONMOUTH,OCEAN TWP,04/11/2020,SA,0126,01,OCEAN TWP PD (MONMOUTH),ZONE 52,0,1,0,0,I,B,N,N,11,1,NJ 35,N,35,,00000035__,27.56,02,,01,04,02,01,06,01,01,01,500,FE,N,WEST PARK AVE,,,,50,40,56,40.264750,74.041910,N,TREE IN FRONT OF 2305 SR 35,37302
2020133720OT08067,MONMOUTH,OCEAN TWP,04/11/2020,SA,1431,01,OCEAN TWP PD (MONMOUTH),ZONE 51,0,0,0,0,P,I,N,N,02,3,NJ 35,S,35,,00000035__,27.47,02,,01,04,02,01,01,01,01,01,,AT,,WEST PARK AVE,,,,50,40,26,40.264660,74.041930,N,SCRAPE MARK ON NORTHBOUND ATTENUATED DIVIDER.,
2020133720OT08173,MONMOUTH,OCEAN TWP,04/13/2020,MO,1545,01,OCEAN TWP PD (MONMOUTH),ZONE 54,0,0,0,0,P,B,N,N,11,1,NJ 18,S,18,,00000018__,10.20,02,,03,04,02,02,01,02,03,01,500,FE,,,F,NJ 66,WB,65,,56,,,N,,37304
2020133720OT08174,MONMOUTH,OCEAN TWP,04/13/2020,MO,1606,01,OCEAN TWP PD (MONMOUTH),ZONE 54,0,0,0,0,P,B,N,N,11,1,NJ 35,N,35,,00000035__,24.90,02,,02,04,02,02,01,02,02,01,,,,,,,,50,,50,40.226790,74.039410,N,YIELD SIGN,37290
2020133720OT08219,MONMOUTH,OCEAN TWP,04/14/2020,TU,1355,01,OCEAN TWP PD (MONMOUTH),ZONE 53,0,0,0,0,P,B,N,N,11,1,HARNELL AVE **,E,,,13371072__,.00,07,,01,04,02,01,01,01,05,01,150,FE,W,CR 15 / MONMOUTH RD,,,,25,35,69,40.264090,74.013890,N,CABLE LINE FROM POLE # JC 987 TO 397 HARNELL AVE.,37290
2020133720OT08220,MONMOUTH,OCEAN TWP,04/14/2020,TU,1353,01,OCEAN TWP PD (MONMOUTH),ZONE 55,0,0,0,0,P,B,N,N,05,2,APPLEBY DR / EDGEWOOD AVE / S WANAMASSA DR **,E,,,13371229__,.28,07,,01,04,02,01,01,01,05,01,10,FE,E,SPRUCE AVE,,,,25,25,26,,,N,,37304
2020133720OT08285,MONMOUTH,OCEAN TWP,04/15/2020,WE,1627,01,OCEAN TWP PD (MONMOUTH),ZONE 55,0,0,0,0,P,B,N,N,06,2,DARLENE AVE **,W,,,13371206__,.33,07,,01,04,02,01,01,01,05,01,800,FE,W,LOGAN RD,,,,25,35,28,40.240650,74.029530,N,,37307
2020133720OT08287,MONMOUTH,OCEAN TWP,04/15/2020,WE,1833,01,OCEAN TWP PD (MONMOUTH),ZONE 54,0,0,0,0,P,B,N,N,11,1,1104 SR 35,,,,,,09,,01,04,02,01,01,01,05,01,,,,,,,,,,52,40.239660,74.039710,N,DAMAGE TO LIGHT POLE # 45 NEAR THE ENTERENCE TO THE WEGMANS LOT FROM SR 35 SOUTH,37274
2020133720OT08299,MONMOUTH,OCEAN TWP,04/16/2020,TH,0405,01,OCEAN TWP PD (MONMOUTH),ZONE 51,0,0,0,0,P,B,N,N,12,1,NJ 18,N,18,,00000018__,11.87,02,,01,04,02,01,05,01,03,01,2640,FE,N,DEAL RD,,,,65,45,24,40.255300,74.056930,N,,37299
2020133720OT08321,MONMOUTH,OCEAN TWP,04/16/2020,TH,1159,01,OCEAN TWP PD (MONMOUTH),ZONE 54,0,0,0,0,P,B,N,N,02,2,NJ 66,W,66,,00000066__,2.51,02,,02,04,02,01,01,01,02,01,50,FE,W,CR 16 / ASBURY AVE / PARK RD,,,,50,35,26,40.229510,74.054720,N,,37282
2020133720OT08422,MONMOUTH,OCEAN TWP,04/18/2020,SA,1058,01,OCEAN TWP PD (MONMOUTH),ZONE 54,0,0,0,0,P,B,N,N,01,2,NJ 35,S,35,,00000035__,25.36,02,,01,04,02,02,01,02,01,01,500,FE,S,US 40 / SUNSET AVE,,,,50,35,26,40.233960,74.037520,N,,37285
2020133720OT08463,MONMOUTH,OCEAN TWP,04/19/2020,SU,1245,01,OCEAN TWP PD (MONMOUTH),ZONE 54,0,2,0,0,I,I,N,N,03,2,NJ 35,S,35,,00000035__,26.04,02,,01,04,02,01,01,01,01,01,,AT,,ALLAIRE AVE,,,,50,25,26,40.243050,74.032780,Y,,37306
2020133720OT08518,MONMOUTH,OCEAN TWP,04/20/2020,MO,1412,01,OCEAN TWP PD (MONMOUTH),ZONE 55,0,0,0,0,P,B,N,N,02,2,NJ 35,S,35,,00000035__,24.90,02,,02,04,02,01,01,05,02,01,,,,,,,,50,,26,40.223530,74.017090,N,,37263
2020133720OT08586,MONMOUTH,OCEAN TWP,04/21/2020,TU,1644,01,OCEAN TWP PD (MONMOUTH),ZONE 54,0,1,0,0,I,B,N,N,11,1,NJ 18,S,18,,00000018__,10.00,02,,03,04,02,02,01,01,03,01,500,FE,,,F,NJ 66,WB,65,,56,40.228680,74.050290,N,,37274
2020133720OT08610,MONMOUTH,OCEAN TWP,04/22/2020,WE,0739,01,OCEAN TWP PD (MONMOUTH),54 ZONE,0,0,0,0,P,B,N,N,03,2,MONMOUTH COUNTY 40,E,40,,13000040__,.09,07,,01,04,02,01,01,01,05,01,500,FE,E,NJ 35,,,,35,50,26,40.235710,74.037980,N,FIRE HYDRANT AT ENTRANCE TO 3408 SUNSET AVENUE,37266
2020133720OT08631,MONMOUTH,OCEAN TWP,04/22/2020,WE,1253,01,OCEAN TWP PD (MONMOUTH),ZONE 55,0,0,0,0,P,B,N,N,01,2,ALLAN ST **,S,,,13371211__,.17,07,,01,04,02,01,01,01,05,01,25,FE,N,CR 40 / SUNSET AVE,,,,25,35,26,40.235170,74.036240,N,,37290
2020133720OT08640,MONMOUTH,OCEAN TWP,04/22/2020,WE,1515,01,OCEAN TWP PD (MONMOUTH),53 ZONE,0,0,0,0,P,B,N,N,11,1,GARFIELD AVE **,W,,,13371141__,.29,07,,01,04,02,01,01,01,05,01,55,FE,E,LARCHWOOD DR,,,,25,35,69,40.261310,74.006480,N,DOWNED PHONE LINE,37266
2020133720OT08679,MONMOUTH,OCEAN TWP,04/23/2020,TH,1004,01,OCEAN TWP PD (MONMOUTH),ZONE 51,0,0,0,0,P,B,N,N,11,1,MONMOUTH COUNTY 14,E,14,,13000014__,.01,05,,01,05,02,01,01,01,05,01,50,FE,E,GREEN GROVE RD / HOPE RD,,,,45,40,56,40.255620,74.074100,N,,37305
2020133720OT08704,MONMOUTH,OCEAN TWP,04/23/2020,TH,1713,01,OCEAN TWP PD (MONMOUTH),ZONE 51,0,0,0,0,P,B,N,N,01,3,NJ 35,S,35,,00000035__,27.47,02,,01,04,02,01,01,01,01,01,10,FE,N,WEST PARK AVE,,,,50,40,26,40.226790,74.039410,N,,
2020133720OT08734,MONMOUTH,OCEAN TWP,04/24/2020,FR,0929,01,OCEAN TWP PD (MONMOUTH),ZONE 55,0,1,0,0,I,B,N,N,11,1,NJ 35,N,35,,00000035__,24.80,02,,01,04,02,02,01,02,03,01,225,FE,E,BINGHAM AVE,,,,50,25,56,40.225920,74.036530,N,MINOR SCRATCHES TO DOT LIGHT POLE (A8-24).,37307
2020133720OT08737,MONMOUTH,OCEAN TWP,04/24/2020,FR,1012,01,OCEAN TWP PD (MONMOUTH),ZONE 53,0,0,0,0,P,B,N,N,01,2,MONMOUTH COUNTY 15,S,15,,13000015__,2.62,05,,01,04,02,02,01,02,05,01,25,FE,N,WELLS AVE,,,,35,25,26,,,N,,37307
2020133720OT08754,MONMOUTH,OCEAN TWP,04/24/2020,FR,1429,01,OCEAN TWP PD (MONMOUTH),55,0,0,0,0,P,B,N,N,03,2,NJ 35,N,35,,00000035__,26.02,02,,01,04,02,02,01,02,01,01,100,FE,S,ALLAIRE AVE,,,,50,25,26,40.243050,74.032780,N,,37227
2020133720OT08810,MONMOUTH,OCEAN TWP,04/25/2020,SA,1920,01,OCEAN TWP PD (MONMOUTH),ZONE 54,0,0,0,0,P,I,N,N,02,2,DEAL RD,E,,,13371368__,1.98,07,,01,04,02,01,03,01,05,01,,AT,,POPLAR RD / ROLLER RD,,,,45,40,26,40.250550,74.049910,N,,37302
2020133720OT08930,MONMOUTH,OCEAN TWP,04/28/2020,TU,0910,01,OCEAN TWP PD (MONMOUTH),ZONE 54,0,0,0,0,P,B,N,N,01,2,MONMOUTH COUNTY 40,E,40,,13000040__,.00,07,,01,04,02,01,01,01,05,01,30,FE,W,NJ 35,,,,35,50,26,40.235660,74.037820,N,,37285
2020133720OT08933,MONMOUTH,OCEAN TWP,04/28/2020,TU,0931,01,OCEAN TWP PD (MONMOUTH),ZONE 52,0,0,0,0,P,I,N,N,03,2,MONMOUTH COUNTY 14,W,14,,13000014__,2.61,05,,01,04,02,01,01,01,05,01,,AT,,WHALEPOND RD,,,,40,35,26,40.269540,74.026610,N,,37259
2020133720OT08989,MONMOUTH,OCEAN TWP,04/29/2020,WE,0024,01,OCEAN TWP PD (MONMOUTH),52,0,0,0,0,P,B,N,N,12,1,NJ 35,N,35,,00000035__,27.02,02,,01,04,02,01,06,01,05,01,100,FE,N,TALMADGE AVE,,,,50,25,24,40.261430,74.041260,N,,37289
2020133720OT09041,MONMOUTH,OCEAN TWP,04/29/2020,WE,2042,01,OCEAN TWP PD (MONMOUTH),,0,0,0,0,P,B,N,N,08,2,MONMOUTH COUNTY 14,E,14,,13000014__,1.73,05,,01,04,02,01,06,01,05,01,25,FE,W,NJ 35,,,,40,50,26,40.259270,74.073530,N,,37291
2020133720OT09164,MONMOUTH,OCEAN TWP,05/01/2020,FR,1304,01,OCEAN TWP PD (MONMOUTH),ZONE 52,0,1,0,0,I,B,N,N,01,2,DEAL RD,W,,,13371368__,1.44,07,,01,04,02,02,01,02,05,01,75,FE,E,NJ 35,,,,45,50,26,40.247850,74.055050,N,,37274
2020133720OT09179,MONMOUTH,OCEAN TWP,05/01/2020,FR,1659,01,OCEAN TWP PD (MONMOUTH),51,0,0,0,0,P,B,N,N,01,2,NJ 35,S,35,,00000035__,27.88,02,,03,04,02,02,01,02,01,01,100,FE,,,F,KINGS HIGHWAY,NB,50,,26,40.264780,74.042620,N,,37246
2020133720OT09262,MONMOUTH,OCEAN TWP,05/02/2020,SA,1647,01,OCEAN TWP PD (MONMOUTH),ZONE 53,0,0,0,0,P,B,N,N,03,2,MONMOUTH COUNTY 15,N,15,,13000015__,3.25,05,,01,04,02,01,01,01,04,01,100,FE,N,W PARK AVE,,,,35,35,26,40.271210,74.015430,N,,37306
2020133720OT09445,MONMOUTH,OCEAN TWP,05/05/2020,TU,1129,01,OCEAN TWP PD (MONMOUTH),ZONE 51,0,0,0,0,P,B,N,N,01,2,NJ 18,N,18,,00000018__,11.87,02,,01,04,02,01,01,01,03,01,2640,FE,N,DEAL RD,,,,65,45,26,40.246080,74.054010,N,,37255
2020133720OT09528,MONMOUTH,OCEAN TWP,05/06/2020,WE,1330,01,OCEAN TWP PD (MONMOUTH),ZONE 54,0,0,0,0,P,B,N,N,06,2,COLD INDIAN SPRING RD,E,,,,,07,,01,04,02,02,01,02,05,01,150,FE,N,ELLEN CT,,,,40,25,28,40.245340,74.060960,N,,37306
2020133720OT09590,MONMOUTH,OCEAN TWP,05/07/2020,TH,1242,01,OCEAN TWP PD (MONMOUTH),ZONE 54,0,0,0,0,P,B,N,N,01,2,NJ 35,N,35,,00000035__,24.90,02,,02,06,02,01,01,01,02,01,,,,,,,,50,,26,40.226790,74.039410,N,,37305
2020133720OT09701,MONMOUTH,OCEAN TWP,05/09/2020,SA,0633,01,OCEAN TWP PD (MONMOUTH),ZONE 51,0,1,0,0,I,B,N,N,11,1,MONMOUTH COUNTY 14,E,14,,13000014__,.80,05,,01,04,02,01,01,01,05,01,75,FE,E,NJ 18,,,,45,65,50,40.260030,74.058310,N,,37282
2020133720OT09821,MONMOUTH,OCEAN TWP,05/11/2020,MO,1556,01,OCEAN TWP PD (MONMOUTH),ZONE 51,0,0,0,0,P,B,N,N,11,1,BOWNE RD,N,,,13341420__,1.62,07,,03,04,02,01,01,01,05,01,240,FE,N,MATILDA DR,,,,35,25,52,,,N,POLE #BT77OT  WIRE FROM POLE #JC776OT  FLASHING SCHOOL SPEED LIMIT POLE.,37259
2020133720OT09864,MONMOUTH,OCEAN TWP,05/12/2020,TU,0850,01,OCEAN TWP PD (MONMOUTH),54,0,0,0,0,P,B,N,N,03,2,MONMOUTH COUNTY 40,E,40,,13000040__,.00,07,,01,04,02,01,01,01,05,01,500,FE,W,NJ 35,,,,35,50,26,40.235710,74.037980,N,,37246
2020133720OT09874,MONMOUTH,OCEAN TWP,05/12/2020,TU,1126,01,OCEAN TWP PD (MONMOUTH),ZONE 54,0,0,0,0,P,B,N,N,08,2,1560 SR 35,,,,,,09,,01,04,02,01,01,01,05,01,,,,,,,,,,26,40.250200,74.040560,N,,37306
2020133720OT09892,MONMOUTH,OCEAN TWP,05/12/2020,TU,1531,01,OCEAN TWP PD (MONMOUTH),ZONE 51,0,1,0,0,I,I,N,N,04,2,MONMOUTH COUNTY 14,,14,,13000014__,.00,05,,01,04,02,01,01,01,05,01,,AT,,GREEN GROVE RD / HOPE RD,,,,45,40,26,40.255620,74.074100,N,,37306
2020133720OT09963,MONMOUTH,OCEAN TWP,05/13/2020,WE,1155,01,OCEAN TWP PD (MONMOUTH),ZONE 54,0,1,0,0,I,B,N,N,01,2,NJ 35,N,35,,00000035__,24.90,02,,02,04,02,01,01,01,02,01,,,,,,,,50,,26,40.275000,74.044350,N,,37282
2020133720OT09969,MONMOUTH,OCEAN TWP,05/13/2020,WE,1317,01,OCEAN TWP PD (MONMOUTH),ZONE 52,0,2,0,0,I,I,N,N,03,2,DOW AVE **,W,,,13371159__,.75,07,,01,04,02,01,01,01,05,01,,AT,,HOLBROOK ST,,,,35,25,26,40.261850,74.037760,N,,37286
2020133720OT10049,MONMOUTH,OCEAN TWP,05/14/2020,TH,1528,01,OCEAN TWP PD (MONMOUTH),ZONE 54,0,0,0,0,P,B,N,N,02,2,ROLLER RD,S,,,,,07,,01,04,02,01,01,01,05,01,15,FE,N,HILLSIDE TERRACE,,,,25,25,26,40.250500,74.049600,N,,37255
2020133720OT10106,MONMOUTH,OCEAN TWP,05/15/2020,FR,1140,01,OCEAN TWP PD (MONMOUTH),52,0,1,0,0,I,I,N,N,03,2,CAROL AVE **,E,,,13371167__,.19,07,,01,04,02,01,01,01,05,01,,AT,,HOLBROOK ST,,,,25,25,26,40.263340,74.038090,N,GRASS AND SHRUB AT 708 CAROL AVENUE,37244
2020133720OT10137,MONMOUTH,OCEAN TWP,05/15/2020,FR,1718,01,OCEAN TWP PD (MONMOUTH),ZONE 52,0,0,0,0,P,B,N,N,06,2,240 WHALEPOND RD; JOE PA,,,,,,08,,01,04,02,01,01,01,05,01,,,,,,,,,,28,40.255850,74.023590,N,,37285
2020133720OT10207,MONMOUTH,OCEAN TWP,05/16/2020,SA,1302,01,OCEAN TWP PD (MONMOUTH),ZONE 54,0,0,0,0,P,B,N,N,02,2,ALLAIRE AVE **,E,,,13371330__,.01,07,,01,04,02,01,01,01,05,01,75,FE,E,NJ 35,,,,25,50,26,40.244180,74.037710,N,,37308
2020133720OT10219,MONMOUTH,OCEAN TWP,05/16/2020,SA,1516,01,OCEAN TWP PD (MONMOUTH),54,0,0,0,0,P,B,N,N,02,3,NJ 35,S,35,,00000035__,25.45,02,,01,04,02,01,01,01,01,01,20,FE,N,US 40 / SUNSET AVE,,,,50,35,26,40.235710,74.037980,N,,
2020133720OT10356,MONMOUTH,OCEAN TWP,05/18/2020,MO,1200,01,OCEAN TWP PD (MONMOUTH),ZONE 52,0,1,0,0,I,I,N,N,03,2,LOGAN RD,N,,,13371367__,.59,07,,01,04,02,01,01,01,05,,,AT,,ROSELD AVE,,,,35,25,26,40.242530,74.032540,N,UTILITY POLE #40997OT,37263
2020133720OT10363,MONMOUTH,OCEAN TWP,05/18/2020,MO,1254,01,OCEAN TWP PD (MONMOUTH),ZONE 53,0,0,0,0,P,B,N,N,06,2,NJ 71,S,71,,00000071__,11.42,02,,01,04,02,01,01,01,02,01,100,FE,N,ROOSEVELT AVE,,,,35,35,26,40.275820,74.002980,N,,37255
2020133720OT10410,MONMOUTH,OCEAN TWP,05/19/2020,TU,1317,01,OCEAN TWP PD (MONMOUTH),ZONE 54,0,0,0,0,P,B,N,N,01,2,NJ 66,W,66,,00000066__,,02,,01,04,02,01,01,01,03,01,5,FE,E,SOUTH MALL DRIVE,,,,50,25,26,,,N,,37307
2020133720OT10414,MONMOUTH,OCEAN TWP,05/19/2020,TU,1202,01,OCEAN TWP PD (MONMOUTH),ZONE 51,0,0,0,0,P,B,N,N,01,2,NJ 35,S,35,,00000035__,27.47,02,,01,04,02,01,01,01,01,01,1,FE,S,WEST PARK AVE,,,,50,35,26,,,N,,37282
2020133720OT10427,MONMOUTH,OCEAN TWP,05/19/2020,TU,1346,01,OCEAN TWP PD (MONMOUTH),ZONE 54,0,0,0,0,P,B,N,N,01,2,MONMOUTH COUNTY 16,W,16,,13000016__,3.53,05,,01,04,02,01,01,01,04,01,50,FE,E,BOWNE RD,,,,45,40,26,40.229510,74.054720,N,,37282
2020133720OT10442,MONMOUTH,OCEAN TWP,05/19/2020,TU,1844,01,OCEAN TWP PD (MONMOUTH),ZONE 55,0,0,0,0,P,B,N,N,06,2,EISELE AVE **,,,,13371204__,,07,,01,04,02,01,01,01,05,,,,,,,,,25,,28,40.241540,74.028090,N,,37274
2020133720OT10462,MONMOUTH,OCEAN TWP,05/20/2020,WE,0533,01,OCEAN TWP PD (MONMOUTH),ZONE 51,0,0,0,0,P,B,N,N,12,1,DEAL RD,W,,,13371368__,2.53,07,,01,04,02,01,02,01,05,01,10,FE,W,RANDI LN,,,,45,25,24,40.250140,74.059980,N,,37299
2020133720OT10483,MONMOUTH,OCEAN TWP,05/20/2020,WE,1255,01,OCEAN TWP PD (MONMOUTH),ZONE 55,0,0,0,0,P,B,N,N,01,2,MONMOUTH COUNTY 40,W,40,,13000040__,.01,07,,01,04,02,01,01,01,05,,50,FE,E,NJ 35,,,,35,50,26,40.235440,74.036400,N,,37285
2020133720OT10690,MONMOUTH,OCEAN TWP,05/22/2020,FR,1939,01,OCEAN TWP PD (MONMOUTH),ZONE 54,0,0,0,0,P,B,N,N,11,1,NJ 35,S,35,,00000035__,24.90,02,,03,04,02,02,03,02,02,01,,,,,,,,50,,56,40.226790,74.039410,N,,37299
2020133720OT10705,MONMOUTH,OCEAN TWP,05/22/2020,FR,2358,01,OCEAN TWP PD (MONMOUTH),ZONE 53,0,1,0,0,I,B,N,N,11,1,GARFIELD AVE **,E,,,13371141__,.25,07,,01,04,02,01,07,04,05,01,150,FE,W,LARCHWOOD DR,,,,25,35,60,40.261350,74.007210,N,TREE,37298
2020133720OT10801,MONMOUTH,OCEAN TWP,05/24/2020,SU,2100,01,OCEAN TWP PD (MONMOUTH),ZONE 51,0,0,0,0,P,B,N,N,06,2,BOWNE RD,S,,,13341420__,2.01,07,,01,04,02,01,06,01,05,01,500,FE,N,PAL DR,,,,40,25,28,40.252120,74.070070,N,,37302
2020133720OT10901,MONMOUTH,OCEAN TWP,05/26/2020,TU,0913,01,OCEAN TWP PD (MONMOUTH),ZONE 52,0,2,0,0,I,I,N,N,03,2,MONMOUTH COUNTY 14,W,14,,13000014__,2.61,05,,01,04,02,01,01,01,05,01,,AT,,WHALEPOND RD,,,,40,35,26,40.269540,74.026610,N,,37290
2020133720OT10965,MONMOUTH,OCEAN TWP,05/26/2020,TU,2123,01,OCEAN TWP PD (MONMOUTH),ZONE 42,0,0,0,0,P,B,N,N,12,1,DEAL RD,W,,,13371368__,.58,07,,01,04,02,01,06,01,05,01,100,FE,E,WHALEPOND RD,,,,40,40,24,,,N,,37252
2020133720OT11065,MONMOUTH,OCEAN TWP,05/27/2020,WE,1937,01,OCEAN TWP PD (MONMOUTH),ZONE 54,0,0,0,0,P,B,N,N,11,1,NJ 35,S,35,,00000035__,25.43,02,,01,04,02,01,03,01,01,01,100,FE,S,US 40 / SUNSET AVE,,,,50,35,48,40.233160,74.038810,N,DAMAGE TO CENTER CONCRETE BARRIER,37274
2020133720OT11093,MONMOUTH,OCEAN TWP,05/28/2020,TH,1112,01,OCEAN TWP PD (MONMOUTH),51,0,0,0,0,P,I,N,N,07,2,NJ 35,S,35,,00000035__,27.47,02,,01,04,02,01,01,01,01,01,,AT,,WEST PARK AVE,,,,50,45,26,40.263630,74.042420,N,,37248
2020133720OT11106,MONMOUTH,OCEAN TWP,05/28/2020,TH,1338,01,OCEAN TWP PD (MONMOUTH),ZONE 55,0,0,0,0,P,I,N,N,02,2,MONMOUTH COUNTY 15,S,15,,13000015__,.99,05,,01,04,02,02,01,02,05,01,,AT,,MYRTLE AVE,,,,35,25,26,40.274310,74.016810,N,504 MONMOUTH ROAD: FENCE; SHURBBERY; BUSHES; TREES,37255
2020133720OT11197,MONMOUTH,OCEAN TWP,05/29/2020,FR,1751,01,OCEAN TWP PD (MONMOUTH),ZONE 54,0,1,0,0,I,I,N,N,01,2,NJ 66,W,66,,00000066__,3.40,02,,01,04,02,01,01,01,03,01,,AT,,S MALL DR,,,,50,25,26,,,N,,37304
2020133720OT11321,MONMOUTH,OCEAN TWP,05/31/2020,SU,1833,01,OCEAN TWP PD (MONMOUTH),ZONE 52,0,1,0,0,I,B,N,N,14,1,DEAL RD,W,,,13371368__,.56,07,,01,04,02,01,01,01,05,01,10,FE,S,WHALEPOND RD,,,,35,35,21,,,N,,37280
2020133720OT11416,MONMOUTH,OCEAN TWP,06/01/2020,MO,1706,01,OCEAN TWP PD (MONMOUTH),ZONE 55,0,0,0,0,P,I,N,N,01,2,MONMOUTH COUNTY 15,S,15,,13000015__,1.66,05,,01,04,02,01,01,01,05,01,,AT,,ROSELD AVE,,,,35,25,26,,,N,,37307
2020133720OT11417,MONMOUTH,OCEAN TWP,06/01/2020,MO,1627,01,OCEAN TWP PD (MONMOUTH),ZONE 51,0,1,0,0,I,I,N,N,07,2,ALDRIN AVE / COLLINS AVE / KINGS HWY **,S,,,13371187__,.21,07,,01,04,02,01,01,01,05,01,,AT,,KINGS HYW,,,,35,25,26,40.267490,74.042700,N,,37274
2020133720OT11427,MONMOUTH,OCEAN TWP,06/01/2020,MO,1956,01,OCEAN TWP PD (MONMOUTH),53,0,0,0,0,P,B,N,N,12,1,MONMOUTH COUNTY 15,S,15,,13000015__,1.64,05,,01,04,02,01,03,01,05,01,100,FE,S,ROSELD AVE,,,,35,25,24,40.252650,74.012820,N,,37270
2020133720OT11447,MONMOUTH,OCEAN TWP,06/02/2020,TU,0927,01,OCEAN TWP PD (MONMOUTH),ZONE 55,0,0,0,0,P,B,N,N,08,2,MYRTLE AVE **,E,,,13371276__,.20,07,,01,04,02,01,01,05,05,01,250,FE,W,CR 15 / MONMOUTH RD,,,,25,35,28,40.239790,74.014940,N,,37255
2020133720OT11457,MONMOUTH,OCEAN TWP,06/02/2020,TU,1136,01,OCEAN TWP PD (MONMOUTH),54,0,0,0,0,P,B,N,N,01,2,MONMOUTH COUNTY 40,E,40,,13000040__,.00,07,,01,04,02,01,01,01,05,01,25,FE,W,NJ 35,,,,35,50,26,40.235660,74.037820,N,,37248
2020133720OT11497,MONMOUTH,OCEAN TWP,06/02/2020,TU,2220,01,OCEAN TWP PD (MONMOUTH),ZONE 53,0,0,0,0,P,I,N,N,03,2,NJ 35,N,35,,00000035__,26.04,02,,01,04,02,01,06,01,01,01,,AT,,ALLAIRE AVE,,,,50,25,26,40.243050,74.032780,N,,37302
2020133720OT11570,MONMOUTH,OCEAN TWP,06/04/2020,TH,0732,01,OCEAN TWP PD (MONMOUTH),ZONE 54,0,0,0,0,P,B,N,N,12,1,NJ 18,N,18,,00000018__,10.60,02,,01,04,02,01,01,01,03,01,,,,,,,,65,,24,40.251470,74.057700,N,,37305
2020133720OT11855,MONMOUTH,OCEAN TWP,06/08/2020,MO,1228,01,OCEAN TWP PD (MONMOUTH),53 ZONE,0,0,0,0,P,B,N,N,04,2,PARK AVE,W,,,13371370__,.00,07,,01,04,02,01,01,01,05,01,10,FE,E,CR 15 / MONMOUTH RD,,,,35,35,26,40.269540,74.015450,N,,37266
2020133720OT11856,MONMOUTH,OCEAN TWP,06/08/2020,MO,1231,01,OCEAN TWP PD (MONMOUTH),ZONE 55,0,2,0,0,I,B,N,N,01,4,NJ 35,N,35,,00000035__,26.04,02,,01,04,02,01,01,01,01,01,25,FE,S,ALLAIRE AVE,,,,50,35,26,40.243050,74.032780,N,,37285
2020133720OT11867,MONMOUTH,OCEAN TWP,06/08/2020,MO,1546,01,OCEAN TWP PD (MONMOUTH),ZONE 53,0,1,0,0,I,B,N,N,14,1,LARCHWOOD AVE **,N,,,13531050__,1.40,07,,01,04,02,01,01,01,05,01,40,FE,N,MAPLE WOOD AVE,,,,25,25,21,40.266160,74.008780,N,,37259
2020133720OT11953,MONMOUTH,OCEAN TWP,06/09/2020,TU,1703,01,OCEAN TWP PD (MONMOUTH),ZONE 54,0,0,0,0,P,B,N,N,01,3,MONMOUTH COUNTY 40,E,40,,13000040__,.00,07,,01,04,02,01,01,01,05,01,50,FE,W,NJ 35,,,,35,50,26,40.235710,74.037980,N,,
2020133720OT12005,MONMOUTH,OCEAN TWP,06/10/2020,WE,1246,01,OCEAN TWP PD (MONMOUTH),ZONE 54,0,0,0,0,P,B,N,N,01,2,NJ 18,N,18,,00000018__,11.37,02,,03,04,02,01,01,01,03,01,15,FE,,,T,DEAL ROAD,EB,65,,26,40.250050,74.056630,N,,37263