Year(4)-CountyCode(2)-MunicipalityCode(2)-CaseNumber(9),County Name,Municipality Name,Crash Date,Crash Day of Week,Crash Time,Police Department Code,Police Department,Police Station,Total Killed,Total Injured,Pedestrians Killed,Pedestrians Injured,Severity,Intersection,Alcohol Involved,Hazmat Involved,Crash Type,Total Vehicles,Location,Location Direction,Route,Route Suffix,Std Rte Identifier,MilePost,Road System,Road Character,Road Horizontal Alignment,Road Grade,Road Surface Type,Surface Condition,Light Condition,Environmental Condition,Road Divided By,Temporary Traffic Control Zone,Distance To Cross Street,Unit Of Measurement,Direction From Cross Street,Cross Street Name,Is Ramp,Ramp To/From Route Name,Ramp To/From Route Direction,Posted Speed,Posted Speed Cross Street,First Harmful Event,Latitude,Longitude,Cell Phone In Use Flag,Other Property Damage,Reporting Badge No.
2020133720OT14547,MONMOUTH,OCEAN TWP,07/12/2020,SU,2036,01,OCEAN TWP PD (MONMOUTH),ZONE 44,0,1,0,0,I,B,N,N,01,2,BIMBLER BVLD **,S,,,13371239__,.26,07,,01,04,02,01,07,01,05,01,5,FE,N,CR 16 / ASBURY AVE,,,,25,35,26,,,N,,37304
2020133720OT14578,MONMOUTH,OCEAN TWP,07/13/2020,MO,1031,01,OCEAN TWP PD (MONMOUTH),53,0,1,0,0,I,B,N,N,14,1,ROOSEVELT AVE,E,,,13371371__,,07,,01,04,02,01,01,01,05,01,250,FE,W,NORWOOD AVE,,,,35,35,26,40.260250,74.001320,N,,37227
2020133720OT14584,MONMOUTH,OCEAN TWP,07/13/2020,MO,1146,01,OCEAN TWP PD (MONMOUTH),ZONE 53,0,0,0,0,P,B,N,N,06,2,ROOSEVELT AVE,W,,,13371371__,.39,07,,01,04,02,01,01,01,05,01,350,FE,W,ELBERON BLVD,,,,35,25,28,40.260180,74.004030,N,,37255
2020133720OT14617,MONMOUTH,OCEAN TWP,07/13/2020,MO,2031,01,OCEAN TWP PD (MONMOUTH),ZONE 42,0,0,0,0,P,B,N,N,02,2,ROOSEVELT AVE,W,,,13371371__,.30,07,,01,04,02,01,06,01,05,01,100,FE,W,MICHAEL AVE,,,,35,25,26,40.260140,74.005850,N,,37297
2020133720OT14695,MONMOUTH,OCEAN TWP,07/14/2020,TU,1640,01,OCEAN TWP PD (MONMOUTH),55,0,0,0,0,P,B,N,N,02,2,NJ 35,N,35,,00000035__,,02,,01,04,02,01,01,01,02,01,,,,,,,,50,,26,,,N,,37241
2020133720OT14781,MONMOUTH,OCEAN TWP,07/15/2020,WE,1743,01,OCEAN TWP PD (MONMOUTH),53,0,0,0,0,P,I,N,N,14,1,PARK AVE,W,,,13371370__,.00,07,,01,04,02,01,01,01,05,01,,AT,,CR 15 / MONMOUTH RD,,,,35,35,21,40.269540,74.015450,N,,37246
2020133720OT14832,MONMOUTH,OCEAN TWP,07/16/2020,TH,1221,01,OCEAN TWP PD (MONMOUTH),52 ZONE,0,1,0,0,I,B,N,N,01,2,NJ 35,N,35,,00000035__,27.47,02,,03,04,02,01,01,01,02,01,10,FE,N,WEST PARK AVE,,,,50,40,26,40.264660,74.041930,N,,37293
2020133720OT14860,MONMOUTH,OCEAN TWP,07/16/2020,TH,1759,01,OCEAN TWP PD (MONMOUTH),ZONE 53,0,0,0,0,P,B,N,N,01,2,WHALEPOND RD,N,,,13371369__,1.13,07,,01,04,02,01,01,01,05,01,15,FE,S,W PARK AVE,,,,35,35,26,40.269540,74.026610,N,,37290
2020133720OT14864,MONMOUTH,OCEAN TWP,07/16/2020,TH,1926,01,OCEAN TWP PD (MONMOUTH),ZONE 43,0,0,0,0,P,I,N,N,02,2,MONMOUTH COUNTY 16,W,16,,13000016__,3.58,05,,01,04,02,01,01,01,05,01,,AT,,NJ 66,,,,45,50,26,,,N,,37304
2020133720OT14887,MONMOUTH,OCEAN TWP,07/17/2020,FR,0934,01,OCEAN TWP PD (MONMOUTH),53,0,0,0,0,P,B,N,N,01,2,MONMOUTH COUNTY 15,S,15,,13000015__,3.25,05,,01,04,02,02,01,05,05,01,100,FE,N,W PARK AVE,,,,35,35,26,,,N,,37241
2020133720OT14907,MONMOUTH,OCEAN TWP,07/17/2020,FR,1348,01,OCEAN TWP PD (MONMOUTH),ZONE 51,0,0,0,0,P,B,N,N,02,2,MONMOUTH COUNTY 14,W,14,,13000014__,1.72,05,,01,04,02,01,01,01,05,01,50,FE,W,NJ 35,,,,40,50,26,,,N,,37307
2020133720OT14993,MONMOUTH,OCEAN TWP,07/18/2020,SA,1546,01,OCEAN TWP PD (MONMOUTH),ZONE 53,0,0,0,0,P,B,N,N,04,2,MONMOUTH COUNTY 15,S,15,,13000015__,2.50,05,,01,04,02,01,01,01,05,01,125,FE,N,ROOSEVELT AVE,,,,35,35,26,40.261460,74.011660,N,,37263
2020133720OT15070,MONMOUTH,OCEAN TWP,07/19/2020,SU,2005,01,OCEAN TWP PD (MONMOUTH),ZONE 54,0,0,0,0,P,I,N,N,01,2,NJ 35,N,35,,00000035__,,02,,02,04,02,01,03,01,02,01,,AT,,,,,,50,,26,40.226790,74.039410,N,,37299
2020133720OT15090,MONMOUTH,OCEAN TWP,07/20/2020,MO,0833,01,OCEAN TWP PD (MONMOUTH),ZONE 54,0,1,0,0,I,B,N,N,07,2,SUNSET AVE,W,,,13371213__,.00,07,,01,04,02,01,01,01,05,01,400,FE,W,NJ 35,,,,35,50,26,40.235490,74.040570,N,,37285
2020133720OT15123,MONMOUTH,OCEAN TWP,07/20/2020,MO,1514,01,OCEAN TWP PD (MONMOUTH),ZONE 53,0,0,0,0,P,B,N,N,01,2,MONMOUTH COUNTY 15,N,15,,13000015__,3.12,05,,01,04,02,01,01,01,05,01,50,FE,S,PARK AVE,,,,35,35,26,40.270970,74.015870,N,,37246
2020133720OT15135,MONMOUTH,OCEAN TWP,07/20/2020,MO,1803,01,OCEAN TWP PD (MONMOUTH),ZONE 54,0,1,0,0,I,I,N,N,03,2,BOWNE RD,W,,,13341420__,.92,07,,03,04,02,01,01,01,05,01,,AT,,COLD INDIAN SPRINGS RD,,,,35,40,26,40.241180,74.066870,N,,37285
2020133720OT15185,MONMOUTH,OCEAN TWP,07/21/2020,TU,1502,01,OCEAN TWP PD (MONMOUTH),54 ZONE,0,0,0,0,P,B,N,N,01,2,DEAL RD,E,,,13371368__,1.43,07,,01,04,02,01,01,01,05,01,25,FE,W,NJ 35,,,,45,50,26,40.251860,74.039410,N,,37266
2020133720OT15187,MONMOUTH,OCEAN TWP,07/21/2020,TU,1559,01,OCEAN TWP PD (MONMOUTH),ZONE 52,0,0,0,0,P,I,N,N,03,2,CAROL AVE **,W,,,13371167__,.33,07,,01,04,02,01,01,01,05,01,,AT,,OAKHURST PKWY / WAVERLY ST,,,,25,25,26,40.263680,74.035440,N,,37293
2020133720OT15195,MONMOUTH,OCEAN TWP,07/21/2020,TU,1732,01,OCEAN TWP PD (MONMOUTH),52,0,2,0,0,I,I,N,N,03,2,BERKLEY AVE **,W,,,13371035__,.33,07,,01,04,02,01,01,01,05,01,,AT,,ROSELD AVE,,,,25,25,26,40.244170,74.029600,N,,37246
2020133720OT15206,MONMOUTH,OCEAN TWP,07/21/2020,TU,1842,01,OCEAN TWP PD (MONMOUTH),53,0,1,0,0,I,B,N,N,14,1,NJ 71,S,71,,00000071__,12.27,02,,01,04,02,01,01,01,05,01,500,FE,N,PARK AVE,,,,35,35,21,40.272290,74.002500,N,,37289
2020133720OT15267,MONMOUTH,OCEAN TWP,07/22/2020,WE,1319,01,OCEAN TWP PD (MONMOUTH),ZONE 51,0,0,0,0,P,B,N,N,02,2,MONMOUTH COUNTY 14,E,14,,13000014__,1.63,05,,01,04,02,01,01,01,04,01,150,FE,W,KINGS HWY,,,,45,35,26,40.264590,74.041920,N,,37259
2020133720OT15277,MONMOUTH,OCEAN TWP,07/22/2020,WE,1437,01,OCEAN TWP PD (MONMOUTH),ZONE 55,0,0,0,0,P,B,N,N,11,1,RIDGE AVE / WICKAPECKO DR,S,,,13371419__,1.22,07,,01,04,02,01,01,01,05,01,15,FE,N,APPLEBY DR / S WANAMASSA DR,,,,35,25,52,40.225680,74.027360,N,GUIDE WIRE SUPPORT LINE  UTILITY POLE BT1748OT  FIRE HYDRANT,37255
2020133720OT15296,MONMOUTH,OCEAN TWP,07/22/2020,WE,1756,01,OCEAN TWP PD (MONMOUTH),54,0,0,0,0,P,B,N,N,02,2,DEAL RD,E,,,13371368__,1.41,07,,01,04,02,02,01,02,05,01,100,FE,W,NJ 35,,,,40,50,26,40.251860,74.039410,N,,37241
2020133720OT15368,MONMOUTH,OCEAN TWP,07/24/2020,FR,0727,01,OCEAN TWP PD (MONMOUTH),ZONE 53,0,0,0,0,P,I,N,N,07,2,MONMOUTH COUNTY 15,N,15,,13000015__,1.88,05,,01,04,02,01,01,01,05,01,,AT,,PARKER AVE,,,,40,25,26,,,N,,37259
2020133720OT15432,MONMOUTH,OCEAN TWP,07/24/2020,FR,1229,01,OCEAN TWP PD (MONMOUTH),51 ZONE,0,0,0,0,P,B,N,N,01,3,MONMOUTH COUNTY 14,E,14,,13000014__,1.46,05,,01,04,02,02,01,02,05,01,20,FE,E,CINDY LN,,,,40,25,26,40.263220,74.046670,N,,
2020133720OT15437,MONMOUTH,OCEAN TWP,07/24/2020,FR,1313,01,OCEAN TWP PD (MONMOUTH),ZONE 52,0,1,0,0,I,B,N,N,01,2,DEAL RD,E,,,13371368__,.56,07,,01,04,02,02,01,02,05,01,25,FE,W,WHALEPOND RD,,,,40,40,26,40.247850,74.055050,N,,37285
2020133720OT15452,MONMOUTH,OCEAN TWP,07/24/2020,FR,1653,01,OCEAN TWP PD (MONMOUTH),ZONE 52,0,0,0,0,P,B,N,N,03,2,DEAL RD,W,,,13371368__,1.44,07,,01,04,02,01,01,01,05,01,50,FE,E,NJ 35,,,,35,50,26,40.247850,74.055050,N,,37280
2020133720OT15653,MONMOUTH,OCEAN TWP,07/27/2020,MO,1039,01,OCEAN TWP PD (MONMOUTH),ZONE 54,0,1,0,0,I,I,N,N,09,2,NJ 35,S,35,,00000035__,25.10,02,,01,04,02,01,01,01,01,01,,AT,,EAST MALL DR,,,,50,25,26,,,N,GUARD RAIL MEDIAN - SR35 / E MALL DR,37259
2020133720OT15661,MONMOUTH,OCEAN TWP,07/27/2020,MO,1038,01,OCEAN TWP PD (MONMOUTH),ZONE 51,0,2,0,0,I,B,N,N,01,2,GREEN GROVE RD / HOPE RD,N,,,13341417__,3.76,07,,01,04,02,01,01,01,05,01,5,FE,S,WEST PARK AVE,,,,40,45,26,40.259260,74.073500,N,,37309
2020133720OT15677,MONMOUTH,OCEAN TWP,07/27/2020,MO,1550,01,OCEAN TWP PD (MONMOUTH),53,0,0,0,0,P,B,N,N,01,3,MONMOUTH COUNTY 15,S,15,,13000015__,3.31,05,,01,04,02,01,01,01,05,01,50,FE,N,BROWN PL,,,,35,25,26,40.272050,74.016160,N,,
2020133720OT15681,MONMOUTH,OCEAN TWP,07/27/2020,MO,1731,01,OCEAN TWP PD (MONMOUTH),55,0,0,0,0,P,B,N,N,06,2,DARLENE AVE **,E,,,13371206__,.48,07,,01,04,02,01,01,01,00,01,300,FE,E,LOGAN RD,,,,25,35,28,40.240310,74.029590,N,,37248
2020133720OT15732,MONMOUTH,OCEAN TWP,07/28/2020,TU,0823,01,OCEAN TWP PD (MONMOUTH),53,0,1,0,1,I,B,N,N,13,1,NJ 71,S,71,,00000071__,11.29,02,,01,04,02,01,01,01,02,01,150,FE,N,WEST MORGAN AVE,,,,35,25,22,40.257180,74.000390,N,,37274
2020133720OT15750,MONMOUTH,OCEAN TWP,07/28/2020,TU,1154,01,OCEAN TWP PD (MONMOUTH),ZONE 52,0,0,0,0,P,B,N,N,08,2,VANNOTE PKWY **,E,,,13371179__,.06,07,,01,04,02,01,01,01,05,01,75,FE,E,VERNON ST,,,,25,25,28,40.265830,74.034980,N,,37259
2020133720OT15782,MONMOUTH,OCEAN TWP,07/28/2020,TU,1718,01,OCEAN TWP PD (MONMOUTH),54,0,0,0,0,P,I,N,N,11,1,BOWNE RD,N,,,13341420__,.20,07,,01,04,02,01,01,01,05,01,,AT,,WILLIAM LN,,,,40,25,69,40.232830,74.062530,N,TELEPHONE WIRE RIPPED BETWEEN TWO POLES (BT29OT & BT32OT),37270
2020133720OT15789,MONMOUTH,OCEAN TWP,07/28/2020,TU,1931,01,OCEAN TWP PD (MONMOUTH),52,0,0,0,0,P,B,N,N,07,2,DEAL RD,W,,,13371368__,1.44,07,,01,04,02,01,03,01,05,01,50,FE,E,NJ 35,,,,40,50,26,,,N,,37309
2020133720OT15818,MONMOUTH,OCEAN TWP,07/29/2020,WE,0945,01,OCEAN TWP PD (MONMOUTH),ZONE 52,0,0,0,0,P,B,N,N,01,2,MONMOUTH COUNTY 14,W,14,,13000014__,1.79,05,,01,04,02,01,01,01,05,01,300,FE,E,NJ 35,,,,40,50,26,40.264660,74.041930,N,,37259
2020133720OT15821,MONMOUTH,OCEAN TWP,07/29/2020,WE,1032,01,OCEAN TWP PD (MONMOUTH),ZONE 54,0,0,0,0,P,B,N,N,05,2,7 CENTRE ST,W,,,,,09,,01,04,02,01,01,01,05,01,,,,,,,,15,,26,40.232560,74.058510,N,,37259
2020133720OT15844,MONMOUTH,OCEAN TWP,07/29/2020,WE,1748,01,OCEAN TWP PD (MONMOUTH),ZONE 54,0,0,0,0,P,I,N,N,03,2,MONMOUTH COUNTY 16,W,16,,13000016__,3.52,05,,01,04,02,01,01,01,02,01,,AT,,BOWNE RD,,,,40,40,26,,,N,,37304
2020133720OT15846,MONMOUTH,OCEAN TWP,07/29/2020,WE,1848,01,OCEAN TWP PD (MONMOUTH),ZONE 52,0,0,0,0,P,B,N,N,02,2,MONMOUTH COUNTY 14,W,14,,13000014__,1.74,05,,01,04,02,01,01,01,05,01,75,FE,E,NJ 35,,,,40,50,26,,,N,,37304
2020133720OT15945,MONMOUTH,OCEAN TWP,07/31/2020,FR,0223,01,OCEAN TWP PD (MONMOUTH),ZONE 53,0,0,0,0,P,B,N,N,06,2,BARBARA LN / PHOENIX PKWY **,E,,,13371099__,.20,07,,03,04,02,02,06,02,05,01,1056,FE,E,WHALEPOND DR,,,,25,40,28,40.268550,74.024010,N,,37303
2020133720OT15972,MONMOUTH,OCEAN TWP,07/31/2020,FR,1226,01,OCEAN TWP PD (MONMOUTH),ZONE 51,0,0,0,0,P,I,N,N,01,2,COLT RD,N,,,,,07,,01,04,02,02,01,02,02,01,,AT,S,CR 14,,,,25,40,26,40.263870,74.044280,N,,37309
2020133720OT15973,MONMOUTH,OCEAN TWP,07/31/2020,FR,1239,01,OCEAN TWP PD (MONMOUTH),ZONE 55,0,1,0,0,I,B,N,N,01,2,SUNSET AVE,E,,,13031365__,1.50,07,,01,04,02,02,01,02,05,01,75,FE,W,WICKAPECKO DR,,,,35,35,26,40.231800,74.025500,N,,37259
2020133720OT15977,MONMOUTH,OCEAN TWP,07/31/2020,FR,1245,01,OCEAN TWP PD (MONMOUTH),53,0,0,0,0,P,B,N,N,01,2,MONMOUTH COUNTY 15,N,15,,13000015__,2.45,05,,01,04,02,01,01,01,05,01,150,FE,S,ROOSEVELT AVE,,,,35,35,26,40.259220,74.010720,N,,37274
2020133720OT15985,MONMOUTH,OCEAN TWP,07/31/2020,FR,1448,01,OCEAN TWP PD (MONMOUTH),55,0,0,0,0,P,I,N,N,03,2,MONMOUTH COUNTY 15,S,15,,13000015__,.94,05,,01,04,02,01,01,05,05,01,,AT,,NJ 31 / CORLIESS AVE,,,,40,40,26,40.238760,74.013810,N,,37248
2020133720OT15990,MONMOUTH,OCEAN TWP,07/31/2020,FR,1504,01,OCEAN TWP PD (MONMOUTH),ZONE 54,0,0,0,0,P,B,N,N,02,2,DEAL RD,W,,,13371368__,1.43,07,,01,04,02,01,01,05,05,01,25,FE,W,NJ 35,,,,45,50,26,,,N,,37307
2020133720OT16055,MONMOUTH,OCEAN TWP,08/01/2020,SA,0152,01,OCEAN TWP PD (MONMOUTH),ZONE 54,0,0,0,0,P,B,N,N,01,2,NJ 35,S,35,,00000035__,24.90,02,,02,04,02,01,06,01,02,01,,,,,,,,50,,26,40.225800,74.038820,N,,37298
2020133720OT16074,MONMOUTH,OCEAN TWP,08/01/2020,SA,1025,01,OCEAN TWP PD (MONMOUTH),53,0,0,0,0,P,B,N,N,01,2,MONMOUTH COUNTY 15,N,15,,13000015__,3.23,05,,01,04,02,01,01,01,05,01,25,FE,S,W PARK AVE,,,,35,35,26,40.270970,74.015870,N,,37270
2020133720OT16150,MONMOUTH,OCEAN TWP,08/02/2020,SU,1203,01,OCEAN TWP PD (MONMOUTH),53,0,0,0,0,P,B,N,N,06,2,LAKE AVE **,W,,,13371059__,.17,07,,01,04,02,01,01,01,05,01,20,FE,W,WOODROW ST,,,,25,,28,40.273200,74.019870,N,,37248
2020133720OT16164,MONMOUTH,OCEAN TWP,08/02/2020,SU,1810,01,OCEAN TWP PD (MONMOUTH),ZONE 53,0,0,0,0,P,B,N,N,06,2,NJ 71,S,71,,00000071__,11.41,02,,01,04,02,01,01,01,02,01,50,FE,N,ROOSEVELT AVE,,,,35,25,28,40.259600,74.000100,N,,37306
2020133720OT16168,MONMOUTH,OCEAN TWP,08/02/2020,SU,1844,01,OCEAN TWP PD (MONMOUTH),55 ZONE,0,0,0,0,P,B,N,N,01,2,NJ 35,S,35,,00000035__,24.90,02,,02,04,02,01,01,01,02,01,,,,,,,,50,,26,40.226790,74.039410,N,,37295
2020133720OT16219,MONMOUTH,OCEAN TWP,08/03/2020,MO,1232,01,OCEAN TWP PD (MONMOUTH),ZONE 53,0,1,0,0,I,I,N,N,14,1,NJ 71,S,71,,00000071__,11.72,02,,01,04,02,01,01,01,05,01,,AT,,SOUTH LINCOLN AVE,,,,35,25,21,,,N,,37259
2020133720OT16229,MONMOUTH,OCEAN TWP,08/03/2020,MO,1301,01,OCEAN TWP PD (MONMOUTH),55,0,1,0,0,I,B,N,N,14,1,NJ 35,,35,,00000035__,,02,,02,04,02,01,01,01,02,01,,,,,,,,50,,21,40.227480,74.038140,N,MINOR DAMAGE TO BICYCLE,37308
2020133720OT16235,MONMOUTH,OCEAN TWP,08/03/2020,MO,1331,01,OCEAN TWP PD (MONMOUTH),ZONE 54,0,0,0,0,P,B,N,N,01,2,NJ 18,N,18,,00000018__,11.37,02,,03,04,02,01,01,01,03,01,15,FE,S,,T,DEAL RD,EB,65,,26,40.250050,74.056630,N,,37309
2020133720OT16316,MONMOUTH,OCEAN TWP,08/04/2020,TU,1152,01,OCEAN TWP PD (MONMOUTH),ZONE,0,1,0,0,I,B,N,N,11,1,DWIGHT DR **,E,,,13371034__,.00,07,,01,04,02,02,01,10,05,01,25,FE,W,STEVEN RD,,,,25,25,60,40.253000,74.020190,N,,37306
2020133720OT16438,MONMOUTH,OCEAN TWP,08/04/2020,TU,1433,01,OCEAN TWP PD (MONMOUTH),ZONE 54,0,1,0,0,I,B,N,N,01,2,NJ 35,S,35,,00000035__,24.90,02,,02,04,02,02,01,02,02,01,,,,,,,,50,,26,40.225800,74.038820,N,,37285
2020133720OT16459,MONMOUTH,OCEAN TWP,08/04/2020,TU,1523,01,OCEAN TWP PD (MONMOUTH),ZONE 55,0,0,0,0,P,B,N,N,15,1,MONMOUTH COUNTY 15,S,15,,13000015__,1.17,05,,01,04,02,02,01,10,05,01,250,FE,N,JODA RD,,,,40,25,39,40.241290,74.013820,N,,37274
2020133720OT16463,MONMOUTH,OCEAN TWP,08/04/2020,TU,1530,01,OCEAN TWP PD (MONMOUTH),54 ZONE,0,0,0,0,P,B,N,N,02,2,NJ 35,S,35,,00000035__,26.09,02,,01,04,02,01,01,10,01,01,250,FE,N,ALLAIRE AVE,,,,50,35,26,40.245000,74.038020,N,,37293
2020133720OT16504,MONMOUTH,OCEAN TWP,08/04/2020,TU,1734,01,OCEAN TWP PD (MONMOUTH),52 ZONE,0,0,0,0,P,I,N,N,03,2,MONMOUTH COUNTY 14,W,14,,13000014__,2.37,05,,01,04,02,01,01,01,05,01,,AT,,BRANCH RD,,,,40,25,26,40.268280,74.030900,N,,37266
2020133720OT16615,MONMOUTH,OCEAN TWP,08/05/2020,WE,1241,01,OCEAN TWP PD (MONMOUTH),ZONE 53,0,0,0,0,P,B,N,N,01,2,DEAL RD,W,,,13371368__,.00,07,,01,04,02,01,01,01,05,01,20,FE,W,CR 15 / MONMOUTH RD,,,,40,40,26,,,N,,37307
2020133720OT16627,MONMOUTH,OCEAN TWP,08/05/2020,WE,1627,01,OCEAN TWP PD (MONMOUTH),53,0,0,0,0,P,B,N,N,08,2,GOLF RD **,E,,,13371014__,.00,07,,01,04,02,01,01,01,05,01,100,FE,S,SHERMAN AVE,,,,25,25,28,,,N,,37270
2020133720OT16629,MONMOUTH,OCEAN TWP,08/05/2020,WE,1458,01,OCEAN TWP PD (MONMOUTH),ZONE 51,0,0,0,0,P,B,N,N,01,2,MONMOUTH COUNTY 14,E,14,,13000014__,1.32,05,,01,04,02,01,01,01,05,01,100,FE,W,PROVIDENT CT,,,,40,25,26,,,N,,37307
2020133720OT16644,MONMOUTH,OCEAN TWP,08/05/2020,WE,1620,01,OCEAN TWP PD (MONMOUTH),51,0,0,0,0,P,B,N,N,01,2,MONMOUTH COUNTY 14,E,14,,13000014__,1.67,05,,01,04,02,01,01,01,05,01,300,FE,W,NJ 35,,,,40,50,26,40.264540,74.042060,N,,37241
2020133720OT16743,MONMOUTH,OCEAN TWP,08/06/2020,TH,1402,01,OCEAN TWP PD (MONMOUTH),ZONE 54,0,0,0,0,P,B,N,N,03,2,DEAL RD,E,,,13371368__,1.32,07,,01,04,02,01,01,01,05,01,600,FE,W,NJ 35,,,,45,50,26,40.248600,74.071440,N,,37309
2020133720OT16750,MONMOUTH,OCEAN TWP,08/06/2020,TH,1523,01,OCEAN TWP PD (MONMOUTH),ZONE 52,0,0,0,0,P,B,N,N,01,2,NJ 35,N,35,,00000035__,27.50,02,,03,04,02,01,01,01,02,01,200,FE,,,T,CR 14,WB,50,,26,40.264660,74.041930,N,,37274
2020133720OT16754,MONMOUTH,OCEAN TWP,08/06/2020,TH,1549,01,OCEAN TWP PD (MONMOUTH),55,0,0,0,0,P,B,N,N,02,2,NJ 35,S,35,,00000035__,24.90,02,,02,04,02,01,01,01,02,01,,,,,,,,35,,26,40.228910,74.041230,N,,37270
2020133720OT16812,MONMOUTH,OCEAN TWP,08/07/2020,FR,0841,01,OCEAN TWP PD (MONMOUTH),51,0,1,0,0,I,B,N,N,11,1,NJ 35,S,35,,00000035__,27.41,02,,01,04,02,02,01,02,01,01,300,FE,S,WEST PARK AVE,,,,50,40,56,40.264620,74.042060,N,DAMAGE TO A TREE,37308
2020133720OT16832,MONMOUTH,OCEAN TWP,08/07/2020,FR,1137,01,OCEAN TWP PD (MONMOUTH),51 ZONE,0,0,0,0,P,B,N,N,01,2,ALDRIN AVE / COLLINS AVE / KINGS HWY **,S,,,13371187__,.00,07,,01,04,02,02,01,01,05,01,3,FE,N,WEST PARK AVE,,,,35,40,26,40.264200,74.043430,N,,37266
2020133720OT16896,MONMOUTH,OCEAN TWP,08/07/2020,FR,2308,01,OCEAN TWP PD (MONMOUTH),ZONE 52,0,0,0,0,P,B,N,N,02,2,NJ 35,N,35,,00000035__,26.03,02,,01,04,02,02,06,05,01,01,50,FE,S,ALLAIRE AVE,,,,50,25,26,40.253200,74.039680,N,,37255
2020133720OT16927,MONMOUTH,OCEAN TWP,08/08/2020,SA,1221,01,OCEAN TWP PD (MONMOUTH),ZONE 54,0,0,0,0,P,B,N,N,11,1,NJ 66,W,66,,00000066__,3.00,02,,03,04,02,01,01,01,02,01,,,,,T,NJ 18,SB,50,,46,40.243280,74.053790,Y,SCRAPING ON GUARD RAIL,37293
2020133720OT16945,MONMOUTH,OCEAN TWP,08/08/2020,SA,1518,01,OCEAN TWP PD (MONMOUTH),ZONE 54,0,0,0,0,P,B,N,N,02,2,MONMOUTH COUNTY 16,W,16,,13000016__,2.61,05,,01,04,02,01,01,01,04,01,30,FE,E,GREEN GROVE RD,,,,50,40,26,,,N,SCRATCH AND TIRE SCUFF ON CURB AT THE ENTRANCE TO 2901 ASBURY AVE.,37307
2020133720OT17021,MONMOUTH,OCEAN TWP,08/09/2020,SU,1141,01,OCEAN TWP PD (MONMOUTH),53,0,0,0,0,P,B,N,N,03,2,MONMOUTH COUNTY 15,N,15,,13000015__,3.23,05,,01,04,02,01,01,01,05,01,20,FE,S,W PARK AVE,,,,35,35,26,40.270430,74.015670,N,,37248
2020133720OT17046,MONMOUTH,OCEAN TWP,08/09/2020,SU,1548,01,OCEAN TWP PD (MONMOUTH),ZONE 54,0,1,0,0,I,B,N,N,01,3,NJ 35,S,35,,00000035__,26.12,02,,01,04,02,01,01,01,01,01,400,FE,N,ALLAIRE AVE,,,,50,35,26,40.246140,74.038480,N,,
2020133720OT17065,MONMOUTH,OCEAN TWP,08/09/2020,SU,2043,01,OCEAN TWP PD (MONMOUTH),55,0,0,0,0,P,B,N,N,12,1,OVERBROOK AVE **,N,,,13371127__,.15,07,,01,04,02,01,06,01,05,01,20,FE,S,CR 16 / ASBURY AVE,,,,35,25,24,40.225350,74.035080,N,,37289
2020133720OT17068,MONMOUTH,OCEAN TWP,08/09/2020,SU,2147,01,OCEAN TWP PD (MONMOUTH),ZONE 54,0,1,0,0,I,B,N,N,01,2,NJ 35,S,35,,00000035__,26.07,02,,01,04,02,01,07,01,01,01,150,FE,N,ALLAIRE AVE,,,,50,35,26,40.243050,74.032780,N,,37292
2020133720OT17091,MONMOUTH,OCEAN TWP,08/10/2020,MO,0925,01,OCEAN TWP PD (MONMOUTH),ZONE 52,0,0,0,0,P,B,N,N,03,2,DEAL RD,W,,,13371368__,1.52,07,,01,04,02,01,01,01,05,01,500,FE,E,NJ 35,,,,40,50,26,,,N,,37263
2020133720OT17102,MONMOUTH,OCEAN TWP,08/10/2020,MO,1046,01,OCEAN TWP PD (MONMOUTH),ZONE 54,0,0,0,0,P,B,N,N,01,2,FAITH DR / POPLAR RD / ROLLER RD,N,,,13371194__,.00,07,,01,04,02,01,01,01,05,01,10,FE,S,WEST PARK AVE,,,,35,40,26,40.262210,74.050760,N,,37274
2020133720OT17109,MONMOUTH,OCEAN TWP,08/10/2020,MO,1248,01,OCEAN TWP PD (MONMOUTH),ZONE 52,0,0,0,0,P,B,N,N,11,1,NJ 35,N,35,,00000035__,27.70,02,,01,04,02,01,01,01,01,01,2640,FE,S,INDUSTIAL WAY,,,,50,35,60,40.271650,74.043430,N,,37282
2020133720OT17214,MONMOUTH,OCEAN TWP,08/11/2020,TU,1428,01,OCEAN TWP PD (MONMOUTH),54,0,0,0,0,P,I,N,N,01,2,NJ 18,N,18,,00000018__,11.37,02,,03,04,02,01,01,05,05,01,,AT,,,T,DEAL RD,EB,65,,26,40.250020,74.056620,N,,37270
2020133720OT17230,MONMOUTH,OCEAN TWP,08/11/2020,TU,1724,01,OCEAN TWP PD (MONMOUTH),ZONE 51,0,0,0,0,P,B,N,N,02,2,NJ 35,S,35,,00000035__,26.61,02,,01,06,02,01,01,01,01,01,150,FE,N,DEAL RD,,,,50,40,26,40.275000,74.044350,N,,37255
2020133720OT17239,MONMOUTH,OCEAN TWP,08/11/2020,TU,2008,01,OCEAN TWP PD (MONMOUTH),ZONE 54,0,0,0,0,P,B,N,N,01,2,NJ 35,S,35,,00000035__,24.86,02,,02,04,02,01,06,01,03,01,,,,NJ 66,,,,50,,26,40.226790,74.039410,N,,37297
2020133720OT17303,MONMOUTH,OCEAN TWP,08/12/2020,WE,1530,01,OCEAN TWP PD (MONMOUTH),ZONE 55,0,0,0,0,P,B,N,N,01,2,RIDGE AVE / WICKAPECKO DR,N,,,13371419__,1.08,07,,01,04,02,01,01,01,05,01,10,FE,S,CR 40 / SUNSET AVE,,,,35,35,26,40.231950,74.025070,N,,37285