Year(4)-CountyCode(2)-MunicipalityCode(2)-CaseNumber(9),County Name,Municipality Name,Crash Date,Crash Day of Week,Crash Time,Police Department Code,Police Department,Police Station,Total Killed,Total Injured,Pedestrians Killed,Pedestrians Injured,Severity,Intersection,Alcohol Involved,Hazmat Involved,Crash Type,Total Vehicles,Location,Location Direction,Route,Route Suffix,Std Rte Identifier,MilePost,Road System,Road Character,Road Horizontal Alignment,Road Grade,Road Surface Type,Surface Condition,Light Condition,Environmental Condition,Road Divided By,Temporary Traffic Control Zone,Distance To Cross Street,Unit Of Measurement,Direction From Cross Street,Cross Street Name,Is Ramp,Ramp To/From Route Name,Ramp To/From Route Direction,Posted Speed,Posted Speed Cross Street,First Harmful Event,Latitude,Longitude,Cell Phone In Use Flag,Other Property Damage,Reporting Badge No.
2020133720OT17390,MONMOUTH,OCEAN TWP,08/13/2020,TH,1253,01,OCEAN TWP PD (MONMOUTH),ZONE 53,0,1,0,0,I,I,N,N,03,2,NJ 71,S,71,,00000071__,11.72,02,,01,04,02,02,01,02,05,01,,AT,,SOUTH LINCOLN AVE,,,,35,35,26,40.259590,74.000070,N,,37274
2020133720OT17400,MONMOUTH,OCEAN TWP,08/13/2020,TH,1438,01,OCEAN TWP PD (MONMOUTH),ZONE 54,0,0,0,0,P,B,N,N,01,2,NJ 66,W,66,,00000066__,2.80,02,,01,04,02,02,01,02,03,01,20,FE,E,CEDAR VILLAGE BLVD,,,,50,25,26,40.229540,74.054800,N,,37285
2020133720OT17480,MONMOUTH,OCEAN TWP,08/14/2020,FR,1634,01,OCEAN TWP PD (MONMOUTH),ZONE 55,0,0,0,0,P,B,N,N,08,2,ALLAN ST **,N,,,13371211__,.16,07,,01,04,02,01,01,01,05,01,40,FE,N,CR 40 / SUNSET AVE,,,,25,35,26,,,N,,37259
2020133720OT17500,MONMOUTH,OCEAN TWP,08/14/2020,FR,1849,01,OCEAN TWP PD (MONMOUTH),ZONE 54,0,0,0,0,P,B,N,N,03,2,SUNSET AVE,W,,,13371213__,.08,07,,01,04,02,01,01,01,05,01,400,FE,W,NJ 35,,,,35,50,26,40.235710,74.037980,N,,37299
2020133720OT17553,MONMOUTH,OCEAN TWP,08/15/2020,SA,1432,01,OCEAN TWP PD (MONMOUTH),ZONE 54,0,0,0,0,P,B,N,N,01,2,NJ 35,S,35,,00000035__,26.10,02,,01,04,02,01,01,05,01,01,25,FE,N,BLOOMFIELD AVE,,,,50,25,26,,,N,,37307
2020133720OT17635,MONMOUTH,OCEAN TWP,08/16/2020,SU,1502,01,OCEAN TWP PD (MONMOUTH),ZONE 54,0,0,0,0,P,B,N,N,11,1,NJ 66,W,66,,00000066__,3.00,02,,03,06,02,02,01,05,02,01,400,FE,,,T,NJ 18,SB,50,,56,,,N,SCRATCH/TIRE MARKS ON CURB,37307
2020133720OT17640,MONMOUTH,OCEAN TWP,08/16/2020,SU,1523,01,OCEAN TWP PD (MONMOUTH),ZONE 52,0,0,0,0,P,B,N,N,01,2,DEAL RD,E,,,13371368__,1.20,07,,01,04,02,02,01,02,04,01,25,FE,W,LOGAN RD,,,,40,35,26,40.252120,74.035070,N,,37306
2020133720OT17647,MONMOUTH,OCEAN TWP,08/16/2020,SU,1703,01,OCEAN TWP PD (MONMOUTH),ZONE 55,0,0,0,0,P,B,N,N,11,1,NJ 35,,35,,00000035__,24.90,02,,01,04,02,02,01,02,02,01,,,,,,,,50,,56,,,N,LIGHT POLE #A28-4,37307
2020133720OT17648,MONMOUTH,OCEAN TWP,08/16/2020,SU,1711,01,OCEAN TWP PD (MONMOUTH),53,0,0,0,0,P,B,N,N,11,1,MONMOUTH COUNTY 15,N,15,,13000015__,2.92,05,,01,04,02,02,01,01,05,01,15,FE,S,S LINCOLN AVE,,,,35,35,62,40.266570,74.014640,N,FIRE HYDRANT AT THE INTERSECTION OF MONMOUTH RD/S LINCOLN AVE,37270
2020133720OT17699,MONMOUTH,OCEAN TWP,08/17/2020,MO,1537,01,OCEAN TWP PD (MONMOUTH),ZONE 55,0,0,0,0,P,B,N,N,01,2,NJ 35,S,35,,00000035__,24.90,02,,02,04,02,01,01,01,02,01,,,,,,,,50,,26,40.230180,74.038830,N,,37285
2020133720OT17755,MONMOUTH,OCEAN TWP,08/18/2020,TU,1056,01,OCEAN TWP PD (MONMOUTH),ZONE 53,0,1,0,0,I,B,N,N,14,1,MONMOUTH COUNTY 15,N,15,,13000015__,2.43,05,,01,04,02,01,01,01,05,01,264,FE,S,ROOSEVELT AVE,,,,35,35,21,,,N,BICYCLE (B1),37277
2020133720OT17759,MONMOUTH,OCEAN TWP,08/18/2020,TU,1112,01,OCEAN TWP PD (MONMOUTH),ZONE 51,0,0,0,0,P,B,N,N,01,2,CINDY LN **,S,,,13371188__,.25,07,,01,04,02,01,01,01,05,01,150,FE,N,WEST PARK LN,,,,35,40,26,40.264490,74.046110,N,,37293
2020133720OT17777,MONMOUTH,OCEAN TWP,08/18/2020,TU,1452,01,OCEAN TWP PD (MONMOUTH),ZONE 54,0,0,0,0,P,B,N,N,02,2,NJ 66,W,66,,00000066__,2.53,02,,01,04,02,01,01,01,03,01,100,FE,E,CR 16 / ASBURY AVE / PARK RD,,,,50,45,26,40.230240,74.060580,N,,37306
2020133720OT17788,MONMOUTH,OCEAN TWP,08/18/2020,TU,1644,01,OCEAN TWP PD (MONMOUTH),ZONE 54,0,0,0,0,P,B,N,N,01,2,NJ 66,W,66,,00000066__,3.38,02,,01,04,02,01,01,01,03,01,40,FE,W,S RING ROAD,,,,50,25,26,40.227250,74.043360,N,,37293
2020133720OT17791,MONMOUTH,OCEAN TWP,08/18/2020,TU,1715,01,OCEAN TWP PD (MONMOUTH),ZONE 54,0,1,0,0,I,B,N,N,11,1,COLD INDIAN SPRINGS RD,W,,,,,07,,02,06,02,01,01,01,05,01,200,FE,E,WAYCAKE DR,,,,40,25,56,40.244120,74.062730,N,POLE #BT40138OT SNAPPED IN HALF/GUIDE WIRES TO 70 COLD INDIAN SPRING RD.,37306
2020133720OT17796,MONMOUTH,OCEAN TWP,08/18/2020,TU,1801,01,OCEAN TWP PD (MONMOUTH),53,0,0,0,0,P,B,N,N,06,2,ROOSEVELT AVE,W,,,13371371__,.11,07,,01,04,02,01,01,01,05,01,25,FE,W,LEWIS ST,,,,35,25,28,40.260730,74.010340,N,,37246
2020133720OT17803,MONMOUTH,OCEAN TWP,08/18/2020,TU,1946,01,OCEAN TWP PD (MONMOUTH),55,0,0,0,0,P,B,N,N,01,3,MONMOUTH COUNTY 40,E,40,,13000040__,.70,07,,01,04,02,01,01,01,05,01,25,FE,W,WICKAPECKO DR,,,,35,35,26,40.231800,74.025500,N,,37289
2020133720OT17810,MONMOUTH,OCEAN TWP,08/18/2020,TU,2022,01,OCEAN TWP PD (MONMOUTH),ZONE 42,0,0,0,0,P,B,N,N,06,2,VERNON ST **,N,,,13371174__,.20,07,,01,04,02,01,06,01,05,01,50,FE,S,CAROL AVE,,,,25,25,28,,,N,,37304
2020133720OT17833,MONMOUTH,OCEAN TWP,08/19/2020,WE,0812,01,OCEAN TWP PD (MONMOUTH),ZONE 51,0,1,0,0,I,B,N,N,01,2,COLT ROAD,N,,,,,07,,01,04,02,01,01,05,04,01,15,FE,S,WEST PARK AVENUE,,,,25,40,26,40.263710,74.043330,N,,37263
2020133720OT17911,MONMOUTH,OCEAN TWP,08/20/2020,TH,0754,01,OCEAN TWP PD (MONMOUTH),54,0,0,0,0,P,B,N,N,07,2,DEAL RD,W,,,13371368__,1.37,07,,01,04,02,01,01,01,04,01,300,FE,W,NJ 35,,,,45,50,26,40.250200,74.040560,N,,37227
2020133720OT17934,MONMOUTH,OCEAN TWP,08/20/2020,TH,1045,01,OCEAN TWP PD (MONMOUTH),52,0,0,0,0,P,B,N,N,01,2,DEAL RD,W,,,13371368__,1.44,07,,01,04,02,01,01,01,05,01,50,FE,E,NJ 35,,,,40,50,26,40.247850,74.055050,N,,37241
2020133720OT17952,MONMOUTH,OCEAN TWP,08/20/2020,TH,1411,01,OCEAN TWP PD (MONMOUTH),ZONE 53,0,0,0,0,P,I,N,N,03,2,MONMOUTH COUNTY 15,S,15,,13000015__,3.13,05,,01,04,02,01,01,01,05,01,,AT,,PARK AVE,,,,35,35,26,40.268710,74.015230,N,,37282
2020133720OT17968,MONMOUTH,OCEAN TWP,08/20/2020,TH,1807,01,OCEAN TWP PD (MONMOUTH),54 ZONE,0,0,0,0,P,B,N,N,02,2,NJ 35,S,35,,00000035__,26.11,02,,01,04,02,01,01,01,01,01,50,FE,N,BLOOMFIELD AVE,,,,50,25,26,40.245000,74.038020,N,,37295
2020133720OT18002,MONMOUTH,OCEAN TWP,08/21/2020,FR,0735,01,OCEAN TWP PD (MONMOUTH),ZONE 51,0,0,0,0,P,I,N,N,12,1,FAITH DR / POPLAR RD / ROLLER RD,S,,,13371194__,.50,07,,01,04,02,01,01,01,05,01,,AT,,DAVID ST,,,,40,25,24,40.254280,74.051100,N,,37290
2020133720OT18040,MONMOUTH,OCEAN TWP,08/21/2020,FR,1657,01,OCEAN TWP PD (MONMOUTH),53,0,1,0,0,I,I,N,N,14,1,JEROME AVE **,W,,,13371140__,.32,07,,01,04,02,01,01,01,05,01,,AT,,WILSON AVE,,,,25,25,21,40.261550,74.002880,N,,37246
2020133720OT18120,MONMOUTH,OCEAN TWP,08/22/2020,SA,1926,01,OCEAN TWP PD (MONMOUTH),ZONE 42,0,1,0,0,I,I,N,N,14,1,WHALEPOND RD,S,,,13371369__,.48,07,,01,04,02,01,01,01,05,01,,AT,,FREEHOLD ST,,,,35,25,21,,,N,,37304
2020133720OT18168,MONMOUTH,OCEAN TWP,08/23/2020,SU,0236,01,OCEAN TWP PD (MONMOUTH),ZONE 42,0,0,0,0,P,B,N,N,01,2,DEAL RD,E,,,13371368__,.57,07,,01,04,02,01,07,01,05,01,50,FE,E,WHALEPOND RD,,,,40,40,26,,,N,,37304
2020133720OT18184,MONMOUTH,OCEAN TWP,08/23/2020,SU,1028,01,OCEAN TWP PD (MONMOUTH),53,0,0,0,0,P,B,N,N,06,2,MONMOUTH COUNTY 15,S,15,,13000015__,2.81,05,,02,04,02,01,06,01,05,01,500,FE,N,HARNELL AVE,,,,35,25,28,40.264780,74.014150,N,,37246
2020133720OT18190,MONMOUTH,OCEAN TWP,08/23/2020,SU,1144,01,OCEAN TWP PD (MONMOUTH),53 ZONE,0,1,0,0,I,B,N,N,02,2,NJ 71,S,71,,00000071__,11.38,02,,01,04,02,01,01,01,02,01,100,FE,S,ROOSEVELT AVE,,,,35,35,26,40.259600,74.000100,N,,37266
2020133720OT18266,MONMOUTH,OCEAN TWP,08/24/2020,MO,1009,01,OCEAN TWP PD (MONMOUTH),53,0,0,0,0,P,B,N,N,01,2,MONMOUTH COUNTY 15,S,15,,13000015__,3.29,05,,01,04,02,01,01,01,05,01,50,FE,S,BROWN PL,,,,35,25,26,40.271070,74.015860,N,,37227
2020133720OT18274,MONMOUTH,OCEAN TWP,08/24/2020,MO,1220,01,OCEAN TWP PD (MONMOUTH),ZONE 53,0,0,0,0,P,B,N,N,06,2,WELLS AVE **,W,,,13371085__,.15,07,,01,04,02,01,01,01,05,02,50,FE,E,CR 15 / MOMMOUTH RD,,,,25,35,28,,,N,,37259
2020133720OT18290,MONMOUTH,OCEAN TWP,08/24/2020,MO,1317,01,OCEAN TWP PD (MONMOUTH),ZONE 55,0,0,0,0,P,B,N,N,01,2,WICKAPECKO DR,S,,,,,07,,01,04,02,01,01,01,05,01,60,FE,N,GRASSMERE AVE,,,,35,25,26,40.235460,74.024160,N,,37259
2020133720OT18298,MONMOUTH,OCEAN TWP,08/24/2020,MO,1459,01,OCEAN TWP PD (MONMOUTH),53,0,0,0,0,P,B,N,N,02,2,NJ 71,S,71,,00000071__,11.25,02,,01,04,02,01,01,01,02,01,70,FE,S,WEST MORGAN AVE,,,,35,25,26,40.259600,74.000070,N,,37227
2020133720OT18326,MONMOUTH,OCEAN TWP,08/25/2020,TU,0715,01,OCEAN TWP PD (MONMOUTH),52,0,0,0,0,P,B,N,N,01,2,MONMOUTH COUNTY 14,W,14,,13000014__,1.74,05,,01,04,02,01,01,01,05,01,50,FE,E,NJ 35,,,,40,50,26,40.264540,74.041840,N,,37227
2020133720OT18342,MONMOUTH,OCEAN TWP,08/25/2020,TU,0856,01,OCEAN TWP PD (MONMOUTH),ZONE 53,0,0,0,0,P,B,N,N,02,2,NJ 71,S,71,,00000071__,11.20,02,,01,04,02,01,01,01,02,01,175,FE,N,WEST MORGAN AVE,,,,35,25,26,40.259590,74.000070,N,,37259
2020133720OT18357,MONMOUTH,OCEAN TWP,08/25/2020,TU,1032,01,OCEAN TWP PD (MONMOUTH),55,0,0,0,0,P,B,N,N,06,2,1515 ALLEN AVE,E,,,,,09,,01,04,02,01,01,01,05,01,,,,,,,,,,28,40.237510,74.035930,N,,37248
2020133720OT18392,MONMOUTH,OCEAN TWP,08/25/2020,TU,1820,01,OCEAN TWP PD (MONMOUTH),ZONE 54,0,0,0,0,P,B,N,N,12,1,NJ 18,S,18,,00000018__,11.35,02,,01,04,02,01,01,01,03,01,100,FE,S,DEAL RD,,,,65,45,24,40.250020,74.056620,N,,37297
2020133720OT18406,MONMOUTH,OCEAN TWP,08/25/2020,TU,2235,01,OCEAN TWP PD (MONMOUTH),,0,0,0,0,P,B,N,N,08,2,HERBERT AVE / ROSELD AVE **,W,,,13371046__,.18,07,,01,04,02,02,05,01,05,01,500,FE,E,NJ 35,,,,25,50,28,40.242380,74.035290,N,,37268
2020133720OT18436,MONMOUTH,OCEAN TWP,08/26/2020,WE,1224,01,OCEAN TWP PD (MONMOUTH),ZONE 51,0,0,0,0,P,B,N,N,01,2,NJ 35,S,35,,00000035__,26.59,02,,01,04,02,01,01,01,01,01,75,FE,N,DEAL RD,,,,50,45,26,,,N,,37277
2020133720OT18446,MONMOUTH,OCEAN TWP,08/26/2020,WE,1547,01,OCEAN TWP PD (MONMOUTH),52,0,1,0,0,I,I,N,N,03,2,CAROL AVE **,W,,,13371167__,.19,07,,01,04,02,01,01,01,05,01,,AT,,HOLBROOK ST,,,,25,25,26,40.263340,74.038090,N,,37246
2020133720OT18471,MONMOUTH,OCEAN TWP,08/26/2020,WE,1922,01,OCEAN TWP PD (MONMOUTH),ZONE 41,0,0,0,0,P,B,N,N,11,1,NJ 18,S,18,,00000018__,12.11,02,,03,06,02,01,01,01,03,01,200,FE,,,T,WEST PARK AVE,EB,65,,53,40.259980,74.058680,N,LIGHT POST ON SR 18 S RAMP TO W PARK AVE EASTBOUND - NO NUMBER.,37296
2020133720OT18558,MONMOUTH,OCEAN TWP,08/27/2020,TH,1542,01,OCEAN TWP PD (MONMOUTH),ZONE 53,0,2,0,0,I,I,N,N,01,2,DEAL RD,E,,,13371368__,.19,07,,01,04,02,01,01,01,05,01,,AT,,WENNING CT,,,,40,25,26,,,N,,37277
2020133720OT18688,MONMOUTH,OCEAN TWP,08/28/2020,FR,1601,01,OCEAN TWP PD (MONMOUTH),ZONE 51,0,0,0,0,P,B,N,N,01,2,MONMOUTH COUNTY 14,E,14,,13000014__,1.30,05,,01,04,02,01,01,01,04,01,200,FE,W,PROVIDENT CT,,,,40,25,26,,,N,,37307
2020133720OT18699,MONMOUTH,OCEAN TWP,08/28/2020,FR,1832,01,OCEAN TWP PD (MONMOUTH),ZONE 55,0,0,0,0,P,B,N,N,08,2,INTERLAKEN RD **,E,,,13371201__,.27,07,,01,04,02,02,03,02,05,01,500,FE,E,EISELE AVE,,,,25,25,26,40.241160,74.027910,N,,37290
2020133720OT18728,MONMOUTH,OCEAN TWP,08/29/2020,SA,1143,01,OCEAN TWP PD (MONMOUTH),ZONE 51,0,2,0,0,I,I,N,N,01,2,FAITH DR / POPLAR RD / ROLLER RD,N,,,13371194__,.44,07,,01,04,02,02,01,02,04,01,,AT,W,MANOR DR,,,,40,25,26,,,N,,37307
2020133720OT18736,MONMOUTH,OCEAN TWP,08/29/2020,SA,1252,01,OCEAN TWP PD (MONMOUTH),ZONE 54,0,0,0,0,P,B,N,N,02,2,NJ 35,S,35,,00000035__,24.86,02,,02,04,02,02,01,02,03,01,,,,,,,,50,,26,40.229510,74.054720,N,,37263
2020133720OT18839,MONMOUTH,OCEAN TWP,08/30/2020,SU,1236,01,OCEAN TWP PD (MONMOUTH),ZONE 55,0,3,0,0,I,I,N,N,07,2,LOGAN RD,S,,,13371367__,.00,07,,01,04,02,01,01,01,05,01,,AT,,CR 40 / SUNSET AVE,,,,35,35,26,,,N,,37307
2020133720OT18907,MONMOUTH,OCEAN TWP,08/31/2020,MO,0930,01,OCEAN TWP PD (MONMOUTH),ZONE 51,0,1,0,0,I,B,Y,N,10,1,NJ 18,S,18,,00000018__,12.00,02,,03,06,02,01,06,01,03,01,1000,FE,,,T,WEST PARK AVE,EB,65,,56,,,N,GRASS AND A YIELD SIGN,37298
2020133720OT18915,MONMOUTH,OCEAN TWP,08/31/2020,MO,0913,01,OCEAN TWP PD (MONMOUTH),ZONE 54,0,0,0,0,P,B,N,N,01,2,NJ 18,N,18,,00000018__,11.00,02,,03,06,02,01,01,01,05,01,,FE,E,,T,DEAL ROAD,EB,65,,26,40.250040,74.056380,N,,37306
2020133720OT18935,MONMOUTH,OCEAN TWP,08/31/2020,MO,1224,01,OCEAN TWP PD (MONMOUTH),ZONE 55,0,0,0,0,P,B,N,N,08,2,MONMOUTH COUNTY 31,E,31,,13000031__,.72,07,,01,04,02,01,01,01,05,01,200,FE,W,N EDGEMERE DR,,,,35,25,28,40.237640,74.009810,N,,37285
2020133720OT18941,MONMOUTH,OCEAN TWP,08/31/2020,MO,1444,01,OCEAN TWP PD (MONMOUTH),53,0,0,0,0,P,B,N,N,11,1,MONMOUTH COUNTY 15,S,15,,13000015__,2.09,05,,01,04,02,01,00,01,05,01,15,FE,S,GRANT AVE,,,,35,25,56,40.255190,74.011750,N,FIRE HYDRANT AT MONMOUTH RD / GRANT AVE.,37308
2020133720OT18948,MONMOUTH,OCEAN TWP,08/31/2020,MO,1546,01,OCEAN TWP PD (MONMOUTH),ZONE 52,0,0,0,0,P,B,N,N,07,2,MONMOUTH COUNTY 14,W,14,,13000014__,1.86,05,,01,04,02,01,01,01,05,01,150,FE,E,KLEIN ST,,,,40,25,26,40.265500,74.040690,N,,37285
2020133720OT18954,MONMOUTH,OCEAN TWP,08/31/2020,MO,1733,01,OCEAN TWP PD (MONMOUTH),52,0,0,0,0,P,B,N,N,06,2,2119 HWY 35 (SUNOCO),,,,,,09,,01,04,01,01,01,01,05,01,,,,,,,,,,28,40.267410,74.041710,N,,37244
2020133720OT19117,MONMOUTH,OCEAN TWP,09/02/2020,WE,1520,01,OCEAN TWP PD (MONMOUTH),51,0,0,0,0,P,B,N,N,01,2,NJ 35,S,35,,00000035__,26.58,02,,01,04,02,01,01,05,01,01,25,FE,N,DEAL RD,,,,50,40,26,40.247850,74.055050,N,,37248
2020133720OT19135,MONMOUTH,OCEAN TWP,09/02/2020,WE,2020,01,OCEAN TWP PD (MONMOUTH),ZONE 54,0,0,0,0,P,B,N,N,02,2,NJ 66,W,66,,00000066__,2.55,02,,01,04,02,01,06,01,03,01,200,FE,E,BOWNE RD,,,,50,40,26,40.230240,74.060580,N,,37298
2020133720OT19224,MONMOUTH,OCEAN TWP,09/03/2020,TH,1713,01,OCEAN TWP PD (MONMOUTH),ZONE 54,0,3,0,0,I,B,N,N,01,2,NJ 66,W,66,,00000066__,2.80,02,,01,04,02,01,01,01,03,01,75,FE,E,CEDAR VILLAGE BLVD,,,,50,25,26,40.229540,74.054800,N,,37309
2020133720OT19272,MONMOUTH,OCEAN TWP,09/04/2020,FR,0814,01,OCEAN TWP PD (OCEAN),ZONE 53,0,0,0,0,P,B,N,N,06,2,MARIE ELAINE CT **,S,,,13371451__,.05,07,,01,04,02,01,00,01,05,01,250,FE,N,HARNELL AVE,,,,25,25,28,,,N,,37277
2020133720OT19277,MONMOUTH,OCEAN TWP,09/04/2020,FR,0941,01,OCEAN TWP PD (MONMOUTH),51 ZONE,0,0,0,0,P,B,N,N,08,2,1912 SR 35 S,,,,,,09,,01,04,02,01,01,01,05,01,,,,,,,,,,26,40.262540,74.041690,N,,37293
2020133720OT19285,MONMOUTH,OCEAN TWP,09/04/2020,FR,1147,01,OCEAN TWP PD (MONMOUTH),ZONE 53,0,0,0,0,P,B,N,N,06,2,ROOSEVELT AVE,W,,,13371371__,.11,07,,01,04,02,01,01,01,05,01,10,FE,W,LEWIS ST,,,,25,,28,40.260510,74.009740,N,,37290
2020133720OT19303,MONMOUTH,OCEAN TWP,09/04/2020,FR,1552,01,OCEAN TWP PD (MONMOUTH),ZONE 52,0,0,0,0,P,B,N,N,01,2,DEAL RD,W,,,13371368__,.57,07,,01,04,02,01,01,01,05,01,75,FE,E,WHALEPOND RD,,,,35,35,26,40.247850,74.055050,N,,37280
2020133720OT19370,MONMOUTH,OCEAN TWP,09/05/2020,SA,1314,01,OCEAN TWP PD (MONMOUTH),ZONE 54,0,0,0,0,P,B,N,N,01,2,NJ 18,N,18,,00000018__,11.37,02,,03,06,02,01,01,01,05,01,,,,,T,DEAL ROAD,EB,50,,26,40.250050,74.056630,N,,37280
2020133720OT19388,MONMOUTH,OCEAN TWP,09/05/2020,SA,1720,01,OCEAN TWP PD (MONMOUTH),55,0,2,0,0,I,B,Y,N,14,1,MONMOUTH COUNTY 15,N,15,,13000015__,1.47,05,,01,04,02,01,01,01,05,01,1000,FE,S,ROSELD AVE,,,,40,25,21,40.240250,74.013820,N,,
2020133720OT19400,MONMOUTH,OCEAN TWP,09/05/2020,SA,2046,01,OCEAN TWP PD (MONMOUTH),ZONE 55,0,0,0,0,P,I,N,N,11,1,MONMOUTH COUNTY 40,W,40,,13000040__,.09,07,,01,04,02,01,06,01,,,,AT,,ALLEN ST,,,,35,25,69,40.235170,74.036240,N,STOP SIGN AND STREET SIGN,37283
2020133720OT19446,MONMOUTH,OCEAN TWP,09/06/2020,SU,1707,01,OCEAN TWP PD (MONMOUTH),52,0,0,0,0,P,B,N,N,02,2,DEAL RD,W,,,13371368__,.55,07,,01,04,02,01,01,01,05,01,50,FE,W,WHALEPOND RD,,,,40,40,26,40.247850,74.055050,N,,37246
2020133720OT19561,MONMOUTH,OCEAN TWP,09/07/2020,MO,2155,01,OCEAN TWP PD (MONMOUTH),ZONE 54,0,0,0,0,P,B,N,N,02,2,NJ 35,S,35,,00000035__,24.87,02,,02,04,02,01,06,01,02,01,75,FE,N,NJ 66,,,,50,50,26,40.226320,74.037530,N,,37302
2020133720OT19720,MONMOUTH,OCEAN TWP,09/09/2020,WE,1632,01,OCEAN TWP PD (MONMOUTH),ZONE 52,0,1,0,1,I,B,N,N,13,1,VERNON ST **,S,,,13371174__,.43,07,,01,04,02,01,01,01,05,01,15,FE,S,WEST PARK AVE,,,,25,40,22,40.266960,74.035350,N,,37277
2020133720OT19758,MONMOUTH,OCEAN TWP,09/10/2020,TH,0807,01,OCEAN TWP PD (MONMOUTH),ZONE 54,0,0,0,0,P,B,N,N,01,2,NJ 18,N,18,,00000018__,11.20,02,,03,06,02,02,01,02,03,01,500,FE,,,T,DEAL RD,EB,65,,26,40.251480,74.039190,N,,37283
2020133720OT19868,MONMOUTH,OCEAN TWP,09/11/2020,FR,1208,01,OCEAN TWP PD (MONMOUTH),54,0,0,0,0,P,B,N,N,01,2,NJ 35,S,35,,00000035__,26.12,02,,01,04,02,01,01,01,01,01,120,FE,N,BLOOMFIELD AVE,,,,50,25,26,40.243050,74.032780,N,SCRAPES TO BARRIER,37227
2020133720OT19918,MONMOUTH,OCEAN TWP,09/11/2020,FR,2141,01,OCEAN TWP PD (MONMOUTH),ZONE: 42,0,0,0,0,P,B,N,N,12,1,MONMOUTH COUNTY 14,E,14,,13000014__,2.10,05,,01,04,02,01,07,01,05,01,100,FE,W,VERNON ST,,,,45,25,24,40.266960,74.035350,N,,37278
2020133720OT20037,MONMOUTH,OCEAN TWP,09/13/2020,SU,1620,01,OCEAN TWP PD (MONMOUTH),ZONE 53,0,0,0,0,P,I,N,N,03,2,NJ 71,S,71,,00000071__,11.72,02,,01,04,02,01,01,01,05,01,,AT,S,SOUTH LINCOLN AVE,,,,35,35,26,,,N,,37307
2020133720OT20040,MONMOUTH,OCEAN TWP,09/13/2020,SU,1810,01,OCEAN TWP PD (MONMOUTH),ZONE 54,0,1,0,0,I,B,N,N,01,2,NJ 35,S,35,,00000035__,25.25,02,,01,04,02,01,01,01,01,01,,,N,E MALL DRIVE,,,,50,25,26,40.230460,74.039500,N,,37282
2020133720OT20095,MONMOUTH,OCEAN TWP,09/14/2020,MO,1618,01,OCEAN TWP PD (MONMOUTH),ZONE 54,0,0,0,0,P,B,N,N,01,2,GREEN GROVE RD / HOPE RD,N,,,13341417__,2.14,07,,01,04,02,01,01,01,05,01,600,FE,N,CR 16 / ASBURY AVE,,,,40,35,26,40.229540,74.054800,N,,37259
2020133720OT20157,MONMOUTH,OCEAN TWP,09/15/2020,TU,1418,01,OCEAN TWP PD (MONMOUTH),54 ZONE,0,1,0,0,I,I,N,N,03,2,NJ 66,W,66,,00000066__,3.25,02,,01,04,02,01,01,01,03,01,,AT,,S MALL DR,,,,50,25,26,40.227160,74.042810,N,,37266
2020133720OT20213,MONMOUTH,OCEAN TWP,09/16/2020,WE,1324,01,OCEAN TWP PD (MONMOUTH),53,0,0,0,0,P,B,N,N,08,2,COREY DR **,S,,,13371070__,.14,07,,01,04,02,01,01,01,05,01,225,FE,W,TEABURY LN,,,,25,25,28,40.265620,74.019870,N,,37227
2020133720OT20235,MONMOUTH,OCEAN TWP,09/16/2020,WE,1837,01,OCEAN TWP PD (MONMOUTH),ZONE 54,0,1,0,0,I,B,N,N,11,1,NJ 18,N,18,,00000018__,11.31,02,,01,04,02,01,01,01,03,01,330,FE,S,DEAL RD,,,,65,45,53,,,N,LIGHT POLE #DOTA415  CURB  GRASS,37259
2020133720OT20238,MONMOUTH,OCEAN TWP,09/16/2020,WE,1904,01,OCEAN TWP PD (MONMOUTH),ZONE 43,0,1,0,0,I,I,N,N,01,2,NJ 35,S,35,,00000035__,26.50,02,,03,04,02,01,06,01,01,01,,AT,,,T,DEAL ROAD,EB,50,,26,40.247850,74.055050,N,,37297
2020133720OT20263,MONMOUTH,OCEAN TWP,09/17/2020,TH,0747,01,OCEAN TWP PD (MONMOUTH),ZONE 53,0,1,0,0,I,B,Y,N,11,1,ROOSEVELT AVE,W,,,13371371__,.49,07,,01,04,02,01,01,01,05,01,150,FE,E,ELBERON BLVD,,,,35,25,56,40.259990,74.017600,N,SEE NARRATIVE,37282
2020133720OT20308,MONMOUTH,OCEAN TWP,09/17/2020,TH,2017,01,OCEAN TWP PD (MONMOUTH),ZONE 51,0,0,0,0,P,I,N,N,03,2,CINDY LN **,N,,,13371188__,.25,07,,01,04,02,01,07,01,05,01,,AT,E,CINDY LN,,,,25,25,26,,,N,,37309
2020133720OT20322,MONMOUTH,OCEAN TWP,09/18/2020,FR,0811,01,OCEAN TWP PD (MONMOUTH),ZONE 54,0,0,0,0,P,B,N,N,01,2,MONMOUTH COUNTY 40,E,40,,13000040__,.00,07,,01,04,02,02,01,02,05,01,25,FE,W,NJ 35,,,,35,50,26,,,N,,37277
2020133720OT20336,MONMOUTH,OCEAN TWP,09/18/2020,FR,1103,01,OCEAN TWP PD (MONMOUTH),ZONE 51,0,0,0,0,P,B,N,N,11,1,MONMOUTH COUNTY 14,E,14,,13000014__,.05,05,,01,04,02,01,01,05,05,01,250,FE,E,GREEN GROVE RD / HOPE RD,,,,45,40,56,40.255620,74.074100,N,VERIZON POLE #VZ41060,37293