Year(4)-CountyCode(2)-MunicipalityCode(2)-CaseNumber(9),County Name,Municipality Name,Crash Date,Crash Day of Week,Crash Time,Police Department Code,Police Department,Police Station,Total Killed,Total Injured,Pedestrians Killed,Pedestrians Injured,Severity,Intersection,Alcohol Involved,Hazmat Involved,Crash Type,Total Vehicles,Location,Location Direction,Route,Route Suffix,Std Rte Identifier,MilePost,Road System,Road Character,Road Horizontal Alignment,Road Grade,Road Surface Type,Surface Condition,Light Condition,Environmental Condition,Road Divided By,Temporary Traffic Control Zone,Distance To Cross Street,Unit Of Measurement,Direction From Cross Street,Cross Street Name,Is Ramp,Ramp To/From Route Name,Ramp To/From Route Direction,Posted Speed,Posted Speed Cross Street,First Harmful Event,Latitude,Longitude,Cell Phone In Use Flag,Other Property Damage,Reporting Badge No.
2020133720OT20348,MONMOUTH,OCEAN TWP,09/18/2020,FR,1259,01,OCEAN TWP PD (MONMOUTH),54,0,0,0,0,P,B,N,N,11,1,NJ 66,W,66,,00000066__,2.53,02,,02,04,02,01,01,01,03,04,100,FE,E,CR 16 / ASBURY AVE / PARK RD,,,,50,45,56,40.229510,74.054720,N,,37246
2020133720OT20350,MONMOUTH,OCEAN TWP,09/18/2020,FR,1904,01,OCEAN TWP PD (MONMOUTH),ZONE 52,0,0,0,0,P,B,N,N,08,2,1915 SR 35,,,,,,09,,01,04,02,01,01,01,05,01,,,,,,,,,,28,,,N,,37259
2020133720OT20354,MONMOUTH,OCEAN TWP,09/18/2020,FR,1328,01,OCEAN TWP PD (MONMOUTH),ZONE 55,0,0,0,0,P,B,N,N,01,2,MONMOUTH COUNTY 40,E,40,,13000040__,.20,07,,01,04,02,01,01,01,05,02,50,FE,W,TURNER AVE,,,,35,25,26,40.234430,74.034040,N,,37283
2020133720OT20412,MONMOUTH,OCEAN TWP,09/18/2020,FR,2314,01,OCEAN TWP PD (MONMOUTH),,0,1,0,0,I,I,Y,N,11,1,FAIRWAY LN **,E,,,13371327__,.13,07,,03,04,02,01,05,01,05,01,,AT,,BROOK DR,,,,25,25,56,,,N,,37304
2020133720OT20420,MONMOUTH,OCEAN TWP,09/19/2020,SA,0655,01,OCEAN TWP PD (MONMOUTH),54 ZONE,0,0,0,0,P,B,N,N,06,2,2361 SR 66,,,,,,09,,01,04,02,01,01,01,05,01,,,,,,,,,,28,40.233530,74.045530,N,,37266
2020133720OT20431,MONMOUTH,OCEAN TWP,09/19/2020,SA,1036,01,OCEAN TWP PD (MONMOUTH),ZONE 52,0,0,0,0,P,B,N,N,06,2,DOW AVE; SOCCER FIELD,N,,,,,04,,01,04,02,01,01,01,,,,,,,,,,15,,28,40.261490,74.040840,N,,37285
2020133720OT20448,MONMOUTH,OCEAN TWP,09/19/2020,SA,1542,01,OCEAN TWP PD (MONMOUTH),ZONE 54,0,0,0,0,P,B,N,N,02,2,NJ 35,S,35,,00000035__,24.86,02,,03,04,02,01,01,01,03,01,15,FE,W,NJ 66,,,,50,50,26,40.226790,74.039410,N,,37306
2020133720OT20460,MONMOUTH,OCEAN TWP,09/19/2020,SA,1749,01,OCEAN TWP PD (MONMOUTH),54,0,0,0,0,P,B,N,N,12,1,NJ 66,W,66,,00000066__,2.75,02,,01,04,02,01,01,01,03,01,250,FE,E,CEDAR VILLAGE BLVD,,,,50,25,24,40.229540,74.054800,N,,37246
2020133720OT20495,MONMOUTH,OCEAN TWP,09/20/2020,SU,0950,01,OCEAN TWP PD (MONMOUTH),ZONE 55,0,0,0,0,P,B,N,N,01,2,NJ 35,W,35,,00000035__,,02,,02,04,02,01,01,01,02,01,,,,,,,,50,,26,,,N,,37277
2020133720OT20522,MONMOUTH,OCEAN TWP,09/20/2020,SU,1300,01,OCEAN TWP PD (MONMOUTH),52,0,1,0,0,I,B,N,N,14,1,WHALEPOND RD,S,,,13371369__,.00,07,,01,04,02,01,01,01,05,01,10,FE,N,DEAL RD,,,,35,35,26,40.253590,74.023070,N,JAMIS EXPLORER 2.0 BEACH CRUISER,37289
2020133720OT20530,MONMOUTH,OCEAN TWP,09/20/2020,SU,2318,01,OCEAN TWP PD (MONMOUTH),ZONE 52,0,0,0,0,P,B,N,N,12,1,NJ 35,N,35,,00000035__,27.56,02,,01,04,02,01,07,01,01,01,500,FE,N,WEST PARK AVE,,,,50,40,24,40.264920,74.041900,N,,37292
2020133720OT20559,MONMOUTH,OCEAN TWP,09/21/2020,MO,1349,01,OCEAN TWP PD (MONMOUTH),ZONE 54,0,0,0,0,P,B,N,N,02,2,NJ 35,S,35,,00000035__,26.50,02,,01,04,02,01,01,01,01,01,,,,,T,DEAL ROAD,EB,55,,26,40.247850,74.055050,N,,37263
2020133720OT20601,MONMOUTH,OCEAN TWP,09/22/2020,TU,0821,01,OCEAN TWP PD (MONMOUTH),52,0,1,0,0,I,B,N,N,01,2,DEAL RD,E,,,13371368__,.59,07,,01,04,02,01,01,01,05,01,50,FE,W,DOREEN RD,,,,35,25,26,40.253320,74.023980,N,,37227
2020133720OT20611,MONMOUTH,OCEAN TWP,09/22/2020,TU,1051,01,OCEAN TWP PD (MONMOUTH),ZONE 53,0,1,0,0,I,I,N,N,03,2,MONMOUTH COUNTY 15,N,15,,13000015__,2.01,05,,01,04,02,01,01,01,05,01,,AT,,SHERMAN AVE,,,,35,25,26,40.254010,74.012240,N,,37263
2020133720OT20636,MONMOUTH,OCEAN TWP,09/22/2020,TU,1513,01,OCEAN TWP PD (MONMOUTH),ZONE 54,0,0,0,0,P,B,N,N,01,2,NJ 18,N,18,,00000018__,11.00,02,,03,04,02,01,01,01,05,01,,,S,,T,DEAL RD,EB,65,,26,,,N,,37307
2020133720OT20689,MONMOUTH,OCEAN TWP,09/23/2020,WE,1248,01,OCEAN TWP PD (MONMOUTH),ZONE 55,0,0,0,0,P,B,N,N,15,1,CHESNUT AVE **,S,,,,,07,,01,04,02,01,01,01,05,01,,FE,N,,,,,25,,39,40.232520,74.029490,N,VERIZON CABLE WIRE LOCATED AT 1317 CHESTNUT AVE,37285
2020133720OT20740,MONMOUTH,OCEAN TWP,09/24/2020,TH,0721,01,OCEAN TWP PD (MONMOUTH),ZONE 54,0,1,0,0,I,I,N,N,03,2,CUTTER DR / KING LN **,S,,,13371019__,.06,07,,01,04,02,01,01,01,05,01,,AT,,COLD INDIAN SPRING RD,,,,35,25,26,40.238600,74.069880,N,,37274
2020133720OT20753,MONMOUTH,OCEAN TWP,09/24/2020,TH,1015,01,OCEAN TWP PD (MONMOUTH),ZONE 51,0,1,0,0,I,B,N,N,07,2,WEST PARK AVE,E,,,,,05,,01,04,02,02,01,05,05,01,200,FE,W,COLT RD,,,,40,25,26,40.264400,74.045160,N,,37293
2020133720OT20890,MONMOUTH,OCEAN TWP,09/26/2020,SA,1131,01,OCEAN TWP PD (MONMOUTH),52,0,3,0,0,I,I,N,N,03,2,CAROL AVE **,E,,,13371167__,.28,07,,01,04,02,01,01,01,05,01,,AT,,FANWOOD ST,,,,25,25,26,,,N,,37241
2020133720OT20910,MONMOUTH,OCEAN TWP,09/26/2020,SA,1808,01,OCEAN TWP PD (MONMOUTH),52 ZONE,0,0,0,0,P,B,N,N,06,2,ELIZABETH ST **,E,,,13371088__,.16,07,,01,04,02,02,06,01,05,01,100,FE,W,CHATHAM AVE,,,,25,25,28,40.258790,74.020450,N,,37295
2020133720OT20926,MONMOUTH,OCEAN TWP,09/26/2020,SA,2333,01,OCEAN TWP PD (MONMOUTH),ZONE 43,0,1,0,0,I,B,N,N,05,2,NJ 35,S,35,,00000035__,25.88,02,,01,04,02,01,07,01,01,01,50,FE,S,LAWRENCE AVE,,,,50,25,26,40.241980,74.037440,N,,37309
2020133720OT20966,MONMOUTH,OCEAN TWP,09/27/2020,SU,1644,01,OCEAN TWP PD (MONMOUTH),53,0,1,0,0,I,B,N,N,01,2,MONMOUTH COUNTY 15,S,15,,13000015__,2.48,05,,01,04,02,01,01,01,05,01,25,FE,N,ROOSEVELT AVE,,,,35,35,26,40.260690,74.011830,N,,37248
2020133720OT20971,MONMOUTH,OCEAN TWP,09/27/2020,SU,1856,01,OCEAN TWP PD (MONMOUTH),51 ZONE,0,4,0,0,I,B,N,N,01,2,NJ 35,S,35,,00000035__,27.66,02,,01,04,02,01,06,01,01,01,1000,FE,N,WEST PARK AVE,,,,50,35,26,40.226790,74.039410,N,,37295
2020133720OT21012,MONMOUTH,OCEAN TWP,09/28/2020,MO,1155,01,OCEAN TWP PD (MONMOUTH),ZONE 52,0,0,0,0,P,B,N,N,03,2,HERBERT AVE / ROSELD AVE **,E,,,13371046__,.18,07,,01,04,02,01,01,01,05,01,450,FE,E,NJ 35,,,,25,50,26,,,N,,37259
2020133720OT21022,MONMOUTH,OCEAN TWP,09/28/2020,MO,1430,01,OCEAN TWP PD (MONMOUTH),ZONE 54,0,0,0,0,P,B,N,N,01,2,NJ 35,S,35,,00000035__,24.90,02,,02,04,02,01,01,01,02,01,,,,,,,,50,,26,,,N,,37259
2020133720OT21027,MONMOUTH,OCEAN TWP,09/28/2020,MO,1500,01,OCEAN TWP PD (MONMOUTH),ZONE 51,0,0,0,0,P,B,N,N,01,2,MONMOUTH COUNTY 14,E,14,,13000014__,1.72,05,,01,04,02,01,01,01,05,01,50,FE,W,NJ 35,,,,40,50,26,,,N,,37304
2020133720OT21028,MONMOUTH,OCEAN TWP,09/28/2020,MO,1514,01,OCEAN TWP PD (MONMOUTH),ZONE 55,0,0,0,0,P,B,N,N,02,2,NJ 35,,35,,00000035__,24.90,02,,01,04,02,01,01,01,02,01,,,,,,,,50,,26,40.228600,74.038380,N,,37280
2020133720OT21056,MONMOUTH,OCEAN TWP,09/29/2020,TU,0548,01,OCEAN TWP PD (MONMOUTH),ZONE 55,0,1,0,0,I,B,N,N,01,2,NJ 35,N,35,,00000035__,25.44,02,,01,04,02,01,06,01,01,01,50,FE,S,US 40 / SUNSET AVE,,,,50,35,26,40.235660,74.037820,N,,37300
2020133720OT21064,MONMOUTH,OCEAN TWP,09/29/2020,TU,0945,01,OCEAN TWP PD (MONMOUTH),ZONE 54,0,0,0,0,P,I,N,N,02,2,NJ 66,W,66,,00000066__,3.40,02,,01,04,02,01,01,01,03,02,,AT,S,SOUTH MALL DR,,,,50,25,26,,,N,,37304
2020133720OT21073,MONMOUTH,OCEAN TWP,09/29/2020,TU,1205,01,OCEAN TWP PD (MONMOUTH),ZONE 54,0,1,0,0,I,B,N,N,01,2,NJ 35,S,35,,00000035__,26.19,02,,01,04,02,02,01,02,01,01,450,FE,N,BLOOMFIELD AVE,,,,50,25,26,,,N,,37259
2020133720OT21075,MONMOUTH,OCEAN TWP,09/29/2020,TU,1218,01,OCEAN TWP PD (MONMOUTH),ZONE 54,0,0,0,0,P,B,N,N,01,2,NJ 66,W,66,,00000066__,3.25,02,,01,04,02,02,01,02,03,02,100,FE,E,S MALL DR,,,,50,25,26,40.228550,74.047580,N,,37283
2020133720OT21088,MONMOUTH,OCEAN TWP,09/29/2020,TU,1459,01,OCEAN TWP PD (OCEAN),55 ZONE,0,0,0,0,P,B,N,N,02,2,NJ 35,S,35,,00000035__,26.10,02,,01,04,02,01,01,05,01,01,300,FE,N,ALLAIRE AVE,,,,50,25,26,40.246130,74.038480,N,,37261
2020133720OT21096,MONMOUTH,OCEAN TWP,09/29/2020,TU,1703,01,OCEAN TWP PD (MONMOUTH),OCEAN,0,0,0,0,P,B,N,N,02,2,DEAL RD,W,,,13371368__,1.43,07,,01,04,02,01,01,01,05,01,25,FE,E,NJ 35,,,,40,50,26,40.247850,74.055050,N,,37303
2020133720OT21171,MONMOUTH,OCEAN TWP,09/30/2020,WE,2017,01,OCEAN TWP PD (MONMOUTH),52,0,0,0,0,P,B,N,N,11,1,DEAL RD,W,,,13371368__,1.21,07,,01,04,02,01,07,01,99,01,75,FE,E,LOGAN RD,,,,40,35,69,40.251480,74.039190,N,BROKEN TRAFFIC PYLON.,37227
2020133720OT21230,MONMOUTH,OCEAN TWP,10/01/2020,TH,1742,01,OCEAN TWP PD (MONMOUTH),ZONE 54,0,0,0,0,P,B,N,N,01,3,NJ 35,S,35,,00000035__,25.46,02,,01,04,02,01,03,01,01,01,50,FE,N,US 40 / SUNSET AVE,,,,50,25,26,40.235710,74.037980,N,,37309
2020133720OT21236,MONMOUTH,OCEAN TWP,10/01/2020,TH,1920,01,OCEAN TWP PD (MONMOUTH),ZONE 53,0,1,0,0,I,B,N,N,04,2,MONMOUTH COUNTY 15,N,15,,13000015__,2.74,05,,02,04,02,01,06,01,05,01,100,FE,N,HARNELL AVE,,,,35,25,26,40.264470,74.013710,N,,37274
2020133720OT21274,MONMOUTH,OCEAN TWP,10/02/2020,FR,1413,01,OCEAN TWP PD (MONMOUTH),ZONE 54,0,3,0,0,I,B,N,N,11,1,NJ 66,W,66,,00000066__,3.57,02,,03,04,02,01,01,01,02,01,250,FE,W,NJ 35,,,,50,50,56,,,N,GRASS   SHRUBBERY   TREES,37259
2020133720OT21292,MONMOUTH,OCEAN TWP,10/02/2020,FR,1631,01,OCEAN TWP PD (MONMOUTH),ZONE 52,0,1,0,0,I,I,N,N,03,2,LOGAN RD,S,,,13371367__,.59,07,,01,04,02,01,01,01,05,01,,AT,,ROSELD AVE,,,,35,25,26,40.242530,74.032540,N,,37274
2020133720OT21388,MONMOUTH,OCEAN TWP,10/04/2020,SU,1412,01,OCEAN TWP PD (MONMOUTH),ZONE 54,0,0,0,0,P,B,N,N,01,2,MONMOUTH COUNTY 15,E,15,,13000015__,.94,05,,01,04,02,01,01,01,05,01,5,FE,W,NJ 31 / CORLIESS AVE,,,,35,50,26,40.235940,74.037460,N,,37280
2020133720OT21466,MONMOUTH,OCEAN TWP,10/05/2020,MO,1623,01,OCEAN TWP PD (MONMOUTH),ZONE 53,0,0,0,0,P,B,N,N,03,2,MONMOUTH COUNTY 15,N,15,,13000015__,3.25,05,,01,04,02,01,01,01,05,01,100,FE,N,W PARK AVE,,,,35,35,26,40.271070,74.015860,N,,37263
2020133720OT21510,MONMOUTH,OCEAN TWP,10/06/2020,TU,1257,01,OCEAN TWP PD (MONMOUTH),ZONE 54,0,0,0,0,P,B,N,N,11,1,3605 SUNSET AVENUE,,,,,,09,,01,04,02,01,01,01,,,,,,,,,,,,54,,,N,YELLOW METAL POST NEAR GAS PUMP,37299
2020133720OT21531,MONMOUTH,OCEAN TWP,10/06/2020,TU,1814,01,OCEAN TWP PD (MONMOUTH),ZONE 55,0,0,0,0,P,B,N,N,12,1,LOGAN RD,S,,,13371367__,.14,07,,01,04,02,01,01,01,05,01,50,FE,N,PARK BLVD,,,,35,25,24,40.236050,74.033160,N,,37263
2020133720OT21536,MONMOUTH,OCEAN TWP,10/06/2020,TU,2042,01,OCEAN TWP PD (MONMOUTH),ZONE 51,0,0,0,0,P,B,N,N,01,2,MONMOUTH COUNTY 14,W,14,,13000014__,1.73,05,,01,04,02,01,06,01,05,01,25,FE,E,NJ 35,,,,40,50,26,,,N,,37307
2020133720OT21715,MONMOUTH,OCEAN TWP,10/09/2020,FR,1153,01,OCEAN TWP PD (MONMOUTH),51 ZONE,0,0,0,0,P,B,N,N,08,2,NORTHWOODS RD **,E,,,13371293__,.17,07,,01,04,02,01,01,01,05,01,100,FE,W,HARTSHORNE RD,,,,25,25,29,40.255310,74.064900,N,,37295
2020133720OT21731,MONMOUTH,OCEAN TWP,10/09/2020,FR,1459,01,OCEAN TWP PD (MONMOUTH),52,0,1,0,0,I,B,N,N,01,3,NJ 35,N,35,,00000035__,26.00,02,,01,04,02,01,01,01,01,01,50,FE,N,ALLENHURST AVE,,,,50,25,26,40.243380,74.037550,N,,
2020133720OT21864,MONMOUTH,OCEAN TWP,10/11/2020,SU,2028,01,OCEAN TWP PD (MONMOUTH),53,0,0,0,0,P,B,N,N,01,2,MONMOUTH COUNTY 15,N,15,,13000015__,2.80,05,,03,04,02,01,07,01,05,01,500,FE,S,W LINCOLN AVE,,,,35,35,26,40.274310,74.016810,N,,37227
2020133720OT21901,MONMOUTH,OCEAN TWP,10/12/2020,MO,1509,01,OCEAN TWP PD (MONMOUTH),ZONE 53,0,0,0,0,P,B,N,N,01,2,PARK AVE,E,,,13371370__,.05,07,,01,04,02,02,01,02,05,01,260,FE,E,CR 15 / MONMOUTH RD,,,,35,35,26,40.269540,74.015450,N,,37259
2020133720OT21903,MONMOUTH,OCEAN TWP,10/12/2020,MO,1609,01,OCEAN TWP PD (MONMOUTH),ZONE 53,0,0,0,0,P,B,N,N,01,2,WHALEPOND RD,N,,,13371369__,1.18,07,,01,04,02,02,01,02,05,01,250,FE,N,W PARK AVE,,,,35,35,26,40.270870,74.027160,N,,37259
2020133720OT21914,MONMOUTH,OCEAN TWP,10/12/2020,MO,2008,01,OCEAN TWP PD (MONMOUTH),ZONE 54,0,1,0,0,I,I,N,N,02,2,NJ 66,W,66,,00000066__,2.51,02,,02,04,02,02,06,02,03,01,,AT,,CR 16 / ASBURY AVE / PARK RD,,,,50,45,26,40.230250,74.060380,N,,37285
2020133720OT21958,MONMOUTH,OCEAN TWP,10/13/2020,TU,1426,01,OCEAN TWP PD (MONMOUTH),ZONE 53,0,0,0,0,P,B,N,N,11,1,348 ELBERON BLVD,,,,,,09,,01,04,03,01,01,01,05,01,,,,,,,,,,69,,,N,CABLE LINE RIPPED FROM 348 & 344 ELBERON BLVD AND POLES JC613OT  40317OT,37304
2020133720OT21978,MONMOUTH,OCEAN TWP,10/13/2020,TU,2011,01,OCEAN TWP PD (MONMOUTH),ZONE 51,0,0,0,0,P,B,N,N,05,2,MONMOUTH COUNTY 14,W,14,,13000014__,1.16,05,,01,04,02,01,06,01,05,01,5,FE,E,LYNN DR / POPLAR RD,,,,40,40,26,,,N,,37277
2020133720OT21997,MONMOUTH,OCEAN TWP,10/14/2020,WE,0955,01,OCEAN TWP PD (MONMOUTH),ZONE 53,0,0,0,0,P,B,N,N,11,1,MONMOUTH COUNTY 15,N,15,,13000015__,2.00,05,,01,04,02,01,01,01,05,01,30,FE,S,SHERMAN AVE,,,,35,30,56,40.254010,74.012240,N,DAMAGE TO CURBS ON BOTH SIDES OF SHERMAN AVE. JUST EAST OF MONMOUTH RD.,37299
2020133720OT21999,MONMOUTH,OCEAN TWP,10/14/2020,WE,1205,01,OCEAN TWP PD (MONMOUTH),51,0,1,0,1,I,I,N,N,13,1,NJ 35,S,35,,00000035__,27.50,02,,01,04,02,01,01,01,01,01,,AT,,WEST PARK AVE,,,,50,40,22,,,N,,37227
2020133720OT22097,MONMOUTH,OCEAN TWP,10/15/2020,TH,1546,01,OCEAN TWP PD (MONMOUTH),ZONE 54,0,0,0,0,P,B,N,N,01,2,DEAL RD,E,,,13371368__,1.42,07,,01,04,02,01,01,01,05,01,50,FE,W,NJ 35,,,,45,50,26,40.253500,74.034760,N,,37259
2020133720OT22137,MONMOUTH,OCEAN TWP,10/16/2020,FR,1334,01,OCEAN TWP PD (MONMOUTH),ZONE 51,0,0,0,0,P,I,N,N,03,2,MONMOUTH COUNTY 14,W,,,,,05,,01,04,02,02,01,02,05,01,,AT,,COLT RD,,,,40,25,26,,,N,,37304
2020133720OT22153,MONMOUTH,OCEAN TWP,10/16/2020,FR,1809,01,OCEAN TWP PD (MONMOUTH),ZONE 55,0,0,0,0,P,B,N,N,06,2,BIMBLER BVLD **,E,,,13371239__,.19,07,,03,04,02,02,06,02,05,01,215,FE,E,HILLCREST AVE,,,,25,25,28,40.225080,74.030230,N,,37259
2020133720OT22188,MONMOUTH,OCEAN TWP,10/17/2020,SA,1007,01,OCEAN TWP PD (MONMOUTH),55,0,0,0,0,P,B,N,N,11,1,BIMBLER BVLD **,W,,,13371239__,.03,07,,03,04,02,01,01,01,05,01,50,FE,W,PARK PL,,,,25,25,69,40.224900,74.028920,N,UTILITY WIRES TO UTILITY POLE #JC1204OT,37244
2020133720OT22193,MONMOUTH,OCEAN TWP,10/17/2020,SA,1126,01,OCEAN TWP PD (MONMOUTH),ZONE 55,0,0,0,0,P,B,N,N,08,2,NJ 35,N,35,,00000035__,25.65,02,,01,04,02,01,01,01,01,01,500,FE,S,DORIS AVE,,,,50,25,26,40.239200,74.036920,N,,37283
2020133720OT22199,MONMOUTH,OCEAN TWP,10/17/2020,SA,1311,01,OCEAN TWP PD (MONMOUTH),ZONE 52,0,0,0,0,P,B,N,N,08,2,701 DEAL ROAD,,,,,,09,,01,04,02,01,01,01,,01,,,,,,,,,,26,40.253500,74.034760,N,,37280
2020133720OT22206,MONMOUTH,OCEAN TWP,10/17/2020,SA,1554,01,OCEAN TWP PD (MONMOUTH),ZONE 52,0,2,0,0,I,I,N,N,04,2,MONMOUTH COUNTY 14,W,14,,13000014__,2.61,05,,01,04,02,01,01,01,05,01,,AT,,WHALEPOND RD,,,,40,35,26,40.269540,74.026610,N,"STRUCK A """"NO TURN ON RED SIGN""",
2020133720OT22255,MONMOUTH,OCEAN TWP,10/18/2020,SU,1536,01,OCEAN TWP PD (MONMOUTH),ZONE 53,0,1,0,0,I,B,N,N,14,1,MONMOUTH COUNTY 15,S,15,,13000015__,2.01,05,,01,04,02,01,01,01,05,01,15,FE,S,SHERMAN AVE,,,,35,30,21,40.254010,74.012240,N,,37292
2020133720OT22283,MONMOUTH,OCEAN TWP,10/19/2020,MO,0851,01,OCEAN TWP PD (MONMOUTH),51 ZONE,0,1,0,0,I,B,N,N,01,2,GREEN GROVE RD / HOPE RD,N,,,13341417__,3.40,07,,01,04,02,01,01,01,05,01,2640,FE,N,DEAL RD,,,,40,35,26,40.251620,74.075220,N,,37295
2020133720OT22317,MONMOUTH,OCEAN TWP,10/19/2020,MO,1659,01,OCEAN TWP PD (MONMOUTH),ZONE 54,0,0,0,0,P,B,N,N,01,2,NJ 18,N,18,,00000018__,11.20,02,,03,04,02,01,01,01,05,01,500,FE,,,T,DEAL ROAD,EB,65,,26,40.251480,74.039190,N,,37274
2020133720OT22347,MONMOUTH,OCEAN TWP,10/20/2020,TU,1044,01,OCEAN TWP PD (MONMOUTH),ZONE 51,0,0,0,0,P,B,N,N,01,2,MONMOUTH COUNTY 14,E,14,,13000014__,1.72,05,,01,04,02,02,01,02,05,01,75,FE,W,NJ 35,,,,40,50,26,40.264660,74.041930,N,,37259
2020133720OT22356,MONMOUTH,OCEAN TWP,10/20/2020,TU,1229,01,OCEAN TWP PD (MONMOUTH),55 ZONE,0,0,0,0,P,B,N,N,11,1,GRASMERE AVE **,W,,,13371263__,.43,07,,01,04,02,01,01,01,05,01,200,FE,E,LOGAN RD,,,,25,35,69,40.237200,74.031250,N,CABLE WIRE WAS KNOCKED DOWN FROM POLE#BT1093OT,37295
2020133720OT22373,MONMOUTH,OCEAN TWP,10/20/2020,TU,1620,01,OCEAN TWP PD (MONMOUTH),ZONE: 54,0,0,0,0,P,B,N,N,01,2,NJ 18,N,18,,00000018__,11.20,02,,01,04,02,01,01,01,03,01,10,FE,S,,T,DEAL RD,EB,65,,26,40.243970,74.053710,N,,37278
2020133720OT22386,MONMOUTH,OCEAN TWP,10/20/2020,TU,2045,01,OCEAN TWP PD (MONMOUTH),ZONE 42,0,1,0,0,I,I,N,N,14,1,MONMOUTH COUNTY 15,S,15,,13000015__,2.48,05,,01,04,02,02,06,04,05,01,,AT,,ROOSEVELT AVE,,,,35,35,21,40.260700,74.011830,N,,37297
2020133720OT22390,MONMOUTH,OCEAN TWP,10/20/2020,TU,2225,01,OCEAN TWP PD (MONMOUTH),1337,0,0,0,0,P,I,N,N,12,1,CEDAR ST **,W,,,13371083__,.15,07,,01,04,02,01,06,04,05,01,,AT,,ROOSEVELT AVE,,,,35,25,24,40.260620,74.010820,N,,37291
2020133720OT22480,MONMOUTH,OCEAN TWP,10/22/2020,TH,1211,01,OCEAN TWP PD (MONMOUTH),ZONE 54,0,2,0,0,I,I,N,N,03,2,SUNSET AVE,E,,,,,07,,01,04,02,01,01,05,05,01,,AT,,NORTH MALL DR,,,,35,25,26,40.233750,74.042350,N,,37259
2020133720OT22489,MONMOUTH,OCEAN TWP,10/22/2020,TH,1346,01,OCEAN TWP PD (MONMOUTH),ZONE 51,0,1,0,0,I,B,N,N,01,2,MONMOUTH COUNTY 14,E,14,,13000014__,1.72,05,,01,04,02,01,01,05,05,01,75,FE,W,NJ 35,,,,40,50,26,40.266140,74.031070,Y,,37259
2020133720OT22503,MONMOUTH,OCEAN TWP,10/22/2020,TH,1525,01,OCEAN TWP PD (MONMOUTH),ZONE 54,0,0,0,0,P,B,N,N,01,2,NJ 35,W,35,,00000035__,,02,,01,04,02,01,01,01,02,01,,,,,,,,50,,26,,,N,,37304
2020133720OT22529,MONMOUTH,OCEAN TWP,10/23/2020,FR,0912,01,OCEAN TWP PD (MONMOUTH),1337,0,1,0,0,I,B,N,N,01,2,NJ 18,N,18,,00000018__,11.20,02,,01,06,02,02,01,04,05,01,500,FE,,,T,DEAL ROAD,EB,65,,26,40.251480,74.039190,N,,37291
2020133720OT22555,MONMOUTH,OCEAN TWP,10/23/2020,FR,1415,01,OCEAN TWP PD (MONMOUTH),54,0,0,0,0,P,B,N,N,11,1,CEDAR VILLAGE BLVD,N,,,,,09,,01,04,02,01,01,01,05,01,100,FE,N,NJ 66,,,,25,50,69,,,N,DAMAGE TO ELECTRONIC GATE TO GATED COMMUNITY ON CEDAR VILLAGE BLVD.,37270
2020133720OT22564,MONMOUTH,OCEAN TWP,10/23/2020,FR,1608,01,OCEAN TWP PD (MONMOUTH),ZONE: 54,0,0,0,0,P,B,N,N,03,2,SUNSET AVE,W,,,13371213__,.09,07,,01,04,02,01,01,01,05,01,500,FE,W,NJ 35,,,,35,50,26,40.236920,74.039580,N,,37278
2020133720OT22618,MONMOUTH,OCEAN TWP,10/24/2020,SA,1258,01,OCEAN TWP PD (MONMOUTH),ZONE: 52,0,0,0,0,P,B,N,N,01,2,DEAL RD,W,,,13371368__,1.56,07,,01,04,02,01,01,01,05,01,700,FE,E,NJ 35,,,,40,50,26,40.247850,74.055050,N,,37278
2020133720OT22638,MONMOUTH,OCEAN TWP,10/24/2020,SA,1915,01,OCEAN TWP PD (MONMOUTH),51 ZONE,0,1,0,0,I,I,N,N,03,2,MONMOUTH COUNTY 14,W,14,,13000014__,1.51,05,,01,04,02,01,06,01,05,01,,AT,,RALEIGH CT EAST,,,,40,25,26,,,N,,37271
2020133720OT22725,MONMOUTH,OCEAN TWP,10/26/2020,MO,1841,01,OCEAN TWP PD (MONMOUTH),52 ZONE,0,0,0,0,P,B,N,N,01,3,DEAL RD,E,,,13371368__,.04,07,,01,04,02,02,06,01,05,01,350,FE,W,HARVARD CT,,,,40,25,26,40.247850,74.055050,N,,
2020133720OT22744,MONMOUTH,OCEAN TWP,10/27/2020,TU,0930,01,OCEAN TWP PD (MONMOUTH),ZONE 52,0,0,0,0,P,B,N,N,01,2,DEAL RD,W,,,13371368__,1.44,07,,01,04,02,01,01,05,05,01,75,FE,E,NJ 35,,,,40,50,26,40.251840,74.039250,N,,37259
2020133720OT22753,MONMOUTH,OCEAN TWP,10/27/2020,TU,1211,01,OCEAN TWP PD (MONMOUTH),ZONE 54,0,1,0,0,I,B,N,N,01,2,NJ 66,W,66,,00000066__,2.80,02,,01,04,02,01,01,01,02,01,150,FE,E,CEDAR VILLAGE BLVD.,,,,50,25,26,40.229540,74.054800,N,,37280
2020133720OT22819,MONMOUTH,OCEAN TWP,10/28/2020,WE,1225,01,OCEAN TWP PD (MONMOUTH),ZONE 55,0,0,0,0,P,I,N,N,06,2,N EDGEMERE DR **,E,,,13371274__,.48,07,,01,04,02,01,01,01,05,01,,AT,,PALMER AVE,,,,25,25,28,,,N,,37259
2020133720OT22882,MONMOUTH,OCEAN TWP,10/29/2020,TH,1119,01,OCEAN TWP PD (MONMOUTH),ZONE 55,0,0,0,0,P,B,N,N,02,2,NJ 35,N,35,,00000035__,25.35,02,,01,04,02,02,01,02,01,01,528,FE,S,US 40 / SUNSET AVE,,,,50,35,26,40.274230,74.043740,N,,37255