Year(4)-CountyCode(2)-MunicipalityCode(2)-CaseNumber(9),County Name,Municipality Name,Crash Date,Crash Day of Week,Crash Time,Police Department Code,Police Department,Police Station,Total Killed,Total Injured,Pedestrians Killed,Pedestrians Injured,Severity,Intersection,Alcohol Involved,Hazmat Involved,Crash Type,Total Vehicles,Location,Location Direction,Route,Route Suffix,Std Rte Identifier,MilePost,Road System,Road Character,Road Horizontal Alignment,Road Grade,Road Surface Type,Surface Condition,Light Condition,Environmental Condition,Road Divided By,Temporary Traffic Control Zone,Distance To Cross Street,Unit Of Measurement,Direction From Cross Street,Cross Street Name,Is Ramp,Ramp To/From Route Name,Ramp To/From Route Direction,Posted Speed,Posted Speed Cross Street,First Harmful Event,Latitude,Longitude,Cell Phone In Use Flag,Other Property Damage,Reporting Badge No.
2020133720OT25170,MONMOUTH,OCEAN TWP,12/08/2020,TU,1600,01,OCEAN TWP PD (MONMOUTH),ZONE 55,0,0,0,0,P,B,N,N,08,2,RIDGE AVE / WICKAPECKO DR,N,,,13371419__,1.07,07,,01,04,02,01,01,01,05,01,50,FE,S,CR 40 / SUNSET AVE,,,,35,35,26,40.231800,74.025500,N,,37274
2020133720OT25204,MONMOUTH,OCEAN TWP,12/10/2020,TH,0639,01,OCEAN TWP PD (OCEAN),ZONE 52,1,0,0,0,F,I,N,N,11,1,FRANKLIN AVE **,W,,,13371051__,.20,07,,01,04,02,01,01,03,05,01,,AT,,MONROE AVE,,,,25,25,56,,,N,,37259
2020133720OT25242,MONMOUTH,OCEAN TWP,12/10/2020,TH,0958,01,OCEAN TWP PD (MONMOUTH),ZONE 53,0,0,0,0,P,B,N,N,12,1,DEAL RD,W,,,13371368__,.37,07,,01,04,02,01,01,01,05,01,10,FE,W,SHADOW LAWN DR,,,,40,25,24,40.253480,74.019680,N,,37286
2020133720OT25263,MONMOUTH,OCEAN TWP,12/10/2020,TH,1649,01,OCEAN TWP PD (MONMOUTH),ZONE 52,0,0,0,0,P,B,N,N,12,1,NJ 35,N,35,,00000035__,26.48,02,,01,04,02,01,01,01,01,01,528,FE,S,DEAL RD,,,,50,40,24,40.247850,74.055050,N,,37263
2020133720OT25306,MONMOUTH,OCEAN TWP,12/11/2020,FR,1400,01,OCEAN TWP PD (MONMOUTH),ZONE 54,0,0,0,0,P,B,N,N,01,2,NJ 35,S,35,,00000035__,25.47,02,,01,04,02,01,01,01,01,01,100,FE,N,US 40 / SUNSET AVE,,,,50,35,26,40.234070,74.038590,N,,37259
2020133720OT25312,MONMOUTH,OCEAN TWP,12/11/2020,FR,1518,01,OCEAN TWP PD (MONMOUTH),ZONE 55,0,0,0,0,P,B,N,N,11,1,CAMP AVE/N WANAMASSA/S DITTMAR/STEWARD/WALNNUT **,S,,,13371254__,.99,07,,01,04,02,01,01,01,05,01,50,FE,S,WANAMASSA POINT RD,,,,25,25,69,40.230630,74.019120,N,CABLE WIRE FROM POLE #BT40748,37293
2020133720OT25322,MONMOUTH,OCEAN TWP,12/11/2020,FR,1730,01,OCEAN TWP PD (MONMOUTH),ZONE 54,0,1,0,0,I,B,N,N,03,2,MONMOUTH COUNTY 40,E,40,,13000040__,.04,07,,01,04,02,01,06,01,05,01,200,FE,W,NJ 35,,,,35,50,26,40.235710,74.037980,N,,37306
2020133720OT25377,MONMOUTH,OCEAN TWP,12/12/2020,SA,1352,01,OCEAN TWP PD (MONMOUTH),ZONE 55,0,1,0,0,I,B,N,N,11,1,RIDGE AVE / WICKAPECKO DR,N,,,13371419__,.43,07,,01,04,02,02,01,01,05,01,25,FE,N,CR 31 / CORLIES AVE,,,,35,40,56,40.240880,74.022760,N,CURB  GRASS  JCPL POLE,37297
2020133720OT25469,MONMOUTH,OCEAN TWP,12/14/2020,MO,1203,01,OCEAN TWP PD (MONMOUTH),ZONE 51,0,0,0,0,P,I,N,N,11,1,FAITH DR / POPLAR RD / ROLLER RD,S,,,13371194__,.39,07,,01,04,02,02,01,02,05,01,,AT,,WILLOW DR,,,,35,25,56,40.255930,74.051520,N,LIGHT POLE   SHRUBBERY ON WILLOW DR. (CONTINENTAL GARDENS),37259
2020133720OT25473,MONMOUTH,OCEAN TWP,12/14/2020,MO,1348,01,OCEAN TWP PD (MONMOUTH),52,0,0,0,0,P,B,N,N,01,2,DEAL RD,W,,,13371368__,1.43,07,,01,04,02,02,01,02,05,01,15,FE,E,NJ 35,,,,40,50,26,40.251840,74.039250,N,,37248
2020133720OT25481,MONMOUTH,OCEAN TWP,12/14/2020,MO,1619,01,OCEAN TWP PD (MONMOUTH),ZONE 52,0,2,0,0,I,I,N,N,03,2,CAROL AVE **,E,,,13371167__,.19,07,,01,04,02,02,01,01,05,01,,AT,,HOLBROOK ST,,,,25,25,26,40.263120,74.038350,N,,37274
2020133720OT25524,MONMOUTH,OCEAN TWP,12/15/2020,TU,1603,01,OCEAN TWP PD (MONMOUTH),ZONE 54,0,1,0,0,I,B,N,N,01,2,NJ 18,N,18,,00000018__,11.30,02,,03,04,02,01,03,01,03,01,500,FE,,,T,DEAL RD,EB,65,,26,40.250050,74.056630,N,,37309
2020133720OT25529,MONMOUTH,OCEAN TWP,12/15/2020,TU,1719,01,OCEAN TWP PD (MONMOUTH),54,0,0,0,0,P,I,N,N,11,1,SUNSET AVE,W,,,13371213__,.55,07,,01,08,02,01,06,01,05,01,,AT,,S ROLLER RD,,,,35,25,69,40.238550,74.047490,N,JCPL POLE # JC2204 OT,37248
2020133720OT25531,MONMOUTH,OCEAN TWP,12/15/2020,TU,1736,01,OCEAN TWP PD (MONMOUTH),51,0,1,0,0,I,B,N,N,01,3,NJ 35,S,35,,00000035__,27.56,02,,01,04,02,01,06,01,01,01,500,FE,N,WEST PARK AVE,,,,50,40,26,40.264620,74.042060,N,,37241
2020133720OT25552,MONMOUTH,OCEAN TWP,12/16/2020,WE,0914,01,OCEAN TWP PD (MONMOUTH),ZONE 54,0,0,0,0,P,B,N,N,01,2,NJ 35,S,35,,00000035__,24.90,02,,02,04,02,01,01,05,02,01,,,,,,,,50,,26,40.226320,74.037530,N,,37259
2020133720OT25579,MONMOUTH,OCEAN TWP,12/16/2020,WE,1715,01,OCEAN TWP PD (MONMOUTH),ZONE 52,0,0,0,0,P,B,N,N,01,2,MONMOUTH COUNTY 14,E,14,,13000014__,1.69,05,,01,04,02,03,06,03,05,01,200,FE,W,NJ 35,,,,40,50,26,40.264660,74.041930,N,,37274
2020133720OT25580,MONMOUTH,OCEAN TWP,12/16/2020,WE,1725,01,OCEAN TWP PD (MONMOUTH),51 ZONE,0,0,0,0,P,B,N,N,02,2,NJ 35,S,35,,00000035__,27.56,02,,01,04,02,03,06,03,01,01,450,FE,N,WEST PARK AVE,,,,50,40,26,40.264620,74.042060,N,,37266
2020133720OT25582,MONMOUTH,OCEAN TWP,12/16/2020,WE,1731,01,OCEAN TWP PD (MONMOUTH),ZONE 52,0,0,0,0,P,B,N,N,02,2,NJ 35,N,35,,00000035__,26.68,02,,01,06,02,03,06,03,01,01,528,FE,N,DEAL RD,,,,50,35,,40.256860,74.039850,N,,37285
2020133720OT25588,MONMOUTH,OCEAN TWP,12/16/2020,WE,1737,01,OCEAN TWP PD (MONMOUTH),ZONE 52,0,1,0,0,I,B,N,N,01,2,NJ 35,N,35,,00000035__,26.77,02,,01,05,02,03,06,03,01,01,1000,FE,N,DEAL RD,,,,50,40,26,,,N,,37277
2020133720OT25590,MONMOUTH,OCEAN TWP,12/16/2020,WE,1809,01,OCEAN TWP PD (MONMOUTH),51,0,0,0,0,P,B,N,N,01,2,MONMOUTH COUNTY 14,E,14,,13000014__,.25,05,,01,05,02,03,05,03,05,01,1320,FE,E,GREEN GROVE RD / HOPE RD,,,,45,40,26,40.259860,74.068260,N,,37308
2020133720OT25596,MONMOUTH,OCEAN TWP,12/16/2020,WE,1841,01,OCEAN TWP PD (MONMOUTH),ZONE 52,0,0,0,0,P,B,N,N,11,1,NJ 18,N,18,,00000018__,12.57,02,,01,04,02,03,05,03,03,01,2640,FE,N,WEST PARK AVE,,,,65,40,50,40.267200,74.060740,N,REDUCE SPEED AHEAD SIGN  STRUCK METAL GUARDRAIL,37274
2020133720OT25599,MONMOUTH,OCEAN TWP,12/16/2020,WE,1924,01,OCEAN TWP PD (MONMOUTH),ZONE 54,0,0,0,0,P,B,N,N,11,1,ELLEN CT **,E,,,13371312__,.00,07,,01,05,02,03,06,03,05,01,10,FE,S,COLD INDIAN SPRINGS RD,,,,25,35,,40.245230,74.061670,N,STRUCK FIRE HYDRANT ON ELLEN COURT,37274
2020133720OT25742,MONMOUTH,OCEAN TWP,12/19/2020,SA,0057,01,OCEAN TWP PD (MONMOUTH),ZONE 54,0,1,0,0,I,B,N,N,06,2,COLD INDIAN SPRINGS RD,S,,,,,07,,01,04,02,01,07,01,05,01,200,FE,S,MAHORAS DR,,,,35,25,28,40.246480,74.059270,N,,37299
2020133720OT25762,MONMOUTH,OCEAN TWP,12/19/2020,SA,1432,01,OCEAN TWP PD (MONMOUTH),54,0,1,0,0,I,B,N,N,01,3,MONMOUTH COUNTY 16,W,16,,13000016__,2.61,05,,01,04,02,01,01,01,05,01,50,FE,E,GREEN GROVE RD,,,,45,40,26,40.229540,74.054800,N,,37270
2020133720OT25799,MONMOUTH,OCEAN TWP,12/20/2020,SU,0037,01,OCEAN TWP PD (MONMOUTH),ZONE 53,0,0,0,0,P,B,Y,N,11,2,OAKWOOD AVE **,N,,,13371135__,.01,07,,01,04,02,01,07,01,05,01,70,FE,S,SOUTH LINCOLN AVE,,,,25,35,28,40.264870,74.002700,N,CURB IFO 3 OAKWOOD AVE.,37299
2020133720OT25848,MONMOUTH,OCEAN TWP,12/21/2020,MO,0859,01,OCEAN TWP PD (MONMOUTH),ZONR 54,0,1,0,0,I,B,N,N,11,1,NJ 18,N,18,,00000018__,10.72,02,,01,04,02,02,01,01,03,01,3432,FE,S,DEAL RD,,,,65,45,60,40.228680,74.050290,N,TREES  GRASS AREA,37280
2020133720OT25886,MONMOUTH,OCEAN TWP,12/21/2020,MO,1740,01,OCEAN TWP PD (MONMOUTH),ZONE 54,0,0,0,0,P,B,N,N,01,2,NJ 35,S,35,,00000035__,25.47,02,,01,04,02,01,05,01,01,01,100,FE,N,US 40 / SUNSET AVE,,,,50,35,26,40.235710,74.037980,N,,37306
2020133720OT25931,MONMOUTH,OCEAN TWP,12/22/2020,TU,1159,01,OCEAN TWP PD (MONMOUTH),ZONE 52,0,0,0,0,P,B,N,N,11,1,1719 SR 35,,,,,,09,,01,04,02,01,01,01,,,,,,,,,,,,69,40.259590,74.040830,N,FIBER OPTIC WIRE POLE #JC1353OT  POLE #JC1354OC  UNK. POLE # CLOSEST TO SR35.,37306
2020133720OT25961,MONMOUTH,OCEAN TWP,12/22/2020,TU,1726,01,OCEAN TWP PD (MONMOUTH),ZONE 01,0,1,0,0,I,B,N,N,02,2,NJ 18,S,18,,00000018__,11.28,02,,01,04,02,01,07,01,03,01,500,FE,S,DEAL RD,,,,65,45,26,40.251480,74.039190,N,,37274
2020133720OT25962,MONMOUTH,OCEAN TWP,12/22/2020,TU,1843,01,OCEAN TWP PD (MONMOUTH),51,0,1,0,0,I,B,N,N,01,3,NJ 35,S,35,,00000035__,26.76,02,,01,06,02,01,06,01,01,01,50,FE,S,WILLOW DR,,,,50,25,26,,,N,,37310
2020133720OT25965,MONMOUTH,OCEAN TWP,12/22/2020,TU,1813,01,OCEAN TWP PD (MONMOUTH),ZONE 51,0,1,0,0,I,B,N,N,01,2,NJ 18,S,18,,00000018__,12.17,02,,01,04,02,01,05,01,03,01,528,FE,N,WEST PARK AVE,,,,65,45,26,40.257440,74.057810,N,,37274
2020133720OT25985,MONMOUTH,OCEAN TWP,12/23/2020,WE,0044,01,OCEAN TWP PD (MONMOUTH),53,0,0,0,0,P,B,N,N,12,2,MONMOUTH COUNTY 15,S,15,,13000015__,3.31,05,,01,04,02,01,06,01,05,01,50,FE,N,BROWN PL,,,,35,25,24,40.272300,74.016510,N,,37261
2020133720OT26001,MONMOUTH,OCEAN TWP,12/23/2020,WE,1142,01,OCEAN TWP PD (MONMOUTH),ZONE 54,0,1,0,0,I,B,N,N,01,2,NJ 35,S,35,,00000035__,24.90,02,,02,04,02,01,01,01,02,01,,,,,,,,50,,26,40.226790,74.039410,N,,37259
2020133720OT26009,MONMOUTH,OCEAN TWP,12/23/2020,WE,1426,01,OCEAN TWP PD (MONMOUTH),ZONE 51,0,0,0,0,P,I,N,N,03,2,MONMOUTH COUNTY 14,E,,,,,05,,01,04,02,01,01,01,05,01,,AT,,COLT RD,,,,40,25,26,40.226790,74.039410,N,,37286
2020133720OT26012,MONMOUTH,OCEAN TWP,12/23/2020,WE,1520,01,OCEAN TWP PD (MONMOUTH),ZONE 54,0,0,0,0,P,B,N,N,01,2,DEAL RD,E,,,13371368__,1.61,07,,01,04,02,01,01,01,05,01,50,FE,W,RUSTIC DR,,,,40,25,26,40.251230,74.042870,N,,37309
2020133720OT26018,MONMOUTH,OCEAN TWP,12/23/2020,WE,1700,01,OCEAN TWP PD (MONMOUTH),ZONE 54,0,0,0,0,P,B,N,N,01,2,MONMOUTH COUNTY 16,W,16,,13000016__,3.52,05,,01,04,02,01,07,01,04,01,20,FE,E,BOWNE RD,,,,45,35,26,40.229510,74.054720,N,,37309
2020133720OT26019,MONMOUTH,OCEAN TWP,12/23/2020,WE,1703,01,OCEAN TWP PD (MONMOUTH),ZONE 52,0,0,0,0,P,B,N,N,06,2,BELLMORE ST **,N,,,13371160__,.01,07,,01,04,02,01,01,01,05,01,500,FE,S,TALMADGE AVE,,,,25,25,26,40.257540,74.039300,N,,37263
2020133720OT26068,MONMOUTH,OCEAN TWP,12/24/2020,TH,1253,01,OCEAN TWP PD (MONMOUTH),ZONE 54,0,0,0,0,P,B,N,N,02,2,NJ 66,N,66,,00000066__,3.40,02,,01,04,02,01,01,01,03,01,100,FE,S,S MALL DR,,,,50,25,26,40.227160,74.042810,N,,37309
2020133720OT26073,MONMOUTH,OCEAN TWP,12/24/2020,TH,1409,01,OCEAN TWP PD (MONMOUTH),ZONE 54,0,0,0,0,P,B,N,N,03,2,SUNSET AVE,W,,,13371213__,.04,07,,01,04,02,01,01,05,05,01,200,FE,W,NJ 35,,,,40,50,26,40.236920,74.039580,N,,37286
2020133720OT26180,MONMOUTH,OCEAN TWP,12/26/2020,SA,1336,01,OCEAN TWP PD (MONMOUTH),ZONE 51,0,0,0,0,P,I,N,N,03,2,BOWNE RD,N,,,13341420__,1.48,07,,01,04,02,01,01,01,05,01,,AT,,DEAL RD,,,,40,45,26,,,N,,37307
2020133720OT26181,MONMOUTH,OCEAN TWP,12/26/2020,SA,1342,01,OCEAN TWP PD (MONMOUTH),ZONE 51,0,0,0,0,P,B,N,N,01,2,MONMOUTH COUNTY 14,W,,,,,05,,01,04,02,01,01,01,04,01,50,FE,W,COLT RD,,,,45,25,26,40.263380,74.044490,N,,37306
2020133720OT26339,MONMOUTH,OCEAN TWP,12/29/2020,TU,1300,01,OCEAN TWP PD (MONMOUTH),ZONE 52,0,0,0,0,P,B,N,N,08,2,LOGAN RD,N,,,13371367__,1.27,07,,01,04,02,01,01,01,05,01,25,FE,S,DEAL RD,,,,35,40,26,40.251480,74.039190,N,,37259
2020133720OT26352,MONMOUTH,OCEAN TWP,12/29/2020,TU,1546,01,OCEAN TWP PD (MONMOUTH),ZONE 51,0,0,0,0,P,B,N,N,01,2,COLT RD,E,,,,,07,,03,04,02,01,01,01,05,01,25,FE,W,NJ 35,,,,25,50,26,40.261200,74.042350,N,,37259
2020133720OT26411,MONMOUTH,OCEAN TWP,12/30/2020,WE,1734,01,OCEAN TWP PD (MONMOUTH),ZONE 54,0,1,0,0,I,B,N,N,01,2,NJ 35,S,35,,00000035__,25.49,02,,01,04,02,01,06,01,01,01,225,FE,N,US 40 / SUNSET AVE,,,,50,35,26,40.235660,74.037820,N,,37259
2020133720OT26478,MONMOUTH,OCEAN TWP,12/31/2020,TH,1920,01,OCEAN TWP PD (MONMOUTH),OCEAN,0,0,0,0,P,B,N,N,06,2,APPLEBY DR / EDGEWOOD AVE / S WANAMASSA DR **,E,,,13371229__,.28,07,,01,04,02,01,06,01,05,01,10,FE,E,SPRUCE AVE,,,,25,,28,,,N,,37303
2020133720OY23110,MONMOUTH,OCEAN TWP,11/01/2020,SU,1633,01,OCEAN TWP PD (MONMOUTH),ZONE 43,0,2,0,0,I,B,N,N,01,2,NJ 35,S,35,,00000035__,24.90,02,,02,04,02,02,07,02,02,01,,,,,,,,50,,26,40.226790,74.039410,N,,37305
2020133720OY23374,MONMOUTH,OCEAN TWP,11/06/2020,FR,1158,01,OCEAN TWP PD (MONMOUTH),54,0,0,0,0,P,I,N,N,03,2,NJ 35,S,35,,00000035__,25.10,02,,01,04,02,01,01,01,01,01,,AT,,E. MALL DRIVE,,,,50,25,26,,,N,,37268
2020133820OP00013,MONMOUTH,OCEANPORT BORO,01/01/2020,WE,1805,01,OCEANPORT PD,PATROL,0,0,0,0,P,I,N,N,03,2,PORT AU PECK AVE,W,,,13381098__,.55,07,,01,04,02,01,06,01,05,,,AT,,CR 11 / E MAIN ST / OCEANPORT AVE,,,,40,25,26,40.308790,74.026520,N,,38039
2020133820OP00158,MONMOUTH,OCEANPORT BORO,01/06/2020,MO,0809,01,OCEANPORT PD,OCEANPORT PD,0,0,0,0,P,I,N,N,03,2,MONMOUTH COUNTY 33,E,33,,13000033__,.51,05,,01,04,02,02,01,01,05,01,,AT,W,COMMANCHE DR,,,,40,25,26,40.320510,73.999210,N,,38042
2020133820OP00295,MONMOUTH,OCEANPORT BORO,01/10/2020,FR,1352,01,OCEANPORT PD,OCEANPORT PD,0,0,0,0,P,B,N,N,01,2,MONMOUTH COUNTY 29 A,S,29,A,13000029A_,.00,05,,01,04,02,01,01,01,05,01,5,FE,N,PORT AU PECK AVE,,,,40,40,26,40.320380,73.997500,N,,38047
2020133820OP00373,MONMOUTH,OCEANPORT BORO,01/13/2020,MO,1041,01,OCEANPORT PD,PATROL,0,1,0,0,I,B,N,N,01,2,MONMOUTH COUNTY 33,E,33,,13000033__,.51,05,,01,04,02,01,01,05,05,,25,FE,E,COMMANCHE DR,,,,40,25,26,40.321310,74.005070,N,,38039
2020133820OP00567,MONMOUTH,OCEANPORT BORO,01/17/2020,FR,1515,01,OCEANPORT PD,OCEANPORT,0,0,0,0,P,I,N,N,03,2,PORT AU PECK AVE,E,,,13381098__,.00,07,,01,04,02,01,01,01,05,01,,AT,,ROUTE 537 / EATONTOWN BLVD / WOLF H,,,,35,25,26,40.305680,74.031140,N,,38040
2020133820OP00595,MONMOUTH,OCEANPORT BORO,01/18/2020,SA,1245,01,OCEANPORT PD,,0,0,0,0,P,B,N,N,10,1,MONMOUTH COUNTY 33,W,33,,13000033__,.76,05,,01,04,02,03,01,03,05,01,1320,FE,W,COMMANCHE DR,,,,40,25,69,40.321220,74.002370,N,65 MONMOUTH BLVD STACKED STONE LIGHT COLUMN,38051
2020133820OP00738,MONMOUTH,OCEANPORT BORO,01/22/2020,WE,1704,01,OCEANPORT PD,OCEANPORT,0,1,0,0,I,B,N,N,01,2,PORT AU PECK AVE,W,,,13381098__,.56,07,,01,04,02,01,01,01,05,01,75,FE,E,CR 11 / E MAIN ST / OCEANPORT AVE,,,,40,25,26,40.313840,74.025730,N,,38040
2020133820OP00866,MONMOUTH,OCEANPORT BORO,01/25/2020,SA,1248,01,OCEANPORT PD,OCEANPORT PD,0,0,0,0,P,B,N,N,01,2,E MAIN ST / MAIN ST,W,,,13381056__,.84,07,,01,04,02,02,01,02,05,01,20,FE,E,CR 11 II / OCEANPORT AVE,,,,25,35,26,40.310680,74.023070,N,,38048
2020133820OP00872,MONMOUTH,OCEANPORT BORO,01/25/2020,SA,1436,01,OCEANPORT PD,OCEANPORT,0,0,0,0,P,I,N,N,03,2,ASBURY AVE/BRIDGEWATERS DR/BUNGALOW/RELWOF AVE **,S,,,13381051__,.39,07,,01,04,02,02,01,02,05,,,AT,,RELWOF AVE,,,,25,25,26,40.317050,74.021270,N,,38044
2020133820OP00950,MONMOUTH,OCEANPORT BORO,01/27/2020,MO,1057,01,OCEANPORT PD,OCEANPORT,0,0,0,0,P,B,N,N,08,2,BURNTMILL CIR **,W,,,,,07,,01,04,02,01,01,01,05,01,,,,,,,,25,,28,40.302850,74.031960,N,,38048
2020133820OP01062,MONMOUTH,OCEANPORT BORO,01/30/2020,TH,1024,01,OCEANPORT PD,OCEANPORT,0,1,0,0,I,I,N,N,03,2,ROUTE 537,S,537,,00000537__,66.67,05,,01,04,02,01,01,01,05,01,,AT,,S MAPLE AVE,,,,45,25,26,40.303880,74.028180,N,,38040
2020133820OP01545,MONMOUTH,OCEANPORT BORO,02/11/2020,TU,1705,01,OCEANPORT PD,OCEANPORT PD,0,0,0,0,P,B,N,N,12,2,PORT AU PECK AVE,W,,,13381098__,.52,07,,01,04,02,01,01,01,,01,175,FE,W,CR 11 / E MAIN ST / OCEANPORT AVE,,,,40,40,24,40.308790,74.026520,N,,38053
2020133820OP01682,MONMOUTH,OCEANPORT BORO,02/15/2020,SA,0525,01,OCEANPORT PD,PATROL,0,2,0,0,I,I,Y,N,03,2,MONMOUTH COUNTY 33,W,33,,13000033__,.83,05,,01,04,02,01,06,01,05,,,AT,,PORT AU PECK AVE,,,,40,25,26,40.321700,74.005380,N,SECTION OF CURB DAMAGED ON MONMOUTH BLVD,38039
2020133820OP01919,MONMOUTH,OCEANPORT BORO,02/20/2020,TH,1457,01,OCEANPORT PD,PATROL,0,0,0,0,P,B,N,N,01,2,PORT AU PECK AVE,E,,,13381098__,1.41,07,,01,04,02,01,01,01,05,01,5,FE,W,CR 29 / BRANCHPORT AVE,,,,40,35,26,40.315090,74.008040,N,,38052
2020133820OP01961,MONMOUTH,OCEANPORT BORO,02/21/2020,FR,1931,01,OCEANPORT PD,,0,1,0,0,I,B,N,N,06,2,EVERGREEN LN **,W,,,13381060__,.10,07,,01,04,02,01,06,01,05,01,50,FE,E,MONMOUTH RD,,,,25,40,28,40.299940,74.033360,N,,38051
2020133820OP02213,MONMOUTH,OCEANPORT BORO,02/29/2020,SA,0832,01,OCEANPORT PD,,0,1,0,0,I,I,N,N,99,2,MONMOUTH COUNTY 11 III,S,11,3,130000113_,.80,05,,01,04,02,01,01,01,,,,AT,E,CRESCENT PL,,,,40,35,26,40.307640,74.019540,N,,38042
2020133820OP02789,MONMOUTH,OCEANPORT BORO,03/20/2020,FR,0813,01,OCEANPORT PD,OCEANPORT,0,0,0,0,P,B,N,N,01,2,E MAIN ST / MAIN ST,S,,,13381056__,.18,07,,01,06,02,02,01,05,05,,10,FE,N,WHITEHALL CIR,,,,35,25,26,40.307180,74.038560,N,,38044
2020133820OP03210,MONMOUTH,OCEANPORT BORO,04/03/2020,FR,1208,01,OCEANPORT PD,OCEANPORT PD,0,0,0,0,P,I,N,N,11,1,MONMOUTH COUNTY 29,N,29,,13000029__,.69,05,,01,06,02,02,01,05,05,01,,AT,E,MORRIS PL,,,,35,25,69,40.313390,74.006740,N,RETAINING WALL IN AT CORNER OF 427 BRANCHORT AVE MORRIS PL,38053
2020133820OP03305,MONMOUTH,OCEANPORT BORO,04/07/2020,TU,0720,01,OCEANPORT PD,OCEANPORT,0,0,0,0,P,B,Y,N,11,1,MONMOUTH COUNTY 29,S,29,,13000029__,.06,05,,03,04,02,01,01,01,05,01,45,FE,S,SAGAMORE AVE,,,,35,25,52,40.321080,74.012710,N,ELECTORICAL SERVICE TO HOME PULLED FROM SIDING  POLE BT 717 OPT SEVERED  LAWN,38044
2020133820OP03390,MONMOUTH,OCEANPORT BORO,04/09/2020,TH,1143,01,OCEANPORT PD,,0,1,0,0,I,I,N,N,03,3,MONMOUTH COUNTY 29,N,29,,13000029__,.57,05,,01,04,02,01,01,01,05,01,,AT,,PORT AU PECK AVE,,,,35,40,26,40.315090,74.008040,N,,
2020133820OP03432,MONMOUTH,OCEANPORT BORO,04/11/2020,SA,1734,01,OCEANPORT PD,,0,0,0,0,P,B,N,N,01,2,COMANCHE DR **,N,,,13381118__,.00,07,,01,04,02,01,01,01,,01,10,FE,S,CR 33 / MONMOUTH BLVD,,,,25,40,,,,N,,38033
2020133820OP03453,MONMOUTH,OCEANPORT BORO,04/12/2020,SU,1301,01,OCEANPORT PD,OCEANPORT PD,0,1,0,0,I,I,N,N,07,2,ROUTE 547,E,547,,00000547__,28.51,05,,01,04,02,01,01,01,05,,,AT,S,NJ 71 / MONMOUTH RD,,,,35,40,26,40.304260,74.038020,N,,38501
2020133820OP03573,MONMOUTH,OCEANPORT BORO,04/16/2020,TH,1250,01,OCEANPORT PD,OCEANPORT POLIC,0,0,0,0,P,B,N,N,01,2,MONMOUTH COUNTY 33,W,33,,13000033__,1.46,05,,01,04,02,01,01,01,05,01,5,FE,E,NJ 29 A / MONMOUTH BLVD / MYRTLE AV,,,,40,40,26,,,N,,38047
2020133820OP03893,MONMOUTH,OCEANPORT BORO,04/26/2020,SU,1649,01,OCEANPORT PD,PATROL,0,0,0,0,P,B,N,N,11,1,E MAIN ST / MAIN ST,W,,,13381056__,1.11,07,,02,04,02,02,01,02,05,,100,FE,E,BRIDGEWATER DR,,,,25,25,56,40.314600,74.025740,N,LANDSCAPE AND DAMAGE TO CURB,38052
2020133820OP04885,MONMOUTH,OCEANPORT BORO,05/24/2020,SU,1000,01,OCEANPORT PD,OCEANPORT,0,0,0,0,P,B,N,N,06,2,SHREWSBURY AVE **,W,,,13381096__,.18,07,,01,04,02,00,00,00,05,01,250,FE,E,MAPLE PL,,,,25,25,28,40.318810,74.007450,N,,38044
2020133820OP05047,MONMOUTH,OCEANPORT BORO,05/31/2020,SU,1311,01,OCEANPORT PD,OCEANPORT,0,1,0,0,I,B,N,N,01,2,MONMOUTH COUNTY 33,W,33,,13000033__,1.46,05,,03,04,02,01,01,01,02,,5,FE,E,NJ 29 A / MONMOUTH BLVD / MYRTLE AV,,,,40,40,26,40.321310,74.005070,N,,38044
2020133820OP05237,MONMOUTH,OCEANPORT BORO,06/04/2020,TH,1959,01,OCEANPORT PD,OCEANPORT PD,0,2,0,0,I,I,N,N,11,1,MONMOUTH COUNTY 33,W,33,,13000033__,.83,05,,01,04,02,01,01,01,05,01,,AT,E,PORT AU PECK AVE,,,,40,25,56,40.321310,74.005070,N,GRASS AND TREE IN YARD OF 409 PORT AU PECK AVE/SEWER GRATE MON CO.,38053
2020133820OP05310,MONMOUTH,OCEANPORT BORO,06/05/2020,FR,1654,01,OCEANPORT PD,OCEANPORT PD,0,0,0,0,P,B,N,N,06,2,MONMOUTH COUNTY 29,N,29,,13000029__,.52,05,,01,05,02,02,01,02,04,01,300,FE,N,COLONIAL DR,,,,35,,26,40.317630,74.009420,N,,38501
2020133820OP06035,MONMOUTH,OCEANPORT BORO,06/16/2020,TU,1911,01,OCEANPORT PD,OCEANPORT PD,0,1,0,0,I,I,N,N,14,1,MONMOUTH COUNTY 33,E,33,,13000033__,.51,05,,01,04,02,01,03,01,05,01,,AT,E,COMMANCHE DR,,,,40,25,21,40.320520,73.999210,N,BICYCLE,38053
2020133820OP06477,MONMOUTH,OCEANPORT BORO,06/25/2020,TH,1754,01,OCEANPORT PD,,0,1,0,0,I,B,N,N,01,4,MONMOUTH COUNTY 33,W,33,,13000033__,.48,05,,01,05,01,02,01,02,05,01,100,FE,E,WARDELL CIR,,,,40,25,26,40.321310,74.005070,N,,