Year(4)-CountyCode(2)-MunicipalityCode(2)-CaseNumber(9),County Name,Municipality Name,Crash Date,Crash Day of Week,Crash Time,Police Department Code,Police Department,Police Station,Total Killed,Total Injured,Pedestrians Killed,Pedestrians Injured,Severity,Intersection,Alcohol Involved,Hazmat Involved,Crash Type,Total Vehicles,Location,Location Direction,Route,Route Suffix,Std Rte Identifier,MilePost,Road System,Road Character,Road Horizontal Alignment,Road Grade,Road Surface Type,Surface Condition,Light Condition,Environmental Condition,Road Divided By,Temporary Traffic Control Zone,Distance To Cross Street,Unit Of Measurement,Direction From Cross Street,Cross Street Name,Is Ramp,Ramp To/From Route Name,Ramp To/From Route Direction,Posted Speed,Posted Speed Cross Street,First Harmful Event,Latitude,Longitude,Cell Phone In Use Flag,Other Property Damage,Reporting Badge No.
2020133920HZ06363,MONMOUTH,HAZLET TWP,04/16/2020,TH,1237,01,HAZLET TWP PD,HAZLET PD,0,0,0,0,P,B,N,N,02,2,BETHANY RD / CHURCH ST / POOLE ST,S,,,13301307__,2.31,07,,01,04,02,03,01,01,05,01,500,FE,S,NJ 35,,,,35,50,26,40.416010,74.179090,N,,39095
2020133920HZ06373,MONMOUTH,HAZLET TWP,04/16/2020,TH,1522,01,HAZLET TWP PD,HAZLET PD,0,0,0,0,P,B,N,N,01,2,MONMOUTH COUNTY 7 I,S,7,1,130000071_,1.72,05,,01,04,02,01,01,01,05,01,10,FE,N,NJ 36,,,,35,50,26,40.436940,74.138430,N,,39095
2020133920HZ06377,MONMOUTH,HAZLET TWP,04/16/2020,TH,1700,01,HAZLET TWP PD,HAZLET PD,0,1,0,0,I,B,N,N,01,4,NJ 35,E,35,,00000035__,41.38,02,,01,04,02,01,01,01,01,01,100,FE,W,MILLER AVE,,,,50,25,26,40.416340,74.169990,N,,
2020133920HZ06397,MONMOUTH,HAZLET TWP,04/16/2020,TH,1033,01,HAZLET TWP PD,HAZLET PD,0,0,0,0,P,B,N,N,11,2,2814 SR 35 S,E,,,,,09,,01,04,02,01,01,01,05,01,75,FE,W,MILLER AVENUE,,,,15,25,59,40.416970,74.170570,N,CRAIG S. LAUGHLIN - 2814 SR 35 S; DAMAGED PROP. - PVC VINYL HAND RAIL,39107
2020133920HZ06481,MONMOUTH,HAZLET TWP,04/20/2020,MO,1250,01,HAZLET TWP PD,HAZLET POLICE,0,0,0,0,P,I,N,N,03,2,NJ 36,N,36,,00000036__,22.66,02,,01,04,02,01,01,01,01,,,AT,,CR 6 / STONE RD,,,,50,35,26,40.437400,74.173510,N,,39073
2020133920HZ06499,MONMOUTH,HAZLET TWP,04/21/2020,TU,0657,01,HAZLET TWP PD,HAZLET TWP,0,0,0,0,P,B,N,N,12,1,ROUTE 516,W,516,,00000516__,12.99,05,,01,04,02,01,01,01,05,01,20,FE,E,AZEE AVE,,,,35,25,24,,,N,,39106
2020133920HZ06514,MONMOUTH,HAZLET TWP,04/21/2020,TU,1854,01,HAZLET TWP PD,HAZLET TWP,0,0,0,0,P,B,N,N,02,2,NJ 35,S,35,,00000035__,42.32,02,,01,04,02,01,01,01,01,01,150,FE,E,HAZLET AVE,,,,50,25,26,,,N,,39100
2020133920HZ06557,MONMOUTH,HAZLET TWP,04/22/2020,WE,1800,01,HAZLET TWP PD,HAZLET,0,0,0,0,P,B,N,N,03,2,MONMOUTH COUNTY 4 II,N,4,2,130000042_,7.94,05,,01,04,02,01,01,01,05,01,200,FE,S,BAYVIEW AVE,,,,35,25,26,,,N,,39103
2020133920HZ06586,MONMOUTH,HAZLET TWP,04/23/2020,TH,1526,01,HAZLET TWP PD,HAZLET PD,0,0,0,0,P,B,N,N,01,2,ROUTE 516,E,516,,00000516__,11.23,05,,01,04,02,01,01,01,05,01,10,FE,W,POOLE AVE,,,,35,35,26,40.428160,74.180190,N,,39073
2020133920HZ06612,MONMOUTH,HAZLET TWP,04/24/2020,FR,1355,01,HAZLET TWP PD,1339,0,0,0,0,P,B,N,N,06,2,BROWN AVE **,E,,,13391247__,,07,,01,04,02,02,01,02,05,,,,,,,,,25,,28,40.442440,74.141650,N,,39080
2020133920HZ06672,MONMOUTH,HAZLET TWP,04/26/2020,SU,1900,01,HAZLET TWP PD,HAZLET PD,0,1,0,0,I,I,N,N,03,2,BEACHWAY / LAUREL AVE,N,,,13391283__,.53,07,,01,04,02,02,06,02,05,02,,AT,,4TH ST,,,,35,25,26,40.444920,74.141990,N,,39101
2020133920HZ06742,MONMOUTH,HAZLET TWP,04/28/2020,TU,2227,01,HAZLET TWP PD,HAZLET TWP,0,1,0,0,I,I,N,N,05,2,ROUTE 516,N,516,,00000516__,11.23,05,,01,04,02,01,06,01,05,01,,AT,,POOLE AVE,,,,35,35,26,,,N,,39105
2020133920HZ06757,MONMOUTH,HAZLET TWP,04/29/2020,WE,1116,01,HAZLET TWP PD,HAZLET PD,0,1,0,0,I,B,N,N,01,2,NJ 36,E,36,,00000036__,23.58,02,,01,04,02,01,01,01,01,01,50,FE,W,ROUTE 516 / MIDDLE RD,,,,50,35,26,40.428530,74.188630,N,,39095
2020133920HZ06783,MONMOUTH,HAZLET TWP,04/30/2020,TH,1038,01,HAZLET TWP PD,HAZLET PD,0,0,0,0,P,B,N,N,08,2,HAZLET AVE **,W,,,13391054__,.14,07,,01,04,02,02,01,02,05,01,50,FE,N,W JACK ST,,,,25,25,26,40.426540,74.182010,N,,39107
2020133920HZ06792,MONMOUTH,HAZLET TWP,04/30/2020,TH,1244,01,HAZLET TWP PD,HAZLET PD,0,0,0,0,P,B,N,N,08,2,CARLISLE CT **,N,,,13391257__,.00,07,,01,04,02,02,01,05,05,01,50,FE,S,ROTHBARD AVE,,,,25,25,26,40.436740,74.182250,N,,39099
2020133920HZ06908,MONMOUTH,HAZLET TWP,05/04/2020,MO,1143,01,HAZLET TWP PD,HAZLET PD,0,0,0,0,P,B,N,N,01,2,UNION AVE,N,,,13181306__,1.63,07,,01,04,02,01,01,01,,,25,FE,S,NJ 36,,,,50,50,26,40.437870,74.163090,N,,39073
2020133920HZ06940,MONMOUTH,HAZLET TWP,05/05/2020,TU,1055,01,HAZLET TWP PD,HAZLET PD,0,0,0,0,P,B,N,N,11,1,1185 SR 36,N,,,,,09,,01,04,02,01,01,01,05,03,,,,,,,,15,,69,40.433080,74.182500,N,AWNING/OVERHANG AT TACO BELL DRIVE THRU,39073
2020133920HZ06969,MONMOUTH,HAZLET TWP,05/05/2020,TU,1900,01,HAZLET TWP PD,HAZLET TWP,0,0,0,0,P,I,N,N,08,2,THORNE PL **,N,,,13391183__,.17,07,,01,04,02,01,03,01,05,,,AT,W,OLIVE PL,,,,25,25,26,,,N,,39100
2020133920HZ07016,MONMOUTH,HAZLET TWP,05/09/2020,SA,1128,01,HAZLET TWP PD,HPD,0,0,0,0,P,B,N,N,08,2,FIELDCREST WAY,N,,,,,07,,01,04,02,01,01,01,05,01,100,FE,W,NJ 36,,,,25,50,26,,,N,,39083
2020133920HZ07101,MONMOUTH,HAZLET TWP,05/10/2020,SU,1338,01,HAZLET TWP PD,HAZLET PD,0,2,0,0,I,I,N,N,03,2,NJ 36,E,36,,00000036__,20.95,02,,01,04,02,01,01,01,01,01,,AT,,LAUREL AVE,,,,50,35,26,40.437140,74.141040,N,NJ STATE DOT TRAFFIC SIGNAL STANDARD; NJDOT MAINTENANCE YARD PHYLLIS STREET,39107
2020133920HZ07138,MONMOUTH,HAZLET TWP,05/11/2020,MO,1946,01,HAZLET TWP PD,HAZLET PD,0,0,0,0,P,I,N,N,03,2,NJ 36,E,36,,00000036__,22.21,02,,01,04,02,01,01,01,01,01,,AT,,CR 39 / UNION AVE,,,,50,35,26,,,N,,3966
2020133920HZ07187,MONMOUTH,HAZLET TWP,05/13/2020,WE,1211,01,HAZLET TWP PD,HAZLET PD,0,0,0,0,P,B,N,N,02,2,BETHANY RD / CHURCH ST / POOLE ST,S,,,13301307__,3.09,07,,01,04,02,01,01,01,05,04,100,FE,S,ROUTE 516 / MIDDLE RD,,,,35,35,26,40.428160,74.180190,N,,39095
2020133920HZ07188,MONMOUTH,HAZLET TWP,05/13/2020,WE,1229,01,HAZLET TWP PD,HAZLET PD,0,0,0,0,P,B,N,N,01,2,ROUTE 516,W,516,,00000516__,11.23,05,,01,04,02,01,01,01,05,01,20,FE,E,POOLE AVE,,,,35,35,26,40.428160,74.180190,N,,39095
2020133920HZ07225,MONMOUTH,HAZLET TWP,05/14/2020,TH,1051,01,HAZLET TWP PD,HAZLET PD,0,0,0,0,P,B,N,N,01,2,NJ 36,N,36,,00000036__,23.18,02,,01,04,02,01,01,01,,,100,FE,S,POOLE AVE,,,,50,35,26,40.433750,74.181700,N,HAZLET TOWNSHIP BUS STOP SHELTER  STATE PEDESTRIAN CROSSING LIGHT POST,39073
2020133920HZ07234,MONMOUTH,HAZLET TWP,05/15/2020,FR,0716,01,HAZLET TWP PD,HAZLET POLICE,0,0,0,0,P,I,N,N,03,2,NJ 35,S,35,,00000035__,42.69,02,,01,04,02,01,01,01,01,01,,AT,,CR 4 / HOLMDEL RD,,,,50,35,26,,,N,,39089
2020133920HZ07301,MONMOUTH,HAZLET TWP,05/16/2020,SA,1631,01,HAZLET TWP PD,HAZLET PD,0,0,0,0,P,I,N,N,05,2,ROUTE 516,S,516,,00000516__,10.79,05,,01,04,02,01,01,01,05,01,,AT,,NJ 36,,,,35,50,26,,,N,,39096
2020133920HZ07315,MONMOUTH,HAZLET TWP,05/16/2020,SA,2009,01,HAZLET TWP PD,HAZLET TWP,0,0,0,0,P,B,N,N,02,2,NJ 36,N,36,,00000036__,22.81,02,,01,04,02,01,06,01,01,,800,FE,N,CR 6 / STONE RD,,,,50,35,26,,,N,,39100
2020133920HZ07330,MONMOUTH,HAZLET TWP,05/17/2020,SU,1334,01,HAZLET TWP PD,HAZLET PD,0,0,0,0,P,B,N,N,02,2,BEACHWAY / LAUREL AVE,N,,,13391283__,.00,07,,01,04,02,01,01,01,05,01,200,FE,S,NJ 36,,,,35,50,26,40.436510,74.141660,N,,39073
2020133920HZ07353,MONMOUTH,HAZLET TWP,05/18/2020,MO,1508,01,HAZLET TWP PD,,0,1,0,0,I,B,N,N,01,2,NJ 35,N,35,,00000035__,41.40,02,,01,04,02,01,01,01,01,,25,FE,S,MILLER AVE,,,,50,35,26,,,N,,39104
2020133920HZ07572,MONMOUTH,HAZLET TWP,05/23/2020,SA,1314,01,HAZLET TWP PD,HAZLET PD,0,0,0,0,P,I,N,N,02,2,NJ 35,S,35,,00000035__,42.69,02,,01,04,02,02,01,02,01,01,,AT,,CR 4 / HOLMDEL RD,,,,50,35,26,,,N,,39096
2020133920HZ07584,MONMOUTH,HAZLET TWP,05/23/2020,SA,1902,01,HAZLET TWP PD,HAZLET TWP PD,0,0,0,0,P,B,N,N,10,1,BETHANY RD / CHURCH ST / POOLE ST,E,,,13301307__,2.44,07,,01,04,02,01,01,05,04,01,200,FE,E,NJ 35,,,,35,50,56,,,N,FENCE AND SHRUBS DAMAGED (PROPERTY OWNER - JEFFERY REALTY (908) 668-9600,39085
2020133920HZ07603,MONMOUTH,HAZLET TWP,05/24/2020,SU,2024,01,HAZLET TWP PD,HAZLET,0,1,0,0,I,B,N,N,01,2,NJ 36,E,36,,00000036__,23.59,02,,01,04,02,01,03,01,01,01,20,FE,W,ROUTE 516 / MIDDLE RD,,,,50,35,26,,,N,,39103
2020133920HZ07661,MONMOUTH,HAZLET TWP,05/26/2020,TU,1353,01,HAZLET TWP PD,,0,0,0,0,P,B,N,N,01,2,NJ 36,S,36,,00000036__,22.47,02,,01,04,02,01,01,01,01,01,15,FE,S,SEAGATE AVE,,,,50,25,26,40.437790,74.169490,N,,39098
2020133920HZ07738,MONMOUTH,HAZLET TWP,05/28/2020,TH,1313,01,HAZLET TWP PD,HAZLET PD,0,0,0,0,P,B,N,N,11,2,CORNELL DR / FLEETWOOD DR **,N,,,13391102__,.12,07,,01,04,02,01,01,05,05,01,1320,FE,S,DUKE LN,,,,25,25,,40.420410,74.173650,N,CABLE WIRE FROM POLE #BT100HZ,39110
2020133920HZ07743,MONMOUTH,HAZLET TWP,05/28/2020,TH,1355,01,HAZLET TWP PD,HAZLET POLICE,0,0,0,0,P,B,Y,N,02,3,NJ 36,E,36,,00000036__,23.63,02,,01,04,02,01,01,05,01,01,200,FE,E,ROUTE 516 / MIDDLE RD,,,,50,35,26,,,N,,39089
2020133920HZ07817,MONMOUTH,HAZLET TWP,06/01/2020,MO,1046,01,HAZLET TWP PD,,0,0,0,0,P,B,N,N,01,2,NJ 36,E,36,,00000036__,20.95,02,,01,04,02,01,01,01,05,,,,,,T,LAUREL AVENUE,NB,50,,26,,,N,,39104
2020133920HZ07818,MONMOUTH,HAZLET TWP,05/30/2020,SA,1108,01,HAZLET TWP PD,HAZLET PD,0,1,0,0,I,B,N,N,01,3,NJ 36,E,36,,00000036__,23.50,02,,01,04,02,01,01,01,01,01,500,FE,W,ROUTE 516 / MIDDLE RD,,,,50,35,26,40.428030,74.189270,N,,
2020133920HZ07825,MONMOUTH,HAZLET TWP,05/30/2020,SA,1319,01,HAZLET TWP PD,HAZLET PD,0,0,0,0,P,B,N,N,02,2,NJ 35,E,35,,00000035__,42.78,02,,01,04,02,01,01,01,01,01,100,FE,W,BEDLE RD,,,,50,25,26,40.423010,74.192430,N,,39107
2020133920HZ07858,MONMOUTH,HAZLET TWP,05/31/2020,SU,1256,01,HAZLET TWP PD,,0,0,0,0,P,B,N,N,08,3,BUCKINGHAM CT **,E,,,13391353__,.00,07,,01,04,02,01,01,01,05,01,300,FE,W,ROUTE 516,,,,25,35,28,40.425230,74.153860,N,,39098
2020133920HZ07926,MONMOUTH,HAZLET TWP,06/01/2020,MO,1633,01,HAZLET TWP PD,HAZLET PD,0,0,0,0,P,B,N,N,03,2,NJ 35,E,35,,00000035__,42.37,02,,01,04,02,01,01,01,01,01,400,FE,E,HAZLET AVE,,,,50,30,26,40.420550,74.183850,N,,39107
2020133920HZ07969,MONMOUTH,HAZLET TWP,06/02/2020,TU,1357,01,HAZLET TWP PD,,0,0,0,0,P,B,N,N,01,2,ROUTE 516,E,516,,00000516__,11.20,05,,01,04,02,01,01,01,04,01,150,FE,W,POOLE AVE,,,,35,35,26,40.428160,74.180190,N,"NO PARKING ANYTIME"""" SIGN PROPERTY OF MONMOUTH COUNTY PUBLIC WORKS",39098
2020133920HZ07988,MONMOUTH,HAZLET TWP,06/04/2020,TH,1513,01,HAZLET TWP PD,,0,0,0,0,P,B,N,N,01,2,BETHANY RD / CHURCH ST / POOLE ST,S,,,13301307__,2.40,07,,01,04,02,01,01,01,05,,25,FE,N,NJ 35,,,,35,50,26,,,N,,39083
2020133920HZ07998,MONMOUTH,HAZLET TWP,06/05/2020,FR,1027,01,HAZLET TWP PD,,0,0,0,0,P,B,N,N,01,2,POOLE AVE,S,,,13391282__,,07,,01,04,02,01,01,01,05,01,25,FE,,,,,,35,,26,,,N,,39083
2020133920HZ08014,MONMOUTH,HAZLET TWP,06/04/2020,TH,0752,01,HAZLET TWP PD,HAZLET,0,0,0,0,P,B,N,N,03,2,HAZLET AVE / LAMMERS ST **,E,,,13391049__,.65,07,,01,04,02,01,01,01,05,01,100,FE,S,NJ 35,,,,30,50,26,,,N,,39062
2020133920HZ08062,MONMOUTH,HAZLET TWP,06/04/2020,TH,1820,01,HAZLET TWP PD,HAZLET PD,0,0,0,0,P,B,N,N,02,2,NJ 36,N,36,,00000036__,23.29,02,,01,04,02,01,01,01,01,01,500,FE,E,POOLE AVE,,,,50,35,26,,,N,,39072
2020133920HZ08089,MONMOUTH,HAZLET TWP,06/06/2020,SA,1628,01,HAZLET TWP PD,HAZLET TWP,0,0,0,0,P,B,N,N,06,2,E POPLAR ST **,E,,,13391237__,.12,07,,01,04,02,01,01,01,05,01,350,FE,E,FLORENCE AVE,,,,25,25,26,,,N,,39100
2020133920HZ08109,MONMOUTH,HAZLET TWP,06/05/2020,FR,1800,01,HAZLET TWP PD,HAZLET,0,0,0,0,P,B,N,N,01,2,NJ 36,W,36,,00000036__,23.25,02,,01,04,02,02,01,02,01,01,250,FE,E,POOLE AVE,,,,50,35,26,,,N,,39103
2020133920HZ08110,MONMOUTH,HAZLET TWP,06/05/2020,FR,2055,01,HAZLET TWP PD,HAZLET POLICE,0,0,0,0,P,I,N,N,03,2,ROUTE 516,W,516,,00000516__,11.13,05,,01,04,02,02,01,02,05,01,,AT,,HAZELET AVE,,,,35,25,26,,,N,,39089
2020133920HZ08262,MONMOUTH,HAZLET TWP,06/09/2020,TU,1053,01,HAZLET TWP PD,HAZLET TWP. PD,0,0,0,0,P,B,N,N,01,2,UNION AVE,N,,,13181306__,1.63,07,,01,04,02,01,01,01,05,01,10,FE,S,NJ 36,,,,35,50,26,,,N,,39085
2020133920HZ08270,MONMOUTH,HAZLET TWP,06/09/2020,TU,1511,01,HAZLET TWP PD,HAZLET TWP,0,1,0,0,I,B,N,N,01,2,NJ 36,W,36,,00000036__,23.25,02,,01,04,02,01,01,01,01,,250,FE,E,POOLE AVE,,,,50,35,26,,,N,,39105
2020133920HZ08324,MONMOUTH,HAZLET TWP,06/10/2020,WE,1743,01,HAZLET TWP PD,,0,0,0,0,P,B,N,N,01,2,NJ 36,E,36,,00000036__,23.20,02,,01,04,02,01,01,01,01,01,15,FE,W,POOLE AVE,,,,50,35,26,40.433660,74.179630,N,,39091
2020133920HZ08329,MONMOUTH,HAZLET TWP,06/10/2020,WE,2032,01,HAZLET TWP PD,HAZLET TWP,0,0,0,0,P,B,N,N,01,2,NJ 36,N,36,,00000036__,20.95,02,,01,04,02,01,03,01,01,01,25,FE,E,LAUREL AVE,,,,50,45,26,,,N,,39109
2020133920HZ08359,MONMOUTH,HAZLET TWP,06/11/2020,TH,1350,01,HAZLET TWP PD,HAZLET PD,0,0,0,0,P,B,N,N,01,3,NJ 36,W,36,,00000036__,23.23,02,,01,04,02,02,01,02,01,01,175,FE,E,POOLE AVE,,,,50,35,26,,,N,,
2020133920HZ08401,MONMOUTH,HAZLET TWP,06/13/2020,SA,0622,01,HAZLET TWP PD,,0,0,0,0,P,B,N,N,02,2,BETHANY RD / CHURCH ST / POOLE ST,S,,,13301307__,2.41,07,,01,04,02,01,01,01,05,01,50,FE,N,NJ 35,,,,35,50,26,,,N,,39083
2020133920HZ08409,MONMOUTH,HAZLET TWP,06/12/2020,FR,1156,01,HAZLET TWP PD,HAZLET PD,0,0,0,0,P,B,N,N,03,2,BEERS STREET,S,,,,,07,,01,04,02,01,01,01,04,01,50,FE,N,BETHANY ROAD,,,,35,35,26,,,N,,39097
2020133920HZ08424,MONMOUTH,HAZLET TWP,06/12/2020,FR,1503,01,HAZLET TWP PD,HAZLET PD,0,0,0,0,P,B,N,N,03,2,POOLE AVE,S,,,13391282__,.00,07,,01,04,02,01,01,01,05,,25,FE,N,NJ 36,,,,35,50,26,,,N,,39097
2020133920HZ08445,MONMOUTH,HAZLET TWP,06/13/2020,SA,1515,01,HAZLET TWP PD,,0,0,0,0,P,B,N,N,01,4,NJ 36,E,36,,00000036__,23.19,02,,01,04,02,01,01,01,01,01,75,FE,W,POOLE AVE,,,,50,35,26,,,N,,39083
2020133920HZ08483,MONMOUTH,HAZLET TWP,06/13/2020,SA,1145,01,HAZLET TWP PD,HAZLET TWP,0,0,0,0,P,B,N,N,06,3,LIMERICK PL **,W,,,13391035__,.01,07,,03,04,02,01,06,01,05,01,50,FE,E,LINE RD,,,,25,25,26,,,N,CURB WAS CRACKED IN FRONT OF 4 LIMERICK PLACE.,
2020133920HZ08499,MONMOUTH,HAZLET TWP,06/14/2020,SU,1453,01,HAZLET TWP PD,HAZLET,0,0,0,0,P,B,N,N,01,2,NJ 35,S,35,,00000035__,42.81,02,,01,04,02,01,01,01,01,01,50,FE,E,BEDLE RD,,,,50,25,26,,,N,,39097
2020133920HZ08543,MONMOUTH,HAZLET TWP,06/15/2020,MO,1453,01,HAZLET TWP PD,HAZLET TWP PD,0,1,0,0,I,I,N,N,03,2,BEERS ST,E,,,,,07,,01,04,02,01,01,01,05,01,,AT,,CLARK ST,,,,35,25,26,,,N,TELEPHONE POLE ON TOM'S FORD CORNER WAS STRUCK  NO POLE NUMBER ON POLE,39085
2020133920HZ08596,MONMOUTH,HAZLET TWP,06/16/2020,TU,1556,01,HAZLET TWP PD,HAZLET PD,0,0,0,0,P,B,N,N,01,2,MONMOUTH COUNTY 7 I,S,7,1,130000071_,1.72,05,,01,04,02,01,01,01,05,01,10,FE,N,NJ 36,,,,35,50,26,40.437130,74.141040,N,,39101
2020133920HZ08600,MONMOUTH,HAZLET TWP,06/16/2020,TU,1651,01,HAZLET TWP PD,HAZLET PD,0,1,0,0,I,I,N,N,14,1,HAZLET AVE **,E,,,13391054__,.00,07,,01,04,02,01,01,01,05,01,,AT,,ROUTE 516 / MIDDLE RD,,,,30,35,26,40.428150,74.181600,N,,39090
2020133920HZ08717,MONMOUTH,HAZLET TWP,06/18/2020,TH,1635,01,HAZLET TWP PD,,0,0,0,0,P,B,N,N,01,2,LAUREL AVE,N,,,13181305__,1.07,07,,01,04,02,01,01,01,05,01,10,FE,S,NJ 36,,,,35,50,26,40.438330,74.140790,N,,39091
2020133920HZ08733,MONMOUTH,HAZLET TWP,06/18/2020,TH,2318,01,HAZLET TWP PD,1339,0,1,0,0,I,I,N,N,03,2,NJ 36,N,36,,00000036__,20.95,02,,01,04,02,01,06,01,01,,,AT,,LAUREL AVE,,,,50,35,26,,,N,,39080
2020133920HZ08737,MONMOUTH,HAZLET TWP,06/19/2020,FR,0909,01,HAZLET TWP PD,,0,0,0,0,P,B,N,N,06,2,KINGSBRIDGE CT **,E,,,13391323__,.00,07,,01,04,02,01,01,01,05,01,25,FE,W,POOLE AVE,,,,25,35,28,,,N,,39083
2020133920HZ08739,MONMOUTH,HAZLET TWP,06/20/2020,SA,0849,01,HAZLET TWP PD,HAZLET,0,0,0,0,P,B,N,N,15,2,POOLE AVE,N,,,13391282__,.36,07,,01,04,02,01,01,01,05,01,30,FE,N,STONE RD,,,,35,35,39,,,N,PULLED DOWN LOW HANGING WIRES -VERIZON - 980 HOOPER AVE.  TOMS RIVER  NJ  08753,39103
2020133920HZ08825,MONMOUTH,HAZLET TWP,06/21/2020,SU,1117,01,HAZLET TWP PD,HAZLET PD,0,0,0,0,P,B,N,N,01,2,NJ 36,E,36,,00000036__,21.00,02,,01,04,02,01,01,01,01,01,25,FE,W,HOLLY AVE,,,,50,25,26,,,N,,39097
2020133920HZ08827,MONMOUTH,HAZLET TWP,06/21/2020,SU,1344,01,HAZLET TWP PD,HAZLET PD,0,0,0,0,P,B,N,N,04,2,MOAK DR **,N,,,13391094__,.00,07,,01,04,02,01,01,01,05,01,15,FE,N,CR 4 II / HOLMDEL RD,,,,25,35,26,,,N,,39097
2020133920HZ08872,MONMOUTH,HAZLET TWP,06/22/2020,MO,1053,01,HAZLET TWP PD,HAZLET,0,0,0,0,P,B,N,N,03,2,BETHANY RD / CHURCH ST / POOLE ST,S,,,13301307__,2.40,07,,01,04,02,01,01,01,05,01,20,FE,N,NJ 35,,,,35,50,26,,,N,,39103
2020133920HZ08880,MONMOUTH,HAZLET TWP,06/22/2020,MO,1610,01,HAZLET TWP PD,,0,1,0,0,I,B,N,N,01,2,BETHANY RD / CHURCH ST / POOLE ST,N,,,13301307__,2.59,07,,01,04,02,01,01,01,05,01,75,FE,S,KINGSBRIDGE CT,,,,35,15,26,,,N,,39083
2020133920HZ08886,MONMOUTH,HAZLET TWP,06/22/2020,MO,1934,01,HAZLET TWP PD,HAZLET PD,0,2,0,0,I,B,N,N,01,3,LAUREL AVE,N,,,13181305__,.97,07,,01,04,02,01,01,01,05,01,25,FE,S,SYDNEY TER,,,,35,25,26,,,N,,
2020133920HZ08892,MONMOUTH,HAZLET TWP,06/22/2020,MO,1722,01,HAZLET TWP PD,HAZLET,0,0,0,0,P,B,N,N,01,2,BETHANY RD / CHURCH ST / POOLE ST,N,,,13301307__,2.40,07,,01,04,02,01,01,01,05,01,20,FE,S,NJ 35,,,,35,50,26,,,N,,39103
2020133920HZ09025,MONMOUTH,HAZLET TWP,06/25/2020,TH,0919,01,HAZLET TWP PD,HAZLET PD,0,0,0,0,P,I,N,N,02,2,NJ 35,E,35,,00000035__,41.84,02,,03,04,02,01,01,01,01,02,,AT,,BETHANY RD / POOLE AVE,,,,50,35,26,40.408280,74.199520,N,,39101
2020133920HZ09045,MONMOUTH,HAZLET TWP,06/25/2020,TH,1707,01,HAZLET TWP PD,HAZLET TWP,0,0,0,0,P,I,N,N,03,2,BEACHWAY / LAUREL AVE,S,,,13391283__,.36,07,,01,04,02,01,01,01,05,01,,AT,S,8TH ST,,,,35,25,26,40.442440,74.141650,N,,39090
2020133920HZ09048,MONMOUTH,HAZLET TWP,06/25/2020,TH,1755,01,HAZLET TWP PD,1339,0,1,0,0,I,I,N,N,03,2,NJ 35,S,35,,00000035__,41.84,02,,01,04,02,01,01,01,01,,,AT,S,BETHANY RD / POOLE AVE,,,,50,35,26,40.418100,74.177840,N,,39080
2020133920HZ09113,MONMOUTH,HAZLET TWP,06/26/2020,FR,2356,01,HAZLET TWP PD,HAZLET TWP,0,1,0,0,I,B,N,N,12,1,ROUTE 516,E,516,,00000516__,12.62,05,,01,04,02,01,06,01,05,01,100,FE,E,NAPPI CT,,,,40,25,24,,,N,,39109
2020133920HZ09317,MONMOUTH,HAZLET TWP,07/01/2020,WE,0344,01,HAZLET TWP PD,HAZLET TWP,0,0,0,0,P,B,N,N,11,1,NJ 35,E,35,,00000035__,42.23,02,,01,04,02,01,06,01,01,01,300,FE,W,HAZLET AVE,,,,50,35,48,,,N,,39106
2020133920HZ09443,MONMOUTH,HAZLET TWP,07/03/2020,FR,1344,01,HAZLET TWP PD,HAZLET TWP PD,0,0,0,0,P,I,N,N,02,2,BEACHWAY / LAUREL AVE,N,,,13391283__,.48,07,,01,04,02,01,01,01,05,01,,AT,,5TH ST,,,,35,25,26,,,N,,39085
2020133920HZ09454,MONMOUTH,HAZLET TWP,07/03/2020,FR,1728,01,HAZLET TWP PD,HAZLET PD,0,0,0,0,P,B,N,N,01,2,BETHANY RD / CHURCH ST / POOLE ST,E,,,13301307__,2.40,07,,03,04,02,01,01,01,05,01,10,FE,S,NJ 35,,,,35,50,26,40.417690,74.175270,N,,39111
2020133920HZ09511,MONMOUTH,HAZLET TWP,07/04/2020,SA,1346,01,HAZLET TWP PD,HAZLET PD,0,1,0,0,I,B,N,N,01,2,NJ 36,E,36,,00000036__,21.00,02,,01,04,02,01,01,01,01,01,20,FE,W,HOLLY AVE,,,,50,25,26,40.437130,74.141040,N,,39111
2020133920HZ09559,MONMOUTH,HAZLET TWP,07/05/2020,SU,1215,01,HAZLET TWP PD,HAZLET,0,0,0,0,P,B,N,N,06,2,CLARK ST **,E,,,13221059__,.21,07,,01,04,02,01,06,01,05,01,50,FE,W,BEERS ST,,,,30,35,28,,,N,,39103
2020133920HZ09587,MONMOUTH,HAZLET TWP,07/06/2020,MO,0304,01,HAZLET TWP PD,HAZLET TWP,0,1,0,0,I,B,Y,N,11,1,BEACHWAY / LAUREL AVE,N,,,13391283__,.02,07,,01,04,01,01,06,01,05,01,100,FE,N,NJ 36,,,,35,50,56,,,N,320 LAUREL AVE (MULTIPLE RECYCLING CANS) 300 LAUREL AVE (FRONT LAWN DAMAGE),39106
2020133920HZ09604,MONMOUTH,HAZLET TWP,07/06/2020,MO,1200,01,HAZLET TWP PD,HAZLET PD,0,3,0,0,I,I,N,N,03,2,LINE RD,E,,,13181304__,1.05,07,,01,04,02,01,01,01,05,01,,AT,,BETHANY RD / CHURCH ST,,,,35,25,26,,,N,,39072
2020133920HZ09660,MONMOUTH,HAZLET TWP,07/07/2020,TU,1321,01,HAZLET TWP PD,HAZLET,0,1,0,0,I,B,N,N,14,1,HAZLET AVE **,N,,,13391054__,.00,07,,01,04,02,01,01,01,05,01,5,FE,S,ROUTE 516 / MIDDLE RD,,,,30,35,26,,,N,,39103