Year(4)-CountyCode(2)-MunicipalityCode(2)-CaseNumber(9),County Name,Municipality Name,Crash Date,Crash Day of Week,Crash Time,Police Department Code,Police Department,Police Station,Total Killed,Total Injured,Pedestrians Killed,Pedestrians Injured,Severity,Intersection,Alcohol Involved,Hazmat Involved,Crash Type,Total Vehicles,Location,Location Direction,Route,Route Suffix,Std Rte Identifier,MilePost,Road System,Road Character,Road Horizontal Alignment,Road Grade,Road Surface Type,Surface Condition,Light Condition,Environmental Condition,Road Divided By,Temporary Traffic Control Zone,Distance To Cross Street,Unit Of Measurement,Direction From Cross Street,Cross Street Name,Is Ramp,Ramp To/From Route Name,Ramp To/From Route Direction,Posted Speed,Posted Speed Cross Street,First Harmful Event,Latitude,Longitude,Cell Phone In Use Flag,Other Property Damage,Reporting Badge No.
2020133920HZ09671,MONMOUTH,HAZLET TWP,07/08/2020,WE,0842,01,HAZLET TWP PD,HAZLET PD,0,0,0,0,P,B,N,N,02,2,LAUREL AVE,S,,,13181305__,1.05,07,,01,04,02,01,01,01,05,01,125,FE,S,NJ 36,,,,35,50,26,,,N,,39072
2020133920HZ09674,MONMOUTH,HAZLET TWP,07/08/2020,WE,0851,01,HAZLET TWP PD,HAZLET PD,0,0,0,0,P,B,N,N,02,2,NJ 36,W,36,,00000036__,20.83,02,,01,04,02,01,01,01,01,01,30,FE,W,CR 7 / FRANKLIN AVE / MUNROE AVE,,,,50,35,26,,,N,,39072
2020133920HZ09768,MONMOUTH,HAZLET TWP,07/09/2020,TH,1247,01,HAZLET TWP PD,HAZLET TWP PD,0,0,0,0,P,B,N,N,01,2,NJ 35,S,35,,00000035__,41.84,02,,01,04,02,01,01,01,01,01,5,FE,N,BETHANY RD / POOLE AVE,,,,50,35,26,,,N,,39085
2020133920HZ09775,MONMOUTH,HAZLET TWP,07/09/2020,TH,1427,01,HAZLET TWP PD,HQ,0,0,0,0,P,B,N,N,03,2,POOLE AVE,S,,,13391282__,.00,07,,01,04,02,01,01,01,05,01,20,FE,N,NJ 36,,,,35,50,26,40.433750,74.181700,N,,39078
2020133920HZ09808,MONMOUTH,HAZLET TWP,07/09/2020,TH,2123,01,HAZLET TWP PD,HAZLET PD,1,0,0,0,F,B,Y,N,10,2,HENRY HUDSON TRAIL,E,,,,,06,,01,04,02,01,05,01,05,01,20,FE,S,PERI PLACE,,,,,25,01,,,N,,39111
2020133920HZ09837,MONMOUTH,HAZLET TWP,07/10/2020,FR,1328,01,HAZLET TWP PD,HAZLET TWP.,0,0,0,0,P,B,N,N,01,2,ROUTE 516,E,516,,00000516__,11.24,05,,01,04,02,02,01,02,05,01,50,FE,E,POOLE AVE,,,,35,35,26,,,N,,39093
2020133920HZ09853,MONMOUTH,HAZLET TWP,07/10/2020,FR,1907,01,HAZLET TWP PD,HAZLET PD,0,1,0,0,I,B,N,N,11,2,NJ 36,N,36,,00000036__,21.14,02,,01,04,02,02,01,02,01,01,20,FE,N,CENTRAL AVE,,,,50,25,52,40.438020,74.144990,N,VEHICLE STRUCK JCPL POLE #JC257HZ  ONLY LEAVING MINOR DAMAGE.,39111
2020133920HZ09894,MONMOUTH,HAZLET TWP,07/11/2020,SA,1330,01,HAZLET TWP PD,HAZLET TWP,0,0,0,0,P,B,N,N,03,2,BETHANY RD / CHURCH ST / POOLE ST,N,,,13301307__,2.35,07,,01,04,02,01,01,05,05,,250,FE,S,NJ 35,,,,35,50,26,,,N,,39105
2020133920HZ09896,MONMOUTH,HAZLET TWP,07/11/2020,SA,1410,01,HAZLET TWP PD,HAZLET TWP PD,0,0,0,0,P,I,N,N,01,2,CRESCI BLVD **,,,,13391029__,.00,07,,01,04,02,01,01,01,05,01,,AT,,BETHANY RD,,,,25,35,26,,,N,,39085
2020133920HZ09902,MONMOUTH,HAZLET TWP,07/11/2020,SA,1624,01,HAZLET TWP PD,HAZLET PD,0,1,0,0,I,I,N,N,03,2,ROUTE 516,E,516,,00000516__,10.65,05,,01,04,02,01,01,01,05,01,,AT,,FLORENCE AVE,,,,35,25,26,40.431010,74.189590,N,,39090
2020133920HZ09912,MONMOUTH,HAZLET TWP,07/12/2020,SU,0219,01,HAZLET TWP PD,,0,0,0,0,P,B,N,N,01,2,HAZLET AVE / LAMMERS ST **,S,,,13391049__,.62,07,,01,04,02,02,01,02,05,01,250,FE,S,NJ 35,,,,35,50,26,,,N,,39104
2020133920HZ09968,MONMOUTH,HAZLET TWP,07/12/2020,SU,1222,01,HAZLET TWP PD,HAZLET TWP,0,0,0,0,P,B,N,N,02,2,LAUREL AVE,N,,,13181305__,1.05,07,,01,04,02,01,01,01,05,,100,FE,S,NJ 36,,,,35,50,26,,,N,,39105
2020133920HZ10016,MONMOUTH,HAZLET TWP,07/13/2020,MO,1021,01,HAZLET TWP PD,HAZLET TWP,0,0,0,0,P,B,N,N,03,2,ROUTE 516,N,516,,00000516__,10.84,05,,01,04,02,01,01,01,04,01,275,FE,E,NJ 36,,,,35,50,26,,,N,,39100
2020133920HZ10023,MONMOUTH,HAZLET TWP,07/14/2020,TU,1302,01,HAZLET TWP PD,HAZLET PD,0,0,0,0,P,B,N,N,01,2,NJ 35,S,35,,00000035__,42.72,02,,01,04,02,01,01,01,01,01,150,FE,N,CR 4 / HOLMDEL RD,,,,50,35,26,,,N,,39084
2020133920HZ10038,MONMOUTH,HAZLET TWP,07/13/2020,MO,2326,01,HAZLET TWP PD,HAZLET PD,0,0,0,0,P,I,N,N,11,1,NINTH ST **,N,,,13391223__,.11,07,,01,04,02,01,06,01,99,01,,AT,,HOLLY AVE,,,,25,25,69,,,N,,39096
2020133920HZ10063,MONMOUTH,HAZLET TWP,07/15/2020,WE,0748,01,HAZLET TWP PD,HAZLET,0,0,0,0,P,B,N,N,03,2,POOLE AVE,S,,,13391282__,.01,07,,01,04,02,01,01,01,05,01,30,FE,N,NJ 36,,,,35,50,26,,,N,,39103
2020133920HZ10080,MONMOUTH,HAZLET TWP,07/14/2020,TU,1812,01,HAZLET TWP PD,HAZLET PD,0,0,0,0,P,B,Y,N,05,2,MONMOUTH COUNTY 3,N,3,,13000003__,12.69,05,,01,04,02,02,01,01,05,01,500,FE,S,GERARD AVE,,,,35,35,26,,,N,,39096
2020133920HZ10083,MONMOUTH,HAZLET TWP,07/14/2020,TU,1908,01,HAZLET TWP PD,HAZLET PD,0,1,0,0,I,B,N,N,01,2,ROUTE 516,E,516,,00000516__,12.83,05,,01,04,02,01,01,01,05,,100,FE,W,MEREDITH WAY,,,,35,25,26,40.423390,74.149450,N,,39073
2020133920HZ10160,MONMOUTH,HAZLET TWP,07/16/2020,TH,1444,01,HAZLET TWP PD,HAZLET TWP PD.,0,0,0,0,P,B,N,N,02,2,POOLE AVE,W,,,13391282__,.02,07,,01,04,02,01,01,01,04,01,100,FE,E,NJ 36,,,,35,50,26,,,N,,39085
2020133920HZ10290,MONMOUTH,HAZLET TWP,07/18/2020,SA,1816,01,HAZLET TWP PD,HAZLET PD,0,0,0,0,P,B,N,N,01,2,LAUREL AVE,W,,,13181305__,1.07,07,,01,04,02,01,01,01,05,01,20,FE,W,NJ 36,,,,25,50,26,,,N,,39111
2020133920HZ10350,MONMOUTH,HAZLET TWP,07/19/2020,SU,1442,01,HAZLET TWP PD,HAZLET TWP,0,2,0,0,I,B,N,N,01,3,NJ 36,S,36,,00000036__,23.82,02,,01,04,02,01,01,01,01,01,30,FE,S,FLORENCE AVE,,,,50,25,26,,,N,,
2020133920HZ10356,MONMOUTH,HAZLET TWP,07/19/2020,SU,1430,01,HAZLET TWP PD,HAZLET TWP PD,0,0,0,0,P,I,N,N,03,2,LAUREL AVE,,,,13181305__,.97,07,,01,04,02,01,01,01,05,01,,AT,,SYDNEY TER,,,,35,25,26,,,N,,39085
2020133920HZ10408,MONMOUTH,HAZLET TWP,07/20/2020,MO,0841,01,HAZLET TWP PD,HAZLET TWP PD,0,0,0,0,P,B,N,N,01,2,NJ 36,W,36,,00000036__,21.27,02,,01,04,02,01,01,01,01,01,15,FE,E,BROWN AVE,,,,50,25,26,,,N,,39085
2020133920HZ10409,MONMOUTH,HAZLET TWP,07/20/2020,MO,0843,01,HAZLET TWP PD,HQ,0,0,0,0,P,I,N,N,03,2,BEDLE RD **,E,,,13391338__,.14,07,,01,04,02,01,01,01,05,01,,AT,,PEACH DR,,,,25,25,26,40.417820,74.196640,N,,39078
2020133920HZ10412,MONMOUTH,HAZLET TWP,07/20/2020,MO,1335,01,HAZLET TWP PD,HAZLET TWP,0,0,0,0,P,I,N,N,11,1,LAUREL AVE,S,,,13181305__,.49,07,,01,04,02,01,01,01,05,02,,AT,,LILLIAN DR,,,,35,25,54,,,N,STRUCK THE WIRES ON LILLIAN DRIVE POLE NUMBER:JC234HZ,39105
2020133920HZ10423,MONMOUTH,HAZLET TWP,07/20/2020,MO,1348,01,HAZLET TWP PD,HAZLET PD,0,0,0,0,P,B,N,N,01,2,HAZLET AVE / LAMMERS ST **,S,,,13391049__,.67,07,,01,04,02,01,01,01,05,01,20,FE,N,NJ 35,,,,35,50,26,40.419100,74.183190,N,,39101
2020133920HZ10455,MONMOUTH,HAZLET TWP,07/21/2020,TU,0916,01,HAZLET TWP PD,HAZLET TWP,0,0,0,0,P,B,N,N,01,2,POOLE AVE,N,,,13391282__,.01,07,,01,04,02,01,01,01,04,01,30,FE,S,NJ 36,,,,35,50,26,,,N,,39100
2020133920HZ10476,MONMOUTH,HAZLET TWP,07/22/2020,WE,1023,01,HAZLET TWP PD,HAZLET PD,0,0,0,0,P,B,N,N,01,2,NJ 36,S,36,,00000036__,23.78,02,,01,04,02,01,01,01,01,01,250,FE,W,FLORENCE AVE,,,,50,25,26,,,N,,39072
2020133920HZ10522,MONMOUTH,HAZLET TWP,07/22/2020,WE,1523,01,HAZLET TWP PD,HAZLET PD,0,0,0,0,P,B,N,N,08,2,BARRIER DR **,W,,,13391003__,.15,07,,01,05,02,01,01,01,05,01,100,FE,E,ATOLL PL,,,,25,25,26,,,N,,39072
2020133920HZ10628,MONMOUTH,HAZLET TWP,07/24/2020,FR,1530,01,HAZLET TWP PD,,0,0,0,0,P,B,N,N,15,1,1394 HWY 36,E,,,,,09,,01,04,02,02,01,02,05,01,,,,,,,,15,,,,,N,GARAGE BAY DOOR,39062
2020133920HZ10650,MONMOUTH,HAZLET TWP,07/24/2020,FR,1856,01,HAZLET TWP PD,HAZLET PD,0,1,0,0,I,R,N,N,01,2,BETHANY RD / CHURCH ST / POOLE ST,W,,,13301307__,2.18,07,,01,04,02,01,01,01,04,01,50,FE,W,ASHLEIGH DR,,,,35,15,26,,,N,,39113
2020133920HZ10665,MONMOUTH,HAZLET TWP,07/24/2020,FR,2350,01,HAZLET TWP PD,HAZLET POLICE,0,0,0,0,P,B,N,N,06,2,KAYLEN PL **,,,,13391028__,.00,07,,01,04,02,01,06,01,05,01,20,FE,S,WEBSTER DR,,,,25,25,28,,,N,,39089
2020133920HZ10686,MONMOUTH,HAZLET TWP,07/25/2020,SA,1332,01,HAZLET TWP PD,,0,1,0,0,I,B,N,N,02,2,HUDSON AVE **,E,,,13391191__,.01,07,,01,04,02,01,01,01,05,01,50,FE,W,CR 7 I / PALMER AVE,,,,25,35,26,40.435220,74.132010,N,,39091
2020133920HZ10733,MONMOUTH,HAZLET TWP,07/26/2020,SU,0932,01,HAZLET TWP PD,HAZLET PD,0,0,0,0,P,B,N,N,01,2,NJ 36,E,36,,00000036__,21.74,02,,01,04,02,01,01,01,01,01,25,FE,W,ROSE LN,,,,50,35,26,40.437990,74.155970,N,,39090
2020133920HZ10801,MONMOUTH,HAZLET TWP,07/27/2020,MO,1312,01,HAZLET TWP PD,HAZLET PD,0,0,0,0,P,B,N,N,02,2,ROUTE 516,N,516,,00000516__,10.79,05,,01,04,02,01,01,01,05,01,5,FE,W,NJ 36,,,,35,50,26,40.430410,74.186090,N,,39101
2020133920HZ10805,MONMOUTH,HAZLET TWP,07/27/2020,MO,1416,01,HAZLET TWP PD,HAZLET PD,0,0,0,0,P,B,N,N,01,2,NJ 36,E,36,,00000036__,22.21,02,,01,04,02,01,01,01,01,01,20,FE,W,CR 39 / UNION AVE,,,,50,35,26,40.437940,74.164540,N,,39101
2020133920HZ10927,MONMOUTH,HAZLET TWP,07/29/2020,WE,1709,01,HAZLET TWP PD,HAZLET PD,0,1,0,0,I,B,N,N,14,1,HAZLET AVE **,W,,,13391054__,.00,07,,01,04,02,01,01,01,05,01,15,FE,E,ROUTE 516 / MIDDLE RD,,,,25,35,21,,,N,,39112
2020133920HZ10949,MONMOUTH,HAZLET TWP,07/30/2020,TH,0800,01,HAZLET TWP PD,HAZLET PD,0,0,0,0,P,B,N,N,03,2,POOLE AVE,N,,,13391282__,.11,07,,01,04,02,01,01,01,05,,100,FE,N,GINA DR,,,,35,25,26,40.434460,74.181140,N,,39110
2020133920HZ10956,MONMOUTH,HAZLET TWP,07/30/2020,TH,1300,01,HAZLET TWP PD,HAZLET TWP,0,0,0,0,P,B,N,N,01,2,NJ 35,S,35,,00000035__,41.40,02,,01,04,02,01,01,01,01,01,25,FE,E,MILLER AVE,,,,50,25,26,,,N,,39106
2020133920HZ10959,MONMOUTH,HAZLET TWP,07/30/2020,TH,1414,01,HAZLET TWP PD,HAZLET PD,0,0,0,0,P,B,N,N,06,2,CORAL DR **,S,,,13391004__,.17,07,,01,04,02,01,01,01,05,01,25,FE,,BARRIER DR,,,,25,25,26,,,N,,39113
2020133920HZ10976,MONMOUTH,HAZLET TWP,07/30/2020,TH,1833,01,HAZLET TWP PD,HAZLET PD,0,1,0,0,I,B,Y,N,01,2,NJ 36,W,36,,00000036__,20.84,02,,01,04,02,01,01,03,01,01,25,FE,E,MUNROE AVNUE,,,,50,25,26,40.436850,74.138930,N,,39110
2020133920HZ11066,MONMOUTH,HAZLET TWP,08/01/2020,SA,1058,01,HAZLET TWP PD,HAZLET POLICE,0,0,0,0,P,B,N,N,06,2,3150 SR 35,S,,,,,09,,01,04,02,01,01,01,,,,,,,,,,15,,26,40.419430,74.184720,N,,39073
2020133920HZ11104,MONMOUTH,HAZLET TWP,08/01/2020,SA,2148,01,HAZLET TWP PD,HAZLET TWP,0,5,0,0,I,I,N,N,03,2,NJ 35,S,35,,00000035__,42.69,02,,01,04,02,01,06,01,01,01,,AT,,CR 4 / HOLMDEL RD,,,,50,35,26,,,N,,39100
2020133920HZ11119,MONMOUTH,HAZLET TWP,08/02/2020,SU,1332,01,HAZLET TWP PD,,0,0,0,0,P,I,N,N,03,2,NJ 35,N,35,,00000035__,42.69,02,,01,04,02,01,01,01,01,01,,AT,,CR 4 / HOLMDEL RD,,,,50,35,26,40.423010,74.192430,N,,39098
2020133920HZ11128,MONMOUTH,HAZLET TWP,08/02/2020,SU,1617,01,HAZLET TWP PD,HAZLET PD,0,3,0,0,I,I,N,N,03,2,ROUTE 516,E,516,,00000516__,10.65,05,,01,04,02,01,01,01,05,01,,AT,,FLORENCE AVE,,,,35,25,26,40.431010,74.189590,N,STOP SIGN; HAZLET TOWNSHIP DPW 39 LEOCADIA CT  HAZLET  NJ 07730,39107
2020133920HZ11157,MONMOUTH,HAZLET TWP,08/03/2020,MO,0912,01,HAZLET TWP PD,HAZLET TWP.,0,1,0,0,I,B,N,N,01,2,CLARK ST **,E,,,13221061__,.00,07,,01,04,02,01,01,01,05,01,10,FE,W,NJ 35,,,,25,50,26,,,N,,39109
2020133920HZ11160,MONMOUTH,HAZLET TWP,08/03/2020,MO,1159,01,HAZLET TWP PD,,0,0,0,0,P,B,N,N,08,2,NINTH ST **,W,,,13391223__,.49,07,,01,04,02,01,01,01,05,01,25,FE,N,THIRTEENTH ST,,,,25,25,28,,,N,,39104
2020133920HZ11240,MONMOUTH,HAZLET TWP,08/03/2020,MO,1614,01,HAZLET TWP PD,HAZLET TWP,0,0,0,0,P,B,N,N,02,2,NJ 35,W,35,,00000035__,42.18,02,,01,04,02,01,01,01,01,01,581,FE,W,HAZLET AVE,,,,50,35,26,,,N,,39109
2020133920HZ11429,MONMOUTH,HAZLET TWP,08/04/2020,TU,2051,01,HAZLET TWP PD,HAZLET TWP PD,0,0,0,0,P,I,N,N,08,2,NJ 36,W,36,,00000036__,20.95,02,,01,04,02,01,04,01,01,01,,AT,,LAUREL AVE,,,,50,35,26,,,N,,39085
2020133920HZ11456,MONMOUTH,HAZLET TWP,08/05/2020,WE,0749,01,HAZLET TWP PD,1339,0,0,0,0,P,B,N,N,01,2,NJ 36,N,36,,00000036__,22.70,02,,01,04,02,01,01,01,01,,2640,FE,S,POOLE AVE,,,,50,35,26,,,N,,39080
2020133920HZ11487,MONMOUTH,HAZLET TWP,08/05/2020,WE,1535,01,HAZLET TWP PD,1339,0,0,0,0,P,B,N,N,01,2,ROUTE 516,E,516,,00000516__,10.97,05,,01,04,02,01,01,01,05,,5,FE,W,COACH DR E,,,,35,25,26,,,N,,39080
2020133920HZ11491,MONMOUTH,HAZLET TWP,08/05/2020,WE,1637,01,HAZLET TWP PD,HAZLET TWP,0,0,0,0,P,I,N,N,01,2,UNION AVE,N,,,13181306__,1.53,07,,01,04,02,01,01,01,05,01,,AT,,HEMLOCK ST,,,,35,25,26,40.436430,74.164330,N,,39109
2020133920HZ11502,MONMOUTH,HAZLET TWP,08/05/2020,WE,1828,01,HAZLET TWP PD,HQ,0,0,0,0,P,B,N,N,08,2,MASON DR **,N,,,13391050__,.32,07,,01,04,02,01,01,01,05,01,10,FE,N,POOLE AVE,,,,25,35,26,40.426480,74.178760,N,,39078
2020133920HZ11504,MONMOUTH,HAZLET TWP,08/05/2020,WE,1856,01,HAZLET TWP PD,HAZLET TWP PD,0,0,0,0,P,I,N,N,01,2,NJ 35,E,35,,00000035__,42.69,02,,03,04,02,01,01,01,05,01,,AT,,CR 4 / HOLMDEL RD,,,,35,50,26,,,N,,39085
2020133920HZ11505,MONMOUTH,HAZLET TWP,08/05/2020,WE,2259,01,HAZLET TWP PD,HAZLET TWP,0,0,0,0,P,B,N,N,02,2,ROUTE 516,N,516,,00000516__,10.78,05,,01,04,02,01,01,01,05,01,50,FE,S,NJ 36,,,,35,50,26,,,N,,39105
2020133920HZ11611,MONMOUTH,HAZLET TWP,08/06/2020,TH,1330,01,HAZLET TWP PD,HAZLET PD,0,0,0,0,P,B,N,N,01,2,NJ 35,S,35,,00000035__,41.85,02,,01,04,02,01,01,01,01,01,50,FE,N,BETHANY RD / POOLE AVE,,,,50,30,26,40.408280,74.199520,N,,39110
2020133920HZ11615,MONMOUTH,HAZLET TWP,08/06/2020,TH,1340,01,HAZLET TWP PD,HAZLET TWP,0,1,0,0,I,B,N,N,01,2,NJ 35,N,35,,00000035__,41.41,02,,01,04,02,01,01,01,01,01,50,FE,N,MILLER AVE,,,,50,25,26,,,N,,39106
2020133920HZ11686,MONMOUTH,HAZLET TWP,08/09/2020,SU,1520,01,HAZLET TWP PD,HAZLET PD,0,0,0,0,P,B,N,N,02,2,NJ 35,N,35,,00000035__,41.40,02,,01,04,02,01,01,01,01,01,25,FE,S,MILLER AVE,,,,50,25,26,,,N,,39082
2020133920HZ11691,MONMOUTH,HAZLET TWP,08/08/2020,SA,0618,01,HAZLET TWP PD,HAZLET POLICE,0,0,0,0,P,B,N,N,02,2,NJ 35,N,35,,00000035__,41.45,02,,01,04,02,01,01,01,01,01,250,FE,N,MILLER AVE,,,,50,25,26,,,N,,39112
2020133920HZ11745,MONMOUTH,HAZLET TWP,08/08/2020,SA,1518,01,HAZLET TWP PD,HAZLET,0,0,0,0,P,I,N,N,03,2,ROUTE 516,N,516,,00000516__,10.65,05,,01,04,02,01,01,01,05,01,,AT,,FLORENCE AVE,,,,35,25,26,,,N,,39103
2020133920HZ11791,MONMOUTH,HAZLET TWP,08/09/2020,SU,1417,01,HAZLET TWP PD,HAZLET PD,0,0,0,0,P,B,N,N,01,2,NJ 36,E,36,,00000036__,21.74,02,,01,04,02,01,01,01,01,01,25,FE,W,ROSE LN,,,,50,30,26,,,N,,39110
2020133920HZ11894,MONMOUTH,HAZLET TWP,08/11/2020,TU,1556,01,HAZLET TWP PD,,0,0,0,0,P,B,N,N,03,2,BEACHWAY / LAUREL AVE,S,,,13391283__,.28,07,,01,04,02,01,01,01,05,01,10,FE,S,10TH ST,,,,35,25,26,,,N,,39104
2020133920KP00098,MONMOUTH,HAZLET TWP,01/04/2020,SA,1224,01,KEYPORT PD,KEYPORT PD,0,1,0,0,I,B,N,N,11,1,GARDEN STATE PARKWAY,E,,,,,03,,02,05,02,02,01,05,01,01,50,FE,W,,T,NJ 36,SB,65,,46,40.424040,74.200540,N,GUARD RAIL FACE AND SUPPORT POST,22031
2020133920KP00121,MONMOUTH,HAZLET TWP,01/05/2020,SU,1403,01,KEYPORT PD,KEYPORT PD,0,0,0,0,P,B,N,N,01,2,GARDEN STATE PARKWAY,E,444,,00000444__,118.40,03,,03,04,02,01,01,01,04,01,5,FE,W,,T,NJ,SB,65,,26,,,N,,22041
2020133920KP00244,MONMOUTH,HAZLET TWP,01/09/2020,TH,0957,01,KEYPORT PD,,0,0,0,0,P,B,N,N,01,2,GARDEN STATE PARKWAY,S,444,,00000444__,118.40,03,,03,04,02,01,01,01,05,,,,,,T,NJ 35,SB,50,,26,,,N,,22032
2020133920KP00834,MONMOUTH,HAZLET TWP,01/26/2020,SU,1358,01,KEYPORT PD,KEYPORT PD,0,0,0,0,P,B,N,N,01,2,GARDEN STATE PARKWAY,E,444,,00000444__,118.60,03,,03,04,02,01,01,01,03,01,10,FE,W,,T,NJ 35,SB,65,,26,,,N,,22041
2020133920KP00995,MONMOUTH,HAZLET TWP,01/31/2020,FR,1602,01,KEYPORT PD,,0,0,0,0,P,B,N,N,01,2,GARDEN STATE PARKWAY,S,444,,00000444__,118.40,03,,03,04,02,01,01,05,05,01,25,FE,N,,T,NJ 35,SB,50,,26,,,N,,22032
2020133920KP01180,MONMOUTH,HAZLET TWP,02/07/2020,FR,1044,01,KEYPORT PD,KEYPORT,0,0,0,0,P,B,N,N,11,1,GARDEN STATE PARKWAY,W,444,,00000444__,118.60,03,,03,06,02,01,01,01,01,01,500,FE,W,,F,NJ 35,NB,50,,46,,,N,GSP GUARD RAIL,22245
2020133920KP01219,MONMOUTH,HAZLET TWP,02/08/2020,SA,1124,01,KEYPORT PD,KEYPORT PD,0,1,0,0,I,B,N,N,01,2,GARDEN STATE PARKWAY,E,,,,,03,,03,04,02,01,01,01,03,01,,,,,T,NJ 35,SB,50,,26,40.425680,74.202450,N,,22031
2020133920KP02067,MONMOUTH,HAZLET TWP,03/06/2020,FR,1403,01,KEYPORT PD,KEYPORT PD,0,0,0,0,P,B,N,N,01,2,GARDEN STATE PARKWAY,N,444,,00000444__,118.40,03,,03,06,02,01,01,01,02,01,,,,,F,NJ 35,SB,50,,26,,,N,,22041
2020133920KP02208,MONMOUTH,HAZLET TWP,03/10/2020,TU,0848,01,KEYPORT PD,,0,0,0,0,P,B,N,N,01,2,GARDEN STATE PARKWAY,N,,,,,03,,01,05,02,01,01,01,03,,,,W,,T,PARKWAY,NB,50,,26,40.425550,74.198880,N,,22024
2020133920KP02251,MONMOUTH,HAZLET TWP,03/11/2020,WE,1501,01,KEYPORT PD,,0,0,0,0,P,B,N,N,01,2,GARDEN STATE PARKWAY,E,444,,00000444__,118.40,03,,03,04,02,01,01,01,03,01,,,,,T,NJ 35,SB,50,,26,,,N,,22026
2020133920KP03117,MONMOUTH,HAZLET TWP,04/14/2020,TU,1640,01,KEYPORT PD,KEYPORT PD,0,0,0,0,P,B,N,N,01,2,GARDEN STATE PARKWAY,N,444,,00000444__,118.40,03,,03,06,02,01,01,01,04,01,,,,,F,NJ 35,SB,50,,26,,,N,,22041
2020133920KP04629,MONMOUTH,HAZLET TWP,05/27/2020,WE,1603,01,KEYPORT PD,,0,0,0,0,P,I,N,N,01,2,GARDEN STATE PARKWAY,,,,,,03,,01,04,02,01,01,01,03,01,,AT,,NJ 35,,,,25,50,26,40.424070,74.202790,N,,22038
2020133920KP04751,MONMOUTH,HAZLET TWP,05/30/2020,SA,1711,01,KEYPORT PD,KEYPORT PD,0,1,0,0,I,B,N,N,01,2,GARDEN STATE PARKWAY,S,444,,00000444__,118.40,03,,03,04,02,01,01,01,02,01,,,,,T,NJ 35,SB,50,,26,,,N,,22041
2020133920KP04757,MONMOUTH,HAZLET TWP,05/30/2020,SA,1756,01,KEYPORT PD,KEYPORT PD,0,0,0,0,P,B,N,N,01,2,GARDEN STATE PARKWAY,W,,,,,03,,03,06,02,01,01,01,04,,75,FE,W,,F,NJ 35,NB,50,,26,40.425690,74.202300,N,,22031
2020133920KP04983,MONMOUTH,HAZLET TWP,06/08/2020,MO,0907,01,KEYPORT PD,KEYPORT PD,0,0,0,0,P,B,N,N,02,2,GARDEN STATE PARKWAY,S,444,,00000444__,118.40,03,,01,05,02,01,01,01,01,01,,,,,T,NJ 35,SB,50,,26,,,N,,22041
2020133920KP05284,MONMOUTH,HAZLET TWP,06/18/2020,TH,1347,01,KEYPORT PD,KEYPORT PD,0,2,0,0,I,B,N,N,01,2,GARDEN STATE PARKWAY,S,,,,,03,,03,04,02,01,01,05,04,,,,,,T,NJ 35,SB,65,,26,40.424040,74.200540,N,,22031
2020133920KP05370,MONMOUTH,HAZLET TWP,06/20/2020,SA,1642,01,KEYPORT PD,,0,1,0,0,I,B,N,N,01,2,GARDEN STATE PARKWAY,S,444,,00000444__,118.40,03,,01,04,02,01,01,01,01,01,5,FE,N,,T,NJ 35,SB,50,,26,,,N,,22245
2020133920KP05532,MONMOUTH,HAZLET TWP,06/26/2020,FR,1609,01,KEYPORT PD,KEYPORT PD,0,0,0,0,P,B,N,N,02,2,GARDEN STATE PARKWAY,S,444,,00000444__,118.40,03,,01,04,02,01,01,01,01,01,5,FE,N,CLARK ST,,,,50,35,26,,,N,,22041
2020133920KP07018,MONMOUTH,HAZLET TWP,08/10/2020,MO,1454,01,KEYPORT PD,KEYPORT PD,0,0,0,0,P,B,N,N,01,2,GARDEN STATE PARKWAY,N,444,,00000444__,118.40,03,,03,04,02,01,01,01,02,01,,,,,F,CLARK ST,WB,35,,26,,,N,,22041
2020133920KP07072,MONMOUTH,HAZLET TWP,08/12/2020,WE,1245,01,KEYPORT PD,KEYPORT PD,0,0,0,0,P,B,N,N,01,2,GARDEN STATE PARKWAY,S,444,,00000444__,118.40,03,,03,04,02,01,01,01,03,01,,,,,T,NJ 35,SB,50,,26,40.425690,74.202300,N,,22104
2020133920KP07108,MONMOUTH,HAZLET TWP,08/13/2020,TH,1241,01,KEYPORT PD,KEYPORT PD,0,0,0,0,P,B,N,N,01,2,GARDEN STATE PARKWAY,S,444,,00000444__,118.40,03,,03,04,02,02,01,05,03,01,,,,,T,NJ 35,SB,50,,26,40.424070,74.202790,N,,22203
2020133920KP07254,MONMOUTH,HAZLET TWP,08/18/2020,TU,1331,01,KEYPORT PD,,0,0,0,0,P,B,N,N,01,2,GARDEN STATE PARKWAY,E,444,,00000444__,118.40,03,,01,04,02,01,01,01,04,01,,,,,T,NJ 35,SB,50,,26,,,N,,22042
2020133920KP07344,MONMOUTH,HAZLET TWP,08/21/2020,FR,1627,01,KEYPORT PD,,0,1,0,0,I,B,N,N,01,2,GARDEN STATE PARKWAY,E,444,,00000444__,118.40,03,,03,04,02,01,01,01,03,01,,,,,T,NJ 35,SB,50,,26,,,N,,22042
2020133920KP07545,MONMOUTH,HAZLET TWP,08/27/2020,TH,1531,01,KEYPORT PD,KEYPORT PD,0,1,0,0,I,B,N,N,01,2,GARDEN STATE PARKWAY,S,444,,00000444__,118.40,03,,03,04,02,01,01,01,03,01,,,,,T,NJ 35,SB,50,,26,40.424070,74.202790,N,,22203
2020133920KP07646,MONMOUTH,HAZLET TWP,08/31/2020,MO,1524,01,KEYPORT PD,,0,0,0,0,P,B,N,N,01,2,GARDEN STATE PARKWAY,,444,,00000444__,118.40,03,,03,04,02,01,01,01,03,01,,,,,T,NJ 35,SB,50,,26,,,N,,22042