Year(4)-CountyCode(2)-MunicipalityCode(2)-CaseNumber(9),County Name,Municipality Name,Crash Date,Crash Day of Week,Crash Time,Police Department Code,Police Department,Police Station,Total Killed,Total Injured,Pedestrians Killed,Pedestrians Injured,Severity,Intersection,Alcohol Involved,Hazmat Involved,Crash Type,Total Vehicles,Location,Location Direction,Route,Route Suffix,Std Rte Identifier,MilePost,Road System,Road Character,Road Horizontal Alignment,Road Grade,Road Surface Type,Surface Condition,Light Condition,Environmental Condition,Road Divided By,Temporary Traffic Control Zone,Distance To Cross Street,Unit Of Measurement,Direction From Cross Street,Cross Street Name,Is Ramp,Ramp To/From Route Name,Ramp To/From Route Direction,Posted Speed,Posted Speed Cross Street,First Harmful Event,Latitude,Longitude,Cell Phone In Use Flag,Other Property Damage,Reporting Badge No.
2020134020-04552,MONMOUTH,RED BANK BORO,03/17/2020,TU,0923,01,RED BANK PD,RED BANK,0,0,0,0,P,I,N,N,03,2,NJ 35,E,35,,00000035__,33.73,02,,01,04,01,01,01,01,05,,,AT,,MONMOUTH ST,,,,25,30,26,,,N,,217
2020134020-04554,MONMOUTH,RED BANK BORO,03/17/2020,TU,1034,01,RED BANK PD,,0,0,0,0,P,B,N,N,11,1,MONMOUTH COUNTY 10,W,10,,13000010__,.26,05,,01,05,02,01,01,01,05,01,35,FE,W,CR 13 / RECTOR PL / SHREWSBURY AVE,,,,30,30,42,,,N,,198
2020134020-04580,MONMOUTH,RED BANK BORO,03/18/2020,WE,0936,01,RED BANK PD,,0,0,0,0,P,I,N,N,02,2,MONMOUTH COUNTY 10,E,10,,13000010__,.46,05,,01,04,02,01,01,01,05,,,AT,,WEST ST,,,,30,25,26,,,N,,200
2020134020-04623,MONMOUTH,RED BANK BORO,03/19/2020,TH,1558,01,RED BANK PD,,0,0,0,0,P,B,N,N,06,2,MONMOUTH COUNTY 13,N,13,,13000013__,2.18,05,,01,04,01,01,01,01,04,,100,FE,S,W BERGEN PL,,,,30,25,26,,,N,,231
2020134020-04755,MONMOUTH,RED BANK BORO,03/24/2020,TU,1211,01,RED BANK PD,RED BANK,0,0,0,0,P,B,N,N,06,2,WHITE ST **,E,,,13401059__,,07,,01,04,02,01,01,01,05,,,,,,,,,25,,28,,,N,,203
2020134020-04757,MONMOUTH,RED BANK BORO,03/24/2020,TU,1312,01,RED BANK PD,RED BANK POLICE,0,0,0,0,P,I,N,N,02,2,MONMOUTH COUNTY 10,W,10,,13000010__,1.44,05,,01,04,02,01,01,01,02,,,AT,,BUENA PL / HIGH ST,,,,25,25,26,,,N,,226
2020134020-04964,MONMOUTH,RED BANK BORO,03/31/2020,TU,0331,01,RED BANK PD,,0,0,0,0,P,B,N,N,06,2,MONMOUTH COUNTY 13,S,13,,13000013__,2.37,05,,01,04,02,01,01,01,05,01,100,FE,S,CATHERINE ST,,,,,,26,,,N,,221
2020134020-05266,MONMOUTH,RED BANK BORO,04/09/2020,TH,0823,01,RED BANK PD,,0,0,0,0,P,B,N,N,11,1,192 DRUMMOND PLACE,E,,,,,09,,01,04,01,01,01,01,05,01,,,,,,,,,,69,,,N,GARAGE DOOR TO 192 DRUMMOND PLACE,235
2020134020-05271,MONMOUTH,RED BANK BORO,04/09/2020,TH,1312,01,RED BANK PD,,0,0,0,0,P,B,N,N,11,1,MONMOUTH COUNTY 10,E,10,,13000010__,,05,,01,06,02,01,01,01,05,,,,,,,RR TRESTLE,,30,,42,,,N,,200
2020134020-05315,MONMOUTH,RED BANK BORO,04/10/2020,FR,1353,01,RED BANK PD,,0,0,0,0,P,R,N,N,11,1,MONMOUTH COUNTY 13,,13,,13000013__,2.83,05,,01,06,02,01,01,01,05,01,150,FE,S,CR 10 / W FRONT ST,,,,30,30,46,,,N,NJ TRANSIT GUARD RAIL ON WEST SIDE OF SHREWSBURY AVE,228
2020134020-05420,MONMOUTH,RED BANK BORO,04/14/2020,TU,1155,01,RED BANK PD,RED BANK PD,0,0,0,0,P,I,N,N,02,2,NJ 35,E,35,,00000035__,33.84,02,,01,04,02,01,01,01,05,01,,AT,,CR 10 / MAPLE AVE / W FRONT,,,,25,30,26,,,N,,190
2020134020-05427,MONMOUTH,RED BANK BORO,04/14/2020,TU,1724,01,RED BANK PD,,0,0,0,0,P,I,N,N,08,2,MONMOUTH COUNTY 13,N,13,,13000013__,2.20,05,,01,04,02,01,01,01,05,,,AT,,W BERGEN PL,,,,30,25,26,,,N,,200
2020134020-05611,MONMOUTH,RED BANK BORO,04/21/2020,TU,0914,01,RED BANK PD,,0,0,0,0,P,B,N,N,06,2,7 MAPLE AVE,,,,,,09,,01,04,02,01,01,01,05,01,,,,,,,,15,,28,,,N,,228
2020134020-05631,MONMOUTH,RED BANK BORO,04/22/2020,WE,1008,01,RED BANK PD,,0,0,0,0,P,B,N,N,06,2,MRFORD PL **,,,,13401117__,.03,07,,01,04,02,01,01,01,05,01,150,FE,,BROWER PL,,,,25,25,26,,,N,,218
2020134020-05634,MONMOUTH,RED BANK BORO,04/22/2020,WE,1126,01,RED BANK PD,,0,0,0,0,P,B,N,N,11,1,MONMOUTH COUNTY 10,,10,,13000010__,.27,05,,01,06,02,01,01,01,,,100,FE,,CR 13 / RECTOR PL / SHREWSBURY AVE,,,,30,30,42,,,N,POD CONTAINER ALONG WITH ITS CONTENTS,218
2020134020-05638,MONMOUTH,RED BANK BORO,04/22/2020,WE,1310,01,RED BANK PD,,0,1,0,0,I,I,N,N,03,2,S BRIDGE AVE **,S,,,13401018__,,07,,01,04,02,01,01,01,05,01,,AT,,CHESTNUT ST,,,,25,25,26,,,N,,207
2020134020-05640,MONMOUTH,RED BANK BORO,04/22/2020,WE,1425,01,RED BANK PD,,0,1,0,0,I,I,N,N,03,3,MONMOUTH COUNTY 11 I,E,11,1,130000111_,.14,05,,01,04,02,01,01,01,,01,,AT,,BERGEN PL,,,,25,30,26,,,N,,
2020134020-05641,MONMOUTH,RED BANK BORO,04/22/2020,WE,1433,01,RED BANK PD,RED BANK,0,0,0,0,P,B,N,N,01,2,MONMOUTH COUNTY 11 I,S,11,1,130000111_,.48,05,,01,04,02,01,01,01,05,,15,FE,N,CR 34 / HARDING RD / RECKLESS PL,,,,25,25,26,,,N,,214
2020134020-05674,MONMOUTH,RED BANK BORO,04/23/2020,TH,1951,01,RED BANK PD,,0,1,0,0,I,I,Y,N,03,2,MONMOUTH COUNTY 13,N,13,,13000013__,2.58,05,,01,04,02,02,06,02,05,01,,AT,,LOCUST AVE,,,,30,25,26,,,N,,200
2020134020-05698,MONMOUTH,RED BANK BORO,04/24/2020,FR,2211,01,RED BANK PD,RED BANK PD,0,0,0,0,P,B,Y,N,11,2,SPRING ST **,S,,,13231042__,,07,,01,04,02,02,06,01,,,,,,TOWER HILL AVE,,,,25,25,60,,,N,TREE,219
2020134020-05725,MONMOUTH,RED BANK BORO,04/25/2020,SA,1524,01,RED BANK PD,,0,1,0,0,I,I,N,N,03,2,ROUTE 520,,520,,00000520__,16.21,05,,01,04,02,01,01,01,,,,AT,,CR 13 / SHREWSBURY AVE,,,,40,35,26,,,N,,233
2020134020-05788,MONMOUTH,RED BANK BORO,04/27/2020,MO,1220,01,RED BANK PD,,0,0,0,0,P,I,N,N,99,2,ROUTE 520,S,520,,00000520__,16.84,05,,01,04,02,01,01,01,05,,,AT,,NJ 35 / MAPLE AVE / RUMSON PL,,,,30,30,26,,,N,,200
2020134020-05803,MONMOUTH,RED BANK BORO,04/28/2020,TU,1139,01,RED BANK PD,,0,0,0,0,P,I,N,N,02,2,MONMOUTH COUNTY 13,N,13,,13000013__,,05,,01,04,02,01,01,01,04,,,AT,,DRJAMES PARKER BLVD,,,,30,25,26,,,N,,222
2020134020-05828,MONMOUTH,RED BANK BORO,04/29/2020,WE,1126,01,RED BANK PD,,0,0,0,0,P,I,N,N,03,2,MONMOUTH COUNTY 13,N,13,,13000013__,2.86,05,,01,06,02,01,01,01,05,,,AT,,CR 10 / W FRONT ST,,,,30,30,26,,,N,,200
2020134020-05852,MONMOUTH,RED BANK BORO,04/30/2020,TH,1354,01,RED BANK PD,RED BANK POLICE,0,0,0,0,P,B,N,N,06,2,26 MAPLE AVE,N,,,,,09,,01,04,02,02,01,02,02,,,,,WATER STREET,,,,25,25,28,,,N,,226
2020134020-05999,MONMOUTH,RED BANK BORO,05/04/2020,MO,1155,01,RED BANK PD,,0,0,0,0,P,I,N,N,03,2,DRS JAMES PARKER BLVD / E BERGEN PL,E,,,13401113__,.42,07,,01,04,01,01,01,01,04,,,AT,,NJ 35 / MAPLE AVE,,,,25,30,26,,,N,,231
2020134020-06077,MONMOUTH,RED BANK BORO,05/05/2020,TU,1321,01,RED BANK PD,,0,0,0,0,P,B,N,N,01,2,MONMOUTH COUNTY 34,,34,,13000034__,.05,05,,01,04,02,01,01,05,05,01,50,FE,W,CLAY ST,,,,30,25,26,,,N,,212
2020134020-06099,MONMOUTH,RED BANK BORO,05/05/2020,TU,1750,01,RED BANK PD,RED BANK PD,0,0,0,0,P,I,N,N,03,2,ROUTE 520,W,520,,00000520__,16.07,05,,01,04,02,01,01,01,05,01,,AT,,LEIGHTON AVE,,,,40,25,26,,,N,,219
2020134020-06212,MONMOUTH,RED BANK BORO,05/08/2020,FR,1554,01,RED BANK PD,RED BANK POLICE,0,0,0,0,P,I,N,N,01,2,NJ 35,S,35,,00000035__,32.91,02,,01,04,02,01,01,01,02,,,AT,,CR 11 / ROUTE 520 / BROAD ST / RUMS,,,,25,25,,,,N,,226
2020134020-06299,MONMOUTH,RED BANK BORO,05/11/2020,MO,1444,01,RED BANK PD,,0,0,0,0,P,B,N,N,01,2,MONMOUTH COUNTY 10,E,10,,13000010__,,05,,01,04,02,01,01,01,05,,,,,RIVERVIEW PLZ,,,,30,,26,,,N,,200
2020134020-06321,MONMOUTH,RED BANK BORO,05/12/2020,TU,0919,01,RED BANK PD,,0,0,0,0,P,B,N,N,11,1,SPRING ST **,N,,,13231042__,,07,,01,04,02,01,01,01,,,520,FE,N,AMBASADOR DR,,,,25,25,56,,,N,ONE UTILITY POLE #BT40026,200
2020134020-06385,MONMOUTH,RED BANK BORO,05/13/2020,WE,1602,01,RED BANK PD,RED BANK,0,0,0,0,P,I,N,N,03,2,PROSPECT AVE,N,,,,,07,,01,07,02,01,01,01,05,01,,AT,,TOWERHILL DR.,,,,25,25,26,,,N,,219
2020134020-06445,MONMOUTH,RED BANK BORO,05/15/2020,FR,0806,01,RED BANK PD,,0,2,0,0,I,B,N,N,03,2,MONMOUTH COUNTY 13,N,13,,13000013__,1.94,05,,01,04,02,01,01,01,05,01,130,FE,N,ROUTE 520 / NEWMAN SPRINGS RD,,,,30,,26,,,N,,200
2020134020-06514,MONMOUTH,RED BANK BORO,05/16/2020,SA,1223,01,RED BANK PD,,0,0,0,0,P,I,N,N,01,2,MONMOUTH COUNTY 11 I,N,11,1,130000111_,.14,05,,01,04,02,01,01,01,04,,,AT,,BERGEN PL,,,,35,25,26,,,N,,222
2020134020-06519,MONMOUTH,RED BANK BORO,05/16/2020,SA,1411,01,RED BANK PD,,0,0,0,0,P,B,N,N,06,2,CEDAR ST **,E,,,13401036__,,07,,01,04,02,01,01,01,05,,,,,,,,,25,,26,,,N,,222
2020134020-06773,MONMOUTH,RED BANK BORO,05/23/2020,SA,0526,01,RED BANK PD,,0,1,0,0,I,B,Y,N,14,1,BRIDGE AVE,,,,,,07,,01,04,02,01,02,04,05,01,115,FE,S,CHESTNUT ST,,,,25,25,28,,,N,,228
2020134020-06847,MONMOUTH,RED BANK BORO,05/23/2020,SA,2230,01,RED BANK PD,,0,0,0,0,P,B,N,N,06,2,WEST ST **,,,,13401037__,.05,07,,01,04,02,02,07,02,05,01,75,FE,S,WALL ST,,,,25,25,28,,,N,,212
2020134020-06963,MONMOUTH,RED BANK BORO,05/26/2020,TU,0829,01,RED BANK PD,,0,0,0,0,P,B,N,N,11,1,MONMOUTH COUNTY 10,E,10,,13000010__,.26,05,,01,06,02,01,01,,05,,75,FE,W,CR 13 / RECTOR PL / SHREWSBURY AVE,,,,30,30,42,,,N,,200
2020134020-07044,MONMOUTH,RED BANK BORO,05/27/2020,WE,1404,01,RED BANK PD,,0,0,0,0,P,B,N,N,06,2,390 SHREWSBURY AVE,,,,,,09,,01,04,01,01,01,01,05,01,,,,,,,,15,,28,,,N,,228
2020134020-07100,MONMOUTH,RED BANK BORO,05/28/2020,TH,1340,01,RED BANK PD,,0,0,0,0,P,B,N,N,11,1,MONMOUTH COUNTY 10,,10,,13000010__,.25,05,,01,04,02,01,01,01,,,100,FE,W,CR 13 / RECTOR PL / SHREWSBURY AVE,,,,30,,42,,,N,,200
2020134020-07215,MONMOUTH,RED BANK BORO,05/30/2020,SA,0936,01,RED BANK PD,,0,0,0,0,P,I,N,N,08,2,MONMOUTH COUNTY 13,N,13,,13000013__,2.58,05,,01,04,02,01,01,01,05,01,,AT,,LOCUST AVE,,,,,,26,,,N,,235
2020134020-07423,MONMOUTH,RED BANK BORO,06/03/2020,WE,1327,01,RED BANK PD,,0,1,0,0,I,I,N,N,03,2,MONMOUTH COUNTY 34,W,34,,13000034__,.06,05,,01,04,02,02,,02,,,,AT,,CLAY ST,,,,30,25,26,,,N,,200
2020134020-07491,MONMOUTH,RED BANK BORO,06/04/2020,TH,1424,01,RED BANK PD,,0,0,0,0,P,B,N,N,02,2,MONMOUTH COUNTY 13,S,13,,13000013__,2.63,05,,01,04,02,01,01,01,04,,25,FE,S,DEFOREST LN / OAKLAND ST,,,,,,26,,,N,,235
2020134020-07492,MONMOUTH,RED BANK BORO,06/04/2020,TH,1437,01,RED BANK PD,RED BANK,0,0,0,0,P,I,N,N,01,2,MONMOUTH COUNTY 13,,13,,13000013__,2.14,05,,01,04,02,01,01,01,05,01,,AT,,ST MARYS PL,,,,30,25,,,,N,,190
2020134020-07516,MONMOUTH,RED BANK BORO,06/05/2020,FR,2117,01,RED BANK PD,,0,0,0,0,P,B,N,N,08,2,E WEST SIDE AVE **,,,,13401014__,,07,,01,04,02,01,06,01,05,01,,,,,,,,25,,26,,,N,,232
2020134020-07770,MONMOUTH,RED BANK BORO,06/09/2020,TU,1319,01,RED BANK PD,,0,0,0,0,P,B,N,N,08,2,CITY CENTRE PLAZA,W,,,,,07,,01,04,02,01,01,01,,,,,W,,,,,,,26,,,N,,235
2020134020-07846,MONMOUTH,RED BANK BORO,06/10/2020,WE,1707,01,RED BANK PD,,0,0,0,0,P,B,N,N,06,2,MARINE PARK,,,,,,07,,01,04,02,01,01,01,,01,,,,,,,,25,,28,,,N,,234
2020134020-07893,MONMOUTH,RED BANK BORO,06/11/2020,TH,1430,01,RED BANK PD,,0,0,0,0,P,B,N,N,06,2,MONTGOMERY TERRACE,,,,,,10,,01,04,02,02,01,02,,01,,,,TILTON AVENUE,,,,25,25,26,,,N,,234
2020134020-07910,MONMOUTH,RED BANK BORO,06/11/2020,TH,1547,01,RED BANK PD,,0,0,0,0,P,B,N,N,04,2,ROUTE 520,,520,,00000520__,16.81,05,,01,04,02,02,01,02,05,01,45,FE,E,NJ 35 / BROAD ST,,,,35,30,26,,,N,,228
2020134020-07931,MONMOUTH,RED BANK BORO,06/12/2020,FR,1145,01,RED BANK PD,,0,0,0,0,P,B,N,N,06,2,MECHANIC STREET PARKING,N,,,,,09,,01,04,02,01,01,01,05,01,,,,,,,,,,26,,,N,,235
2020134020-07933,MONMOUTH,RED BANK BORO,06/12/2020,FR,1211,01,RED BANK PD,,0,1,0,0,I,I,N,N,06,3,MONMOUTH COUNTY 13,N,13,,13000013__,2.14,05,,01,04,02,01,01,01,05,,,AT,,ST MARYS PL,,,,30,,26,,,N,,
2020134020-08088,MONMOUTH,RED BANK BORO,06/15/2020,MO,1509,01,RED BANK PD,,0,0,0,0,P,B,N,N,01,2,MONMOUTH COUNTY 10,W,10,,13000010__,.69,05,,01,04,02,01,01,01,04,01,1000,FE,W,CR 11 / BROAD ST,,,,30,25,26,,,N,,234
2020134020-08104,MONMOUTH,RED BANK BORO,06/15/2020,MO,2019,01,RED BANK PD,,0,0,0,0,P,I,N,N,06,2,NJ 35,S,35,,00000035__,33.73,02,,01,04,01,01,01,01,04,,,AT,,MONMOUTH ST,,,,25,30,26,,,N,,231
2020134020-08171,MONMOUTH,RED BANK BORO,06/16/2020,TU,1755,01,RED BANK PD,,0,0,0,0,P,B,N,N,01,2,DRS JAMES PARKER BLVD / E BERGEN PL,W,,,13401113__,.00,07,,01,04,02,01,01,01,05,01,60,FE,W,CR 13 / SCHREWSBURY AVE,,,,25,,26,,,N,,215
2020134020-08248,MONMOUTH,RED BANK BORO,06/18/2020,TH,1242,01,RED BANK PD,,0,0,0,0,P,I,N,N,02,2,MONMOUTH COUNTY 10,E,10,,13000010__,,05,,01,04,02,01,01,01,01,,,AT,,BOAT CLUB LN,,,,30,,26,,,N,,200
2020134020-08321,MONMOUTH,RED BANK BORO,06/19/2020,FR,1717,01,RED BANK PD,,0,0,0,0,P,B,N,N,99,1,MCLAREN ST **,,,,13401091__,.27,07,,01,04,02,01,01,01,05,01,150,FE,E,THROCKMORTEN,,,,25,25,99,,,N,,228
2020134020-08327,MONMOUTH,RED BANK BORO,06/19/2020,FR,1833,01,RED BANK PD,,0,0,0,0,P,I,N,N,01,2,MONMOUTH COUNTY 13,,13,,13000013__,2.31,05,,01,04,02,01,01,01,05,01,,AT,,RIVER ST,,,,30,25,26,,,N,,228
2020134020-08373,MONMOUTH,RED BANK BORO,06/20/2020,SA,1655,01,RED BANK PD,,0,0,0,0,P,I,N,N,03,2,MONMOUTH COUNTY 13,,13,,13000013__,2.07,05,,01,04,02,01,01,01,05,01,,AT,,SUNSET AVE,,,,30,25,26,,,N,,228
2020134020-08427,MONMOUTH,RED BANK BORO,06/21/2020,SU,1726,01,RED BANK PD,,0,0,0,0,P,B,N,N,02,3,NJ 35,S,35,,00000035__,34.22,02,,01,06,02,01,01,01,04,01,170,FE,N,CR 13 / BRIDGE AVE / RECTOR PL,,,,30,30,26,,,N,,
2020134020-08462,MONMOUTH,RED BANK BORO,06/22/2020,MO,1254,01,RED BANK PD,,0,0,0,0,P,I,N,N,01,2,MONMOUTH COUNTY 11 I,N,11,1,130000111_,.48,05,,01,04,02,01,01,01,,,,AT,,CR 34 / HARDING RD / RECKLESS PL,,,,25,25,26,,,N,,223
2020134020-08517,MONMOUTH,RED BANK BORO,06/23/2020,TU,1558,01,RED BANK PD,,0,0,0,0,P,I,N,N,01,2,MONMOUTH COUNTY 10,W,10,,13000010__,.61,05,,01,04,02,01,01,01,04,01,,AT,,NJ 35 / RIVERSIDE AVE,,,,30,30,26,,,N,,232
2020134020-08542,MONMOUTH,RED BANK BORO,06/24/2020,WE,0929,01,RED BANK PD,,0,0,0,0,P,B,N,N,01,2,MONMOUTH COUNTY 13,N,13,,13000013__,2.71,05,,01,04,01,01,01,01,04,,50,FE,N,MONMOUTH ST,,,,30,25,26,,,N,,231
2020134020-08651,MONMOUTH,RED BANK BORO,06/26/2020,FR,1408,01,RED BANK PD,,0,0,0,0,P,B,N,N,01,2,WALLACE STREET LOT,S,,,,,09,,01,04,02,01,01,01,04,,,,,,,,,10,,26,,,N,,232
2020134020-08654,MONMOUTH,RED BANK BORO,06/26/2020,FR,1600,01,RED BANK PD,,0,0,0,0,P,B,N,N,02,2,DRS JAMES PARKER BLVD / E BERGEN PL,E,,,13401113__,.71,07,,01,04,01,01,01,01,05,,50,FE,E,HUDSON AVE,,,,25,25,26,,,N,,231
2020134020-08655,MONMOUTH,RED BANK BORO,06/26/2020,FR,1603,01,RED BANK PD,,0,0,0,0,P,I,N,N,01,3,MONMOUTH COUNTY 10,E,10,,13000010__,.27,05,,01,06,02,01,01,01,05,01,,AT,,CR 13 / RECTOR PL / SHREWSBURY AVE,,,,30,30,26,,,N,,
2020134020-08662,MONMOUTH,RED BANK BORO,06/26/2020,FR,1823,01,RED BANK PD,,0,1,0,0,I,I,N,N,03,2,ROUTE 520,W,520,,00000520__,15.72,05,,01,04,01,01,01,01,04,,,AT,,KNIGHT ST,,,,40,25,26,,,N,,231
2020134020-08667,MONMOUTH,RED BANK BORO,06/26/2020,FR,1950,01,RED BANK PD,,0,0,0,0,P,B,N,N,08,2,S PEARL ST **,S,,,13401033__,,07,,01,04,02,01,01,01,05,01,100,FE,S,E BERGEN PLACE,,,,,,26,,,N,,221
2020134020-08703,MONMOUTH,RED BANK BORO,06/27/2020,SA,0916,01,RED BANK PD,,0,0,0,0,P,I,N,N,06,3,SUNSET AVE **,,,,13401016__,.09,07,,01,04,02,01,01,01,05,01,,AT,,CR 13 / SCHREWSBURY AVE,,,,25,30,26,,,N,,
2020134020-08717,MONMOUTH,RED BANK BORO,06/27/2020,SA,1737,01,RED BANK PD,,0,0,0,0,P,B,N,N,06,2,MONMOUTH ST,W,,,13401057__,.51,07,,01,04,02,01,01,01,,,500,FE,W,CR 11 I / BROAD ST,,,,25,,26,,,N,,223
2020134020-08735,MONMOUTH,RED BANK BORO,06/27/2020,SA,2220,01,RED BANK PD,,0,0,0,0,P,I,N,N,11,1,PROSPECT AVE,N,,,,,07,,01,04,02,01,06,01,,,,AT,N,BASSET PLACE,,,,25,25,52,,,N,,222
2020134020-08813,MONMOUTH,RED BANK BORO,06/30/2020,TU,2112,01,RED BANK PD,,0,1,0,0,I,I,N,N,01,2,ROUTE 520,S,520,,00000520__,16.88,05,,01,04,02,01,06,01,04,01,,AT,,GARFIELD PL,,,,30,25,26,,,N,,234
2020134020-08848,MONMOUTH,RED BANK BORO,06/30/2020,TU,1347,01,RED BANK PD,RED BANK POLICE,0,0,0,0,P,I,N,N,06,2,WALLACE ST **,E,,,13401090__,.26,07,,01,04,02,01,01,01,02,,,AT,,SPRING ST,,,,25,25,28,,,N,,226
2020134020-08854,MONMOUTH,RED BANK BORO,06/30/2020,TU,1616,01,RED BANK PD,,0,1,0,0,I,I,N,N,01,2,MONMOUTH COUNTY 10,,10,,13000010__,,05,,01,04,02,01,01,01,05,,,AT,,RIVERVIEW PLZ,,,,30,,26,,,N,,200
2020134020-08871,MONMOUTH,RED BANK BORO,06/30/2020,TU,2208,01,RED BANK PD,,0,0,0,0,P,B,N,N,08,2,BOAT CLUB LN / RIVERVIEW PLAZA / UNION ST **,S,,,,,07,,01,04,02,01,05,01,05,,,,,,,,,15,,26,,,N,,216
2020134020-08920,MONMOUTH,RED BANK BORO,07/01/2020,WE,1828,01,RED BANK PD,,0,0,0,0,P,I,N,N,04,2,DRS JAMES PARKER BLVD / E BERGEN PL,W,,,13401113__,.98,07,,01,04,02,01,01,01,,,,AT,,BRANCH AVE,,,,30,25,26,,,N,,223
2020134020-08981,MONMOUTH,RED BANK BORO,07/02/2020,TH,1858,01,RED BANK PD,90 MONMOUTH ST,0,0,0,0,P,B,N,N,06,2,GLOBE COURT PARKING LOT,E,,,,,09,,01,04,02,01,01,01,,,,,E,,,,,,,28,,,N,,235
2020134020-09026,MONMOUTH,RED BANK BORO,07/03/2020,FR,1444,01,RED BANK PD,,0,0,0,0,P,B,N,N,01,2,MONMOUTH COUNTY 13,,13,,13000013__,2.01,05,,01,04,02,01,01,01,05,01,25,FE,S,WESTSIDE AVE,,,,30,25,26,,,N,,212
2020134020-09133,MONMOUTH,RED BANK BORO,07/05/2020,SU,1451,01,RED BANK PD,RED BANK PD,0,0,0,0,P,I,N,N,02,2,NJ 35,N,35,,00000035__,33.84,02,,01,04,02,01,01,01,05,,,AT,,CR 10 / MAPLE AVE / W FRONT,,,,30,30,26,,,N,,219
2020134020-09150,MONMOUTH,RED BANK BORO,07/06/2020,MO,1945,01,RED BANK PD,,0,0,0,0,P,I,N,N,99,2,RECTOR PLACE,N,,,,,07,,03,04,02,01,03,01,04,01,,AT,,BRIDGE AVENUE,,,,30,25,26,,,N,,234
2020134020-09194,MONMOUTH,RED BANK BORO,07/06/2020,MO,1242,01,RED BANK PD,,0,0,0,0,P,I,N,N,02,2,MAPLE AVE **,N,,,13401065__,,07,,01,04,01,,01,01,04,,,AT,,WATER ST,,,,30,25,26,,,N,,231
2020134020-09197,MONMOUTH,RED BANK BORO,07/06/2020,MO,1346,01,RED BANK PD,,0,1,0,0,I,B,N,N,01,2,DR JAMES PARKER BLVD **,,,,13401026__,,07,,01,04,02,01,01,01,,,,,,,,,,25,,26,,,N,SHRUBS AT ENTRANCE OF BERGEN SQUARE,222
2020134020-09261,MONMOUTH,RED BANK BORO,07/08/2020,WE,1815,01,RED BANK PD,,0,0,0,0,P,B,N,N,06,2,ENGLISH PLZ **,,,,13401063__,,07,,01,05,02,01,01,01,05,01,,,,,,,,15,,26,,,N,,234
2020134020-09288,MONMOUTH,RED BANK BORO,07/08/2020,WE,1313,01,RED BANK PD,,0,0,0,0,P,I,N,N,14,1,NJ 35,S,35,,00000035__,33.70,02,,01,04,02,01,01,01,04,01,,AT,,GOLD ST,,,,30,15,26,,,N,,398
2020134020-09384,MONMOUTH,RED BANK BORO,07/02/2020,TH,1830,01,RED BANK PD,,0,0,0,0,P,I,N,N,01,2,NJ 35,N,35,,00000035__,33.73,02,,01,04,02,02,01,02,,,,AT,,MONMOUTH ST,,,,30,25,26,,,N,,223
2020134020-09446,MONMOUTH,RED BANK BORO,07/11/2020,SA,1616,01,RED BANK PD,,0,0,0,0,P,B,N,N,06,2,SPRING ST **,S,,,13231042__,,07,,01,04,02,01,01,01,05,01,100,FE,N,AMBASSADOR DR.,,,,25,25,26,,,N,,198
2020134020-09481,MONMOUTH,RED BANK BORO,07/12/2020,SU,0924,01,RED BANK PD,,0,0,0,0,P,I,N,N,01,2,MONMOUTH COUNTY 11 I,N,11,1,130000111_,.48,05,,01,04,02,01,01,01,,,,AT,,CR 34 / HARDING RD / RECKLESS PL,,,,25,25,26,,,N,,223
2020134020-09556,MONMOUTH,RED BANK BORO,07/14/2020,TU,0335,01,RED BANK PD,,0,0,0,0,P,I,N,N,11,2,RIVERSIDE AVENUE,S,,,,,08,,03,04,99,09,06,01,03,01,,AT,,PEARL STREET,,,,30,25,50,,,N,MULTIPLE DOT SIGNS AT BATTERY PARK.,234
2020134020-09569,MONMOUTH,RED BANK BORO,07/14/2020,TU,1213,01,RED BANK PD,RED BANK POLICE,0,0,0,0,P,I,N,N,02,2,NJ 35,E,35,,00000035__,33.84,02,,03,08,02,01,01,01,02,,,AT,,CR 10 / MAPLE AVE / W FRONT,,,,25,25,,,,N,,226
2020134020-09572,MONMOUTH,RED BANK BORO,07/14/2020,TU,1351,01,RED BANK PD,,0,0,0,0,P,B,N,N,08,2,ROUTE 520,,520,,00000520__,,05,,01,04,02,01,01,01,,,,,,,,,,40,,26,,,N,,233
2020134020-09597,MONMOUTH,RED BANK BORO,07/14/2020,TU,2220,01,RED BANK PD,,0,0,0,0,P,B,N,N,06,2,DRS JAMES PARKER BLVD / E BERGEN PL,,,,13401113__,.00,07,,01,04,02,01,07,01,05,01,250,FE,W,CR 13 / SCHREWSBURY AVE,,,,25,30,28,,,N,,228
2020134020-09620,MONMOUTH,RED BANK BORO,07/15/2020,WE,1436,01,RED BANK PD,RED BANK,0,0,0,0,P,I,N,N,01,2,MONMOUTH COUNTY 11 I,N,11,1,130000111_,.83,07,,01,04,01,01,01,01,04,01,,AT,,CR 10 / FRONT ST,,,,30,30,26,,,N,,217
2020134020-09658,MONMOUTH,RED BANK BORO,07/16/2020,TH,1322,01,RED BANK PD,,0,0,0,0,P,B,N,N,99,1,WHITE ST LOT,,,,,,09,,01,04,02,01,01,01,,,,,,,,,,,,39,,,N,ONE LASER SURVEY DEVICE,200