Year(4)-CountyCode(2)-MunicipalityCode(2)-CaseNumber(9),County Name,Municipality Name,Crash Date,Crash Day of Week,Crash Time,Police Department Code,Police Department,Police Station,Total Killed,Total Injured,Pedestrians Killed,Pedestrians Injured,Severity,Intersection,Alcohol Involved,Hazmat Involved,Crash Type,Total Vehicles,Location,Location Direction,Route,Route Suffix,Std Rte Identifier,MilePost,Road System,Road Character,Road Horizontal Alignment,Road Grade,Road Surface Type,Surface Condition,Light Condition,Environmental Condition,Road Divided By,Temporary Traffic Control Zone,Distance To Cross Street,Unit Of Measurement,Direction From Cross Street,Cross Street Name,Is Ramp,Ramp To/From Route Name,Ramp To/From Route Direction,Posted Speed,Posted Speed Cross Street,First Harmful Event,Latitude,Longitude,Cell Phone In Use Flag,Other Property Damage,Reporting Badge No.
2020134320SB02470,MONMOUTH,SEA BRIGHT BORO,07/17/2020,FR,1757,01,SEA BRIGHT PD,,0,0,0,0,P,B,N,N,06,2,VIA RIPA **,,,,13431029__,.02,07,,01,04,02,01,01,01,05,01,100,FE,W,NJ 36 / OCEAN AVE,,,,25,35,28,,,N,,43192
2020134320SB02491,MONMOUTH,SEA BRIGHT BORO,07/18/2020,SA,1331,01,SEA BRIGHT PD,SEA BRIGHT PD,0,0,0,0,P,B,N,N,06,2,NJ 36,S,36,,00000036__,9.16,02,,01,04,02,01,01,01,04,01,50,FE,N,RIVER ST,,,,30,25,28,,,N,,43192
2020134320SB02496,MONMOUTH,SEA BRIGHT BORO,07/18/2020,SA,1406,01,SEA BRIGHT PD,SEA BRIGHT PD,0,1,0,0,I,B,N,N,14,1,NJ 36,,36,,00000036__,9.31,02,,01,04,02,01,01,01,05,01,300,FE,S,ROUTE 520 / RUMSON RD,,,,30,35,21,40.365590,73.973210,N,,43166
2020134320SB02528,MONMOUTH,SEA BRIGHT BORO,07/19/2020,SU,1302,01,SEA BRIGHT PD,,0,0,0,0,P,B,N,N,01,2,NJ 36,,36,,00000036__,10.98,02,,01,04,02,01,01,01,05,01,1000,FE,S,VIA RIPA WAY,,,,35,25,26,,,N,,43192
2020134320SB02540,MONMOUTH,SEA BRIGHT BORO,07/19/2020,SU,1835,01,SEA BRIGHT PD,,0,0,0,0,P,B,N,N,06,2,NEW ST / SURF DR **,,,,13431034__,.14,07,,01,04,02,01,01,01,05,01,200,FE,E,WEST FRONT ST,,,,25,25,28,,,N,,43189
2020134320SB02633,MONMOUTH,SEA BRIGHT BORO,07/25/2020,SA,1046,01,SEA BRIGHT PD,SEA BRIGHT PD,0,0,0,0,P,B,N,N,14,1,NJ 36,,36,,00000036__,9.43,02,,01,04,02,01,01,01,05,01,300,FE,N,ROUTE 520 / RUMSON RD,,,,35,35,21,,,N,,43192
2020134320SB02703,MONMOUTH,SEA BRIGHT BORO,07/27/2020,MO,1044,01,SEA BRIGHT PD,,0,0,0,0,P,B,N,N,08,2,1485 OCEAN AV PARKING,,,,,,09,,01,04,02,01,01,01,05,01,,,,,,,,15,,28,,,N,,43189
2020134320SB02709,MONMOUTH,SEA BRIGHT BORO,07/27/2020,MO,1549,01,SEA BRIGHT PD,,0,0,0,0,P,B,N,N,08,2,EAST OCEAN AVE **,N,,,13431013__,.03,07,,01,04,02,01,01,01,05,01,175,FE,N,NJ 36 / OCEAN AVE,,,,25,30,26,,,N,,43189
2020134320SB02710,MONMOUTH,SEA BRIGHT BORO,07/27/2020,MO,1608,01,SEA BRIGHT PD,,0,2,0,0,I,B,N,N,01,2,NJ 36,S,36,,00000036__,9.73,02,,01,04,02,01,01,01,05,01,1900,FE,N,ROUTE 520 / RUMSON RD,,,,35,35,26,,,N,,43189
2020134320SB02742,MONMOUTH,SEA BRIGHT BORO,07/29/2020,WE,1958,01,SEA BRIGHT PD,,0,0,0,0,P,B,N,N,01,2,NJ 36,N,36,,00000036__,,02,,01,04,02,01,01,01,05,01,,,,,,,,35,,26,,,N,,43189
2020134320SB02757,MONMOUTH,SEA BRIGHT BORO,07/30/2020,TH,1627,01,SEA BRIGHT PD,,0,0,0,0,P,B,N,N,08,2,SEA BRIGHT MUNICIPAL LOT,,,,,,08,,01,04,03,01,01,05,05,01,,,N,,,,,15,,28,,,N,,43192
2020134320SB02776,MONMOUTH,SEA BRIGHT BORO,07/31/2020,FR,0752,01,SEA BRIGHT PD,,0,3,0,0,I,I,N,N,01,2,NJ 36,N,36,,00000036__,10.33,02,,01,04,02,02,01,02,05,01,,AT,,SHREWSBURY WAY,,,,35,25,26,40.379650,73.974550,N,,43166
2020134320SB02823,MONMOUTH,SEA BRIGHT BORO,08/01/2020,SA,2114,01,SEA BRIGHT PD,,0,0,0,0,P,B,N,N,02,2,NJ 36,,36,,00000036__,11.36,02,,01,04,02,01,06,01,05,01,200,FE,N,MOUNTAINVIEW WAY,,,,35,25,26,40.391480,73.975540,N,,43186
2020134320SB02900,MONMOUTH,SEA BRIGHT BORO,08/05/2020,WE,0755,01,SEA BRIGHT PD,SEA BRIGHT PD,0,0,0,0,P,B,N,N,07,2,NJ 36,N,36,,00000036__,9.46,02,,01,04,02,01,01,01,05,01,450,FE,N,ROUTE 520 / RUMSON RD,,,,30,30,26,40.394530,73.975930,N,,43166
2020134320SB02905,MONMOUTH,SEA BRIGHT BORO,08/05/2020,WE,1306,01,SEA BRIGHT PD,SEA BRIGHT,0,0,0,0,P,I,N,N,01,2,NJ 36,,36,,00000036__,9.37,02,,01,04,02,01,01,01,04,,,AT,N,ROUTE 520 / RUMSON RD,,,,35,40,26,40.371340,73.974710,N,,43122
2020134320SB02929,MONMOUTH,SEA BRIGHT BORO,08/06/2020,TH,1637,01,SEA BRIGHT PD,SEA BRIGHT PD,0,0,0,0,P,B,N,N,07,2,NJ 36,,36,,00000036__,9.33,02,,01,04,02,01,01,01,05,01,200,FE,S,ROUTE 520 / RUMSON RD,,,,30,35,26,40.364829,73.974076,N,,43192
2020134320SB03045,MONMOUTH,SEA BRIGHT BORO,08/11/2020,TU,1602,01,SEA BRIGHT PD,SEA BRIGHT,0,0,0,0,P,B,N,N,01,2,NJ 36,N,36,,00000036__,11.57,02,,03,06,02,01,01,01,01,,1320,FE,N,MOUNTAINVIEW WAY,,,,30,15,26,40.396270,73.978860,N,VEHICLE 1 HAD 3 BICYCLES ATTACHED TO A REAR BIKE RACK OF SAME VEHICLE,43186
2020134320SB03058,MONMOUTH,SEA BRIGHT BORO,08/12/2020,WE,1239,01,SEA BRIGHT PD,,0,0,0,0,P,B,N,N,08,2,NORMANDIE WAY **,,,,13431028__,.09,07,,01,04,02,01,01,01,05,01,220,FE,N,BEACH WAY,,,,25,25,28,40.382324,73.975320,N,,43166
2020134320SB03175,MONMOUTH,SEA BRIGHT BORO,08/18/2020,TU,1317,01,SEA BRIGHT PD,,0,0,0,0,P,B,N,N,01,3,NJ 36,N,36,,00000036__,9.11,02,,01,04,02,01,01,01,05,01,60,FE,S,SOUTH ST,,,,30,25,26,40.361930,73.973420,N,,
2020134320SB03237,MONMOUTH,SEA BRIGHT BORO,08/21/2020,FR,1658,01,SEA BRIGHT PD,,0,0,0,0,P,B,N,N,03,2,NJ 36,,36,,00000036__,9.33,02,,01,06,02,01,01,01,05,01,200,FE,S,ROUTE 520 / RUMSON RD,,,,30,30,26,,,N,,43192
2020134320SB03253,MONMOUTH,SEA BRIGHT BORO,08/22/2020,SA,1241,01,SEA BRIGHT PD,SEA BRIGHT PD,0,0,0,0,P,I,N,N,14,1,NJ 36,N,36,,00000036__,8.96,02,,01,04,02,01,01,01,05,01,,AT,,CENTER ST / E CENTER ST,,,,30,25,26,,,N,,43192
2020134320SB03313,MONMOUTH,SEA BRIGHT BORO,08/24/2020,MO,1347,01,SEA BRIGHT PD,,0,0,0,0,P,B,N,N,03,3,NJ 36,,36,,00000036__,9.64,02,,01,04,02,01,01,01,05,01,1430,FE,N,ROUTE 520 / RUMSON RD,,,,35,35,26,40.368500,73.974370,N,,
2020134320SB03385,MONMOUTH,SEA BRIGHT BORO,08/28/2020,FR,1351,01,SEA BRIGHT PD,SEA BRIGHT PD,0,0,0,0,P,B,N,N,08,2,EAST OCEAN AVE **,,,,13431013__,.06,07,,01,04,02,01,01,01,05,01,50,FE,N,EAST NEW ST,,,,25,25,26,40.361199,73.973859,N,,43192
2020134320SB03428,MONMOUTH,SEA BRIGHT BORO,08/30/2020,SU,1610,01,SEA BRIGHT PD,SEA BRIGHT PD,0,0,0,0,P,B,N,N,01,4,NJ 36,S,36,,00000036__,9.46,02,,01,04,02,01,01,01,05,01,500,FE,N,ROUTE 520 / RUMSON RD,,,,35,30,26,,,N,,
2020134320SB03566,MONMOUTH,SEA BRIGHT BORO,09/06/2020,SU,2018,01,SEA BRIGHT PD,,0,0,0,0,P,B,N,N,01,2,NJ 36,N,36,,00000036__,8.43,02,,01,04,02,01,06,01,05,01,420,FE,S,TRADEWINDS PL,,,,35,25,26,,,N,,43189
2020134320SB03585,MONMOUTH,SEA BRIGHT BORO,09/07/2020,MO,1203,01,SEA BRIGHT PD,,0,0,0,0,P,I,N,N,14,1,NJ 36,,36,,00000036__,9.23,02,,01,04,02,01,01,01,05,01,,AT,,PENINSULA AVE,,,,30,25,21,,,N,,43192
2020134320SB03592,MONMOUTH,SEA BRIGHT BORO,09/07/2020,MO,2017,01,SEA BRIGHT PD,,0,0,0,0,P,B,N,N,01,2,NJ 36,N,36,,00000036__,9.75,02,,01,04,02,01,01,01,05,01,2000,FE,N,ROUTE 520 / RUMSON RD,,,,35,30,26,,,N,,43192
2020134320SB03624,MONMOUTH,SEA BRIGHT BORO,09/09/2020,WE,1738,01,SEA BRIGHT PD,SEA BRIGHT PD,0,0,0,0,P,B,N,N,06,2,NJ 36,S,36,,00000036__,,02,,03,04,02,01,01,05,04,01,,,,,,,,30,,26,,,N,,43189
2020134320SB03712,MONMOUTH,SEA BRIGHT BORO,09/14/2020,MO,1259,01,SEA BRIGHT PD,SEA BRIGHT,0,1,0,0,I,B,N,N,14,1,NJ 36,,36,,00000036__,8.18,02,,01,04,02,01,01,01,04,01,0,FE,E,ISLAND VIEW WAY,,,,35,15,26,40.346890,73.973930,N,,43122
2020134320SB04158,MONMOUTH,SEA BRIGHT BORO,10/14/2020,WE,1553,01,SEA BRIGHT PD,SEA BRIGHT,0,0,0,0,P,B,N,N,08,2,ROUTE 520,W,520,,00000520__,22.35,05,,01,04,02,01,01,01,04,,200,FE,W,NJ 36 / OCEAN AVE,,,,30,40,26,40.365690,73.974110,N,,43186
2020134320SB04167,MONMOUTH,SEA BRIGHT BORO,10/14/2020,WE,2106,01,SEA BRIGHT PD,,0,0,0,0,P,B,N,N,08,2,VIA RIPA **,E,,,13431029__,.08,07,,01,04,02,01,07,01,05,01,430,FE,W,NJ 36 / OCEAN AVE,,,,25,40,28,40.391480,73.977080,N,,43183
2020134320SB04426,MONMOUTH,SEA BRIGHT BORO,11/08/2020,SU,0749,01,SEA BRIGHT PD,,0,0,0,0,P,I,Y,N,01,2,NJ 36,,36,,00000036__,8.18,02,,01,04,02,01,01,01,05,01,,AT,,ISLAND VIEW WAY,,,,40,25,26,40.348330,73.973840,N,,43192
2020134320SB04592,MONMOUTH,SEA BRIGHT BORO,11/21/2020,SA,1554,01,SEA BRIGHT PD,,0,0,0,0,P,I,N,N,01,2,NJ 36,N,36,,00000036__,9.37,02,,01,06,02,01,01,01,05,01,,AT,,ROUTE 520 / RUMSON RD,,,,30,35,26,40.365150,73.974560,N,,43192
2020134320SB04839,MONMOUTH,SEA BRIGHT BORO,12/12/2020,SA,1341,01,SEA BRIGHT PD,SEA BRIGHT PD,0,0,0,0,P,I,N,N,01,2,NJ 36,N,36,,00000036__,9.37,02,,01,07,02,01,01,01,05,01,,AT,,ROUTE 520 / RUMSON RD,,,,30,30,26,40.367130,73.974330,N,,43192
2020134320SB04844,MONMOUTH,SEA BRIGHT BORO,12/13/2020,SU,0853,01,SEA BRIGHT PD,,0,1,0,0,I,B,N,N,14,1,NJ 36,,36,,00000036__,,02,,01,04,02,01,01,01,05,01,,,,,,,,25,,28,40.361520,73.974360,N,,43183
2020134320SB04891,MONMOUTH,SEA BRIGHT BORO,12/17/2020,TH,0905,01,SEA BRIGHT PD,,0,0,0,0,P,B,N,N,01,2,NJ 36,,36,,00000036__,9.37,02,,01,04,02,05,01,03,05,01,10,FE,N,ROUTE 520 / RUMSON RD,,,,30,35,26,40.365150,73.974560,N,,43186
2020134320SB04973,MONMOUTH,SEA BRIGHT BORO,12/22/2020,TU,1919,01,SEA BRIGHT PD,,0,1,0,0,I,B,N,N,01,2,NJ 36,,36,,00000036__,9.16,02,,01,04,02,01,06,01,05,01,50,FE,N,RIVER ST,,,,30,25,26,,,N,,43200
2020134320SB05031,MONMOUTH,SEA BRIGHT BORO,12/28/2020,MO,1651,01,SEA BRIGHT PD,,0,0,0,0,P,B,N,N,01,2,NJ 36,,36,,00000036__,10.93,02,,01,04,02,01,03,01,05,01,1250,FE,S,VIA RIPA WAY,,,,40,25,26,,,N,,43200
2020134420SG00516,MONMOUTH,SEA GIRT BORO,01/21/2020,TU,0632,01,SEA GIRT PD,1344,0,0,0,0,P,B,N,N,01,2,SEA GIRT AVE **,E,,,13441025__,.77,07,,01,04,02,01,06,01,05,01,25,FE,N,CR 49 / WASHINGTON AVE,,,,25,25,26,,,N,,44562
2020134420SG00648,MONMOUTH,SEA GIRT BORO,01/27/2020,MO,1815,01,SEA GIRT PD,SEA GIRT,0,0,0,0,P,I,Y,N,01,2,NJ 71,S,71,,00000071__,2.29,02,,01,04,02,01,03,01,05,01,,AT,E,BEACON BLVD,,,,35,25,26,,,N,,44042
2020134420SG00924,MONMOUTH,SEA GIRT BORO,02/08/2020,SA,1310,01,SEA GIRT PD,,0,0,0,0,P,B,N,N,06,2,BEACON BLVD **,W,,,13441001__,.09,07,,01,04,02,01,01,01,05,01,25,FE,W,BELL PL,,,,25,25,28,40.138150,74.040340,N,,44046
2020134420SG01287,MONMOUTH,SEA GIRT BORO,02/29/2020,SA,0825,01,SEA GIRT PD,,0,0,0,0,P,I,N,N,03,2,NJ 71,N,71,,00000071__,2.22,02,,01,04,02,01,01,01,05,01,,AT,W,CHICAGO BLVD,,,,35,25,26,40.137660,74.042180,N,,44046
2020134420SG01620,MONMOUTH,SEA GIRT BORO,03/13/2020,FR,1725,01,SEA GIRT PD,,0,0,0,0,P,I,N,N,03,2,NJ 71,N,71,,00000071__,2.22,02,,01,04,02,01,01,01,05,01,,AT,,CHICAGO BLVD,,,,35,25,26,40.130400,74.043260,N,,44044
2020134420SG01698,MONMOUTH,SEA GIRT BORO,03/19/2020,TH,1416,01,SEA GIRT PD,1344,0,0,0,0,P,B,N,N,06,2,BEACON BLVD **,W,,,13441001__,.27,07,,01,04,01,01,01,01,05,01,25,FE,W,FIFTH AVE,,,,25,25,26,40.138360,74.039920,N,,44584
2020134420SG02843,MONMOUTH,SEA GIRT BORO,05/18/2020,MO,1508,01,SEA GIRT PD,P44,0,0,0,0,P,I,N,N,11,2,FIFTH AVE / THE TER **,,,,13441019__,1.18,07,,01,04,02,01,01,01,05,02,,AT,,CR 49 / WASHINGTON AVE,,,,25,25,52,40.129660,74.039370,N,,44047
2020134420SG03239,MONMOUTH,SEA GIRT BORO,06/07/2020,SU,1731,01,SEA GIRT PD,1344,0,1,0,0,I,I,N,N,03,2,NJ 71,S,71,,00000071__,2.29,02,,01,04,02,01,01,01,05,01,,AT,W,BEACON BLVD,,,,35,25,26,,,N,,44583
2020134420SG03326,MONMOUTH,SEA GIRT BORO,06/12/2020,FR,1141,01,SEA GIRT PD,13-44,0,0,0,0,P,B,N,N,08,2,BEACON BLVD **,W,,,13441001__,.00,07,,01,04,02,01,01,01,05,01,2,FE,W,NJ 71 / SEVENTH AVE,,,,25,35,26,,,N,,44562
2020134420SG03336,MONMOUTH,SEA GIRT BORO,06/12/2020,FR,1820,01,SEA GIRT PD,1344,0,1,0,0,I,B,N,N,02,1,MONMOUTH COUNTY 49,E,49,,13000049__,.73,05,,01,04,02,01,01,01,04,01,50,FE,E,2ND AVE,,,,25,25,26,,,N,,44584
2020134420SG03592,MONMOUTH,SEA GIRT BORO,06/26/2020,FR,0923,01,SEA GIRT PD,P44,0,0,0,0,P,I,N,N,03,2,NJ 71,,71,,00000071__,2.29,02,,01,04,02,01,01,01,04,01,,AT,W,BEACON BLVD,,,,35,25,26,40.138730,74.042190,N,,44047
2020134420SG03593,MONMOUTH,SEA GIRT BORO,06/26/2020,FR,1104,01,SEA GIRT PD,1344,0,1,0,0,I,I,N,N,14,1,SEA GIRT AVE **,,,,13441025__,.77,07,,03,04,02,01,01,01,04,01,,AT,,CR 49 / WASHINGTON AVE,,,,25,25,21,40.124060,74.038220,N,,44047
2020134420SG03647,MONMOUTH,SEA GIRT BORO,06/28/2020,SU,1520,01,SEA GIRT PD,1344,0,0,0,0,P,B,N,N,06,2,BEACON BLVD **,E,,,13441001__,.78,07,,01,04,02,01,01,01,,01,150,FE,W,OCEAN AVE,,,,25,25,26,40.136346,74.028291,N,,44584
2020134420SG03651,MONMOUTH,SEA GIRT BORO,06/28/2020,SU,1619,01,SEA GIRT PD,1344,0,0,0,0,P,B,N,N,01,2,NJ 71,S,71,,00000071__,2.23,02,,01,04,02,01,01,01,05,01,30,FE,N,CHICAGO BLVD,,,,35,25,,40.137660,74.042180,N,,44047
2020134420SG03674,MONMOUTH,SEA GIRT BORO,06/29/2020,MO,2049,01,SEA GIRT PD,,0,0,0,0,P,I,N,N,03,2,MONMOUTH COUNTY 49,S,49,,13000049__,1.13,05,,01,04,02,02,03,01,,01,,AT,,NEW YORK BLVD,,,,25,25,26,40.125230,74.031800,N,,44045
2020134420SG04295,MONMOUTH,SEA GIRT BORO,07/27/2020,MO,1206,01,SEA GIRT PD,SGPD,0,0,0,0,P,I,N,N,01,2,MONMOUTH COUNTY 49,W,49,,13000049__,.17,05,,01,04,02,01,01,01,05,01,,AT,,BELL PL,,,,25,25,26,40.131350,74.042750,N,,44043
2020134420SG04915,MONMOUTH,SEA GIRT BORO,08/20/2020,TH,1723,01,SEA GIRT PD,1344,0,0,0,0,P,I,N,N,02,2,NJ 71,S,71,,00000071__,1.72,02,,01,04,02,01,01,01,04,01,,AT,W,CR 49 / SEAGIRT AVE,,,,35,35,26,40.130519,74.043770,N,,44584
2020134420SG04979,MONMOUTH,SEA GIRT BORO,08/22/2020,SA,1348,01,SEA GIRT PD,,0,2,0,0,I,I,N,N,03,3,NJ 71,W,71,,00000071__,1.72,02,,01,04,02,01,01,01,04,01,,AT,,CR 49 / SEAGIRT AVE,,,,35,25,26,,,N,,
2020134420SG05271,MONMOUTH,SEA GIRT BORO,09/01/2020,TU,1235,01,SEA GIRT PD,P44,0,1,0,0,I,I,N,N,03,2,NJ 71,N,71,,00000071__,1.78,02,,01,04,02,01,01,01,05,01,,AT,,CRESCENT PLACE,,,,35,25,26,,,N,,44583
2020134420SG05613,MONMOUTH,SEA GIRT BORO,09/14/2020,MO,1142,01,SEA GIRT PD,1344,0,0,0,0,P,I,N,N,07,2,NJ 71,N,71,,00000071__,1.72,02,,01,04,02,01,01,01,04,01,,AT,,CR 49 / SEAGIRT AVE,,,,35,25,26,,,N,,44584
2020134420SG05971,MONMOUTH,SEA GIRT BORO,09/24/2020,TH,1230,01,SEA GIRT PD,13-44,0,1,0,0,I,B,Y,N,01,2,SEA GIRT AVE **,E,,,13441025__,.17,07,,01,04,02,01,01,01,05,01,2,FE,W,BELL PLACE,,,,25,25,26,,,N,,44592
2020134420SG06468,MONMOUTH,SEA GIRT BORO,10/18/2020,SU,0903,01,SEA GIRT PD,1344,0,0,0,0,P,I,N,N,03,2,BEACON BLVD **,E,,,13441001__,.71,07,,01,04,02,01,01,01,05,01,,AT,N,CR 49 / FIRST AVE,,,,25,30,01,,,N,,44562
2020134420SG07640,MONMOUTH,SEA GIRT BORO,12/20/2020,SU,1539,01,SEA GIRT PD,,0,1,0,0,I,I,N,N,03,2,MONMOUTH COUNTY 49,N,49,,13000049__,1.13,05,,01,04,02,02,01,05,05,01,,AT,,NEW YORK BLVD,,,,30,25,26,,,N,,44593
20201345I-2020-00366,MONMOUTH,SHREWSBURY BORO,01/08/2020,WE,1517,01,SHREWSBURY PD,SHREWSBURY BOR?,0,0,0,0,P,B,N,N,01,2,NJ 35,N,35,,00000035__,31.85,02,,01,04,02,01,01,01,04,01,100,FE,S,CR 13A / SYCAMORE AVE,,,,40,40,26,,,N,,4541
20201345I-2020-00481,MONMOUTH,SHREWSBURY BORO,01/10/2020,FR,1643,01,SHREWSBURY PD,,0,0,0,0,P,I,N,N,03,2,MONMOUTH COUNTY 13,S,13,,13000013__,.00,05,,01,04,02,01,03,01,04,01,,AT,,TINTON FALLS PLAZA DRIVE,,,,40,,26,,,N,,4540
20201345I-2020-00885,MONMOUTH,SHREWSBURY BORO,01/19/2020,SU,1731,01,SHREWSBURY PD,,0,1,0,0,I,B,N,N,03,2,NJ 35,S,35,,00000035__,31.33,02,,01,04,02,01,06,01,04,01,415,FE,N,AVE OF THE COMMON,,,,40,25,26,,,N,,4542
20201345I-2020-00993,MONMOUTH,SHREWSBURY BORO,01/22/2020,WE,1111,01,SHREWSBURY PD,,0,1,0,0,I,B,N,N,03,2,MONMOUTH COUNTY 13,N,13,,13000013__,1.32,05,,01,04,02,01,01,01,04,01,200,FE,S,EXECUTIVE DR,,,,40,25,26,,,N,,4534
20201345I-2020-01046,MONMOUTH,SHREWSBURY BORO,01/23/2020,TH,1035,01,SHREWSBURY PD,,0,0,0,0,P,I,N,N,01,2,NJ 35,N,35,,00000035__,32.30,02,,01,04,02,01,01,01,04,01,,AT,,QUEEN ANN DR,,,,35,25,26,,,N,,4542
20201345I-2020-01109,MONMOUTH,SHREWSBURY BORO,01/24/2020,FR,1415,01,SHREWSBURY PD,1345,0,0,0,0,P,I,N,N,02,2,NJ 35,S,35,,00000035__,31.87,02,,01,04,02,01,01,01,04,01,,AT,,CR 13A / SYCAMORE AVE,,,,40,40,26,,,N,,4537
20201345I-2020-01159,MONMOUTH,SHREWSBURY BORO,01/25/2020,SA,1051,01,SHREWSBURY PD,SHREWSBURY AVE?,0,0,0,0,P,B,N,N,01,2,NJ 35,N,35,,00000035__,31.21,02,,01,04,02,02,01,02,05,01,200,FE,S,AVE OF THE COMMON,,,,40,,26,,,N,,4543
20201345I-2020-01163,MONMOUTH,SHREWSBURY BORO,01/25/2020,SA,1233,01,SHREWSBURY PD,1345,0,2,0,0,I,I,N,N,04,2,NJ 35,N,35,,00000035__,31.87,02,,01,04,02,02,01,02,04,01,,AT,,CR 13A / SYCAMORE AVE,,,,40,40,26,,,N,,4537
20201345I-2020-01210,MONMOUTH,SHREWSBURY BORO,01/26/2020,SU,1355,01,SHREWSBURY PD,1345,0,0,0,0,P,B,N,N,05,2,BEECHWOOD DR / GARDEN DR **,,,,13451014__,.29,07,,01,04,02,01,01,01,05,01,50,FE,S,WHITE ST,,,,25,25,26,,,N,,4537
20201345I-2020-01440,MONMOUTH,SHREWSBURY BORO,01/31/2020,FR,1732,01,SHREWSBURY PD,SHREWSBURY BOR?,0,0,0,0,P,B,Y,N,03,2,MONMOUTH COUNTY 13 A,W,13,A,13000013A_,2.64,05,,01,04,02,01,03,01,04,01,25,FE,W,NJ 35 / BROAD ST,,,,40,35,26,,,N,,4541
20201345I-2020-01606,MONMOUTH,SHREWSBURY BORO,02/05/2020,WE,0859,01,SHREWSBURY PD,,0,0,0,0,P,B,N,N,01,2,ROUTE 520,E,520,,00000520__,16.78,05,,01,04,02,01,01,01,05,01,150,FE,W,NJ 35 / BROAD ST,,,,40,35,26,,,N,,4535
20201345I-2020-01709,MONMOUTH,SHREWSBURY BORO,02/07/2020,FR,1402,01,SHREWSBURY PD,SHREWSBURY,0,0,0,0,P,I,N,N,03,2,NJ 35,N,35,,00000035__,32.25,02,,01,04,02,02,01,02,05,01,,AT,,OBRE PL / WHITE ST,,,,35,,26,,,N,,4543
20201345I-2020-01769,MONMOUTH,SHREWSBURY BORO,02/08/2020,SA,1246,01,SHREWSBURY PD,SHREWSBURY,0,0,0,0,P,B,N,N,05,3,ROUTE 520,W,520,,00000520__,16.78,05,,01,04,02,01,01,01,05,01,150,FE,W,NJ 35 / BROAD ST,,,,35,,26,,,N,,4543
20201345I-2020-01784,MONMOUTH,SHREWSBURY BORO,02/08/2020,SA,1832,01,SHREWSBURY PD,1345,0,0,0,0,P,B,N,N,12,1,NJ 35,N,35,,00000035__,31.41,02,,01,04,02,01,03,01,04,01,200,FE,S,AVE OF THE COMMON / THORNBROOKE DR,,,,40,25,24,,,N,,4537
20201345I-2020-01993,MONMOUTH,SHREWSBURY BORO,02/12/2020,WE,1437,01,SHREWSBURY PD,SHREWSBURY,0,0,0,0,P,B,N,N,01,2,NJ 35,S,35,,00000035__,31.88,02,,01,04,02,01,01,01,05,01,50,FE,N,CR 13A / SYCAMORE AVE,,,,35,,26,,,N,,4543
20201345I-2020-02202,MONMOUTH,SHREWSBURY BORO,02/17/2020,MO,1119,01,SHREWSBURY PD,,0,0,0,0,P,I,N,N,01,2,MONMOUTH COUNTY 13 A,W,13,A,13000013A_,2.64,05,,01,04,02,01,01,01,01,01,,AT,W,NJ 35 / BROAD ST,,,,40,,26,,,N,,4544
20201345I-2020-02565,MONMOUTH,SHREWSBURY BORO,02/25/2020,TU,1313,01,SHREWSBURY PD,SHREWSBURY BOR?,0,0,0,0,P,B,N,N,01,2,MONMOUTH COUNTY 13 A,E,13,A,13000013A_,3.44,05,,01,04,02,02,01,02,04,01,250,FE,W,MANSION PL / TRAFALGAR PL,,,,40,25,26,,,N,,4541
20201345I-2020-02695,MONMOUTH,SHREWSBURY BORO,02/27/2020,TH,1511,01,SHREWSBURY PD,,0,0,0,0,P,B,N,N,03,2,PATTERSON AVE,E,,,13451049__,.03,07,,01,04,02,01,01,01,05,01,150,FE,E,CR 13 / SCHREWSBURY AVE,,,,25,,26,,,N,,4540
20201345I-2020-02843,MONMOUTH,SHREWSBURY BORO,03/02/2020,MO,1553,01,SHREWSBURY PD,1345,0,2,0,0,I,I,N,N,01,5,NJ 35,N,35,,00000035__,32.85,02,,01,04,02,01,01,01,04,01,,AT,,ROUTE 520 / NEWMAN SPRINGS RD,,,,35,35,26,,,N,,4537
20201345I-2020-02865,MONMOUTH,SHREWSBURY BORO,03/03/2020,TU,0827,01,SHREWSBURY PD,,0,0,0,0,P,B,N,N,02,2,NJ 35,,35,,00000035__,31.87,02,,01,04,02,01,01,01,05,01,25,FE,S,CR 13A / SYCAMORE AVE,,,,40,40,26,,,N,,4535
20201345I-2020-02880,MONMOUTH,SHREWSBURY BORO,03/03/2020,TU,1233,01,SHREWSBURY PD,,0,0,0,0,P,B,N,N,01,2,NJ 35,S,35,,00000035__,32.84,02,,01,04,02,01,01,05,04,01,50,FE,S,ROUTE 520 / NEWMAN SPRINGS RD,,,,35,,26,,,N,,4540
20201345I-2020-02902,MONMOUTH,SHREWSBURY BORO,03/04/2020,WE,1119,01,SHREWSBURY PD,SHREWSBURY BOR?,0,0,0,0,P,B,N,N,01,2,MONMOUTH COUNTY 13,N,13,,13000013__,1.46,05,,01,04,02,01,01,01,02,01,50,FE,S,APPLE ST,,,,40,25,26,,,N,,4541
20201345I-2020-02909,MONMOUTH,SHREWSBURY BORO,03/04/2020,WE,1727,01,SHREWSBURY PD,,0,0,0,0,P,B,N,N,01,2,MONMOUTH COUNTY 13 A,E,13,A,13000013A_,2.64,05,,01,04,02,01,01,01,02,01,20,FE,E,NJ 35 / BROAD ST,,,,40,35,26,,,N,,4530
20201345I-2020-02998,MONMOUTH,SHREWSBURY BORO,03/06/2020,FR,1635,01,SHREWSBURY PD,SHREWSBURY POL?,0,0,0,0,P,B,N,N,01,2,NJ 35,N,35,,00000035__,31.85,02,,01,04,02,01,01,01,04,01,100,FE,S,CR 13A / SYCAMORE AVE,,,,35,40,26,,,N,,4535
20201345I-2020-03142,MONMOUTH,SHREWSBURY BORO,03/09/2020,MO,1031,01,SHREWSBURY PD,,0,1,0,0,I,B,N,N,01,2,ROUTE 520,E,520,,00000520__,16.76,05,,01,04,02,01,01,01,04,01,250,FE,W,NJ 35 / BROAD ST,,,,35,35,26,,,N,,4542