Year(4)-CountyCode(2)-MunicipalityCode(2)-CaseNumber(9),County Name,Municipality Name,Crash Date,Crash Day of Week,Crash Time,Police Department Code,Police Department,Police Station,Total Killed,Total Injured,Pedestrians Killed,Pedestrians Injured,Severity,Intersection,Alcohol Involved,Hazmat Involved,Crash Type,Total Vehicles,Location,Location Direction,Route,Route Suffix,Std Rte Identifier,MilePost,Road System,Road Character,Road Horizontal Alignment,Road Grade,Road Surface Type,Surface Condition,Light Condition,Environmental Condition,Road Divided By,Temporary Traffic Control Zone,Distance To Cross Street,Unit Of Measurement,Direction From Cross Street,Cross Street Name,Is Ramp,Ramp To/From Route Name,Ramp To/From Route Direction,Posted Speed,Posted Speed Cross Street,First Harmful Event,Latitude,Longitude,Cell Phone In Use Flag,Other Property Damage,Reporting Badge No.
20201345I-2020-03277,MONMOUTH,SHREWSBURY BORO,03/12/2020,TH,1113,01,SHREWSBURY PD,,0,0,0,0,P,B,N,N,12,1,MONMOUTH COUNTY 13 A,W,13,A,13000013A_,3.23,05,,01,04,02,01,01,01,04,01,30,FE,E,WEST END AVE,,,,40,,26,,,N,,4544
20201345I-2020-03285,MONMOUTH,SHREWSBURY BORO,03/12/2020,TH,1256,01,SHREWSBURY PD,,0,0,0,0,P,I,N,N,03,2,BIRCH DR / SAMARA DR / TRAFFORD ST **,W,,,13451023__,.34,07,,01,04,02,01,01,01,04,01,,AT,,PATTERSON AVE,,,,25,25,26,,,N,,4540
20201345I-2020-03316,MONMOUTH,SHREWSBURY BORO,03/13/2020,FR,1220,01,SHREWSBURY PD,,0,0,0,0,P,I,N,N,11,1,NJ 35,S,35,,00000035__,31.08,02,,01,04,02,01,01,01,04,01,,AT,,CR 13 / SHREWSBURY AVE,,,,40,40,56,,,N,,4534
20201345I-2020-03389,MONMOUTH,SHREWSBURY BORO,03/17/2020,TU,1143,01,SHREWSBURY PD,SHREWSBURY,0,0,0,0,P,B,N,N,01,2,MONMOUTH COUNTY 13,N,13,,13000013__,1.20,05,,01,04,02,01,01,02,,01,,,,,,,,40,,26,,,N,,4543
20201345I-2020-03454,MONMOUTH,SHREWSBURY BORO,03/21/2020,SA,1126,01,SHREWSBURY PD,SHREWSBURY,0,0,0,0,P,B,N,N,01,2,NJ 35,S,35,,00000035__,32.84,02,,01,04,02,01,01,01,05,01,50,FE,S,ROUTE 520 / NEWMAN SPRINGS RD,,,,35,,26,,,N,,4543
20201345I-2020-03528,MONMOUTH,SHREWSBURY BORO,03/26/2020,TH,1048,01,SHREWSBURY PD,1345,0,0,0,0,P,B,N,N,02,2,NJ 35,N,35,,00000035__,32.73,02,,01,04,02,01,01,01,04,01,50,FE,N,WHITE RD,,,,35,25,26,,,N,,4537
20201345I-2020-03660,MONMOUTH,SHREWSBURY BORO,04/06/2020,MO,1523,01,SHREWSBURY PD,,0,0,0,0,P,B,N,N,01,2,MONMOUTH COUNTY 13 A,W,13,A,13000013A_,2.64,05,,01,04,02,01,01,01,05,01,20,FE,E,NJ 35 / BROAD ST,,,,40,,26,,,N,,4529
20201345I-2020-03661,MONMOUTH,SHREWSBURY BORO,04/06/2020,MO,1544,01,SHREWSBURY PD,,0,0,0,0,P,I,N,N,07,2,NJ 35,N,35,,00000035__,31.87,02,,01,04,02,01,01,01,05,01,,AT,,CR 13A / SYCAMORE AVE,,,,40,,26,,,N,POLE # 40041SHB,4529
20201345I-2020-03845,MONMOUTH,SHREWSBURY BORO,04/16/2020,TH,0651,01,SHREWSBURY PD,SHREWSBURY BOR?,0,0,0,0,P,B,N,N,01,2,MONMOUTH COUNTY 13,S,13,,13000013__,.94,05,,01,04,02,01,02,01,04,01,50,FE,N,CR 13A / SYCAMORE AVE,,,,40,40,26,,,N,,4541
20201345I-2020-04030,MONMOUTH,SHREWSBURY BORO,04/29/2020,WE,1227,01,SHREWSBURY PD,SHREWSBURY BOR?,0,0,0,0,P,I,N,N,03,2,ROUTE 520,E,520,,00000520__,16.63,05,,01,04,02,01,01,05,04,01,,AT,E,LAUREL ST,,,,40,25,26,,,N,,4541
20201345I-2020-04043,MONMOUTH,SHREWSBURY BORO,05/01/2020,FR,1133,01,SHREWSBURY PD,,0,0,0,0,P,I,N,N,03,2,MONMOUTH COUNTY 13,N,13,,13000013__,1.47,05,,01,04,02,01,01,01,04,01,,AT,N,APPLE ST,,,,40,,26,,,N,,4540
20201345I-2020-04197,MONMOUTH,SHREWSBURY BORO,05/14/2020,TH,1130,01,SHREWSBURY PD,,0,0,0,0,P,B,N,N,03,2,MONMOUTH COUNTY 13,N,13,,13000013__,1.70,05,,01,04,02,01,01,01,04,01,260,FE,S,HARVARD WAY,,,,40,25,26,,,N,,4542
20201345I-2020-04214,MONMOUTH,SHREWSBURY BORO,05/15/2020,FR,1156,01,SHREWSBURY PD,SHREWSBURY,0,0,0,0,P,I,N,N,11,1,NJ 35,N,35,,00000035__,32.72,02,,01,04,02,01,01,01,05,01,,AT,,WHITE RD,,,,35,,26,,,N,V1 CRASHED INTO THE UTILITY POLE (JC 126 SHB) AT THE INTERSECTION OF BROAD STRE?,4543
20201345I-2020-04222,MONMOUTH,SHREWSBURY BORO,05/15/2020,FR,1521,01,SHREWSBURY PD,1345,0,0,0,0,P,B,N,N,02,2,ROUTE 520,W,520,,00000520__,16.75,05,,01,04,02,01,01,01,04,01,300,FE,W,NJ 35 / BROAD ST,,,,35,35,26,,,N,,4537
20201345I-2020-04328,MONMOUTH,SHREWSBURY BORO,05/23/2020,SA,0848,01,SHREWSBURY PD,,0,0,0,0,P,I,N,N,03,2,ROUTE 520,E,520,,00000520__,16.29,05,,01,04,02,02,01,05,04,01,,AT,,CR 13,,,,40,40,26,,,N,,4542
20201345I-2020-04510,MONMOUTH,SHREWSBURY BORO,06/03/2020,WE,1110,01,SHREWSBURY PD,SHREWSBURY,0,0,0,0,P,B,N,N,08,2,ALLEN ST **,S,,,13451040__,.00,07,,01,04,02,01,01,01,05,01,,,,,,,,25,,26,,,N,,4543
20201345I-2020-05032,MONMOUTH,SHREWSBURY BORO,06/18/2020,TH,1652,01,SHREWSBURY PD,,0,1,0,0,I,I,N,N,01,2,NJ 35,N,35,,00000035__,32.72,02,,01,04,02,01,01,01,04,01,,AT,N,WHITE RD,,,,35,,26,,,N,,4544
20201345I-2020-05227,MONMOUTH,SHREWSBURY BORO,06/24/2020,WE,1118,01,SHREWSBURY PD,SHREWSBURY BOR?,0,0,0,0,P,B,N,N,01,2,NJ 35,N,35,,00000035__,32.23,02,,01,04,02,01,01,01,04,01,100,FE,S,OBRE PL / WHITE ST,,,,35,25,26,,,N,,4541
20201345I-2020-05229,MONMOUTH,SHREWSBURY BORO,06/24/2020,WE,1315,01,SHREWSBURY PD,SHREWSBURY BOR?,0,0,0,0,P,B,N,N,01,2,NJ 35,N,35,,00000035__,32.73,02,,01,04,02,01,01,01,04,01,50,FE,N,WHITE RD,,,,35,25,26,,,N,,4541
20201345I-2020-05260,MONMOUTH,SHREWSBURY BORO,06/25/2020,TH,1306,01,SHREWSBURY PD,SHREWSBURY BOR?,0,0,0,0,P,I,N,N,03,2,NJ 35,N,35,,00000035__,31.87,02,,01,04,02,01,01,01,04,01,,AT,E,CR 13A / SYCAMORE AVE,,,,35,40,26,,,N,,4541
20201345I-2020-05291,MONMOUTH,SHREWSBURY BORO,06/26/2020,FR,1406,01,SHREWSBURY PD,,0,0,0,0,P,I,N,N,01,2,MONMOUTH COUNTY 13 A,W,13,A,13000013A_,2.64,05,,01,04,02,01,01,01,01,01,,AT,E,NJ 35 / BROAD ST,,,,40,,26,,,N,,4539
20201345I-2020-05316,MONMOUTH,SHREWSBURY BORO,06/27/2020,SA,1110,01,SHREWSBURY PD,,0,0,0,0,P,I,N,N,01,2,MONMOUTH COUNTY 13 A,E,13,A,13000013A_,2.03,05,,01,04,02,01,01,01,04,01,,AT,,CR 13 / SHREWSBURY AVE,,,,40,,26,,,N,,4539
20201345I-2020-05404,MONMOUTH,SHREWSBURY BORO,06/29/2020,MO,1932,01,SHREWSBURY PD,SHREWSBURY BOR?,0,0,0,0,P,B,N,N,02,2,NJ 35,S,35,,00000035__,31.07,02,,01,04,02,01,03,01,04,01,50,FE,S,CR 13 / SHREWSBURY AVE,,,,35,40,26,,,N,,4541
20201345I-2020-05460,MONMOUTH,SHREWSBURY BORO,07/01/2020,WE,1550,01,SHREWSBURY PD,,0,0,0,0,P,B,N,N,02,2,NJ 35,N,35,,00000035__,32.71,02,,01,04,02,01,01,01,04,01,50,FE,S,WHITE RD,,,,35,,26,,,N,,4544
20201345I-2020-05613,MONMOUTH,SHREWSBURY BORO,07/06/2020,MO,1207,01,SHREWSBURY PD,1345,0,1,0,0,I,B,N,N,14,1,MONMOUTH COUNTY 13,N,13,,13000013__,.90,05,,01,04,02,01,01,01,04,01,150,FE,S,CR 13A / SYCAMORE AVE,,,,40,40,26,,,N,PEDALCYCLIST 1 BICYCLE,4537
20201345I-2020-05641,MONMOUTH,SHREWSBURY BORO,07/07/2020,TU,2128,01,SHREWSBURY PD,,0,1,0,0,I,B,N,N,11,1,MONMOUTH COUNTY 13,S,13,,13000013__,.49,05,,02,04,02,01,07,01,04,01,100,FE,N,BARKER AVE,,,,40,25,56,,,N,,4540
20201345I-2020-05675,MONMOUTH,SHREWSBURY BORO,07/08/2020,WE,1535,01,SHREWSBURY PD,,0,0,0,0,P,I,N,N,04,2,MONMOUTH COUNTY 13 A,E,13,A,13000013A_,2.64,05,,01,04,02,01,01,01,04,01,,AT,,NJ 35 / BROAD ST,,,,40,40,26,,,N,,4542
20201345I-2020-05737,MONMOUTH,SHREWSBURY BORO,07/10/2020,FR,1408,01,SHREWSBURY PD,1345,0,0,0,0,P,B,N,N,01,2,NJ 35,S,35,,00000035__,31.46,02,,01,04,02,02,01,02,04,01,75,FE,N,AVE OF THE COMMON / THORNBROOKE DR,,,,40,25,26,,,N,,4537
20201345I-2020-05854,MONMOUTH,SHREWSBURY BORO,07/13/2020,MO,0719,01,SHREWSBURY PD,,0,0,0,0,P,B,N,N,02,2,MONMOUTH COUNTY 13 A,E,13,A,13000013A_,2.63,05,,01,04,02,01,01,01,04,01,50,FE,W,NJ 35 / BROAD ST,,,,40,40,26,,,N,,4534
20201345I-2020-05861,MONMOUTH,SHREWSBURY BORO,07/13/2020,MO,1313,01,SHREWSBURY PD,,0,1,0,0,I,I,N,N,01,2,WHITE RD,W,,,13451114__,.00,07,,01,04,02,01,01,01,04,01,,AT,,NJ 35 / BROAD ST,,,,25,35,26,,,N,,4542
20201345I-2020-05925,MONMOUTH,SHREWSBURY BORO,07/15/2020,WE,1050,01,SHREWSBURY PD,SHREWSBURY,0,0,0,0,P,B,N,N,02,2,BEECHWOOD DR / GARDEN DR **,N,,,13451014__,.30,07,,01,04,02,01,01,01,05,01,,,,,,,,25,,26,,,N,,4543
20201345I-2020-05963,MONMOUTH,SHREWSBURY BORO,07/16/2020,TH,0621,01,SHREWSBURY PD,,0,0,0,0,P,I,N,N,01,2,NJ 35,S,35,,00000035__,31.08,02,,01,04,02,01,01,01,04,01,,AT,S,CR 13 / SHREWSBURY AVE,,,,40,,26,,,N,,4544
20201345I-2020-05971,MONMOUTH,SHREWSBURY BORO,07/16/2020,TH,1638,01,SHREWSBURY PD,SHREWSBURY,0,0,0,0,P,B,N,N,03,2,MONMOUTH COUNTY 13,N,13,,13000013__,.10,05,,01,04,02,01,01,01,05,01,,,,,,,,40,,26,,,N,,4543
20201345I-2020-06234,MONMOUTH,SHREWSBURY BORO,07/25/2020,SA,1200,01,SHREWSBURY PD,SHREWSBURY,0,0,0,0,P,I,N,N,03,2,MONMOUTH COUNTY 13 A,E,13,A,13000013A_,3.49,05,,01,04,02,01,01,01,05,01,,AT,,MANSION PL / TRAFALGAR PL,,,,40,,26,,,N,,4543
20201345I-2020-06578,MONMOUTH,SHREWSBURY BORO,08/04/2020,TU,0946,01,SHREWSBURY PD,,0,1,0,0,I,B,N,N,01,2,WHITE RD,W,,,13451114__,.00,07,,01,04,02,01,01,05,04,,10,FE,E,NJ 35 / BROAD ST,,,,35,40,26,,,N,,4540
20201345I-2020-06906,MONMOUTH,SHREWSBURY BORO,08/10/2020,MO,1035,01,SHREWSBURY PD,,0,0,0,0,P,B,N,N,06,2,FRANCES ST / LAUREL ST **,E,,,,,07,,01,04,02,01,01,01,05,01,,,,,,,,25,,28,40.335750,74.068250,N,,4529
20201345I-2020-06909,MONMOUTH,SHREWSBURY BORO,08/10/2020,MO,1227,01,SHREWSBURY PD,,0,0,0,0,P,B,N,N,03,2,MONMOUTH COUNTY 13,S,13,,13000013__,.09,05,,01,04,02,01,01,01,05,01,500,FE,S,NJ 35,,,,40,,26,,,N,,4529
20201345I-2020-06981,MONMOUTH,SHREWSBURY BORO,08/12/2020,WE,1527,01,SHREWSBURY PD,,0,0,0,0,P,B,N,N,07,2,AVE AT THE COMMONS **,W,,,13451042__,.00,07,,01,04,02,01,01,01,04,01,15,FE,W,NJ 35 / BROAD ST,,,,25,,26,,,N,,4544
20201345I-2020-07054,MONMOUTH,SHREWSBURY BORO,08/14/2020,FR,0943,01,SHREWSBURY PD,,0,2,0,0,I,I,N,N,07,2,NJ 35,S,35,,00000035__,31.87,02,,01,04,02,01,01,01,05,01,,AT,W,CR 13A / SYCAMORE AVE,,,,35,40,26,,,N,,4529
20201345I-2020-07191,MONMOUTH,SHREWSBURY BORO,08/18/2020,TU,1153,01,SHREWSBURY PD,,0,0,0,0,P,B,N,N,02,2,NJ 35,S,35,,00000035__,32.83,02,,01,04,02,01,01,01,04,01,100,FE,S,ROUTE 520 / NEWMAN SPRINGS RD,,,,35,,26,,,N,,4544
20201345I-2020-07541,MONMOUTH,SHREWSBURY BORO,08/28/2020,FR,1835,01,SHREWSBURY PD,,0,0,0,0,P,B,N,N,01,2,MONMOUTH COUNTY 13 A,W,13,A,13000013A_,2.12,05,,01,04,02,02,01,02,04,01,500,FE,E,CR 13 / SHREWSBURY AVE,,,,40,40,26,,,N,,4534
20201345I-2020-07554,MONMOUTH,SHREWSBURY BORO,08/29/2020,SA,1146,01,SHREWSBURY PD,,0,0,0,0,P,B,N,N,01,2,MONMOUTH COUNTY 13,N,13,,13000013__,1.87,05,,01,04,02,01,01,01,04,01,275,FE,S,ROUTE 520 / NEWMAN SPRINGS RD,,,,40,35,26,,,N,,4542
20201345I-2020-07789,MONMOUTH,SHREWSBURY BORO,09/05/2020,SA,1344,01,SHREWSBURY PD,SHREWSBURY,0,1,0,0,I,I,N,N,05,2,NJ 35,N,35,,00000035__,31.25,02,,01,04,02,01,01,01,05,01,,AT,,AVE OF THE COMMON,,,,40,,26,,,N,,4543
20201345I-2020-07834,MONMOUTH,SHREWSBURY BORO,09/06/2020,SU,1626,01,SHREWSBURY PD,,0,0,0,0,P,B,N,N,01,2,NJ 35,S,35,,00000035__,31.08,02,,01,04,02,01,01,01,05,01,25,FE,N,CR 13 / SHREWSBURY AVE,,,,40,40,26,,,N,,4529
20201345I-2020-07885,MONMOUTH,SHREWSBURY BORO,09/08/2020,TU,1116,01,SHREWSBURY PD,,0,0,0,0,P,B,N,N,01,2,NJ 35,N,35,,00000035__,31.89,02,,01,04,02,01,01,01,04,01,100,FE,N,CR 13A / SYCAMORE AVE,,,,35,,26,,,N,,4538
20201345I-2020-07898,MONMOUTH,SHREWSBURY BORO,09/08/2020,TU,1601,01,SHREWSBURY PD,,0,0,0,0,P,B,N,N,01,2,MONMOUTH COUNTY 13 A,E,13,A,13000013A_,2.87,05,,01,04,02,01,01,01,05,01,100,FE,E,SILVERBROOK RD,,,,40,,26,,,N,,4538
20201345I-2020-07939,MONMOUTH,SHREWSBURY BORO,09/09/2020,WE,1410,01,SHREWSBURY PD,SHREWSBURY,0,0,0,0,P,B,N,N,05,2,MONMOUTH COUNTY 13 A,W,13,A,13000013A_,2.05,05,,01,04,02,01,01,01,05,01,100,FE,E,CR 13 / SHREWSBURY AVE,,,,35,,26,,,N,,4543
20201345I-2020-08023,MONMOUTH,SHREWSBURY BORO,09/11/2020,FR,1104,01,SHREWSBURY PD,,0,0,0,0,P,I,N,N,03,2,NJ 35,S,35,,00000035__,31.08,02,,01,04,02,01,01,01,04,01,,AT,,CR 13 / SHREWSBURY AVE,,,,40,40,26,,,N,,4542
20201345I-2020-08173,MONMOUTH,SHREWSBURY BORO,09/15/2020,TU,2125,01,SHREWSBURY PD,,0,0,0,0,P,B,N,N,12,1,NJ 35,N,35,,00000035__,31.24,02,,01,04,02,01,07,01,04,01,75,FE,S,AVE OF THE COMMON,,,,40,25,,,,N,,4540
20201345I-2020-08195,MONMOUTH,SHREWSBURY BORO,09/16/2020,WE,1106,01,SHREWSBURY PD,,0,0,0,0,P,B,N,N,08,2,FRANCES ST / LAUREL ST **,N,,,13451024__,.32,07,,01,04,02,01,01,01,04,01,145,FE,S,ROUTE 520 / NEWMAN SPRINGS RD,,,,25,40,28,,,N,,4542
20201345I-2020-08259,MONMOUTH,SHREWSBURY BORO,09/18/2020,FR,1249,01,SHREWSBURY PD,,0,0,0,0,P,B,N,N,01,2,MONMOUTH COUNTY 13 A,W,13,A,13000013A_,2.64,05,,01,04,02,01,01,01,02,01,15,FE,E,NJ 35 / BROAD ST,,,,40,40,26,,,N,,4531
20201345I-2020-08494,MONMOUTH,SHREWSBURY BORO,09/24/2020,TH,1518,01,SHREWSBURY PD,1345,0,1,0,0,I,B,N,N,01,2,NJ 35,N,35,,00000035__,31.81,02,,01,04,02,01,01,01,03,01,300,FE,S,CR 13A / SYCAMORE AVE,,,,40,40,26,,,N,,4537
20201345I-2020-08570,MONMOUTH,SHREWSBURY BORO,09/26/2020,SA,0751,01,SHREWSBURY PD,,0,0,0,0,P,B,N,N,08,2,1 NEWMAN SPRINGS ROAD,S,,,,,09,,00,00,00,00,00,00,05,01,,,,,,,,15,,26,,,N,,4529
20201345I-2020-08591,MONMOUTH,SHREWSBURY BORO,09/26/2020,SA,1743,01,SHREWSBURY PD,,0,0,0,0,P,I,N,N,01,2,MONMOUTH COUNTY 13 A,W,13,A,13000013A_,2.64,05,,01,04,02,01,01,01,03,01,,AT,,NJ 35 / BROAD ST,,,,40,,26,,,N,,4538
20201345I-2020-08748,MONMOUTH,SHREWSBURY BORO,09/30/2020,WE,0940,01,SHREWSBURY PD,,0,0,0,0,P,I,N,N,02,3,NJ 35,N,35,,00000035__,32.85,02,,01,04,02,01,01,01,04,01,,AT,,ROUTE 520 / NEWMAN SPRINGS RD,,,,35,,26,,,N,,
20201345I-2020-08897,MONMOUTH,SHREWSBURY BORO,10/03/2020,SA,1359,01,SHREWSBURY PD,,0,0,0,0,P,B,N,N,01,2,NJ 35,S,35,,00000035__,31.07,02,,01,04,02,01,01,01,04,01,50,FE,S,CR 13 / SHREWSBURY AVE,,,,40,40,26,,,N,,4540
20201345I-2020-09068,MONMOUTH,SHREWSBURY BORO,10/08/2020,TH,0545,01,SHREWSBURY PD,1345,0,0,0,0,P,I,N,N,01,2,NJ 35,S,35,,00000035__,31.87,02,,01,04,02,01,02,01,04,01,,AT,,CR 13A / SYCAMORE AVE,,,,35,40,26,,,N,,4537
20201345I-2020-09090,MONMOUTH,SHREWSBURY BORO,10/08/2020,TH,2122,01,SHREWSBURY PD,SHREWSBURY,0,1,0,0,I,I,N,N,01,2,NJ 35,N,35,,00000035__,32.72,02,,01,04,02,01,06,01,05,01,,AT,,WHITE RD,,,,35,,26,,,N,,4543
20201345I-2020-09210,MONMOUTH,SHREWSBURY BORO,10/12/2020,MO,1439,01,SHREWSBURY PD,,0,0,0,0,P,B,N,N,03,2,MONMOUTH COUNTY 13 A,S,13,A,13000013A_,2.05,05,,01,04,02,02,01,02,04,01,80,FE,E,CR 13 / SHREWSBURY AVE,,,,40,,26,,,N,,4544
20201345I-2020-09371,MONMOUTH,SHREWSBURY BORO,10/17/2020,SA,1102,01,SHREWSBURY PD,,0,0,0,0,P,B,N,N,01,2,NJ 35,N,35,,00000035__,31.90,02,,01,04,02,01,01,01,04,01,150,FE,N,CR 13A / SYCAMORE AVE,,,,35,40,26,,,N,,4540
20201345I-2020-09476,MONMOUTH,SHREWSBURY BORO,10/20/2020,TU,1153,01,SHREWSBURY PD,,0,0,0,0,P,B,N,N,03,2,MONMOUTH COUNTY 13 A,E,13,A,13000013A_,2.13,05,,01,04,02,02,01,01,04,01,550,FE,E,CR 13 / SHREWSBURY AVE,,,,40,40,26,,,N,,4542
20201345I-2020-09525,MONMOUTH,SHREWSBURY BORO,10/21/2020,WE,1822,01,SHREWSBURY PD,,0,0,0,0,P,B,N,N,01,2,NJ 35,,35,,00000035__,31.04,02,,01,04,02,01,07,01,04,01,200,FE,S,CR 13 / SHREWSBURY AVE,,,,40,40,26,,,N,,4540
20201345I-2020-09606,MONMOUTH,SHREWSBURY BORO,10/26/2020,MO,1124,01,SHREWSBURY PD,SHREWSBURY,0,0,0,0,P,I,N,N,02,2,MONMOUTH COUNTY 13 A,W,13,A,13000013A_,2.03,05,,01,04,02,02,01,02,05,01,,AT,,CR 13 / SHREWSBURY AVE,,,,40,,26,,,N,,4543
20201345I-2020-09665,MONMOUTH,SHREWSBURY BORO,10/28/2020,WE,0812,01,SHREWSBURY PD,,0,3,0,0,I,I,N,N,04,2,MONMOUTH COUNTY 13 A,W,13,A,13000013A_,2.64,05,,01,04,02,01,01,01,04,01,,AT,,NJ 35 / BROAD ST,,,,40,40,26,,,N,,4534
20201345I-2020-09673,MONMOUTH,SHREWSBURY BORO,10/28/2020,WE,1236,01,SHREWSBURY PD,,0,1,0,0,I,B,N,N,01,2,MONMOUTH COUNTY 13 A,N,13,A,13000013A_,2.64,05,,01,04,02,01,01,01,04,01,10,FE,W,NJ 35 / BROAD ST,,,,40,40,26,,,N,,4542
20201345I-2020-09714,MONMOUTH,SHREWSBURY BORO,10/29/2020,TH,1813,01,SHREWSBURY PD,,0,0,0,0,P,I,N,N,03,2,NJ 35,S,35,,00000035__,31.87,02,,01,04,02,02,06,02,04,01,,AT,,CR 13A / SYCAMORE AVE,,,,35,40,26,,,N,,4542
20201345I-2020-09831,MONMOUTH,SHREWSBURY BORO,11/03/2020,TU,0832,01,SHREWSBURY PD,,0,0,0,0,P,B,N,N,01,2,NJ 35,N,35,,00000035__,31.08,02,,01,04,02,01,01,01,04,01,10,FE,S,CR 13 / SHREWSBURY AVE,,,,40,40,26,,,N,,4534
20201345I-2020-09897,MONMOUTH,SHREWSBURY BORO,11/05/2020,TH,1146,01,SHREWSBURY PD,1345,0,0,0,0,P,I,N,N,01,2,MONMOUTH COUNTY 13,N,13,,13000013__,1.80,05,,01,04,02,01,01,01,04,01,,AT,,HARVARD WAY,,,,40,25,26,,,N,,4537
20201345I-2020-09904,MONMOUTH,SHREWSBURY BORO,11/05/2020,TH,1417,01,SHREWSBURY PD,1345,0,0,0,0,P,I,N,N,01,2,MONMOUTH COUNTY 13,N,13,,13000013__,1.53,05,,01,04,02,01,01,01,04,01,,AT,,PEACH ST,,,,40,25,26,,,N,,4537
20201345I-2020-09966,MONMOUTH,SHREWSBURY BORO,11/07/2020,SA,1528,01,SHREWSBURY PD,,0,0,0,0,P,B,N,N,01,2,MONMOUTH COUNTY 13,N,13,,13000013__,.10,05,,01,04,02,01,01,01,04,01,1000,FE,S,BROAD STREET,,,,40,40,26,,,N,,4534
20201345I-2020-10031,MONMOUTH,SHREWSBURY BORO,11/09/2020,MO,1913,01,SHREWSBURY PD,,0,0,0,0,P,B,N,N,12,1,WHITE RD,W,,,13451114__,.09,07,,01,04,02,01,05,01,04,01,500,FE,E,NJ 35 / BROAD ST,,,,35,35,24,,,N,,4540
20201345I-2020-10107,MONMOUTH,SHREWSBURY BORO,11/12/2020,TH,1250,01,SHREWSBURY PD,,0,0,0,0,P,B,N,N,08,2,CENTRAL ST / HENRY ST / MOHAWK LN **,S,,,13451115__,.34,07,,01,04,02,01,01,01,05,01,1000,FE,S,ROUTE 520 / NEWMAN SPRINGS RD,,,,25,35,26,,,N,,4534
20201345I-2020-10143,MONMOUTH,SHREWSBURY BORO,11/13/2020,FR,1916,01,SHREWSBURY PD,,0,0,0,0,P,B,N,N,12,1,NJ 35,S,35,,00000035__,31.92,02,,01,04,02,01,06,01,04,01,250,FE,N,CR 13A / SYCAMORE AVE,,,,35,,26,,,N,,4544
20201345I-2020-10149,MONMOUTH,SHREWSBURY BORO,11/13/2020,FR,2225,01,SHREWSBURY PD,,0,0,0,0,P,I,N,N,02,2,NJ 35,S,35,,00000035__,32.45,02,,01,04,02,01,06,01,04,01,,AT,S,MEADOW,,,,35,,26,,,N,,4544
20201345I-2020-10185,MONMOUTH,SHREWSBURY BORO,11/14/2020,SA,1523,01,SHREWSBURY PD,1345,0,0,0,0,P,B,N,N,08,2,681 SHREWSBURY AVENUE,N,,,,,09,,01,04,02,01,01,01,05,01,,,,,,,,15,,26,,,N,,4537
20201345I-2020-10350,MONMOUTH,SHREWSBURY BORO,11/19/2020,TH,2043,01,SHREWSBURY PD,,0,0,0,0,P,B,N,N,12,1,MONMOUTH COUNTY 13,N,13,,13000013__,.68,05,,03,04,02,01,06,01,04,01,100,FE,S,RIRORDON ST,,,,40,,26,,,N,,4544
20201345I-2020-10395,MONMOUTH,SHREWSBURY BORO,11/20/2020,FR,1409,01,SHREWSBURY PD,SHREWSBURY POL?,0,0,0,0,P,B,N,N,01,2,NJ 35,S,35,,00000035__,31.49,02,,01,04,02,01,01,01,04,01,200,FE,N,AVE OF THE COMMON / THORNBROOKE DR,,,,40,25,26,,,N,,4541
20201345I-2020-10419,MONMOUTH,SHREWSBURY BORO,11/21/2020,SA,1829,01,SHREWSBURY PD,,0,0,0,0,P,B,N,N,12,1,NJ 35,S,35,,00000035__,32.66,02,,01,04,02,01,07,01,04,01,200,FE,N,PATTERSON AVE,,,,35,25,24,,,N,,4534
20201345I-2020-10508,MONMOUTH,SHREWSBURY BORO,11/23/2020,MO,2307,01,SHREWSBURY PD,1345,0,0,0,0,P,B,N,N,12,1,MONMOUTH COUNTY 13,N,13,,13000013__,1.13,05,,01,04,02,01,07,01,04,01,350,FE,N,GILBERT ST S,,,,40,25,24,,,N,,4537
20201345I-2020-10513,MONMOUTH,SHREWSBURY BORO,11/24/2020,TU,0600,01,SHREWSBURY PD,,0,0,0,0,P,B,N,N,11,1,NJ 35,N,35,,00000035__,32.44,02,,01,04,02,01,02,01,04,01,50,FE,S,MEADOW,,,,35,25,50,,,N,A SPEED LIMIT SIGN AND A RT. 35 NORTH SIGN. STATE DOT WAS NOTIFIED OF THE DAMAG?,4535
20201345I-2020-10518,MONMOUTH,SHREWSBURY BORO,11/24/2020,TU,0853,01,SHREWSBURY PD,,0,0,0,0,P,B,N,N,01,2,MONMOUTH COUNTY 13,N,13,,13000013__,1.18,05,,01,04,02,01,01,01,04,01,30,FE,S,N GILBERT ST,,,,40,,26,,,N,,4544
20201345I-2020-10560,MONMOUTH,SHREWSBURY BORO,11/25/2020,WE,1434,01,SHREWSBURY PD,,0,0,0,0,P,B,N,N,01,2,MONMOUTH COUNTY 13,N,13,,13000013__,,05,,01,04,02,01,01,01,04,01,,,,,,,,40,,26,,,N,,4538
20201345I-2020-10563,MONMOUTH,SHREWSBURY BORO,11/25/2020,WE,1534,01,SHREWSBURY PD,SHREWSBURY BOR?,0,0,0,0,P,I,N,N,01,2,MONMOUTH COUNTY 13,E,13,,13000013__,.00,05,,01,04,02,01,01,01,02,01,,AT,S,NJ 35,,,,40,40,26,,,N,,4541
20201345I-2020-10584,MONMOUTH,SHREWSBURY BORO,11/27/2020,FR,0334,01,SHREWSBURY PD,,0,0,0,0,P,B,N,N,12,1,NJ 35,N,35,,00000035__,31.17,02,,01,04,02,01,06,01,04,01,500,FE,N,CR 13 / SHREWSBURY AVE,,,,40,40,24,,,N,,4542
20201345I-2020-10625,MONMOUTH,SHREWSBURY BORO,11/28/2020,SA,1023,01,SHREWSBURY PD,,0,0,0,0,P,B,N,N,12,1,NJ 35,N,35,,00000035__,31.61,02,,01,04,02,01,01,01,04,01,50,FE,N,SILVERBROOK RD,,,,40,,26,,,N,,4544