Year(4)-CountyCode(2)-MunicipalityCode(2)-CaseNumber(9),County Name,Municipality Name,Crash Date,Crash Day of Week,Crash Time,Police Department Code,Police Department,Police Station,Total Killed,Total Injured,Pedestrians Killed,Pedestrians Injured,Severity,Intersection,Alcohol Involved,Hazmat Involved,Crash Type,Total Vehicles,Location,Location Direction,Route,Route Suffix,Std Rte Identifier,MilePost,Road System,Road Character,Road Horizontal Alignment,Road Grade,Road Surface Type,Surface Condition,Light Condition,Environmental Condition,Road Divided By,Temporary Traffic Control Zone,Distance To Cross Street,Unit Of Measurement,Direction From Cross Street,Cross Street Name,Is Ramp,Ramp To/From Route Name,Ramp To/From Route Direction,Posted Speed,Posted Speed Cross Street,First Harmful Event,Latitude,Longitude,Cell Phone In Use Flag,Other Property Damage,Reporting Badge No.
20201345I-2020-10676,MONMOUTH,SHREWSBURY BORO,11/30/2020,MO,1055,01,SHREWSBURY PD,,0,0,0,0,P,B,N,N,01,3,MONMOUTH COUNTY 13 A,,13,A,13000013A_,2.64,05,,01,04,02,02,01,02,05,01,15,FE,E,NJ 35 / BROAD ST,,,,35,35,26,,,N,,4529
20201345I-2020-10680,MONMOUTH,SHREWSBURY BORO,11/30/2020,MO,1445,01,SHREWSBURY PD,SHREWSBURY BOR?,0,0,0,0,P,B,N,N,01,2,NJ 35,N,35,,00000035__,32.24,02,,01,04,02,02,01,02,04,01,50,FE,S,OBRE PL / WHITE ST,,,,35,25,26,,,N,,4541
20201345I-2020-10708,MONMOUTH,SHREWSBURY BORO,12/01/2020,TU,1709,01,SHREWSBURY PD,SHREWSBURY BOR?,0,0,0,0,P,B,N,N,01,2,NJ 35,N,35,,00000035__,31.86,02,,01,04,02,01,06,01,04,01,50,FE,S,CR 13A / SYCAMORE AVE,,,,40,40,26,,,N,,4541
20201345I-2020-10712,MONMOUTH,SHREWSBURY BORO,12/01/2020,TU,2039,01,SHREWSBURY PD,,0,1,0,0,I,B,Y,N,01,2,NJ 35,N,35,,00000035__,31.84,02,,01,04,02,01,06,01,04,01,150,FE,S,CR 13A / SYCAMORE AVE,,,,40,40,26,,,N,DAMAGE TO TREE THAT WAS STRUCK BY V1,4542
20201345I-2020-10713,MONMOUTH,SHREWSBURY BORO,12/01/2020,TU,2242,01,SHREWSBURY PD,,0,0,0,0,P,B,N,N,12,1,MONMOUTH COUNTY 13 A,E,13,A,13000013A_,2.77,05,,01,04,02,01,07,01,05,01,75,FE,E,BUTTONWOOD DR,,,,40,25,24,,,N,,4535
20201345I-2020-10748,MONMOUTH,SHREWSBURY BORO,12/02/2020,WE,1710,01,SHREWSBURY PD,,0,0,0,0,P,B,N,N,03,2,MONMOUTH COUNTY 13 A,E,13,A,13000013A_,2.04,05,,01,04,02,01,06,01,04,01,50,FE,E,CR 13 / SHREWSBURY AVE,,,,40,,26,,,N,,4544
20201345I-2020-10777,MONMOUTH,SHREWSBURY BORO,12/03/2020,TH,1050,01,SHREWSBURY PD,,0,0,0,0,P,B,N,N,03,2,MONMOUTH COUNTY 13,N,13,,13000013__,.41,05,,01,04,02,01,01,01,04,01,300,FE,S,BARKER AVE,,,,40,,26,,,N,,4539
20201345I-2020-10911,MONMOUTH,SHREWSBURY BORO,12/07/2020,MO,1700,01,SHREWSBURY PD,,0,0,0,0,P,B,N,N,12,1,MONMOUTH COUNTY 13,N,13,,13000013__,.71,05,,02,04,02,01,06,01,04,01,50,FE,N,RIRORDON ST,,,,40,,26,,,N,,4544
20201345I-2020-10915,MONMOUTH,SHREWSBURY BORO,12/07/2020,MO,1815,01,SHREWSBURY PD,,1,1,1,0,F,B,N,N,13,1,NJ 35,S,35,,00000035__,31.28,02,,03,04,02,01,07,01,04,01,150,FE,N,AVE OF THE COMMON,,,,40,,26,,,N,,4539
20201345I-2020-10944,MONMOUTH,SHREWSBURY BORO,12/08/2020,TU,1113,01,SHREWSBURY PD,,0,0,0,0,P,B,N,N,11,1,1 OBRE PLACE,E,,,,,09,,01,05,02,01,01,01,05,01,,,,,,,,,,,,,N,V1 BACKED INTO A CEMENT LOADING DOCK BASE AND THE MEDAL RAILING.,4539
20201345I-2020-11029,MONMOUTH,SHREWSBURY BORO,12/10/2020,TH,1537,01,SHREWSBURY PD,,0,0,0,0,P,I,N,N,03,2,BIRCH DR / SAMARA DR / TRAFFORD ST **,W,,,13451023__,.34,07,,01,04,02,01,01,01,05,01,,AT,N,PATTERSON AVE,,,,25,25,26,,,N,,4529
20201345I-2020-11060,MONMOUTH,SHREWSBURY BORO,12/11/2020,FR,1449,01,SHREWSBURY PD,,0,0,0,0,P,B,N,N,03,2,MEADOW DR **,W,,,13451039__,.20,07,,01,04,02,01,01,01,05,01,25,FE,E,NJ 35 / BROAD ST,,,,15,40,26,,,N,,4540
20201345I-2020-11063,MONMOUTH,SHREWSBURY BORO,12/11/2020,FR,1536,01,SHREWSBURY PD,,0,0,0,0,P,B,N,N,01,2,NJ 35,N,35,,00000035__,32.72,02,,01,04,02,01,01,01,04,01,25,FE,S,WHITE RD,,,,35,,26,,,N,,4544
20201345I-2020-11188,MONMOUTH,SHREWSBURY BORO,12/16/2020,WE,1137,01,SHREWSBURY PD,,0,0,0,0,P,B,N,N,02,2,NJ 35,S,35,,00000035__,31.83,02,,01,05,02,01,01,05,04,01,200,FE,S,CR 13A / SYCAMORE AVE,,,,40,,26,,,N,,4544
20201345I-2020-11197,MONMOUTH,SHREWSBURY BORO,12/16/2020,WE,1732,01,SHREWSBURY PD,,0,0,0,0,P,I,N,N,01,2,NJ 35,S,35,,00000035__,31.45,02,,01,05,02,03,06,03,04,01,,AT,N,AVE OF THE COMMON / THORNBROOKE DR,,,,40,,26,,,N,,4544
20201345I-2020-11198,MONMOUTH,SHREWSBURY BORO,12/16/2020,WE,1750,01,SHREWSBURY PD,,0,0,0,0,P,I,N,N,11,1,NJ 35,N,35,,00000035__,31.45,02,,01,04,02,03,06,03,04,01,,AT,N,AVE OF THE COMMON / THORNBROOKE DR,,,,40,,26,,,N,TURN SIGN AT THE INTERSECTION OF RT 35/AVE AT THE COMMONS WAS DAMAGED IN THE CR?,4544
20201345I-2020-11207,MONMOUTH,SHREWSBURY BORO,12/16/2020,WE,2056,01,SHREWSBURY PD,1345,0,0,0,0,P,I,N,N,11,1,NJ 35,N,35,,00000035__,32.10,02,,03,04,02,03,07,03,04,01,,AT,,,T,CR 13,NB,40,,50,,,N,STATE DOT SIGNS,4537
20201345I-2020-11220,MONMOUTH,SHREWSBURY BORO,12/17/2020,TH,1543,01,SHREWSBURY PD,,0,0,0,0,P,I,N,N,08,2,ROUTE 520,E,520,,00000520__,16.63,05,,01,04,02,02,01,01,04,01,,AT,,LAUREL ST,,,,35,,26,,,N,,4539
20201345I-2020-11237,MONMOUTH,SHREWSBURY BORO,12/18/2020,FR,0950,01,SHREWSBURY PD,,0,0,0,0,P,B,N,N,03,2,ROUTE 520,E,520,,00000520__,16.78,05,,01,04,02,04,01,01,04,01,150,FE,W,NJ 35 / BROAD ST,,,,35,35,26,,,N,,4542
20201345I-2020-11287,MONMOUTH,SHREWSBURY BORO,12/20/2020,SU,1302,01,SHREWSBURY PD,,0,0,0,0,P,B,N,N,02,2,MONMOUTH COUNTY 13,N,13,,13000013__,.91,05,,01,04,02,01,01,01,04,01,100,FE,S,CR 13A / SYCAMORE AVE,,,,40,40,26,,,N,,4535
20201345I-2020-11372,MONMOUTH,SHREWSBURY BORO,12/22/2020,TU,1957,01,SHREWSBURY PD,,0,0,0,0,P,B,N,N,01,2,MONMOUTH COUNTY 13,N,13,,13000013__,1.91,05,,01,04,02,01,07,01,04,01,75,FE,S,ROUTE 520 / NEWMAN SPRINGS RD,,,,40,35,26,,,N,,4540
20201345I-2020-11430,MONMOUTH,SHREWSBURY BORO,12/25/2020,FR,0552,01,SHREWSBURY PD,SHREWSBURY BOR?,0,0,0,0,P,B,N,N,15,1,MONMOUTH COUNTY 13 A,E,13,A,13000013A_,2.55,05,,01,04,02,02,02,02,04,01,500,FE,W,NJ 35 / BROAD ST,,,,40,35,39,,,N,,4541
20201345I-2020-11560,MONMOUTH,SHREWSBURY BORO,12/30/2020,WE,1823,01,SHREWSBURY PD,1345,0,0,0,0,P,I,N,N,01,2,NJ 35,S,35,,00000035__,32.80,02,,01,04,02,01,03,01,04,01,,AT,,HADDON AVE,,,,35,25,26,,,N,,4537
20201345I-2020-11586,MONMOUTH,SHREWSBURY BORO,12/31/2020,TH,1258,01,SHREWSBURY PD,SHREWSBURY,0,0,0,0,P,B,N,N,02,2,NJ 35,S,35,,00000035__,32.10,02,,01,04,02,02,01,02,05,01,,,,,,,,40,,26,,,N,,4543
20201345I-2020-11589,MONMOUTH,SHREWSBURY BORO,12/31/2020,TH,1545,01,SHREWSBURY PD,SHREWSBURY,0,0,0,0,P,B,N,N,01,2,MONMOUTH COUNTY 13 A,W,13,A,13000013A_,2.04,05,,01,04,02,02,01,02,05,01,50,FE,E,CR 13 / SHREWSBURY AVE,,,,35,,26,,,N,,4543
20201346C060-2020-00107A,MONMOUTH,SHREWSBURY TWP,01/17/2020,FR,0703,02,NEW JERSEY STATE POLICE,HAMILTON-SUB -,0,0,0,0,P,B,N,N,01,2,BARKER AVE **,E,,,13461001__,.00,07,,01,04,02,01,02,01,03,01,25,FE,W,CR 13 / SCHREWSBURY AVE,,,,10,45,26,40.316810,74.071110,N,,7941
20201346C060-2020-00574A,MONMOUTH,SHREWSBURY TWP,06/05/2020,FR,1700,02,NEW JERSEY STATE POLICE,HAMILTON-SUB -,0,0,0,0,P,B,N,N,06,2,CRAWFORD ST **,S,,,13461003__,.00,07,,01,04,02,01,01,01,05,01,,,S,BARKER AVE,,,,25,25,28,40.315440,74.070250,N,,8037
20201346C060-2020-01209A,MONMOUTH,SHREWSBURY TWP,11/04/2020,WE,0741,02,NEW JERSEY STATE POLICE,HAMILTON-SUB -,0,0,0,0,P,B,N,N,11,1,BARKER AV,S,,,,,07,,01,04,02,01,01,01,05,01,,,,CRAWFORD STREET,,,,25,25,50,40.316530,74.071650,N,Street Sign - Barker Aveune and Crawford Street,8498
2020134720BEL-11357-AC,MONMOUTH,LAKE COMO BORO,06/17/2020,WE,1042,01,BELMAR PD,,0,0,0,0,P,B,N,N,06,2,PARKWAY **,,,,13471021__,.02,07,,01,04,02,01,01,01,03,,100,FE,S,18TH AVE,,,,25,25,28,,,N,,159
2020134720BEL-16653-AC,MONMOUTH,LAKE COMO BORO,08/09/2020,SU,1540,01,BELMAR PD,,0,0,0,0,P,B,N,N,08,2,18TH AVE,,,,13471063__,.30,07,,01,04,02,01,01,01,05,01,25,FE,E,BRADLEY ST,,,,25,25,26,,,N,,644
2020134720BEL-16731-AC,MONMOUTH,LAKE COMO BORO,08/10/2020,MO,1639,01,BELMAR PD,,0,0,0,0,P,B,N,N,01,2,MONMOUTH COUNTY 30 II,,30,2,130000302_,4.01,07,,01,04,02,01,01,01,04,01,20,FE,N,17TH AVE,,,,25,25,26,,,N,,165
2020134720BEL-17189-AC,MONMOUTH,LAKE COMO BORO,08/15/2020,SA,1954,01,BELMAR PD,,0,0,0,0,P,B,N,N,06,2,PARKWAY **,,,,13471021__,.01,07,,01,04,02,01,03,01,02,01,40,FE,S,18TH AVE,,,,25,25,26,,,N,,958
2020134720BEL-18512-AC,MONMOUTH,LAKE COMO BORO,08/29/2020,SA,1658,01,BELMAR PD,,0,1,0,0,I,B,N,N,11,1,MONMOUTH COUNTY 30 II,,30,2,130000302_,4.01,07,,01,04,02,01,01,01,05,01,20,FE,S,17TH AVE,,,,25,25,,,,Y,,155
2020134720BEL-18694-AC,MONMOUTH,LAKE COMO BORO,08/31/2020,MO,1320,01,BELMAR PD,,0,0,0,0,P,B,N,N,08,2,BRIARWOOD TER **,,,,13471027__,.14,07,,01,04,02,01,00,01,05,01,750,FE,S,18TH AVE,,,,25,25,28,,,N,,160
2020134720BEL-19344-AC,MONMOUTH,LAKE COMO BORO,09/06/2020,SU,1405,01,BELMAR PD,,0,0,0,0,P,B,N,N,06,2,BRADLEY TER **,,,,13471022__,.10,07,,01,04,02,01,01,01,,,150,FE,N,19TH AVE,,,,25,25,28,,,N,,504
2020134720BEL-19869-AC,MONMOUTH,LAKE COMO BORO,09/12/2020,SA,1950,01,BELMAR PD,,0,0,0,0,P,B,N,N,06,2,NEW BEDFORD RD,,,,,,07,,01,04,02,01,06,01,05,01,75,FE,W,17TH AVE,,,,25,25,26,40.172280,74.020440,N,,512
2020134720BEL-20874-AC,MONMOUTH,LAKE COMO BORO,09/25/2020,FR,2039,01,BELMAR PD,BELMAR PD,0,1,0,0,I,B,N,N,14,1,MONMOUTH COUNTY 30 II,,30,2,130000302_,4.01,07,,01,04,02,01,07,01,04,01,20,FE,S,17TH AVE,,,,25,25,28,,,N,,644
2020134720BEL-21100-AC,MONMOUTH,LAKE COMO BORO,09/29/2020,TU,1116,01,BELMAR PD,,0,0,0,0,P,B,N,N,08,2,20TH AVE **,,,,13471005__,.01,07,,01,04,02,02,01,05,05,01,50,FE,E,MARGERUM AVE,,,,25,25,26,,,N,,159
2020134720BEL-21197-AC,MONMOUTH,LAKE COMO BORO,09/30/2020,WE,2246,01,BELMAR PD,BELMAR PD,0,0,0,0,P,B,N,N,06,2,EUCLID AVE **,,,,13471012__,.05,07,,01,04,02,01,06,01,05,01,20,FE,S,CR 30 II / 18TH AVE,,,,25,25,28,,,N,,161
2020134720BEL-21342-AC,MONMOUTH,LAKE COMO BORO,10/02/2020,FR,1937,01,BELMAR PD,,0,0,0,0,P,B,N,N,02,2,MONMOUTH COUNTY 30 II,,30,2,130000302_,4.05,07,,01,04,02,01,04,01,05,01,200,FE,N,17TH AVE,,,,25,25,26,,,N,,150
2020134720BEL-22568-AC,MONMOUTH,LAKE COMO BORO,10/22/2020,TH,0811,01,BELMAR PD,,0,0,0,0,P,I,N,N,03,2,MONMOUTH COUNTY 30 II,W,30,2,130000302_,3.68,05,,01,04,02,01,01,04,05,01,,AT,N,MARGERUM AVE,,,,25,25,26,,,N,,152
2020134720BEL-25304-AC,MONMOUTH,LAKE COMO BORO,12/03/2020,TH,1522,01,BELMAR PD,,0,0,0,0,P,B,N,N,06,2,NORTH BLVD **,,,,13471054__,.24,07,,01,04,02,01,01,01,05,01,100,FE,E,RIPLEY LN,,,,25,25,28,,,N,,166
2020134720BEL-25496-AC,MONMOUTH,LAKE COMO BORO,12/06/2020,SU,0232,01,BELMAR PD,BELMAR PD,0,0,0,0,P,I,N,N,04,2,17ST AVE **,,,,13471053__,.39,07,,01,04,02,01,06,01,04,,,AT,,CR 30 II / MAIN ST,,,,25,25,26,,,N,,161
2020134720BEL-26230-AC,MONMOUTH,LAKE COMO BORO,12/17/2020,TH,1658,01,BELMAR PD,,0,0,0,0,P,B,N,N,06,2,22ND AVE **,,,,13471003__,.18,07,,01,04,02,01,06,01,05,01,25,FE,W,MAIN ST,,,,25,25,28,,,N,,160
2020134720BEL-26561-AC,MONMOUTH,LAKE COMO BORO,12/23/2020,WE,1144,01,BELMAR PD,,0,0,0,0,P,I,N,N,03,2,17ST AVE **,,,,13471053__,.18,07,,01,04,02,01,01,01,05,01,,AT,,NEWMAN ST,,,,25,25,26,,,N,,165
2020134720BEL-5218-AC,MONMOUTH,LAKE COMO BORO,03/12/2020,TH,0413,01,BELMAR PD,,0,0,0,0,P,B,N,N,06,2,17ST AVE **,,,,13471053__,.34,07,,01,04,02,01,06,01,05,01,15,FE,E,E ST,,,,25,25,28,,,N,,144
2020134720BEL-5587-AC,MONMOUTH,LAKE COMO BORO,03/19/2020,TH,1548,01,BELMAR PD,,0,0,0,0,P,B,N,N,06,2,18TH AVE,,,,13471063__,.23,07,,01,04,02,01,01,01,05,01,20,FE,E,NEWMAN ST,,,,25,25,28,,,N,,143
2020134720BEL-585-AC,MONMOUTH,LAKE COMO BORO,01/10/2020,FR,1654,01,BELMAR PD,,0,1,0,0,I,I,N,N,14,1,1ST AVE / 3RD AVE / E LAKE / MAIN ST,,,,13481059__,1.96,07,,01,04,02,01,03,01,04,01,,AT,,N BLVD,,,,25,25,26,,,N,,156
2020134720BEL-7135-AC,MONMOUTH,LAKE COMO BORO,04/20/2020,MO,0800,01,BELMAR PD,,0,0,0,0,P,B,N,N,02,2,17ST AVE **,,,,13471053__,.34,07,,01,04,02,01,01,05,05,01,15,FE,W,E ST,,,,25,25,26,,,N,CRASHED INTO U.S.P.S BOX - GARCIA B SERAFIN - 1420 18TH AVE WALL TWP NJ 07719,531
2020134720BEL-7305-AC,MONMOUTH,LAKE COMO BORO,04/23/2020,TH,1143,01,BELMAR PD,,0,0,0,0,P,B,N,N,06,2,17ST AVE **,,,,13471053__,.32,07,,01,04,02,01,01,05,05,01,100,FE,W,E ST,,,,25,25,00,,,N,,531
2020134720BEL-9049-AC,MONMOUTH,LAKE COMO BORO,05/24/2020,SU,1329,01,BELMAR PD,,0,1,0,0,I,B,N,N,06,2,17TH AVE **,,,,13471033__,.01,07,,01,04,02,01,01,01,05,01,30,FE,W,MAIN ST,,,,25,25,26,,,N,,578
2020134720BEL-9503-AC,MONMOUTH,LAKE COMO BORO,05/30/2020,SA,1324,01,BELMAR PD,,0,0,0,0,P,B,N,N,08,2,18TH AVE,,,,13471063__,.00,07,,01,04,02,01,01,01,04,01,10,FE,S,CR 30 II / MAIN ST,,,,25,25,26,,,N,,166
2020134820SL-1-AC,MONMOUTH,SPRING LAKE BORO,01/10/2020,FR,1032,01,SPRING LAKE PD,,0,0,0,0,P,I,N,N,03,2,1ST AVE / 3RD AVE / E LAKE / MAIN ST,,,,13481059__,1.42,07,,01,04,02,01,01,01,05,01,,AT,,LUDLOW AVE,,,,25,25,26,,,N,,122
2020134820SL-10-AC,MONMOUTH,SPRING LAKE BORO,05/16/2020,SA,1045,01,SPRING LAKE PD,,0,1,0,1,I,I,N,N,11,1,MONMOUTH COUNTY 18 III,,18,3,130000183_,1.76,05,,03,04,02,01,01,01,05,01,,AT,N,LORRAINE AVE,,,,25,25,56,,,N,,126MP
2020134820SL-11-AC,MONMOUTH,SPRING LAKE BORO,05/18/2020,MO,1347,01,SPRING LAKE PD,PATROL,0,0,0,0,P,B,N,N,08,2,WASHINGTON AVE **,,,,13481035__,.30,07,,01,04,02,01,01,01,05,01,75,FE,W,CR 49 / 3RD AVE,,,,25,15,26,,,N,,125SD
2020134820SL-13-AC,MONMOUTH,SPRING LAKE BORO,05/22/2020,FR,1414,01,SPRING LAKE PD,,0,0,0,0,P,B,N,N,08,2,W LAKE AVE / WARREN AVE,,,,13491020__,.13,07,,01,04,02,01,01,01,05,01,45,FE,E,5TH AVE,,,,25,25,28,,,N,,393HC
2020134820SL-14-AC,MONMOUTH,SPRING LAKE BORO,06/04/2020,TH,1413,01,SPRING LAKE PD,,0,0,0,0,P,B,N,N,01,2,MONROE AVE **,,,,13481024__,.57,07,,01,04,02,01,01,01,05,01,25,FE,W,CR 18 III / OCEAN AVE,,,,25,25,26,,,N,,122RR
2020134820SL-15-AC,MONMOUTH,SPRING LAKE BORO,06/06/2020,SA,1728,01,SPRING LAKE PD,,0,2,0,0,I,I,N,N,03,2,1ST AVE / 3RD AVE / E LAKE / MAIN ST,,,,13481059__,1.68,07,,01,04,02,01,01,01,05,01,,AT,,PITNEY AVE,,,,25,25,26,,,N,,113
2020134820SL-16-AC,MONMOUTH,SPRING LAKE BORO,06/07/2020,SU,1501,01,SPRING LAKE PD,,0,1,0,0,I,I,N,N,03,2,5TH AVE / SALEM AVE / SOUTH BLVD,,,,13481009__,1.17,07,,01,04,02,01,01,01,05,01,,AT,,LUDLOW AVE,,,,25,25,26,,,N,,335
2020134820SL-17-AC,MONMOUTH,SPRING LAKE BORO,06/09/2020,TU,1149,01,SPRING LAKE PD,,0,0,0,0,P,B,N,N,14,1,MONMOUTH COUNTY 18 III,,18,3,130000183_,.23,05,,01,04,02,01,01,01,05,01,50,FE,S,UNION AVE,,,,25,25,21,,,N,,128
2020134820SL-18-AC,MONMOUTH,SPRING LAKE BORO,06/09/2020,TU,1435,01,SPRING LAKE PD,,0,0,0,0,P,I,N,N,03,2,4TH AVE **,,,,13481011__,.22,07,,01,04,02,01,01,01,05,01,,AT,,WASHINGTON AVE,,,,25,25,26,,,N,,118CK
2020134820SL-2-AC,MONMOUTH,SPRING LAKE BORO,01/20/2020,MO,1514,01,SPRING LAKE PD,,0,0,0,0,P,B,N,N,07,2,UNION AVE **,,,,13481008__,.12,07,,01,04,02,01,01,01,05,01,50,FE,E,CR 49 / FIRST AVE,,,,25,25,26,,,N,,121
2020134820SL-20-AC,MONMOUTH,SPRING LAKE BORO,06/19/2020,FR,1820,01,SPRING LAKE PD,,0,0,0,0,P,I,N,N,99,2,5TH AVE / SALEM AVE / SOUTH BLVD,,,,13481009__,1.17,07,,01,04,02,01,01,01,05,01,,AT,,LUDLOW AVE,,,,25,25,26,,,N,,335
2020134820SL-21-AC,MONMOUTH,SPRING LAKE BORO,06/26/2020,FR,0747,01,SPRING LAKE PD,,0,0,0,0,P,I,N,N,03,2,1ST AVE / 3RD AVE / E LAKE / MAIN ST,,,,13481059__,1.68,07,,01,04,01,01,01,01,05,01,,AT,,PITNEY AVE,,,,25,25,26,,,N,,393
2020134820SL-22-AC,MONMOUTH,SPRING LAKE BORO,07/01/2020,WE,2007,01,SPRING LAKE PD,,0,1,0,0,I,B,N,N,14,1,JERSEY AVE **,S,,,13481034__,.66,07,,01,04,02,01,01,01,05,01,5,FE,W,CR 18 III / OCEAN AVE,,,,25,25,26,,,N,,128
2020134820SL-23-AC,MONMOUTH,SPRING LAKE BORO,07/02/2020,TH,1056,01,SPRING LAKE PD,,0,0,0,0,P,B,N,N,08,2,NEWARK AVE **,E,,,13481037__,.13,07,,01,04,02,01,01,01,05,01,160,FE,E,FIRST AVE,,,,25,25,28,,,N,,128
2020134820SL-24-AC,MONMOUTH,SPRING LAKE BORO,07/04/2020,SA,1432,01,SPRING LAKE PD,,0,0,0,0,P,B,N,N,06,2,MONMOUTH COUNTY 18 III,,18,3,130000183_,1.83,05,,01,04,02,01,01,01,05,01,25,FE,S,HOWELL AVE,,,,25,25,26,,,N,,393
2020134820SL-25-AC,MONMOUTH,SPRING LAKE BORO,07/10/2020,FR,1257,01,SPRING LAKE PD,,0,0,0,0,P,B,N,N,08,2,1ST AVE / 3RD AVE / E LAKE / MAIN ST,,,,13481059__,1.03,07,,01,04,02,02,01,02,05,01,30,FE,N,JERSEY AVE,,,,15,25,26,,,N,,128
2020134820SL-26-AC,MONMOUTH,SPRING LAKE BORO,07/12/2020,SU,1841,01,SPRING LAKE PD,,0,0,0,0,P,B,N,N,08,2,EDGEWOOD PL **,,,,13481043__,.08,07,,01,04,02,01,01,01,05,01,400,FE,S,CHURCH ST / PITNEY AVE,,,,25,25,28,,,N,,126
2020134820SL-27-AC,MONMOUTH,SPRING LAKE BORO,07/14/2020,TU,1010,01,SPRING LAKE PD,,0,4,0,0,I,I,N,N,03,2,1ST AVE / 3RD AVE / E LAKE / MAIN ST,,,,13481059__,1.42,07,,01,04,02,01,01,01,05,01,,AT,,LUDLOW AVE,,,,25,25,26,,,N,,115
2020134820SL-28-AC,MONMOUTH,SPRING LAKE BORO,07/14/2020,TU,2007,01,SPRING LAKE PD,,0,1,0,1,I,I,N,N,13,1,1ST AVE / 3RD AVE / E LAKE / MAIN ST,,,,13481059__,1.68,07,,01,04,02,01,01,01,05,01,,AT,,PITNEY AVE,,,,25,25,22,,,N,,129
2020134820SL-29-AC,MONMOUTH,SPRING LAKE BORO,07/19/2020,SU,1102,01,SPRING LAKE PD,,0,0,0,0,P,B,N,N,08,2,2ND AVE / BROWN AVE **,,,,13481006__,.05,07,,01,04,02,01,01,01,05,01,75,FE,N,MONMOUTH AVE,,,,25,25,28,,,N,,127
2020134820SL-30-AC,MONMOUTH,SPRING LAKE BORO,07/19/2020,SU,1414,01,SPRING LAKE PD,,0,1,0,0,I,I,N,N,14,1,WORTHINGTON AVE **,,,,13481047__,.71,07,,01,04,02,01,01,01,05,01,,AT,,CR 18 III / OCEAN AVE,,,,25,25,21,,,N,,129
2020134820SL-31-AC,MONMOUTH,SPRING LAKE BORO,07/30/2020,TH,1419,01,SPRING LAKE PD,,0,0,0,0,P,I,N,N,03,2,MONROE AVE **,,,,13481024__,.27,07,,01,04,02,01,01,01,05,01,,AT,,PITNEY AVE,,,,25,25,26,,,N,,124
2020134820SL-32-AC,MONMOUTH,SPRING LAKE BORO,08/01/2020,SA,0946,01,SPRING LAKE PD,,0,0,0,0,P,B,N,N,14,1,1ST AVE / 3RD AVE / E LAKE / MAIN ST,,,,13481059__,.36,07,,01,04,02,01,01,01,05,01,10,FE,N,ATLANTIC AVE,,,,25,25,21,,,N,,393
2020134820SL-33-AC,MONMOUTH,SPRING LAKE BORO,08/01/2020,SA,1310,01,SPRING LAKE PD,,0,1,0,0,I,I,N,N,14,1,1ST AVE / 3RD AVE / E LAKE / MAIN ST,,,,13481059__,.29,07,,01,04,02,01,01,01,05,01,,AT,,SALEM AVE,,,,25,25,21,,,N,,121
2020134820SL-34-AC,MONMOUTH,SPRING LAKE BORO,08/04/2020,TU,2056,01,SPRING LAKE PD,,0,0,0,0,P,I,N,N,01,2,FIRST AVE **,,,,13481030__,.94,07,,01,04,02,01,04,99,05,01,,AT,,PASSAIC AVE,,,,25,25,26,,,N,,127
2020134820SL-35-AC,MONMOUTH,SPRING LAKE BORO,08/06/2020,TH,1514,01,SPRING LAKE PD,PATROL,0,3,0,0,I,I,N,N,03,2,1ST AVE / 3RD AVE / E LAKE / MAIN ST,,,,13481059__,.14,07,,01,04,02,01,01,01,05,01,,AT,,UNION AVE,,,,25,25,26,,,N,,125
2020134820SL-37-AC,MONMOUTH,SPRING LAKE BORO,08/12/2020,WE,1828,01,SPRING LAKE PD,,0,1,0,0,I,I,N,N,03,2,1ST AVE / 3RD AVE / E LAKE / MAIN ST,,,,13481059__,1.81,07,,01,04,02,02,01,01,05,01,,AT,,SOUTH BLVD,,,,25,25,26,,,N,,129
2020134820SL-38-AC,MONMOUTH,SPRING LAKE BORO,08/18/2020,TU,1725,01,SPRING LAKE PD,,0,1,0,0,I,I,N,N,14,1,4TH AVE **,,,,13481011__,.00,07,,01,04,02,01,01,01,05,01,,AT,,PASSAIC AVE,,,,25,25,21,,,N,,129
2020134820SL-39-AC,MONMOUTH,SPRING LAKE BORO,08/21/2020,FR,1231,01,SPRING LAKE PD,,0,1,0,1,I,I,N,N,13,1,MONMOUTH COUNTY 18 III,,18,3,130000183_,2.01,05,,01,04,02,01,01,01,05,01,,AT,,PITNEY AVE / SOUTH BLVD,,,,25,25,22,,,N,,123
2020134820SL-40-AC,MONMOUTH,SPRING LAKE BORO,09/05/2020,SA,1809,01,SPRING LAKE PD,,0,0,0,0,P,B,N,N,08,2,1ST AVE / 3RD AVE / E LAKE / MAIN ST,E,,,13481059__,.04,07,,01,04,02,01,01,01,05,01,150,FE,S,YORK AVE,,,,25,25,26,,,N,,128WN
2020134820SL-41-AC,MONMOUTH,SPRING LAKE BORO,09/08/2020,TU,2059,01,SPRING LAKE PD,,0,1,0,0,I,I,N,N,06,2,MONMOUTH COUNTY 18 III,,18,3,130000183_,1.18,05,,01,04,02,01,06,01,05,01,,AT,,MADISON AVE,,,,25,25,26,,,N,,129JL
2020134820SL-42-AC,MONMOUTH,SPRING LAKE BORO,09/28/2020,MO,1105,01,SPRING LAKE PD,,0,1,0,0,I,B,N,N,14,1,MONMOUTH COUNTY 18 III,,18,3,130000183_,.67,05,,01,04,02,01,01,01,05,01,25,FE,N,SUSSEX AVE,,,,25,25,21,,,N,,127JA
2020134820SL-43-AC,MONMOUTH,SPRING LAKE BORO,09/30/2020,WE,1831,01,SPRING LAKE PD,,0,0,0,0,P,I,N,N,11,1,1ST AVE / 3RD AVE / E LAKE / MAIN ST,,,,13481059__,1.81,07,,01,04,02,01,01,01,05,01,,AT,,SOUTH BLVD,,,,25,25,52,,,N,,115PG