Year(4)-CountyCode(2)-MunicipalityCode(2)-CaseNumber(9),County Name,Municipality Name,Crash Date,Crash Day of Week,Crash Time,Police Department Code,Police Department,Police Station,Total Killed,Total Injured,Pedestrians Killed,Pedestrians Injured,Severity,Intersection,Alcohol Involved,Hazmat Involved,Crash Type,Total Vehicles,Location,Location Direction,Route,Route Suffix,Std Rte Identifier,MilePost,Road System,Road Character,Road Horizontal Alignment,Road Grade,Road Surface Type,Surface Condition,Light Condition,Environmental Condition,Road Divided By,Temporary Traffic Control Zone,Distance To Cross Street,Unit Of Measurement,Direction From Cross Street,Cross Street Name,Is Ramp,Ramp To/From Route Name,Ramp To/From Route Direction,Posted Speed,Posted Speed Cross Street,First Harmful Event,Latitude,Longitude,Cell Phone In Use Flag,Other Property Damage,Reporting Badge No.
20201351C060-2020-00469A,MONMOUTH,UPPER FREEHOLD TWP,05/03/2020,SU,1027,02,NEW JERSEY STATE POLICE,HAMILTON-SUB -,0,0,0,0,P,B,Y,N,04,2,CLARKSBURG RD,E,,,,,07,,01,04,02,01,01,01,05,01,200,FE,E,E ELDRIDGE ROAD,,,,5,5,26,40.208230,74.504120,N,,7972
20201351C060-2020-00470A,MONMOUTH,UPPER FREEHOLD TWP,05/03/2020,SU,1026,02,NEW JERSEY STATE POLICE,HAMILTON-SUB -,0,1,0,0,I,B,Y,N,11,1,CLARKSBURG RD,E,,,,,07,,01,04,02,01,01,01,05,01,170,FE,E,E ELDRIDGE ROAD,,,,25,25,57,40.208230,74.504120,N,,7972
20201351C060-2020-00479A,MONMOUTH,UPPER FREEHOLD TWP,05/07/2020,TH,1619,02,NEW JERSEY STATE POLICE,HAMILTON-SUB -,0,0,0,0,P,B,N,N,01,2,I-195,W,195,,00000195__,13.00,01,,01,04,02,01,01,01,03,01,,,,,,,,65,,26,40.173510,74.489630,N,,8303
20201351C060-2020-00481A,MONMOUTH,UPPER FREEHOLD TWP,05/07/2020,TH,2100,02,NEW JERSEY STATE POLICE,HAMILTON-SUB -,0,0,0,0,P,B,N,N,11,1,ROUTE 526,E,526,,00000526__,11.90,05,,01,04,02,01,05,01,05,01,,,,,,,,50,,47,40.174200,74.559700,N,,8194
20201351C060-2020-00492A,MONMOUTH,UPPER FREEHOLD TWP,05/11/2020,MO,1000,02,NEW JERSEY STATE POLICE,HAMILTON-SUB -,0,0,0,0,P,B,N,N,02,2,ROUTE 539,N,539,,00000539__,39.80,05,,01,04,02,01,01,01,05,01,,,,,,,,50,,26,40.133720,74.529890,N,,8035
20201351C060-2020-00500A,MONMOUTH,UPPER FREEHOLD TWP,05/13/2020,WE,1826,02,NEW JERSEY STATE POLICE,HAMILTON-SUB -,0,1,0,0,I,B,N,N,11,1,I-195,W,195,,00000195__,10.80,01,,01,04,02,01,01,01,01,01,,,,,,,,65,,46,40.176630,74.530390,N,,8375
20201351C060-2020-00503A,MONMOUTH,UPPER FREEHOLD TWP,05/15/2020,FR,,02,NEW JERSEY STATE POLICE,HAMILTON-SUB -,0,0,0,0,P,B,N,N,11,1,I-195,E,195,,00000195__,14.00,01,,01,04,02,02,05,02,03,01,,,,,,,,65,,60,40.174610,74.470660,N,,8375
20201351C060-2020-00505A,MONMOUTH,UPPER FREEHOLD TWP,05/15/2020,FR,1546,02,NEW JERSEY STATE POLICE,HAMILTON-SUB -,0,0,0,0,P,B,N,N,12,1,ROUTE 524,W,524,,00000524__,10.60,05,,01,04,02,01,01,01,05,01,,,,,,,,50,,24,40.182020,74.517550,N,,8280
20201351C060-2020-00507A,MONMOUTH,UPPER FREEHOLD TWP,05/16/2020,SA,1835,02,NEW JERSEY STATE POLICE,HAMILTON-SUB -,0,0,0,0,P,B,N,N,03,2,HOLMES MILL RD / POLHEMUSTOWN RD **,E,,,13511001__,4.12,07,,01,04,02,01,01,01,05,01,,,,CR 27 / BURLINGTON PATH RD,,,,45,45,26,40.174400,74.522900,N,,8350
20201351C060-2020-00508A,MONMOUTH,UPPER FREEHOLD TWP,05/16/2020,SA,1923,02,NEW JERSEY STATE POLICE,HAMILTON-SUB -,0,0,0,0,P,B,N,N,11,1,HILL RD / WALNFORD RD **,E,,,13511008__,2.90,07,,03,04,02,01,01,01,05,01,8448,FE,S,ARNEYSTOWN-HORNERSTOWN,,,,35,45,59,40.113110,74.550590,N,Fencing belonging to 43 Hill Road in Upper Freehold Twp.  Monmouth County.,8350
20201351C060-2020-00510A,MONMOUTH,UPPER FREEHOLD TWP,05/17/2020,SU,1050,02,NEW JERSEY STATE POLICE,HAMILTON-SUB -,0,0,0,0,P,B,N,N,03,2,314 FORKED RIVER RD,N,,,,,09,,01,04,05,01,01,01,05,01,,,,,,,,10,,26,40.122860,74.521690,N,,8280
20201351C060-2020-00515A,MONMOUTH,UPPER FREEHOLD TWP,05/18/2020,MO,2105,02,NEW JERSEY STATE POLICE,HAMILTON-SUB -,0,0,0,0,P,B,N,N,12,1,I-195,W,195,,00000195__,9.00,01,,01,04,02,01,05,01,05,01,,,,,,,,65,,24,40.171260,74.447700,N,,8349
20201351C060-2020-00517A,MONMOUTH,UPPER FREEHOLD TWP,05/19/2020,TU,2010,02,NEW JERSEY STATE POLICE,HAMILTON-SUB -,0,0,0,0,P,B,N,N,12,1,MONMOUTH COUNTY 27 I,W,27,,13000027__,.10,05,,01,04,02,01,05,01,05,01,,,,HOLMES ROAD,,,,45,45,24,40.101560,74.535610,N,,8349
20201351C060-2020-00521A,MONMOUTH,UPPER FREEHOLD TWP,05/21/2020,TH,0713,02,NEW JERSEY STATE POLICE,HAMILTON-SUB -,0,0,0,0,P,B,N,N,08,2,ROUTE 524,N,524,,00000524__,7.75,05,,01,04,02,01,01,01,05,01,,,,I-195,,,,35,,26,40.185890,74.570100,N,,8035
20201351C060-2020-00522A,MONMOUTH,UPPER FREEHOLD TWP,05/22/2020,FR,0845,02,NEW JERSEY STATE POLICE,HAMILTON-SUB -,0,1,0,0,I,B,N,N,11,1,I-195,E,195,,00000195__,12.20,01,,01,04,02,01,01,01,03,01,,,,,,,,65,,50,40.176150,74.505920,N,15' feet of guardrail damage  MP 12.2 sign and I-195 E sign.,8375
20201351C060-2020-00525A,MONMOUTH,UPPER FREEHOLD TWP,05/23/2020,SA,0649,02,NEW JERSEY STATE POLICE,HAMILTON-SUB -,0,1,0,0,I,B,N,N,10,1,ROUTE 524,W,524,,00000524__,8.00,05,,03,04,02,02,02,01,05,01,,,,,,,,50,,58,40.184840,74.564550,N,,8352
20201351C060-2020-00527A,MONMOUTH,UPPER FREEHOLD TWP,05/23/2020,SA,0738,02,NEW JERSEY STATE POLICE,HAMILTON-SUB -,0,1,0,0,I,B,N,N,11,1,ROUTE 524,E,524,,00000524__,11.60,05,,01,04,02,02,01,02,05,01,,,,,,,,45,,52,40.185480,74.493300,N,653 CR 524 MAILBOX   651 CR 524 TREE AND UTILITY POLE #JC22UF,8165
20201351C060-2020-00534A,MONMOUTH,UPPER FREEHOLD TWP,05/26/2020,TU,1522,02,NEW JERSEY STATE POLICE,HAMILTON-SUB -,0,1,0,0,I,B,N,N,99,1,I-195,E,195,,00000195__,9.40,01,,01,04,02,01,01,01,01,01,,,,,,,,65,,01,40.180640,74.555680,N,NJ DOT / 1035 Parkway Ave Ewing NJ 08618 / Guard Rail Face,8303
20201351C060-2020-00542A,MONMOUTH,UPPER FREEHOLD TWP,05/27/2020,WE,1904,02,NEW JERSEY STATE POLICE,HAMILTON-SUB -,0,0,0,0,P,B,N,N,12,1,I-195,E,195,,00000195__,13.20,01,,01,04,02,01,01,01,03,01,,,,,,,,65,,24,40.173170,74.487680,N,,8360
20201351C060-2020-00559A,MONMOUTH,UPPER FREEHOLD TWP,05/31/2020,SU,1044,02,NEW JERSEY STATE POLICE,HAMILTON-SUB -,0,1,0,0,I,B,N,N,01,2,ROUTE 537,W,537,,00000537__,37.20,05,,01,04,02,01,01,01,05,01,,,,,,,,50,,26,40.205190,74.418940,N,Paula Boss 354 County Road 537  Millstone Township. Mail Box and Fence,8303
20201351C060-2020-00560A,MONMOUTH,UPPER FREEHOLD TWP,05/31/2020,SU,2054,02,NEW JERSEY STATE POLICE,HAMILTON-SUB -,0,0,0,0,P,B,N,N,12,1,I-195,W,195,,00000195__,10.20,01,,01,04,02,01,06,01,01,01,,,,,,,,65,,24,40.177200,74.541700,N,,8280
20201351C060-2020-00561A,MONMOUTH,UPPER FREEHOLD TWP,05/31/2020,SU,2203,02,NEW JERSEY STATE POLICE,HAMILTON-SUB -,0,0,0,0,P,B,N,N,11,1,I-195,E,195,,00000195__,12.80,01,,01,04,02,01,04,01,01,01,,,,,,,,65,,46,40.173550,74.493170,N,Dent in guardrail face.,8198
20201351C060-2020-00567A,MONMOUTH,UPPER FREEHOLD TWP,06/03/2020,WE,1430,02,NEW JERSEY STATE POLICE,HAMILTON-SUB -,0,0,0,0,P,B,N,N,01,2,ROUTE 539,N,539,,00000539__,39.10,05,,01,04,02,02,01,01,05,01,,,,,,,,50,,26,40.122690,74.521570,N,,8303
20201351C060-2020-00587A,MONMOUTH,UPPER FREEHOLD TWP,06/06/2020,SA,0919,02,NEW JERSEY STATE POLICE,HAMILTON-SUB -,0,1,0,0,I,B,N,N,01,3,ROUTE 539,N,539,,00000539__,42.50,05,,01,04,02,01,01,01,05,01,,,,,,,,45,,26,40.156870,74.557890,N,,8349
20201351C060-2020-00588A,MONMOUTH,UPPER FREEHOLD TWP,06/06/2020,SA,1403,02,NEW JERSEY STATE POLICE,HAMILTON-SUB -,0,1,0,0,I,B,N,N,03,2,COUNTY RD,E,,,,3.60,05,,01,06,02,01,01,01,05,01,,,,LOST RD.,,,,50,25,26,40.222570,74.419260,N,,8349
20201351C060-2020-00595A,MONMOUTH,UPPER FREEHOLD TWP,06/09/2020,TU,1027,02,NEW JERSEY STATE POLICE,HAMILTON-SUB -,0,0,0,0,P,B,N,N,01,2,ROUTE 537,E,537,,00000537__,33.60,05,,01,04,02,01,01,01,05,01,,,,,,,,50,,26,40.098520,74.514900,N,,7727
20201351C060-2020-00596A,MONMOUTH,UPPER FREEHOLD TWP,06/09/2020,TU,1318,02,NEW JERSEY STATE POLICE,HAMILTON-SUB -,0,0,0,0,P,B,N,N,02,2,ROUTE 539,S,539,,00000539__,38.80,05,,01,04,02,01,01,01,05,01,,,,,,,,50,,26,40.122860,74.521690,N,,8280
20201351C060-2020-00600A,MONMOUTH,UPPER FREEHOLD TWP,06/09/2020,TU,1815,02,NEW JERSEY STATE POLICE,HAMILTON-SUB -,0,0,0,0,P,B,N,N,06,2,PARKING LOT OF CREAM RIDGE GOLF COURSE,,,,,,09,,00,04,02,01,01,01,99,01,,,,,,,,45,,28,40.220390,74.110890,N,,8272
20201351C060-2020-00603A,MONMOUTH,UPPER FREEHOLD TWP,06/10/2020,WE,1702,02,NEW JERSEY STATE POLICE,HAMILTON-SUB -,0,0,0,0,P,B,N,N,05,2,E BRANCH RD / HERBERT RD **,E,,,,3.03,07,,01,04,02,01,01,01,05,01,5280,FE,E,IMLAYSTOWN-HIGHTSTOWN RD,,,,45,35,26,40.201270,74.710400,N,,8241
20201351C060-2020-00610A,MONMOUTH,UPPER FREEHOLD TWP,06/13/2020,SA,1926,02,NEW JERSEY STATE POLICE,HAMILTON-SUB -,0,1,0,0,I,B,N,N,11,1,YELLOW MEETING HOUSE RD **,N,,,,,07,,01,04,02,01,01,01,05,01,200,FE,W,ROLLING MEADOWS COURT,,,,35,25,50,,,N,Speed limit support sign  Public Works  Upper Freehold Twp.,8141
20201351C060-2020-00623A,MONMOUTH,UPPER FREEHOLD TWP,06/17/2020,WE,2005,02,NEW JERSEY STATE POLICE,HAMILTON-SUB -,0,0,0,0,P,B,N,N,11,1,ROUTE 539,N,539,,00000539__,40.80,05,,01,04,02,01,03,01,05,01,,,,,,,,50,,52,40.150320,74.543910,N,UTILITY POLE JC403UF,8182
20201351C060-2020-00631A,MONMOUTH,UPPER FREEHOLD TWP,06/20/2020,SA,1151,02,NEW JERSEY STATE POLICE,HAMILTON-SUB -,0,0,0,0,P,B,N,N,15,1,I-195,E,195,,00000195__,9.20,01,,01,04,02,01,01,01,03,01,,,,,,,,65,,39,40.181820,74.559140,N,,8289
20201351C060-2020-00634A,MONMOUTH,UPPER FREEHOLD TWP,06/21/2020,SU,0714,02,NEW JERSEY STATE POLICE,HAMILTON-SUB -,0,0,0,0,P,B,N,N,12,1,E BRANCH RD / HERBERT RD **,E,,,13511021__,2.22,07,,01,04,02,01,01,01,05,01,1000,FE,E,IMLAYSTOWN-HIGHTSTOWN RD,,,,45,45,24,40.203840,74.529090,N,,8168
20201351C060-2020-00648A,MONMOUTH,UPPER FREEHOLD TWP,06/24/2020,WE,0513,02,NEW JERSEY STATE POLICE,HAMILTON-SUB -,0,1,0,0,I,B,N,N,11,1,I-195,E,195,,00000195__,11.60,01,,02,04,02,01,01,01,01,01,,,,,,,,65,,46,40.225600,74.430790,N,LIGHT STANDARD DOT 11-1413,8165
20201351C060-2020-00651A,MONMOUTH,UPPER FREEHOLD TWP,06/25/2020,TH,1325,02,NEW JERSEY STATE POLICE,HAMILTON-SUB -,0,0,0,0,P,B,N,N,03,2,ROUTE 524,N,524,,00000524__,9.50,05,,01,04,02,01,01,01,05,01,,,,SHARON STATION RD,,,,45,45,26,40.183210,74.539470,N,,8247
20201351C060-2020-00658A,MONMOUTH,UPPER FREEHOLD TWP,06/26/2020,FR,1542,02,NEW JERSEY STATE POLICE,HAMILTON-SUB -,0,0,0,0,P,B,N,N,02,2,ROUTE 539,S,539,,00000539__,47.46,05,,01,04,02,01,01,01,05,01,50,FE,N,HERBERT RD,,,,50,45,26,40.210140,74.547680,N,,8304
20201351C060-2020-00668A,MONMOUTH,UPPER FREEHOLD TWP,06/30/2020,TU,1526,02,NEW JERSEY STATE POLICE,HAMILTON-SUB -,0,0,0,0,P,B,N,N,03,2,MONMOUTH COUNTY 27 I,S,27,,13000027__,.41,05,,01,04,02,01,01,01,05,01,,,,ARNEYSTOWN-HORNERSTOWN ROAD,,,,45,45,26,40.101580,74.535950,N,,7861
20201351C060-2020-00671A,MONMOUTH,UPPER FREEHOLD TWP,07/01/2020,WE,1449,02,NEW JERSEY STATE POLICE,HAMILTON-SUB -,0,0,0,0,P,B,N,N,01,3,ROUTE 537,W,537,,00000537__,39.00,05,,01,04,02,02,01,02,05,01,,,,,,,,50,,26,40.135920,74.458840,N,,8304
20201351C060-2020-00677A,MONMOUTH,UPPER FREEHOLD TWP,07/04/2020,SA,1425,02,NEW JERSEY STATE POLICE,HAMILTON-SUB -,0,0,0,0,P,B,N,N,03,2,ROUTE 537,W,537,,00000537__,37.00,05,,01,04,02,01,01,01,05,01,,,,,,,,50,,26,40.115230,74.489770,N,,8347
20201351C060-2020-00688A,MONMOUTH,UPPER FREEHOLD TWP,07/07/2020,TU,2016,02,NEW JERSEY STATE POLICE,HAMILTON-SUB -,0,1,0,0,I,B,N,N,11,1,I-195,W,195,,00000195__,10.60,01,,03,04,02,01,03,01,01,01,,,,,,,,65,,46,40.176810,74.534160,N,Forty feet of Guardrail;New Jersey DOT;200 Daniels Way  Freehold,8014
20201351C060-2020-00689A,MONMOUTH,UPPER FREEHOLD TWP,07/08/2020,WE,0950,02,NEW JERSEY STATE POLICE,HAMILTON-SUB -,0,1,0,0,I,B,N,N,10,1,E BRANCH RD / HERBERT RD **,W,,,13511021__,2.53,07,,01,04,02,01,01,01,05,01,2640,FE,E,IMLAYSTOWN-HIGHTSTOWN RD,,,,45,45,01,40.200280,74.521840,N,,8347
20201351C060-2020-00693A,MONMOUTH,UPPER FREEHOLD TWP,07/09/2020,TH,0642,02,NEW JERSEY STATE POLICE,HAMILTON-SUB -,0,0,0,0,P,B,N,N,02,2,I-195,W,195,,00000195__,10.80,01,,01,04,02,01,01,01,03,01,,,,,,,,65,,26,40.176630,74.530390,N,,8241
20201351C060-2020-00697A,MONMOUTH,UPPER FREEHOLD TWP,07/10/2020,FR,1144,02,NEW JERSEY STATE POLICE,HAMILTON-SUB -,0,0,0,0,P,B,N,N,11,1,I-195,E,195,,00000195__,14.00,01,,01,04,02,02,01,02,03,01,,,,,,,,65,,60,40.174610,74.470660,N,,8345
20201351C060-2020-00704A,MONMOUTH,UPPER FREEHOLD TWP,07/10/2020,FR,1114,02,NEW JERSEY STATE POLICE,HAMILTON-SUB -,0,0,0,0,P,B,N,N,01,2,HOLMES MILL RD,N,,,,,07,,01,04,02,02,01,02,05,01,100,FE,N,MONMOUTH ROAD,,,,35,50,26,40.087630,74.533530,N,,8187
20201351C060-2020-00706A,MONMOUTH,UPPER FREEHOLD TWP,07/10/2020,FR,1733,02,NEW JERSEY STATE POLICE,HAMILTON-SUB -,0,0,0,0,P,B,N,N,01,2,HIGH BRIDGE RD,N,,,,,07,,01,04,02,01,01,01,05,01,,,,CR 537,,,,40,45,26,40.095190,74.520010,N,,8014
20201351C060-2020-00710A,MONMOUTH,UPPER FREEHOLD TWP,07/12/2020,SU,0356,02,NEW JERSEY STATE POLICE,HAMILTON-SUB -,0,0,0,0,P,B,N,N,12,1,ROUTE 539,N,539,,00000539__,41.40,05,,03,04,02,01,04,01,05,01,,,,,,,,55,,24,40.150000,74.546000,N,,8373
20201351C060-2020-00724A,MONMOUTH,UPPER FREEHOLD TWP,07/16/2020,TH,2115,02,NEW JERSEY STATE POLICE,HAMILTON-SUB -,0,0,0,0,P,B,N,N,03,2,RISING SUN TAVERN RD,E,,,,,07,,01,04,02,01,05,01,05,01,,,,STAGECOACH ROAD,,,,45,45,26,40.193730,74.447040,N,,8014
20201351C060-2020-00731A,MONMOUTH,UPPER FREEHOLD TWP,07/18/2020,SA,1731,02,NEW JERSEY STATE POLICE,HAMILTON-SUB -,0,2,0,0,I,B,N,N,01,2,ROUTE 539,S,539,,00000539__,40.50,05,,01,04,02,01,01,01,05,01,,,,,,,,50,,26,40.157610,74.559400,N,,8347
20201351C060-2020-00740A,MONMOUTH,UPPER FREEHOLD TWP,07/20/2020,MO,0135,02,NEW JERSEY STATE POLICE,HAMILTON-SUB -,0,0,0,0,P,B,N,N,12,1,ROUTE 539,N,539,,00000539__,42.00,05,,01,04,02,01,04,01,05,01,,,,,,,,45,,24,40.147410,74.554670,N,,8275
20201351C060-2020-00746A,MONMOUTH,UPPER FREEHOLD TWP,07/21/2020,TU,0700,02,NEW JERSEY STATE POLICE,HAMILTON-SUB -,0,0,0,0,P,B,N,N,02,2,I-195,W,195,,00000195__,12.40,01,,01,04,02,01,01,01,03,01,,,,,,,,65,,26,40.175460,74.500650,N,,8157
20201351C060-2020-00748A,MONMOUTH,UPPER FREEHOLD TWP,07/21/2020,TU,1728,02,NEW JERSEY STATE POLICE,HAMILTON-SUB -,0,0,0,0,P,B,N,N,03,2,SHARON STATION RD **,S,,,,,07,,01,04,02,01,01,01,05,01,,,,NEW CANTON STONE TAVERN RD,,,,45,45,26,40.183300,74.539000,N,,8301
20201351C060-2020-00749A,MONMOUTH,UPPER FREEHOLD TWP,07/21/2020,TU,1737,02,NEW JERSEY STATE POLICE,HAMILTON-SUB -,0,0,0,0,P,B,N,N,02,2,ROUTE 526,E,526,,00000526__,14.24,05,,01,04,02,01,01,01,05,01,0,FE,E,CR 43 / IMLAYSTOWN RD,,,,45,45,26,40.169760,74.531000,N,,8117
20201351C060-2020-00751A,MONMOUTH,UPPER FREEHOLD TWP,07/22/2020,WE,0645,02,NEW JERSEY STATE POLICE,HAMILTON-SUB -,1,1,0,0,F,B,N,N,04,2,I-195,W,195,,00000195__,13.40,01,,01,04,02,01,01,01,03,01,,,,,,,,65,,26,40.173910,74.482130,N,,8289
20201351C060-2020-00752A,MONMOUTH,UPPER FREEHOLD TWP,07/22/2020,WE,1414,02,NEW JERSEY STATE POLICE,HAMILTON-SUB -,0,1,0,0,I,B,N,N,10,1,HOLMES MILL RD / POLHEMUSTOWN RD **,S,,,13511001__,4.06,07,,01,04,02,01,01,01,05,01,300,FE,S,CR 27 / BURLINGTON PATH RD,,,,35,35,01,,,N,,8249
20201351C060-2020-00753A,MONMOUTH,UPPER FREEHOLD TWP,07/22/2020,WE,1136,02,NEW JERSEY STATE POLICE,HAMILTON-SUB -,0,0,0,0,P,B,N,N,06,2,COUNTY ROAD 524,E,,,,,07,,01,04,02,01,01,01,05,01,,,,,,,,5,,26,40.182020,74.517550,N,,8184
20201351C060-2020-00764A,MONMOUTH,UPPER FREEHOLD TWP,07/23/2020,TH,1720,02,NEW JERSEY STATE POLICE,HAMILTON-SUB -,0,1,0,0,I,B,N,N,02,2,ROUTE 526,E,526,,00000526__,13.00,05,,01,04,02,01,01,01,05,01,,,,,,,,50,,26,40.170790,74.538000,N,,7667
20201351C060-2020-00770A,MONMOUTH,UPPER FREEHOLD TWP,07/24/2020,FR,1457,02,NEW JERSEY STATE POLICE,HAMILTON-SUB -,0,0,0,0,P,B,N,N,06,2,93 HOLMES MILL RD,E,,,,,09,,01,04,02,01,01,01,05,01,,,,,,,,,,26,40.115580,74.536820,N,,8192
20201351C060-2020-00778A,MONMOUTH,UPPER FREEHOLD TWP,07/27/2020,MO,0738,02,NEW JERSEY STATE POLICE,HAMILTON-SUB -,0,0,0,0,P,B,N,N,08,2,ROUTE 524,W,524,,00000524__,7.90,05,,01,04,02,01,01,01,05,01,50,FE,E,OLD YORK ROAD,,,,50,50,26,40.187120,74.567350,N,,8347
20201351C060-2020-00779A,MONMOUTH,UPPER FREEHOLD TWP,07/27/2020,MO,0809,02,NEW JERSEY STATE POLICE,HAMILTON-SUB -,0,2,0,0,I,I,N,N,03,2,ROUTE 524,E,524,,00000524__,9.50,05,,01,04,02,01,01,01,05,01,,AT,,SHARON STATION RD,,,,50,50,26,40.183300,74.539450,N,,8347
20201351C060-2020-00783A,MONMOUTH,UPPER FREEHOLD TWP,07/29/2020,WE,2130,02,NEW JERSEY STATE POLICE,HAMILTON-SUB -,0,0,0,0,P,B,N,N,11,1,IMLAYSTOWN HIGHTSTOWN RD,S,,,,,07,,01,04,02,01,06,01,05,01,500,FE,S,ELDRIDGE ROAD,,,,45,25,52,40.200330,74.504800,N,UTILITY POLE 215-55.,8301
20201351C060-2020-00789A,MONMOUTH,UPPER FREEHOLD TWP,08/01/2020,SA,0304,02,NEW JERSEY STATE POLICE,HAMILTON-SUB -,0,0,0,0,P,B,Y,N,11,1,MONMOUTH COUNTY 28,S,28,,13000028__,.06,05,,01,04,02,01,03,01,05,01,,,,HERBERT RD,,,,45,45,57,40.210130,74.547660,N,,8168
20201351C060-2020-00791A,MONMOUTH,UPPER FREEHOLD TWP,08/01/2020,SA,1221,02,NEW JERSEY STATE POLICE,HAMILTON-SUB -,0,1,0,0,I,B,N,N,11,1,I-195,E,195,,00000195__,13.80,01,,01,04,02,01,01,01,03,01,,,,,,,,65,,50,40.174280,74.474390,N,"DOT ""KEEP RIGHT EXCEPT TO PASS"" SIGN.  - DOT (1035 Parkway Ave  Ewing  NJ)",8347
20201351C060-2020-00822A,MONMOUTH,UPPER FREEHOLD TWP,08/08/2020,SA,0638,02,NEW JERSEY STATE POLICE,HAMILTON-SUB -,0,0,0,0,P,B,N,N,12,1,ROUTE 524,W,524,,00000524__,7.60,05,,01,04,02,02,01,01,05,01,,,,ALLYSON WAY,,,,45,25,24,40.181370,74.509330,N,,8345
20201351C060-2020-00832A,MONMOUTH,UPPER FREEHOLD TWP,08/11/2020,TU,0555,02,NEW JERSEY STATE POLICE,HAMILTON-SUB -,0,0,0,0,P,B,N,N,11,1,I-195,W,195,,00000195__,11.00,01,,01,04,02,01,01,01,01,01,,,,,,,,65,,46,40.176830,74.526650,N,15 feet of guardrail.,8192
20201351C060-2020-00833A,MONMOUTH,UPPER FREEHOLD TWP,08/11/2020,TU,0616,02,NEW JERSEY STATE POLICE,HAMILTON-SUB -,0,1,0,0,I,B,N,N,11,1,I-195,W,195,,00000195__,11.00,01,,03,04,02,01,01,01,01,01,,,,,,,,65,,46,40.176570,74.528190,N,10 feet of guardrail.,8192
20201351C060-2020-00834A,MONMOUTH,UPPER FREEHOLD TWP,08/11/2020,TU,0540,02,NEW JERSEY STATE POLICE,HAMILTON-SUB -,0,1,0,0,I,I,N,N,03,2,ROUTE 539,S,539,,00000539__,39.50,05,,01,04,02,01,02,01,05,01,,AT,,NJ 27 / BURLINGTON PATH RD,,,,50,45,26,40.139170,74.495900,N,JCP&L POLE NUMBER 74,8289
20201351C060-2020-00835A,MONMOUTH,UPPER FREEHOLD TWP,08/11/2020,TU,1315,02,NEW JERSEY STATE POLICE,HAMILTON-SUB -,0,0,0,0,P,B,N,N,11,1,MONMOUTH RD,W,,,,,07,,01,04,02,01,01,05,05,01,,,,,,,,55,,69,40.087670,74.532860,N,DRIVE THROUGH OVERHANG;BURGER KING;534 MONMOUTH RD Upper Freehold 08514,8289
20201351C060-2020-00837A,MONMOUTH,UPPER FREEHOLD TWP,08/11/2020,TU,1616,02,NEW JERSEY STATE POLICE,HAMILTON-SUB -,0,0,0,0,P,B,N,N,11,1,CLARKSBURG-ROBBINSVILLE RD,E,,,,,07,,02,04,02,01,01,01,05,01,300,FE,W,ELDRIDGE,,,,35,,52,40.201500,74.123430,N,POLE #VZ154,8249
20201351C060-2020-00849A,MONMOUTH,UPPER FREEHOLD TWP,08/14/2020,FR,0655,02,NEW JERSEY STATE POLICE,HAMILTON-SUB -,0,4,0,0,I,B,N,N,01,2,HILL RD / WALNFORD RD **,N,,,13511008__,.30,07,,01,04,02,01,01,01,05,01,1584,FE,W,ROUTE 539,,,,40,40,26,40.146830,74.537200,N,,8165
20201351C060-2020-00853A,MONMOUTH,UPPER FREEHOLD TWP,08/15/2020,SA,,02,NEW JERSEY STATE POLICE,HAMILTON-SUB -,0,0,0,0,P,B,N,N,11,1,ROUTE 524,E,524,,00000524__,10.80,05,,02,04,02,01,05,01,05,01,,,,,,,,50,,52,40.181800,74.517800,N,Utility Pole #JC29UF,7893
20201351C060-2020-00856A,MONMOUTH,UPPER FREEHOLD TWP,08/15/2020,SA,1348,02,NEW JERSEY STATE POLICE,HAMILTON-SUB -,0,0,0,0,P,B,N,N,01,2,ROUTE 537,W,537,,00000537__,39.00,05,,01,04,02,01,01,01,05,01,,,,,,,,50,,26,40.131590,74.465040,N,,7838
20201351C060-2020-00859A,MONMOUTH,UPPER FREEHOLD TWP,08/16/2020,SU,1402,02,NEW JERSEY STATE POLICE,HAMILTON-SUB -,0,0,0,0,P,B,N,N,01,3,SHARON STATION RD **,N,,,13511019__,.83,07,,01,04,02,01,01,01,04,01,50,FE,N,ROUTE 524,,,,45,55,26,40.171380,74.541360,N,,8247