Year(4)-CountyCode(2)-MunicipalityCode(2)-CaseNumber(9),County Name,Municipality Name,Crash Date,Crash Day of Week,Crash Time,Police Department Code,Police Department,Police Station,Total Killed,Total Injured,Pedestrians Killed,Pedestrians Injured,Severity,Intersection,Alcohol Involved,Hazmat Involved,Crash Type,Total Vehicles,Location,Location Direction,Route,Route Suffix,Std Rte Identifier,MilePost,Road System,Road Character,Road Horizontal Alignment,Road Grade,Road Surface Type,Surface Condition,Light Condition,Environmental Condition,Road Divided By,Temporary Traffic Control Zone,Distance To Cross Street,Unit Of Measurement,Direction From Cross Street,Cross Street Name,Is Ramp,Ramp To/From Route Name,Ramp To/From Route Direction,Posted Speed,Posted Speed Cross Street,First Harmful Event,Latitude,Longitude,Cell Phone In Use Flag,Other Property Damage,Reporting Badge No.
202013522020-01298,MONMOUTH,WALL TWP,06/11/2020,TH,1213,01,WALL TWP PD,PATROL,0,0,0,0,P,B,N,N,01,2,NJ 34,S,34,,00000034__,5.46,02,,01,04,02,01,01,01,03,01,15,FE,N,AIRPORT RD,,,,50,25,26,,,N,,200
202013522020-01304,MONMOUTH,WALL TWP,06/12/2020,FR,1141,01,WALL TWP PD,,0,0,0,0,P,B,N,N,06,2,CRESTVIEW RD **,S,,,13521240__,.06,07,,01,06,02,01,01,01,05,01,40,FE,N,BAYBERRY RD,,,,25,25,28,,,N,,202
202013522020-01310,MONMOUTH,WALL TWP,06/12/2020,FR,1710,01,WALL TWP PD,,0,0,0,0,P,B,N,N,01,2,NJ 34,S,34,,00000034__,2.64,02,,01,04,02,01,01,01,03,01,30,FE,N,ROUTE 524 / ALLAIRE RD,,,,55,40,26,,,N,,159
202013522020-01312,MONMOUTH,WALL TWP,06/12/2020,FR,2042,01,WALL TWP PD,PATROL,0,0,0,0,P,I,N,N,04,2,ROUTE 524,W,524,,00000524__,37.90,05,,01,04,02,01,06,01,04,01,,AT,,BAILEYS CORNER RD,,,,45,35,26,,,N,,203
202013522020-01313,MONMOUTH,WALL TWP,06/13/2020,SA,1315,01,WALL TWP PD,PATROL,0,0,0,0,P,I,N,N,02,2,NJ 33,W,33,,00000033__,35.85,02,,02,04,02,01,01,01,02,01,,AT,,NJ 34,,,,25,55,26,,,N,,196
202013522020-01314,MONMOUTH,WALL TWP,06/13/2020,SA,1313,01,WALL TWP PD,PATROL,0,0,0,0,P,B,N,N,12,1,NJ 35,S,35,,00000035__,15.84,02,,01,04,02,01,01,01,01,01,500,FE,N,CR 20 / OLD BRIDGE RD,,,,45,35,26,,,N,,207
202013522020-01315,MONMOUTH,WALL TWP,06/13/2020,SA,1359,01,WALL TWP PD,,0,0,0,0,P,B,N,N,02,2,NJ 138,E,138,,00000138__,1.80,02,,01,06,02,01,01,01,03,01,150,FE,W,NJ 18,,,,55,55,26,,,N,,202
202013522020-01316,MONMOUTH,WALL TWP,06/13/2020,SA,1520,01,WALL TWP PD,,0,0,0,0,P,B,Y,N,11,1,MONMOUTH COUNTY 18 I,W,18,1,130000181_,4.55,05,,01,04,02,01,01,01,04,01,100,FE,W,WESTMINISTER LN,,,,40,25,,,,N,-MAILBOX  LAWN  LANDSCAPE (3510 BELMAR BLVD) - TELEPHONE POLE (40789WL),202
202013522020-01317,MONMOUTH,WALL TWP,06/13/2020,SA,1535,01,WALL TWP PD,PATROL,0,0,0,0,P,B,N,N,06,2,PARKING LOT OF 2007 STATE HWY 35,N,,,,,09,,01,04,02,01,01,01,05,01,,,,,,,,15,,26,,,N,,207
202013522020-01318,MONMOUTH,WALL TWP,06/13/2020,SA,1900,01,WALL TWP PD,,0,0,0,0,P,B,N,N,01,3,NJ 35,N,35,,00000035__,15.77,02,,01,04,02,01,01,01,01,01,100,FE,S,CR 20 / OLD BRIDGE RD,,,,50,35,26,,,N,,165
202013522020-01319,MONMOUTH,WALL TWP,06/13/2020,SA,1928,01,WALL TWP PD,,0,0,0,0,P,B,Y,N,05,2,2510 BELMAR BLVD,W,,,,,09,,02,05,02,01,01,01,05,01,200,FE,E,NEW BEDFORD ROAD,,,,35,25,26,,,N,,197
202013522020-01323,MONMOUTH,WALL TWP,06/14/2020,SU,0749,01,WALL TWP PD,PATROL,0,0,0,0,P,B,N,N,01,2,ROUTE 524,N,524,,00000524__,36.63,05,,01,04,02,01,01,01,04,01,25,FE,S,NJ 34,,,,35,55,26,,,N,,207
202013522020-01325,MONMOUTH,WALL TWP,06/14/2020,SU,1245,01,WALL TWP PD,PATROL,0,0,0,0,P,I,N,N,01,2,NJ 33,E,33,,00000033__,35.85,02,,01,04,02,01,01,01,04,01,,AT,,NJ 34,,,,55,55,26,,,N,,207
202013522020-01355,MONMOUTH,WALL TWP,06/16/2020,TU,2104,01,WALL TWP PD,,0,0,0,0,P,B,N,N,06,2,MONMOUTH BLVD **,,,,13521064__,.80,07,,01,04,02,01,03,01,05,01,50,FE,N,ROOSEVELT ST,,,,25,25,26,,,N,MAILBOX & LANDSCAPING 1104 MONMOUTH BLVD,169
202013522020-01357,MONMOUTH,WALL TWP,06/17/2020,WE,0316,01,WALL TWP PD,PATROL,0,1,0,0,I,B,N,N,11,1,MONMOUTH COUNTY 30 II,E,30,2,130000302_,1.39,05,,01,04,02,01,05,01,04,01,50,FE,E,GLENDOLA RD,,,,45,25,52,,,N,POLE #BT5767WL WAS SNAPPED COMPLETELY IN HALF AND HAD TO BE FULLY REPLACED.,194
202013522020-01362,MONMOUTH,WALL TWP,06/17/2020,WE,1242,01,WALL TWP PD,PATROL,0,0,0,0,P,I,N,N,07,2,NJ 35,,35,,00000035__,17.41,02,,01,04,02,01,01,01,04,01,,AT,,SEA GIRT AVE,,,,40,35,26,,,N,,178
202013522020-01373,MONMOUTH,WALL TWP,06/18/2020,TH,1211,01,WALL TWP PD,PATROL,0,0,0,0,P,B,N,N,11,1,ROUTE 524,W,524,,00000524__,38.84,05,,02,04,02,02,01,01,03,01,,,,,T,STATE HWY 34,SB,45,,56,,,N,,208
202013522020-01378,MONMOUTH,WALL TWP,06/18/2020,TH,1655,01,WALDWICK PD,PATROL,0,0,0,0,P,I,N,N,01,2,NJ 138,E,138,,00000138__,.71,02,,01,04,02,01,01,01,01,01,,AT,,ALLENWOOD RD,,,,55,35,26,,,N,,203
202013522020-01379,MONMOUTH,WALL TWP,06/18/2020,TH,1852,01,WALL TWP PD,PATROL,0,0,0,0,P,B,N,N,01,2,NJ 35,,35,,00000035__,19.88,02,,01,04,02,01,01,01,01,01,200,FE,N,CR 30 II / EIGHTEENTH AVE,,,,35,35,26,,,N,,203
202013522020-01381,MONMOUTH,WALL TWP,06/19/2020,FR,0747,01,WALL TWP PD,PATROL,0,0,0,0,P,I,N,N,03,2,MONMOUTH COUNTY 30 II,E,30,2,130000302_,1.94,05,,01,04,02,01,01,01,05,01,,AT,,NEW BEDFORD RD,,,,35,35,26,,,N,DOT CROSSWALK SIGN.,175
202013522020-01397,MONMOUTH,WALL TWP,06/20/2020,SA,1106,01,WALL TWP PD,,0,0,0,0,P,B,N,N,06,2,RIDGEWOOD RD **,E,,,13521193__,.09,07,,01,04,02,01,01,01,04,01,500,FE,E,NJ 34,,,,25,55,26,,,N,,121
202013522020-01399,MONMOUTH,WALL TWP,06/20/2020,SA,1316,01,WALL TWP PD,,0,0,0,0,P,B,N,N,01,2,NJ 35,N,35,,00000035__,16.69,02,,01,04,02,01,01,01,04,01,700,FE,S,CHURCH ST,,,,40,25,26,,,N,,181
202013522020-01402,MONMOUTH,WALL TWP,06/21/2020,SU,1921,01,WALL TWP PD,,0,0,0,0,P,I,N,N,01,2,MONMOUTH COUNTY 18 I,E,18,1,130000181_,6.36,05,,01,04,02,01,01,01,05,01,,AT,,VALLEY DR,,,,40,25,26,,,N,,140
202013522020-01404,MONMOUTH,WALL TWP,06/22/2020,MO,0347,01,WALL TWP PD,WALL PD,0,0,0,0,P,I,N,N,11,1,NJ 33,W,33,,00000033__,35.85,02,,03,04,02,01,06,01,02,01,,AT,,NJ 34,,,,,55,,,,N,NJSTATE DOT YIELD SIGN,185
202013522020-01409,MONMOUTH,WALL TWP,06/22/2020,MO,1312,01,WALL TWP PD,,0,0,0,0,P,I,N,N,01,2,NJ 35,N,35,,00000035__,17.17,02,,03,04,02,01,01,01,05,01,,AT,,ROUTE 524 SPUR / ATLANTIC AVE,,,,40,35,26,,,N,,197
202013522020-01413,MONMOUTH,WALL TWP,06/22/2020,MO,1359,01,WALL TWP PD,,0,0,0,0,P,B,N,N,01,2,NJ 33,S,33,,00000033__,35.78,02,,03,04,02,01,01,01,02,01,100,FE,N,ROUTE 547 / ASBURY RD,,,,50,50,26,,,N,,165
202013522020-01417,MONMOUTH,WALL TWP,07/10/2020,FR,1515,01,WALL TWP PD,,0,0,0,0,P,I,N,N,07,2,ROUTE 549,W,549,,00000549__,15.23,05,,01,07,02,02,01,01,05,01,,AT,,ALLENWOOD LAKEWOOD RD,,,,45,,26,,,N,,149
202013522020-01418,MONMOUTH,WALL TWP,06/22/2020,MO,1745,01,WALL TWP PD,PATROL,0,2,0,0,I,I,N,N,03,2,NJ 35,N,35,,00000035__,16.00,02,,01,04,02,01,01,01,04,01,,AT,,NJ 34 / NJ 70,,,,40,55,26,,,N,,207
202013522020-01420,MONMOUTH,WALL TWP,06/22/2020,MO,1846,01,WALL TWP PD,PATROL,0,0,0,0,P,I,N,N,03,2,MONMOUTH COUNTY 18 I,E,18,1,130000181_,5.03,05,,01,04,02,01,01,01,04,01,,AT,,GULLEY RD,,,,40,35,26,,,N,,207
202013522020-01423,MONMOUTH,WALL TWP,06/23/2020,TU,0903,01,WALL TWP PD,PATROL,0,0,0,0,P,I,N,N,03,2,NJ 33,S,33,,00000033__,35.76,02,,01,04,02,01,01,01,03,01,,AT,W,ROUTE 547 / ASBURY RD,,,,50,50,26,,,N,,149
202013522020-01427,MONMOUTH,WALL TWP,06/23/2020,TU,1132,01,WALL TWP PD,,0,0,0,0,P,I,N,N,02,2,NJ 33,N,33,,00000033__,35.85,02,,03,04,02,01,01,01,02,01,,AT,,NJ 34,,,,55,50,26,,,N,,165
202013522020-01431,MONMOUTH,WALL TWP,06/23/2020,TU,1630,01,WALL TWP PD,PATROL,0,0,0,0,P,B,N,N,02,2,NJ 138,W,138,,00000138__,.01,02,,01,04,02,01,01,01,03,01,,,,,F,NJ 34,NB,55,,26,,,N,,208
202013522020-01432,MONMOUTH,WALL TWP,06/23/2020,TU,1705,01,WALL TWP PD,,0,0,0,0,P,I,N,N,03,2,ALLENWOOD RD,N,,,13521019__,.00,07,,01,05,02,01,01,01,05,01,,AT,,GULLEY RD,,,,35,35,26,,,N,,165
202013522020-01433,MONMOUTH,WALL TWP,06/23/2020,TU,1743,01,WALL TWP PD,PATROL,0,0,0,0,P,B,N,N,01,2,NEW BEDFORD RD,N,,,13521306__,1.21,07,,01,04,02,01,01,01,04,01,10,FE,S,CR 30 / 18TH AVE / E HURLEY POND RD,,,,35,35,26,,,N,,207
202013522020-01443,MONMOUTH,WALL TWP,06/24/2020,WE,1810,01,WALL TWP PD,PATROL,0,0,0,0,P,B,N,N,02,2,NJ 138,,138,,00000138__,1.64,02,,01,05,02,01,01,01,03,01,1000,FE,W,NJ 18,,,,55,55,26,,,N,,178
202013522020-01454,MONMOUTH,WALL TWP,06/25/2020,TH,1841,01,WALL TWP PD,PATROL,0,4,0,0,I,I,N,N,01,2,NJ 33,,33,,00000033__,35.85,02,,01,04,02,02,01,02,03,01,,AT,,NJ 34,,,,50,55,26,,,N,,178
202013522020-01456,MONMOUTH,WALL TWP,06/26/2020,FR,0943,01,WALL TWP PD,PATROL,0,0,0,0,P,I,N,N,01,2,MONMOUTH COUNTY 18 I,E,18,1,130000181_,4.83,05,,01,04,02,01,01,01,04,01,,AT,,CAMMAR DR,,,,45,25,26,,,N,,203
202013522020-01457,MONMOUTH,WALL TWP,06/26/2020,FR,1004,01,WALL TWP PD,PATROL,0,0,0,0,P,I,N,N,04,2,MONMOUTH COUNTY 18 I,,18,1,130000181_,5.03,05,,02,04,02,01,01,01,04,01,,AT,,GULLEY RD,,,,45,35,26,,,N,,203
202013522020-01462,MONMOUTH,WALL TWP,06/26/2020,FR,1831,01,WALL TWP PD,PATROL,0,0,0,0,P,B,N,N,01,2,NJ 35,E,35,,00000035__,15.84,02,,01,04,02,01,01,01,01,01,500,FE,W,CR 20 / OLD BRIDGE RD,,,,45,35,26,,,N,,207
202013522020-01463,MONMOUTH,WALL TWP,06/26/2020,FR,1822,01,WALL TWP PD,,0,1,0,0,I,B,N,N,01,2,NJ 71,S,71,,00000071__,4.54,02,,01,04,02,01,01,01,05,01,300,FE,N,US 30 / 18TH AVE,,,,35,25,26,,,N,STREET SIGN  FIRE HYDRANT,197
202013522020-01465,MONMOUTH,WALL TWP,06/26/2020,FR,1955,01,WALL TWP PD,PATROL,0,1,0,0,I,B,N,N,11,1,MARTIN RD **,N,,,13521013__,.50,07,,01,04,02,01,01,01,05,01,2640,FE,S,CR 18 I / BELMAR RD,,,,35,45,69,,,N,GRASS LANDSCAPING AND MAIBOX AT 1617 MARTIN RD,196
202013522020-01468,MONMOUTH,WALL TWP,06/27/2020,SA,0230,01,WALL TWP PD,PATROL,0,0,0,0,P,I,N,N,11,1,ROUTE 524 SPUR,W,524,S,00000524S_,.87,05,,01,04,02,01,06,01,05,01,,AT,,,T,NJ 34,NB,40,,56,,,N,,205
202013522020-01470,MONMOUTH,WALL TWP,06/27/2020,SA,0953,01,WALL TWP PD,,0,0,0,0,P,I,N,N,07,2,NJ 33,W,33,,00000033__,36.03,02,,01,04,02,01,01,01,04,01,,AT,,ROUTE 547 / SHAFTO RD / WYCKOFF RD,,,,50,35,26,,,N,,165
202013522020-01474,MONMOUTH,WALL TWP,06/28/2020,SU,0329,01,WALL TWP PD,,0,0,0,0,P,I,N,N,11,1,NJ 138,E,138,,00000138__,1.19,02,,01,05,02,01,07,01,01,01,,AT,,CLUB DR,,,,55,25,,,,N,,202
202013522020-01476,MONMOUTH,WALL TWP,06/28/2020,SU,1253,01,WALL TWP PD,PATROL,0,0,0,0,P,I,N,N,01,2,ROUTE 524 SPUR,W,524,S,00000524S_,.87,05,,03,06,02,01,01,01,02,01,,AT,,,T,NJ 34,NB,40,,26,,,N,,197
202013522020-01479,MONMOUTH,WALL TWP,06/28/2020,SU,2333,01,WALL TWP PD,,0,0,0,0,P,B,N,N,06,2,CRESTVIEW RD **,S,,,13521240__,.08,07,,01,04,02,01,07,01,05,01,100,FE,S,IVY RD,,,,35,35,28,,,Y,,159
202013522020-01489,MONMOUTH,WALL TWP,06/29/2020,MO,1540,01,WALL TWP PD,,0,0,0,0,P,B,N,N,15,1,1951 STATE HWY 34,S,,,,,09,,01,04,02,01,01,01,03,01,500,FE,S,ALLENWOOD RD,,,,,35,60,,,N,,181
202013522020-01491,MONMOUTH,WALL TWP,06/29/2020,MO,1610,01,WALL TWP PD,,0,2,0,0,I,B,N,N,02,3,NJ 33,W,33,,00000033__,35.85,02,,02,04,02,01,01,01,03,01,500,FE,E,ROUTE 547 / ASBURY RD,,,,50,50,26,,,N,NJ STATE DOT YIELD SIGN KNOCKED DOWN.,181
202013522020-01498,MONMOUTH,WALL TWP,06/30/2020,TU,1038,01,WALL TWP PD,,0,0,0,0,P,B,N,N,01,2,NJ 138,,138,,00000138__,2.91,02,,01,04,02,01,01,01,03,01,100,FE,W,MARCONI RD,,,,55,,,,,N,,#160
202013522020-01506,MONMOUTH,WALL TWP,06/30/2020,TU,1541,01,WALL TWP PD,PATROL,0,0,0,0,P,B,N,N,01,2,NJ 35,S,35,,00000035__,16.09,02,,01,04,02,02,01,02,01,01,500,FE,N,NJ 34 / NJ 70,,,,40,55,26,,,N,,153
202013522020-01514,MONMOUTH,WALL TWP,07/01/2020,WE,1331,01,WALL TWP PD,,0,0,0,0,P,B,N,N,02,2,NJ 34,N,34,,00000034__,.34,02,,01,04,02,02,01,02,03,01,50,FE,N,LAKEWOOD RD,,,,55,25,26,,,N,,197
202013522020-01515,MONMOUTH,WALL TWP,07/01/2020,WE,1354,01,WALL TWP PD,,0,0,0,0,P,I,N,N,08,2,MONMOUTH COUNTY 30 II,,30,2,130000302_,1.94,05,,01,04,02,02,01,02,05,01,,AT,,NEW BEDFORD RD,,,,25,25,26,,,N,,182
202013522020-01521,MONMOUTH,WALL TWP,07/02/2020,TH,0906,01,WALL TWP PD,,0,0,0,0,P,I,N,N,02,2,NJ 33,E,33,,00000033__,35.85,02,,02,04,02,01,01,01,02,01,,AT,,NJ 34,,,,55,,,,,N,,137
202013522020-01528,MONMOUTH,WALL TWP,07/02/2020,TH,1411,01,WALL TWP PD,,0,1,0,0,I,I,N,N,01,2,NJ 33,S,33,,00000033__,35.85,02,,02,04,02,01,01,01,02,01,,AT,,NJ 34,,,,55,,,,,N,,137
202013522020-01532,MONMOUTH,WALL TWP,07/02/2020,TH,1713,01,WALL TWP PD,,0,0,0,0,P,B,N,N,01,2,NJ 138,W,138,,00000138__,,02,,01,04,02,01,01,01,03,01,75,FE,E,MARCONI ROAD,,,,55,,26,,,N,,149
202013522020-01533,MONMOUTH,WALL TWP,07/02/2020,TH,1808,01,WALL TWP PD,PATROL,0,0,0,0,P,I,N,N,01,2,ROUTE 524 SPUR,,524,S,00000524S_,2.43,05,,02,04,02,01,01,01,03,01,,AT,,NJ 35,,,,40,35,26,,,N,,209
202013522020-01534,MONMOUTH,WALL TWP,07/02/2020,TH,1823,01,WALL TWP PD,,0,2,0,0,I,I,N,N,03,3,LAKEWOOD RD **,N,,,13521239__,.95,07,,01,04,02,01,01,01,05,01,,AT,,RAMSHORN DR,,,,35,25,26,,,N,,182
202013522020-01539,MONMOUTH,WALL TWP,07/03/2020,FR,2110,01,WALL TWP PD,,0,0,0,0,P,B,N,N,01,2,ROUTE 524,W,524,,00000524__,36.63,05,,03,04,02,01,05,01,05,01,10,FE,E,NJ 34,,,,45,55,26,,,N,,169
202013522020-01548,MONMOUTH,WALL TWP,07/04/2020,SA,1639,01,WALL TWP PD,,0,0,0,0,P,B,N,N,02,2,NJ 34,N,34,,00000034__,1.47,02,,01,04,02,01,01,01,03,02,2640,FE,S,ROUTE 524S / ATLANTIC AVE,,,,55,35,26,,,N,,206
202013522020-01549,MONMOUTH,WALL TWP,07/04/2020,SA,2210,01,WALL TWP PD,PATROL,0,1,0,0,I,B,Y,N,01,3,NJ 35,N,35,,00000035__,15.75,02,,01,04,02,01,07,01,04,01,500,FE,W,CR 20 / OLD BRIDGE RD,,,,50,30,26,,,N,,
202013522020-01552,MONMOUTH,WALL TWP,07/05/2020,SU,1028,01,WALL TWP PD,PATROL,0,0,0,0,P,I,N,N,01,2,EASY ST / HOSPITAL RD **,N,,,13521118__,1.68,07,,01,04,02,01,01,01,05,01,,AT,,CR 21 / SQUANKUM RD,,,,35,35,26,,,N,,191
202013522020-01554,MONMOUTH,WALL TWP,07/05/2020,SU,1355,01,WALL TWP PD,,0,0,0,0,P,B,N,N,02,2,NJ 34,N,34,,00000034__,7.71,02,,03,04,02,01,01,01,03,01,50,FE,W,NJ 33,,,,55,50,26,,,N,,206
202013522020-01557,MONMOUTH,WALL TWP,07/05/2020,SU,1902,01,WALL TWP PD,PATROL,0,0,0,0,P,B,N,N,02,2,NJ 18,,18,,00000018__,7.01,02,,01,04,02,01,01,01,03,01,1000,FE,N,BRIGHTON AVE,,,,55,35,26,,,N,,178
202013522020-01558,MONMOUTH,WALL TWP,07/05/2020,SU,2003,01,WALL TWP PD,PATROL,0,0,0,0,P,I,N,N,01,2,NJ 34,N,34,,00000034__,7.72,02,,03,04,02,01,01,01,05,01,,AT,N,NJ 33,,,,56,55,26,,,N,,210
202013522020-01561,MONMOUTH,WALL TWP,07/06/2020,MO,0217,01,WALL TWP PD,PATROL,0,0,0,0,P,B,N,N,06,3,1204 LAKEWOOD RD,W,,,,,09,,01,04,02,01,05,01,05,01,100,FE,W,ALGONKIN RD,,,,25,25,28,,,N,,205
202013522020-01563,MONMOUTH,WALL TWP,07/06/2020,MO,1209,01,WALL TWP PD,PATROL,0,0,0,0,P,I,N,N,01,2,MONMOUTH COUNTY 30 II,W,30,2,130000302_,3.43,05,,01,04,02,01,01,01,04,01,,AT,,WORLD ST / I ST,,,,25,25,26,,,N,,203
202013522020-01565,MONMOUTH,WALL TWP,07/06/2020,MO,1454,01,WALL TWP PD,,0,1,0,0,I,I,N,N,03,3,BAILEYS CORNER RD / MEETING HOUSE RD **,,,,13521195__,1.97,07,,01,04,02,01,01,05,05,01,,AT,,MAKO DR / TILTONS CORNER DR,,,,40,35,26,,,N,FIRE HYDRANT  SOUTHWEST CORNER OF INTERSECTION,182
202013522020-01566,MONMOUTH,WALL TWP,07/06/2020,MO,1609,01,WALL TWP PD,PATROL,0,0,0,0,P,I,N,N,07,2,NEW BEDFORD RD,S,,,13521306__,1.21,07,,01,04,02,02,01,02,05,01,,AT,,CR 30 / 18TH AVE / E HURLEY POND RD,,,,35,35,26,,,N,,321
202013522020-01567,MONMOUTH,WALL TWP,07/06/2020,MO,1547,01,WALL TWP PD,PATROL,0,2,0,0,I,I,N,N,03,2,NJ 35,S,35,,00000035__,19.20,02,,01,04,02,02,01,02,05,01,,AT,,WALL CHURCH RD,,,,40,25,26,,,N,,187
202013522020-01568,MONMOUTH,WALL TWP,07/06/2020,MO,1557,01,WALL TWP PD,,0,0,0,0,P,B,N,N,01,2,NJ 34,N,34,,00000034__,2.62,02,,01,05,02,02,01,02,03,01,50,FE,S,ROUTE 524 / ALLAIRE RD,,,,55,35,26,,,N,,197
202013522020-01570,MONMOUTH,WALL TWP,07/06/2020,MO,1650,01,WALL TWP PD,PATROL,0,0,0,0,P,I,N,N,03,2,ROUTE 524,E,524,,00000524__,35.76,05,,01,04,02,02,01,02,05,01,,AT,,HOSPITAL RD,,,,45,35,26,,,N,SHEET SIGN (SPEED LIMIT),153
202013522020-01572,MONMOUTH,WALL TWP,07/06/2020,MO,1956,01,WALL TWP PD,PATROL,0,1,0,0,I,I,N,N,03,2,NJ 34,N,34,,00000034__,5.46,02,,01,04,02,02,01,01,03,01,,AT,,AIRPORT RD,,,,55,25,26,,,N,,207
202013522020-01577,MONMOUTH,WALL TWP,07/07/2020,TU,1147,01,WALL TWP PD,PATROL,0,0,0,0,P,B,N,N,01,2,NJ 34,S,34,,00000034__,1.93,02,,01,04,02,01,01,05,01,02,200,FE,S,ROUTE 524S / ATLANTIC AVE,,,,55,45,26,,,N,,203
202013522020-01579,MONMOUTH,WALL TWP,07/07/2020,TU,1208,01,WALL TWP PD,,0,0,0,0,P,B,N,N,01,3,MONMOUTH COUNTY 30 II,E,30,2,130000302_,3.51,05,,01,04,02,01,01,01,05,01,50,FE,W,NJ 71 / H ST,,,,25,35,26,,,N,,197
202013522020-01580,MONMOUTH,WALL TWP,07/07/2020,TU,1427,01,WALL TWP PD,PATROL,0,1,0,0,I,B,N,N,01,3,NJ 35,S,35,,00000035__,17.47,02,,01,04,02,01,01,01,05,01,300,FE,N,SEA GIRT AVE,,,,40,35,26,,,N,,153
202013522020-01581,MONMOUTH,WALL TWP,07/07/2020,TU,1446,01,WALL TWP PD,PATROL,0,0,0,0,P,I,N,N,02,2,NJ 35,N,35,,00000035__,17.32,02,,01,04,02,01,01,01,04,01,,AT,,MEETING HOUSE RD,,,,40,25,26,,,N,,144
202013522020-01582,MONMOUTH,WALL TWP,07/07/2020,TU,1613,01,WALL TWP PD,PATROL,0,0,0,0,P,I,N,N,02,2,NJ 33,W,33,,00000033__,35.85,02,,02,04,02,01,01,01,02,01,,AT,,NJ 34,,,,50,,26,,,N,,199
202013522020-01583,MONMOUTH,WALL TWP,07/07/2020,TU,1857,01,WALL TWP PD,PATROL,0,0,0,0,P,B,N,N,01,2,NJ 138,W,138,,00000138__,1.20,02,,01,04,02,01,01,01,03,01,50,FE,E,CLUB DR,,,,55,25,26,,,N,,205
202013522020-01614,MONMOUTH,WALL TWP,07/10/2020,FR,1212,01,WALL TWP PD,PATROL,0,0,0,0,P,I,N,N,03,2,MONMOUTH COUNTY 18 I,E,18,1,130000181_,2.46,05,,01,04,02,02,01,02,04,01,,AT,,NJ 34,,,,45,55,26,,,N,,
202013522020-01615,MONMOUTH,WALL TWP,07/10/2020,FR,1225,01,WALL TWP PD,PATROL,0,0,0,0,P,B,N,N,11,1,COOPER BLVD,S,,,,,09,,01,04,02,02,01,02,05,01,25,FE,S,LAKEWOOD RD.,,,,25,25,69,,,N,FOUR SEASON ENTERANCE VESTIBULE - OVERHANG,208
202013522020-01617,MONMOUTH,WALL TWP,07/10/2020,FR,1515,01,WALL TWP PD,,0,0,0,0,P,I,N,N,07,2,ROUTE 549,W,549,,00000549__,15.23,05,,01,07,02,02,01,01,05,01,,AT,,ALLENWOOD LAKEWOOD RD,,,,45,,26,,,N,,149
202013522020-01618,MONMOUTH,WALL TWP,07/10/2020,FR,1640,01,WALL TWP PD,PATROL,0,0,0,0,P,I,N,N,01,2,NJ 35,S,35,,00000035__,19.84,02,,01,04,02,02,01,02,04,01,,AT,N,CR 30 II / EIGHTEENTH AVE,,,,40,25,26,,,N,,189
202013522020-01622,MONMOUTH,WALL TWP,07/10/2020,FR,2056,01,WALL TWP PD,,0,0,0,0,P,B,N,N,11,1,NJ 34,S,34,,00000034__,2.62,02,,01,04,02,02,06,02,03,01,50,FE,S,ROUTE 524 / ALLAIRE RD,,,,55,45,,,,N,STRUCK A DOUBLE POST METAL SIGN ON HWY 34 WHICH INDICATED THAT MONMOUTH COUNTY ?,159
202013522020-01623,MONMOUTH,WALL TWP,07/10/2020,FR,2157,01,WALL TWP PD,PATROL,0,0,0,0,P,I,N,N,11,1,NJ 34,N,34,,00000034__,2.63,02,,03,04,02,02,06,02,03,01,,AT,,ROUTE 524 / ALLAIRE RD,,,,35,45,50,,,N,ARROW TRAFFIC SIGN,188
202013522020-01625,MONMOUTH,WALL TWP,07/11/2020,SA,0946,01,WALL TWP PD,PATROL,0,0,0,0,P,B,N,N,06,2,LOCUST RD / OAK WAY **,S,,,13521222__,.00,07,,01,04,02,01,01,01,05,01,25,FE,N,W CHICAGO BLVD,,,,25,25,26,,,N,,208
202013522020-01630,MONMOUTH,WALL TWP,07/12/2020,SU,0937,01,WALL TWP PD,,0,0,0,0,P,B,N,N,01,2,ROUTE 524,W,524,,00000524__,37.81,05,,01,04,02,01,01,01,05,01,500,FE,W,BAILEYS CORNER RD,,,,45,35,26,,,N,,165
202013522020-01632,MONMOUTH,WALL TWP,07/12/2020,SU,1014,01,WALL TWP PD,PATROL,0,0,0,0,P,I,N,N,01,2,NJ 35,S,35,,00000035__,15.75,02,,01,04,02,01,01,01,01,01,,AT,N,CR 20 / OLD BRIDGE RD,,,,40,40,26,,,N,,189
202013522020-01633,MONMOUTH,WALL TWP,07/12/2020,SU,1454,01,WALL TWP PD,,0,0,0,0,P,I,N,N,01,3,NJ 35,S,35,,00000035__,16.00,02,,01,04,02,01,01,01,03,01,,AT,,NJ 34 / NJ 70,,,,55,40,26,,,N,,197
202013522020-01636,MONMOUTH,WALL TWP,07/12/2020,SU,1738,01,WALL TWP PD,PATROL,0,1,0,0,I,B,N,N,02,2,MONMOUTH COUNTY 18 I,W,18,1,130000181_,4.48,05,,01,04,02,01,01,01,04,01,500,FE,W,WESTMINISTER LN,,,,45,25,26,,,N,,197
202013522020-01637,MONMOUTH,WALL TWP,07/12/2020,SU,1951,01,WALL TWP PD,PATROL,0,0,0,0,P,I,N,N,02,2,NJ 34,N,34,,00000034__,2.63,02,,01,04,02,01,01,01,03,01,,AT,,ROUTE 524 / ALLAIRE RD,,,,55,45,26,,,N,,207
202013522020-01643,MONMOUTH,WALL TWP,07/13/2020,MO,1130,01,WALL TWP PD,PATROL,0,0,0,0,P,B,N,N,01,2,NJ 35,S,35,,00000035__,18.45,02,,01,04,02,01,01,01,04,01,200,FE,S,NEW BEDFORD RD,,,,40,35,26,,,N,,201