Year(4)-CountyCode(2)-MunicipalityCode(2)-CaseNumber(9),County Name,Municipality Name,Crash Date,Crash Day of Week,Crash Time,Police Department Code,Police Department,Police Station,Total Killed,Total Injured,Pedestrians Killed,Pedestrians Injured,Severity,Intersection,Alcohol Involved,Hazmat Involved,Crash Type,Total Vehicles,Location,Location Direction,Route,Route Suffix,Std Rte Identifier,MilePost,Road System,Road Character,Road Horizontal Alignment,Road Grade,Road Surface Type,Surface Condition,Light Condition,Environmental Condition,Road Divided By,Temporary Traffic Control Zone,Distance To Cross Street,Unit Of Measurement,Direction From Cross Street,Cross Street Name,Is Ramp,Ramp To/From Route Name,Ramp To/From Route Direction,Posted Speed,Posted Speed Cross Street,First Harmful Event,Latitude,Longitude,Cell Phone In Use Flag,Other Property Damage,Reporting Badge No.
202013522020-02020,MONMOUTH,WALL TWP,08/14/2020,FR,1615,01,WALL TWP PD,PATROL,0,0,0,0,P,B,N,N,01,2,NJ 35,S,35,,00000035__,20.02,02,,01,04,02,01,01,01,04,01,100,FE,N,MARIETTA AVE,,,,40,25,26,,,N,,200
202013522020-02021,MONMOUTH,WALL TWP,08/14/2020,FR,1704,01,WALL TWP PD,PATROL,0,0,0,0,P,I,N,N,05,2,MONMOUTH COUNTY 18 I,S,18,1,130000181_,6.85,05,,01,04,02,01,01,01,04,01,,AT,,MARCONI RD,,,,35,35,26,,,N,,200
202013522020-02022,MONMOUTH,WALL TWP,08/14/2020,FR,1654,01,WALL TWP PD,PATROL,0,0,0,0,P,I,N,N,01,2,I-195,E,195,,00000195__,34.17,01,,03,04,02,01,01,01,03,01,,AT,,,T,NJ 34,SB,55,,26,,,N,,178
202013522020-02023,MONMOUTH,WALL TWP,08/14/2020,FR,1656,01,WALL TWP PD,PATROL,0,1,0,0,I,B,N,N,03,2,NJ 33,N,33,,00000033__,35.87,02,,02,04,02,01,01,01,05,01,100,FE,N,NJ 34,,,,55,55,26,,,N,,187
202013522020-02024,MONMOUTH,WALL TWP,08/15/2020,SA,1705,01,WALL TWP PD,,0,0,0,0,P,B,N,N,02,2,NJ 35,S,35,,00000035__,16.47,02,,01,04,02,01,01,01,05,01,10,FE,N,LAKEWOOD RD / MARCELLUS AVE,,,,40,25,26,,,N,,169
202013522020-02030,MONMOUTH,WALL TWP,08/15/2020,SA,1018,01,WALL TWP PD,,0,0,0,0,P,I,N,N,03,2,NJ 34,N,34,,00000034__,2.63,02,,02,04,02,01,01,01,03,01,,AT,,ROUTE 524 / ALLAIRE RD,,,,55,45,26,,,N,,169
202013522020-02031,MONMOUTH,WALL TWP,08/15/2020,SA,1246,01,WALL TWP PD,PATROL,0,1,0,0,I,B,N,N,01,3,NJ 33,E,33,,00000033__,35.60,02,,01,04,02,01,01,01,03,01,1320,FE,W,NJ 34,,,,55,55,26,,,N,,187
202013522020-02033,MONMOUTH,WALL TWP,08/15/2020,SA,1534,01,WALL TWP PD,,0,0,0,0,P,B,N,N,02,2,NJ 34,N,34,,00000034__,1.98,02,,01,04,02,01,01,01,01,01,50,FE,N,ROUTE 524S / ATLANTIC AVE,,,,55,40,26,,,N,,192
202013522020-02039,MONMOUTH,WALL TWP,08/16/2020,SU,0120,01,WALL TWP PD,PATROL,0,0,0,0,P,B,N,N,12,1,NJ 71,S,71,,00000071__,4.21,02,,01,04,02,01,04,01,04,01,100,FE,S,2ND AVE,,,,35,25,,,,N,,201
202013522020-02041,MONMOUTH,WALL TWP,08/16/2020,SU,0557,01,WALL TWP PD,,0,0,0,0,P,I,N,N,11,1,ROUTE 524 SPUR,,524,S,00000524S_,1.00,05,,02,04,02,01,06,01,05,01,,AT,,TILTONS CORNER RD,,,,40,40,,,,N,CENTER MEDIAN ENTRANCE TO WALL STORAGE LANDSCAPE,140
202013522020-02042,MONMOUTH,WALL TWP,08/16/2020,SU,0819,01,WALL TWP PD,PATROL,0,0,0,0,P,I,N,N,01,2,NJ 34,N,34,,00000034__,7.72,02,,01,04,02,02,01,02,03,01,,AT,,NJ 33,,,,50,,26,,,N,,150
202013522020-02043,MONMOUTH,WALL TWP,08/16/2020,SU,0754,01,WALL TWP PD,PATROL,0,0,0,0,P,I,N,N,11,1,ROUTE 524 SPUR,,524,S,00000524S_,2.68,05,,01,04,02,02,06,02,04,01,,AT,,NEWARK AVE,,,,35,25,50,,,N,A STOP SIGN AND BUSHES ON THE PROPERTY OF 1200 ATLANTIC AVE.,178
202013522020-02044,MONMOUTH,WALL TWP,08/16/2020,SU,0530,01,WALL TWP PD,,0,0,0,0,P,I,N,N,02,2,NJ 35,,35,,00000035__,17.17,02,,03,00,02,01,06,01,02,01,,AT,,ROUTE 524 SPUR / ATLANTIC AVE,,,,40,40,26,,,N,? MEDIA LANDSCAPE WALL STORAGE.,140
202013522020-02047,MONMOUTH,WALL TWP,08/16/2020,SU,1315,01,WALL TWP PD,,0,0,0,0,P,I,N,N,01,2,NJ 34,N,34,,00000034__,2.63,02,,03,04,02,02,01,02,03,01,,AT,,ROUTE 524 / ALLAIRE RD,,,,55,45,26,,,N,,169
202013522020-02048,MONMOUTH,WALL TWP,08/16/2020,SU,1446,01,WALL TWP PD,,0,0,0,0,P,I,N,N,01,3,NJ 34,N,34,,00000034__,2.63,02,,03,04,02,02,01,02,03,01,,AT,,ROUTE 524 / ALLAIRE RD,,,,55,45,26,,,N,,169
202013522020-02049,MONMOUTH,WALL TWP,08/16/2020,SU,1509,01,WALL TWP PD,PATROL,0,0,0,0,P,I,N,N,02,2,NJ 35,,35,,00000035__,17.17,02,,02,05,02,02,01,02,03,01,,AT,,ROUTE 524 SPUR / ATLANTIC AVE,,,,40,35,26,,,N,,178
202013522020-02056,MONMOUTH,WALL TWP,08/17/2020,MO,1051,01,WALL TWP PD,PATROL,0,1,0,0,I,B,N,N,03,2,NJ 35,,35,,00000035__,18.82,02,,01,04,02,01,01,01,05,01,200,FE,N,ROUTE 524 / ALLAIIRE RD,,,,40,35,11,,,N,,205
202013522020-02061,MONMOUTH,WALL TWP,08/17/2020,MO,1930,01,WALL TWP PD,PATROL,0,0,0,0,P,I,N,N,03,2,NJ 34,,34,,00000034__,2.63,02,,02,04,02,01,03,01,01,01,,AT,,ROUTE 524 / ALLAIRE RD,,,,55,45,26,,,N,,203
202013522020-02070,MONMOUTH,WALL TWP,08/18/2020,TU,1622,01,WALL TWP PD,PATROL,0,1,0,0,I,B,N,N,01,2,NJ 35,N,35,,00000035__,18.05,02,,01,04,02,01,01,01,04,01,500,FE,S,OCEAN RD,,,,40,25,26,,,N,,196
202013522020-02073,MONMOUTH,WALL TWP,08/19/2020,WE,0308,01,WALL TWP PD,PATROL,0,1,0,0,I,B,N,N,11,1,NJ 138,E,138,,00000138__,2.28,02,,03,04,02,01,05,01,02,01,,,,,T,NEW BEDFORD RD.,NB,55,,56,,,N,,203
202013522020-02074,MONMOUTH,WALL TWP,08/19/2020,WE,0833,01,WALL TWP PD,PATROL,0,0,0,0,P,B,N,N,01,2,NJ 34,,34,,00000034__,7.24,02,,01,04,04,02,01,01,03,01,100,FE,S,WYCKOFF RD,,,,50,35,26,,,N,,200
202013522020-02076,MONMOUTH,WALL TWP,08/19/2020,WE,0916,01,WALL TWP PD,,0,0,0,0,P,I,N,N,01,2,NJ 34,N,34,,00000034__,2.63,02,,03,04,02,01,01,01,03,01,,AT,,ROUTE 524 / ALLAIRE RD,,,,55,45,26,,,N,,169
202013522020-02081,MONMOUTH,WALL TWP,08/19/2020,WE,1828,01,WALL TWP PD,PATROL,0,0,0,0,P,I,N,N,03,2,NJ 33,W,33,,00000033__,35.85,02,,02,04,02,01,01,01,03,01,,AT,,NJ 34,,,,25,45,26,,,N,,210
202013522020-02083,MONMOUTH,WALL TWP,08/20/2020,TH,0735,01,WALL TWP PD,PATROL,0,1,0,0,I,B,N,N,06,2,KENNEDY DR **,E,,,13521429__,.17,07,,01,04,02,01,01,01,05,01,1000,FE,W,TRUMAN CT,,,,25,25,28,,,N,,178
202013522020-02085,MONMOUTH,WALL TWP,08/20/2020,TH,0842,01,WALL TWP PD,PATROL,0,0,0,0,P,B,N,N,01,2,NJ 138,E,138,,00000138__,.32,02,,01,07,02,01,01,01,01,01,200,FE,E,GARDEN STATE PARKWAY,,,,55,65,26,,,N,,200
202013522020-02086,MONMOUTH,WALL TWP,08/20/2020,TH,0908,01,WALL TWP PD,PATROL,0,0,0,0,P,I,N,N,03,2,NJ 35,S,35,,00000035__,18.49,02,,01,04,02,01,01,07,05,01,,AT,,NEW BEDFORD RD,,,,45,40,26,,,N,,210
202013522020-02087,MONMOUTH,WALL TWP,08/20/2020,TH,1026,01,WALL TWP PD,WALL PD,0,0,0,0,P,B,N,N,01,2,NJ 35,S,35,,00000035__,18.16,02,,01,04,02,01,01,01,05,01,100,FE,N,OCEAN RD,,,,40,35,26,,,N,,185
202013522020-02090,MONMOUTH,WALL TWP,08/20/2020,TH,1348,01,WALL TWP PD,,0,0,0,0,P,B,N,N,01,2,RAMSHORN DR,N,,,13521254__,.00,07,,01,04,02,01,01,01,05,01,15,FE,S,ROUTE 534 SPUR/CR 21 / ATLANTIC AVE,,,,35,40,26,,,N,,169
202013522020-02095,MONMOUTH,WALL TWP,08/21/2020,FR,1117,01,WALL TWP PD,,0,1,0,0,I,I,N,N,02,2,NJ 34,N,34,,00000034__,7.72,02,,03,04,02,01,01,01,03,01,,AT,,NJ 33,,,,55,55,26,,,N,,202
202013522020-02098,MONMOUTH,WALL TWP,08/21/2020,FR,1555,01,WALL TWP PD,PATROL,0,0,0,0,P,B,N,N,01,2,NJ 35,S,35,,00000035__,15.84,02,,01,04,02,01,01,01,04,01,500,FE,N,CR 20 / OLD BRIDGE RD,,,,40,30,26,,,N,,196
202013522020-02101,MONMOUTH,WALL TWP,08/21/2020,FR,2008,01,WALL TWP PD,PATROL,0,0,0,0,P,B,N,N,12,1,ROUTE 524 SPUR,W,524,S,00000524S_,1.70,05,,01,04,02,01,05,01,04,01,3696,FE,E,TILTONS CORNER RD,,,,45,,24,,,N,,203
202013522020-02102,MONMOUTH,WALL TWP,08/22/2020,SA,1148,01,WALL TWP PD,,0,0,0,0,P,B,N,N,08,2,BLANSING/BRIELLE PL/NEW BRUNSWICK/PHILADELPHIA **,W,,,13521207__,.31,07,,01,04,02,01,06,01,05,01,100,FE,W,PHILADELPHIA AVE,,,,25,25,28,,,N,,202
202013522020-02107,MONMOUTH,WALL TWP,08/23/2020,SU,1000,01,WALL TWP PD,PATROL,0,0,0,0,P,B,N,N,01,2,NJ 34,S,34,,00000034__,3.25,02,,01,04,02,01,01,01,03,01,500,FE,N,ALLENWOOD GLENDOLA RD,,,,55,35,26,,,N,,207
202013522020-02108,MONMOUTH,WALL TWP,08/23/2020,SU,1025,01,WALL TWP PD,,0,0,0,0,P,I,N,N,01,2,NJ 34,N,34,,00000034__,7.72,02,,03,04,02,01,01,01,03,01,,AT,,NJ 33,,,,55,55,26,,,N,,202
202013522020-02112,MONMOUTH,WALL TWP,08/24/2020,MO,0800,01,WALL TWP PD,PATROL,0,0,0,0,P,B,N,N,01,2,NJ 34,N,34,,00000034__,1.88,02,,01,04,02,01,01,01,01,02,500,FE,S,ROUTE 524S / ATLANTIC AVE,,,,50,45,26,,,N,,200
202013522020-02113,MONMOUTH,WALL TWP,08/24/2020,MO,1229,01,WALL TWP PD,WALL PD,0,0,0,0,P,I,N,N,01,2,NJ 138,E,138,,00000138__,.71,02,,01,04,02,01,01,01,01,01,,AT,,ALLENWOOD RD,,,,55,35,26,,,N,,185
202013522020-02122,MONMOUTH,WALL TWP,08/24/2020,MO,1423,01,WALL TWP PD,PATROL,0,0,0,0,P,B,N,N,01,2,ROUTE 524 SPUR,E,524,S,00000524S_,2.42,05,,01,04,02,01,01,01,04,01,50,FE,W,NJ 35,,,,35,,26,,,N,,321
202013522020-02128,MONMOUTH,WALL TWP,08/24/2020,MO,2215,01,WALL TWP PD,PATROL,0,0,0,0,P,B,N,N,15,1,NJ 34,S,34,,00000034__,6.76,02,,01,04,02,01,05,01,03,01,2640,FE,S,WYCKOFF RD,,,,55,35,39,,,N,,194
202013522020-02152,MONMOUTH,WALL TWP,08/25/2020,TU,1118,01,WALL TWP PD,PATROL,0,0,0,0,P,I,N,N,01,2,NJ 33,W,33,,00000033__,35.85,02,,02,04,02,01,01,01,03,01,,AT,,NJ 34,,,,50,50,26,,,N,,200
202013522020-02153,MONMOUTH,WALL TWP,08/25/2020,TU,1121,01,WALL TWP PD,WALL PD,0,0,0,0,P,B,N,N,02,2,NJ 34,S,34,,00000034__,6.37,02,,03,04,02,01,01,01,03,01,,,,,T,CR 18 / BELMAR BLVD,,55,,,,,N,,105
202013522020-02160,MONMOUTH,WALL TWP,08/26/2020,WE,0933,01,WALL TWP PD,PATROL,0,0,0,0,P,I,N,N,01,2,NJ 138,E,138,,00000138__,3.33,02,,02,04,02,01,01,01,03,01,,AT,,,T,NJ 35,NB,55,,26,,,N,,188
202013522020-02163,MONMOUTH,WALL TWP,08/26/2020,WE,1206,01,WALL TWP PD,PATROL,0,0,0,0,P,B,N,N,02,2,NJ 35,S,35,,00000035__,20.24,02,,01,04,02,01,01,01,03,01,,,,,T,NJ 138,WB,40,,26,,,N,,207
202013522020-02164,MONMOUTH,WALL TWP,08/26/2020,WE,1414,01,WALL TWP PD,PATROL,0,0,0,0,P,B,N,N,01,2,NJ 35,N,35,,00000035__,18.14,02,,01,04,02,01,01,01,04,01,10,FE,S,OCEAN RD,,,,40,25,26,,,N,,196
202013522020-02165,MONMOUTH,WALL TWP,08/26/2020,WE,1514,01,WALL TWP PD,PATROL,0,1,0,0,I,B,N,N,01,2,NJ 34,N,34,,00000034__,7.68,02,,01,05,02,01,01,01,03,01,200,FE,S,NJ 33,,,,55,25,26,,,N,,196
202013522020-02167,MONMOUTH,WALL TWP,08/26/2020,WE,1918,01,WALL TWP PD,PATROL,0,1,0,0,I,I,N,N,14,1,ALGONKIN TRAIL,S,,,,,07,,01,06,02,01,03,01,04,01,,AT,,BAYBERRY ROAD,,,,25,25,21,,,N,,203
202013522020-02168,MONMOUTH,WALL TWP,08/26/2020,WE,2018,01,WALL TWP PD,PATROL,0,0,0,0,P,I,N,N,01,2,NJ 34,S,34,,00000034__,.33,02,,01,04,02,01,06,01,01,01,,AT,,LAKEWOOD RD,,,,55,25,26,,,N,,203
202013522020-02191,MONMOUTH,WALL TWP,08/27/2020,TH,0909,01,WALL TWP PD,,0,2,0,0,I,I,N,N,03,2,NJ 34,S,34,,00000034__,5.46,02,,01,04,02,01,01,01,03,01,,AT,,AIRPORT RD,,,,55,25,26,,,N,,202
202013522020-02193,MONMOUTH,WALL TWP,02/27/2020,TH,0951,01,WALL TWP PD,,0,1,0,0,I,B,N,N,01,2,NJ 34,N,34,,00000034__,.95,02,,01,04,02,01,01,01,03,01,10,FE,S,PAYNTERS RD,,,,55,35,26,,,N,,159
202013522020-02194,MONMOUTH,WALL TWP,08/27/2020,TH,0955,01,WALL TWP PD,PATROL,0,1,0,0,I,I,N,N,01,2,NJ 33,E,33,,00000033__,35.85,02,,01,04,02,01,01,01,03,01,,AT,,NJ 34,,,,55,55,26,,,N,,207
202013522020-02205,MONMOUTH,WALL TWP,08/28/2020,FR,1058,01,WALL TWP PD,WALL PD,0,0,0,0,P,I,N,N,02,2,NJ 34,S,34,,00000034__,3.16,02,,01,04,02,01,01,01,03,01,,AT,,ALLENWOOD GLENDOLA RD,,,,55,35,26,,,N,,185
202013522020-02207,MONMOUTH,WALL TWP,08/28/2020,FR,1206,01,WALL TWP PD,PATROL,0,0,0,0,P,B,N,N,01,2,NJ 71,S,71,,00000071__,4.49,02,,01,04,02,01,01,01,05,01,50,FE,N,US 30 / 18TH AVE,,,,40,35,26,,,N,,187
202013522020-02208,MONMOUTH,WALL TWP,08/28/2020,FR,1248,01,WALL TWP PD,PATROL,0,0,0,0,P,B,N,N,06,2,WILLIAMSBURG DR **,E,,,13521202__,.28,07,,01,04,02,01,01,01,05,01,100,FE,E,LEXINGTON DR,,,,25,25,28,,,N,,200
202013522020-02212,MONMOUTH,WALL TWP,08/28/2020,FR,1749,01,WALL TWP PD,WALL ?D,0,1,0,0,I,I,N,N,01,2,NJ 33,S,33,,00000033__,35.85,02,,03,04,02,02,01,02,03,01,,AT,,NJ 34,,,,55,,26,,,N,,185
202013522020-02213,MONMOUTH,WALL TWP,08/28/2020,FR,1759,01,WALL TWP PD,PATROL,0,0,0,0,P,I,N,N,03,2,NJ 35,S,35,,00000035__,19.20,02,,01,04,02,02,03,02,05,01,,AT,,WALL CHURCH RD,,,,40,25,26,,,N,,187
202013522020-02219,MONMOUTH,WALL TWP,08/29/2020,SA,1528,01,WALL TWP PD,PATROL,0,0,0,0,P,I,N,N,07,2,NJ 33,,33,,00000033__,36.15,02,,01,05,02,01,01,05,04,01,,AT,,CAMPUS PKWY,,,,50,25,26,,,N,,178
202013522020-02221,MONMOUTH,WALL TWP,08/29/2020,SA,2120,01,WALL TWP PD,PATROL,0,0,0,0,P,I,N,N,02,2,NJ 33,S,33,,00000033__,35.76,02,,02,04,02,01,06,01,03,01,,AT,,ROUTE 547 / ASBURY RD,,,,50,50,26,,,N,,201
202013522020-02224,MONMOUTH,WALL TWP,08/30/2020,SU,1151,01,WALL TWP PD,WALL TP,0,5,0,0,I,I,N,N,05,3,NJ 33,W,33,,00000033__,36.03,02,,01,04,02,01,01,01,04,01,,AT,,ROUTE 547 / SHAFTO RD / WYCKOFF RD,,,,50,35,26,,,N,,185
202013522020-02226,MONMOUTH,WALL TWP,08/30/2020,SU,1512,01,WALL TWP PD,PATROL,0,0,0,0,P,I,N,N,01,2,NJ 34,,34,,00000034__,1.97,02,,03,06,02,01,01,01,03,01,,AT,,,F,ROUTE 524 SPUR,WB,55,,26,,,N,,178
202013522020-02227,MONMOUTH,WALL TWP,08/30/2020,SU,1712,01,WALL TWP PD,PATROL,0,0,0,0,P,B,Y,N,11,1,MONMOUTH COUNTY 18 I,E,18,1,130000181_,2.46,05,,01,04,02,01,01,01,05,01,25,FE,W,NJ 34,,,,40,55,54,,,N,,205
202013522020-02228,MONMOUTH,WALL TWP,08/30/2020,SU,1735,01,WALL TWP PD,PATROL,0,0,0,0,P,B,N,N,01,2,LAKEWOOD RD **,E,,,13521239__,.46,07,,01,04,02,01,01,01,04,01,200,FE,W,NJ 34,,,,25,55,26,,,N,,178
202013522020-02249,MONMOUTH,WALL TWP,08/31/2020,MO,1419,01,WALL TWP PD,,0,0,0,0,P,I,N,N,03,2,NJ 34,,34,,00000034__,7.72,02,,02,04,02,01,01,01,03,01,,AT,,NJ 33,,,,55,55,26,,,N,,262
202013522020-02254,MONMOUTH,WALL TWP,09/01/2020,TU,0907,01,WALL TWP PD,,0,0,0,0,P,B,N,N,01,2,NJ 138,W,138,,00000138__,1.83,02,,03,06,02,01,01,01,03,01,,,,,F,NJ 18,SB,55,,26,,,N,,202
202013522020-02260,MONMOUTH,WALL TWP,09/02/2020,WE,1041,01,WALL TWP PD,PATROL,0,0,0,0,P,B,N,N,03,2,NJ 33,E,33,,00000033__,35.77,02,,02,04,02,01,01,01,05,01,50,FE,N,ROUTE 547 / ASBURY RD,,,,55,35,26,,,N,,187
202013522020-02263,MONMOUTH,WALL TWP,09/03/2020,TH,0711,01,WALL TWP PD,PATROL,0,0,0,0,P,I,N,N,05,2,NJ 71,,71,,00000071__,4.34,02,,01,04,02,01,01,01,04,01,,AT,,5TH AVE,,,,40,25,26,,,N,,200
202013522020-02278,MONMOUTH,WALL TWP,09/03/2020,TH,1617,01,WALL TWP PD,WALL PD,0,0,0,0,P,I,N,N,01,2,NJ 33,W,33,,00000033__,35.85,02,,03,04,02,01,01,01,02,01,,AT,,NJ 34,,,,50,,26,,,N,,185
202013522020-02280,MONMOUTH,WALL TWP,09/03/2020,TH,1804,01,WALL TWP PD,,0,1,0,0,I,B,N,N,01,2,NJ 34,N,34,,00000034__,2.62,02,,01,05,02,02,03,02,03,01,30,FE,S,ROUTE 524 / ALLAIRE RD,,,,55,35,26,,,N,,206
202013522020-02283,MONMOUTH,WALL TWP,09/04/2020,FR,0713,01,WALL TWP PD,PATROL,0,0,0,0,P,I,N,N,03,2,NJ 33,E,33,,00000033__,35.85,02,,02,04,02,01,01,01,03,01,,AT,,NJ 34,,,,50,55,26,,,N,,164
202013522020-02300,MONMOUTH,WALL TWP,09/04/2020,FR,1346,01,WALL TWP PD,PATROL,0,0,0,0,P,B,N,N,02,3,NJ 35,S,35,,00000035__,18.97,02,,01,04,02,01,01,01,04,01,1000,FE,N,ROUTE 524 / ALLAIIRE RD,,,,40,45,26,,,N,,207
202013522020-02303,MONMOUTH,WALL TWP,09/04/2020,FR,1643,01,WALL TWP PD,,0,0,0,0,P,I,N,N,03,2,NJ 33,N,33,,00000033__,35.85,02,,02,00,02,01,01,01,02,01,,AT,N,NJ 34,,,,55,,,,,N,,137
202013522020-02305,MONMOUTH,WALL TWP,09/04/2020,FR,1936,01,WALL TWP PD,PATROL,0,0,0,0,P,B,N,N,06,2,WOODLAND AVE **,,,,13521165__,.24,07,,01,04,02,01,03,01,05,01,100,FE,W,NJ 71,,,,25,30,26,,,N,,203
202013522020-02318,MONMOUTH,WALL TWP,09/06/2020,SU,1636,01,WALL TWP PD,PATROL,0,0,0,0,P,B,N,N,01,2,ROUTE 524,W,524,,00000524__,36.63,05,,03,04,02,01,01,01,04,01,10,FE,E,NJ 34,,,,45,25,26,,,N,,196
202013522020-02326,MONMOUTH,WALL TWP,09/07/2020,MO,1740,01,WALL TWP PD,WALL PD,0,0,0,0,P,I,N,N,01,2,NJ 35,W,35,,00000035__,17.17,02,,03,04,02,01,01,01,03,01,,AT,,ROUTE 524 SPUR / ATLANTIC AVE,,,,,,26,,,N,,185
202013522020-02328,MONMOUTH,WALL TWP,09/08/2020,TU,0011,01,WALL TWP PD,PATROL,0,0,0,0,P,I,N,N,11,1,NJ 33,N,33,,00000033__,35.85,02,,03,04,02,01,07,01,03,01,,AT,,NJ 34,,,,50,,56,,,N,,194
202013522020-02335,MONMOUTH,WALL TWP,09/08/2020,TU,0956,01,WALL TWP PD,PATROL,0,0,0,0,P,I,N,N,01,2,OCEAN DR **,,,,13521027__,.56,07,,01,04,02,01,01,01,05,01,,AT,,NJ 35,,,,25,,26,,,N,,153
202013522020-02337,MONMOUTH,WALL TWP,09/08/2020,TU,1334,01,WALL TWP PD,,0,0,0,0,P,I,N,N,01,2,RIDGEWOOD RD **,,,,13521193__,.00,07,,01,04,02,01,01,01,05,01,,AT,,NJ 34,,,,35,55,26,,,N,,169
202013522020-02338,MONMOUTH,WALL TWP,09/08/2020,TU,1958,01,WALL TWP PD,PATROL,0,0,0,0,P,I,N,N,02,2,NJ 33,S,33,,00000033__,35.76,02,,01,04,02,01,01,01,03,01,,AT,,ROUTE 547 / ASBURY RD,,,,25,35,26,,,N,,210
202013522020-02340,MONMOUTH,WALL TWP,09/08/2020,TU,1622,01,WALL TWP PD,PATROL,0,2,0,0,I,I,N,N,03,3,MONMOUTH COUNTY 18 I,W,18,1,130000181_,4.92,05,,01,04,02,01,01,01,03,01,,AT,,ALLENWOOD RD,,,,40,35,26,,,N,,210
202013522020-02341,MONMOUTH,WALL TWP,09/08/2020,TU,1625,01,WALL TWP PD,,0,4,0,0,I,B,N,N,02,11,NJ 70,W,70,,00000070__,59.00,02,,03,04,02,01,01,01,01,01,1320,FE,W,CR 48 / RIVERVIEW DR,,,,50,35,26,,,N,,192
202013522020-02342,MONMOUTH,WALL TWP,09/08/2020,TU,1615,01,WALL TWP PD,PATROL,0,0,0,0,P,B,N,N,02,2,NJ 33,N,33,,00000033__,35.86,02,,03,04,02,01,01,01,03,01,50,FE,N,NJ 34,,,,45,55,26,,,N,,321
202013522020-02353,MONMOUTH,WALL TWP,09/08/2020,TU,1616,01,WALL TWP PD,PATROL,0,2,0,0,I,B,N,N,01,2,NJ 35,S,35,,00000035__,17.64,02,,01,04,02,01,01,01,04,01,2640,FE,S,OCEAN RD,,,,40,35,26,,,N,,321
202013522020-02355,MONMOUTH,WALL TWP,09/08/2020,TU,,01,WALL TWP PD,,0,1,0,0,I,B,N,N,01,2,NJ 35,W,35,,00000035__,18.20,02,,01,04,02,01,01,01,04,01,2640,FE,W,WALL CHURCH RD,,,,40,50,26,,,N,,192
202013522020-02362,MONMOUTH,WALL TWP,09/10/2020,TH,0454,01,WALL TWP PD,,0,0,0,0,P,B,N,N,11,1,I-195,W,195,,00000195__,33.17,01,,02,06,02,02,05,02,03,01,5280,FE,W,NJ 34,,,,65,55,46,,,N,GUARD RAIL,197
202013522020-02365,MONMOUTH,WALL TWP,09/10/2020,TH,1324,01,WALL TWP PD,PATROL,0,0,0,0,P,I,N,N,03,2,MONMOUTH COUNTY 18 I,W,18,1,130000181_,2.46,05,,01,04,02,01,01,05,05,01,,AT,,,F,NJ 34,NB,40,,26,,,N,,205
202013522020-02366,MONMOUTH,WALL TWP,09/10/2020,TH,1439,01,WALL TWP PD,PATROL,0,0,0,0,P,I,N,N,02,2,NJ 34,N,34,,00000034__,7.72,02,,01,04,02,02,01,05,03,01,,AT,,NJ 33,,,,55,55,26,,,N,,207
202013522020-02373,MONMOUTH,WALL TWP,09/11/2020,FR,1436,01,WALL TWP PD,PATROL,0,0,0,0,P,I,N,N,01,2,NJ 33,,33,,00000033__,35.85,02,,03,04,02,01,01,01,03,01,,AT,,NJ 34,,,,50,55,26,,,N,,178
202013522020-02374,MONMOUTH,WALL TWP,09/11/2020,FR,1933,01,WALL TWP PD,PATROL,0,0,0,0,P,B,N,N,12,1,W HURLEY POND RD **,E,,,13521126__,.86,07,,01,04,02,01,05,01,05,01,800,FE,E,MARTIN RD,,,,35,35,24,,,N,,194
202013522020-02380,MONMOUTH,WALL TWP,09/12/2020,SA,1327,01,WALL TWP PD,PATROL,0,0,0,0,P,I,N,N,03,2,NJ 35,N,35,,00000035__,17.41,02,,01,04,02,01,01,01,05,01,,AT,,SEA GIRT AVE,,,,40,35,26,,,N,,191
202013522020-02381,MONMOUTH,WALL TWP,09/12/2020,SA,1343,01,WALL TWP PD,PATROL,0,0,0,0,P,B,N,N,02,2,NJ 35,,35,,00000035__,17.49,02,,01,04,02,01,01,01,04,01,400,FE,N,SEA GIRT AVE,,,,40,35,26,,,N,,178
202013522020-02392,MONMOUTH,WALL TWP,09/13/2020,SU,1254,01,WALL TWP PD,PATROL,0,0,0,0,P,B,N,N,01,3,NJ 34,S,34,,00000034__,2.59,02,,01,04,02,01,01,01,03,01,200,FE,S,ROUTE 524 / ALLAIRE RD,,,,50,40,26,,,N,,210
202013522020-02394,MONMOUTH,WALL TWP,09/13/2020,SU,1548,01,WALL TWP PD,PATROL,0,1,0,0,I,I,N,N,02,2,NJ 33,,33,,00000033__,35.85,02,,03,04,02,01,01,01,03,01,,AT,,NJ 34,,,,50,55,26,,,N,,178
202013522020-02411,MONMOUTH,WALL TWP,09/15/2020,TU,1516,01,WALL TWP PD,PATROL,0,1,0,0,I,I,N,N,03,2,ROUTE 524 SPUR,E,524,S,00000524S_,.11,05,,01,04,02,01,01,01,04,01,,AT,,WEST SIDE DR,,,,40,30,26,,,N,,196
202013522020-02412,MONMOUTH,WALL TWP,09/15/2020,TU,2135,01,WALL TWP PD,PATROL,0,0,0,0,P,B,N,N,12,1,NJ 34,,34,,00000034__,1.97,02,,01,04,02,01,06,01,01,01,100,FE,S,,F,ROUTE 524 SPUR,WB,55,,24,,,N,,203
202013522020-02413,MONMOUTH,WALL TWP,09/16/2020,WE,0802,01,WALL TWP PD,PATROL,0,0,0,0,P,B,N,N,01,2,NJ 35,N,35,,00000035__,18.10,02,,01,04,02,01,01,01,04,01,200,FE,S,OCEAN RD,,,,40,30,26,,,N,,196