Year(4)-CountyCode(2)-MunicipalityCode(2)-CaseNumber(9),County Name,Municipality Name,Crash Date,Crash Day of Week,Crash Time,Police Department Code,Police Department,Police Station,Total Killed,Total Injured,Pedestrians Killed,Pedestrians Injured,Severity,Intersection,Alcohol Involved,Hazmat Involved,Crash Type,Total Vehicles,Location,Location Direction,Route,Route Suffix,Std Rte Identifier,MilePost,Road System,Road Character,Road Horizontal Alignment,Road Grade,Road Surface Type,Surface Condition,Light Condition,Environmental Condition,Road Divided By,Temporary Traffic Control Zone,Distance To Cross Street,Unit Of Measurement,Direction From Cross Street,Cross Street Name,Is Ramp,Ramp To/From Route Name,Ramp To/From Route Direction,Posted Speed,Posted Speed Cross Street,First Harmful Event,Latitude,Longitude,Cell Phone In Use Flag,Other Property Damage,Reporting Badge No.
202013522020-02414,MONMOUTH,WALL TWP,09/16/2020,WE,0901,01,WALL TWP PD,PATROL,0,0,0,0,P,B,N,N,01,3,NJ 34,N,34,,00000034__,2.74,02,,01,04,02,01,01,01,05,01,560,FE,N,ROUTE 524 / ALLAIRE RD,,,,50,40,26,,,N,,21?
202013522020-02415,MONMOUTH,WALL TWP,09/16/2020,WE,1229,01,WALL TWP PD,PATROL,0,1,0,0,I,I,N,N,01,2,NJ 34,S,34,,00000034__,2.63,02,,01,04,02,01,01,01,03,01,,AT,S,ROUTE 524 / ALLAIRE RD,,,,50,40,26,,,N,,210
202013522020-02416,MONMOUTH,WALL TWP,09/15/2020,TU,1323,01,WALL TWP PD,PATROL,0,0,0,0,P,B,N,N,12,1,NJ 70,,70,,00000070__,59.20,02,,02,06,02,01,01,01,01,01,200,FE,E,MORNING STAR RD,,,,55,25,24,,,N,,200
202013522020-02419,MONMOUTH,WALL TWP,09/14/2020,MO,1221,01,WALL TWP PD,PATROL,0,0,0,0,P,I,N,N,01,2,NJ 34,S,34,,00000034__,3.16,02,,01,04,02,01,01,01,03,01,,AT,,ALLENWOOD GLENDOLA RD,,,,55,35,26,,,N,,196
202013522020-02422,MONMOUTH,WALL TWP,09/17/2020,TH,1044,01,WALL TWP PD,PATROL,0,0,0,0,P,B,N,N,11,1,ROUTE 524,E,524,,00000524__,36.31,05,,01,04,02,02,01,01,04,01,100,FE,E,ALLENWOOD RD / RIDGEWOOD RD,,,,40,35,52,,,N,,200
202013522020-02438,MONMOUTH,WALL TWP,09/17/2020,TH,2317,01,WALL TWP PD,PATROL,0,0,0,0,P,B,N,N,11,1,NJ 34,N,34,,00000034__,4.14,02,,03,05,02,02,07,02,03,01,,,,,T,I 195,WB,55,,56,,,N,,194
202013522020-02439,MONMOUTH,WALL TWP,09/18/2020,FR,0036,01,WALL TWP PD,PATROL,0,0,0,0,P,B,N,N,12,1,COUNTY RT 524,W,,,,,05,,01,04,02,01,05,01,04,01,20,FE,E,I 195,,,,50,65,24,40.164210,74.141010,N,,194
202013522020-02440,MONMOUTH,WALL TWP,09/18/2020,FR,0955,01,WALL TWP PD,,0,0,0,0,P,B,N,N,11,1,NJ 34,S,34,,00000034__,.00,02,,03,04,02,02,01,05,03,01,,,,,T,NJ 70,WB,55,,,,,N,,202
202013522020-02442,MONMOUTH,WALL TWP,09/18/2020,FR,1231,01,WALL TWP PD,,0,0,0,0,P,B,N,N,02,2,NJ 34,S,34,,00000034__,2.91,02,,01,06,02,01,01,01,03,01,1320,FE,S,ALLENWOOD GLENDOLA RD,,,,55,35,26,,,N,,202
202013522020-02444,MONMOUTH,WALL TWP,09/19/2020,SA,1231,01,WALL TWP PD,,0,1,0,0,I,B,N,N,11,1,NJ 34,S,34,,00000034__,5.41,02,,01,04,02,01,01,01,03,01,250,FE,S,AIRPORT RD,,,,55,25,62,,,N,LANDSCAPE DAMAGE 1740 HWY 34 AND FIRE HYDRANT,182
202013522020-02445,MONMOUTH,WALL TWP,09/19/2020,SA,1352,01,WALL TWP PD,,0,0,0,0,P,B,N,N,01,2,NJ 34,N,34,,00000034__,1.99,02,,03,04,02,01,01,01,03,01,100,FE,N,,F,ROUTE 524 SPUR,WB,55,,26,,,N,,159
202013522020-02454,MONMOUTH,WALL TWP,09/21/2020,MO,0603,01,WALL TWP PD,,0,0,0,0,P,I,N,N,01,2,NJ 35,,35,,00000035__,17.17,02,,03,04,02,01,01,01,02,01,,AT,,ROUTE 524 SPUR / ATLANTIC AVE,,,,,40,26,,,N,,140
202013522020-02460,MONMOUTH,WALL TWP,09/21/2020,MO,0829,01,WALL TWP PD,PATROL,0,0,0,0,P,B,N,N,01,2,ROUTE 524,,524,,00000524__,37.81,05,,01,04,02,01,01,01,04,01,500,FE,W,BAILEYS CORNER RD,,,,45,35,26,,,N,,200
202013522020-02463,MONMOUTH,WALL TWP,09/21/2020,MO,0956,01,WALL TWP PD,PATROL,0,0,0,0,P,I,N,N,02,2,NJ 34,W,34,,00000034__,7.72,02,,02,04,02,01,01,01,05,01,,AT,,NJ 33,,,,40,40,,,,N,,191
202013522020-02467,MONMOUTH,WALL TWP,09/22/2020,TU,1212,01,WALL TWP PD,PATROL,0,1,0,0,I,B,N,N,01,4,NJ 35,S,35,,00000035__,19.16,02,,01,04,02,01,01,01,04,01,2000,FE,N,ROUTE 524 / ALLAIIRE RD,,,,40,45,26,,,N,,200
202013522020-02470,MONMOUTH,WALL TWP,09/22/2020,TU,2025,01,WALL TWP PD,PATROL,0,0,0,0,P,B,Y,N,11,1,NJ 34,S,34,,00000034__,2.38,02,,01,06,02,01,04,01,01,02,1320,FE,S,ROUTE 524 / ALLAIRE RD,,,,55,45,47,,,N,GREENE CONSTRUCTION QUADRAIL,201
202013522020-02473,MONMOUTH,WALL TWP,09/23/2020,WE,0738,01,WALL TWP PD,,0,0,0,0,P,B,N,N,12,1,NJ 35,S,35,,00000035__,19.36,02,,01,04,02,01,01,01,04,01,250,FE,N,OLD MILL RD,,,,40,35,24,,,N,,202
202013522020-02474,MONMOUTH,WALL TWP,09/23/2020,WE,0744,01,WALL TWP PD,PATROL,0,5,0,0,I,B,N,N,01,4,NJ 138,E,138,,00000138__,1.15,02,,01,04,02,01,01,01,03,01,200,FE,W,CLUB DR,,,,55,25,26,,,N,,188
202013522020-02488,MONMOUTH,WALL TWP,09/23/2020,WE,1601,01,WALL TWP PD,,0,0,0,0,P,B,N,N,01,3,NJ 34,S,34,,00000034__,2.72,02,,01,06,02,01,01,01,03,01,500,FE,N,ROUTE 524 / ALLAIRE RD,,,,55,40,26,,,N,,262
202013522020-02489,MONMOUTH,WALL TWP,09/23/2020,WE,1911,01,WALL TWP PD,PATROL,0,0,0,0,P,B,N,N,12,1,NJ 34,S,34,,00000034__,.73,02,,01,04,02,01,06,01,01,01,100,FE,N,HOLLY BLVD,,,,55,25,24,,,N,,203
202013522020-02498,MONMOUTH,WALL TWP,09/24/2020,TH,1241,01,WALL TWP PD,PATROL,0,1,0,0,I,I,N,N,03,2,NJ 35,N,35,,00000035__,16.82,02,,01,04,02,01,01,05,04,01,,AT,,CHURCH ST,,,,40,25,26,,,N,,196
202013522020-02500,MONMOUTH,WALL TWP,09/24/2020,TH,1340,01,WALL TWP PD,PATROL,0,0,0,0,P,B,N,N,01,2,NJ 34,S,34,,00000034__,.02,02,,01,04,02,01,01,05,04,01,100,FE,N,NJ 35 / NJ 70,,,,55,50,26,,,N,,196
202013522020-02503,MONMOUTH,WALL TWP,09/24/2020,TH,1448,01,WALL TWP PD,PATROL,0,0,0,0,P,B,N,N,01,2,NJ 35,N,35,,00000035__,18.62,02,,01,04,02,01,01,01,04,01,500,FE,S,CR 47 / WARREN AVE,,,,40,35,26,,,N,,207
202013522020-02509,MONMOUTH,WALL TWP,09/25/2020,FR,0729,01,WALL TWP PD,PATROL,0,0,0,0,P,I,N,N,14,1,GULLY RD,S,,,13521414__,.00,07,,01,06,02,01,01,01,05,01,,AT,,CR 18 / ALLENWOOD RD / BELMAR BLVD,,,,35,35,21,,,N,,200
202013522020-02510,MONMOUTH,WALL TWP,09/25/2020,FR,0826,01,WALL TWP PD,,0,0,0,0,P,I,N,N,02,2,NJ 34,N,34,,00000034__,3.16,02,,01,04,02,01,01,01,03,01,,AT,,ALLENWOOD GLENDOLA RD,,,,55,35,26,,,N,,169
202013522020-02511,MONMOUTH,WALL TWP,09/25/2020,FR,1636,01,WALL TWP PD,WALL PD,0,0,0,0,P,I,N,N,03,2,BAILEYS CORNER RD / MEETING HOUSE RD **,,,,13521195__,1.97,07,,01,04,02,01,01,01,05,01,,AT,,MAKO DR / TILTONS CORNER DR,,,,35,,26,,,N,,185
202013522020-02517,MONMOUTH,WALL TWP,09/26/2020,SA,0951,01,WALL TWP PD,WALL PD,0,0,0,0,P,I,N,N,04,2,ROUTE 547 SPUR,,547,S,00000547S_,.45,07,,02,04,02,01,01,01,02,01,,AT,,NJ 33,,,,,,26,,,N,,185
202013522020-02519,MONMOUTH,WALL TWP,09/26/2020,SA,1547,01,WALL TWP PD,WALL PD,0,0,0,0,P,B,N,N,01,2,NJ 138,W,138,,00000138__,.75,02,,01,04,02,01,01,01,03,01,200,FE,E,ALLENWOOD RD,,,,55,35,26,,,N,,185
202013522020-02531,MONMOUTH,WALL TWP,09/28/2020,MO,0729,01,WALL TWP PD,PATROL,0,0,0,0,P,I,N,N,10,2,NJ 34,S,34,,00000034__,6.37,02,,01,04,02,01,01,01,03,01,,AT,W,CR 18 I / BELMAR BLVD,,,,55,40,26,,,N,,2705
202013522020-02532,MONMOUTH,WALL TWP,09/28/2020,MO,0908,01,WALL TWP PD,PATROL,0,0,0,0,P,I,N,N,02,2,NJ 138,E,138,,00000138__,1.83,02,,02,05,03,01,01,01,02,01,,AT,,NJ 18,,,,55,55,26,,,N,,179
202013522020-02533,MONMOUTH,WALL TWP,09/28/2020,MO,1122,01,WALL TWP PD,PATROL,0,0,0,0,P,B,N,N,01,2,NJ 34,N,34,,00000034__,3.07,02,,01,04,02,01,01,01,03,01,500,FE,S,ALLENWOOD GLENDOLA RD,,,,55,35,26,,,N,,196
202013522020-02535,MONMOUTH,WALL TWP,09/28/2020,MO,1358,01,WALL TWP PD,PATROL,0,0,0,0,P,I,N,N,01,2,NJ 35,N,35,,00000035__,17.17,02,,01,04,02,01,01,01,03,01,,AT,,ROUTE 524 SPUR / ATLANTIC AVE,,,,40,45,26,,,N,,207
202013522020-02538,MONMOUTH,WALL TWP,09/28/2020,MO,1719,01,WALL TWP PD,PATROL,0,0,0,0,P,B,N,N,02,2,NJ 35,S,35,,00000035__,16.56,02,,01,04,02,01,01,01,04,01,500,FE,N,LAKEWOOD RD / MARCELLUS AVE,,,,40,25,26,,,N,,207
202013522020-02539,MONMOUTH,WALL TWP,09/28/2020,MO,1751,01,WALL TWP PD,PATROL,0,0,0,0,P,I,N,N,01,2,NJ 34,S,34,,00000034__,5.46,02,,01,04,02,01,01,01,01,01,,AT,,AIRPORT RD,,,,55,25,26,,,N,,203
202013522020-02541,MONMOUTH,WALL TWP,09/29/2020,TU,1546,01,WALL TWP PD,,0,0,0,0,P,B,N,N,06,2,GARFIELD ST **,E,,,13521070__,.28,07,,01,04,02,01,01,05,05,01,100,FE,W,CLEVELAND AVE,,,,25,25,28,,,N,,202
202013522020-02558,MONMOUTH,WALL TWP,09/30/2020,WE,1507,01,WALL TWP PD,WALL PD,0,0,0,0,P,I,N,N,03,2,ROUTE 549,,549,,00000549__,15.94,05,,01,04,02,01,01,01,05,01,,AT,,EASY ST,,,,45,,26,,,N,,185
202013522020-02559,MONMOUTH,WALL TWP,09/30/2020,WE,1717,01,WALL TWP PD,PATROL,0,1,0,0,I,I,N,N,03,2,NJ 138,E,138,,00000138__,.71,02,,01,04,02,01,01,01,03,01,,AT,,ALLENWOOD RD,,,,55,35,26,,,N,,178
202013522020-02567,MONMOUTH,WALL TWP,10/01/2020,TH,1326,01,WALL TWP PD,PATROL,0,0,0,0,P,I,N,N,05,3,17TH AVE **,E,,,13471033__,.56,07,,01,04,02,01,01,01,05,01,,AT,,K ST,,,,25,25,26,,,N,,196
202013522020-02569,MONMOUTH,WALL TWP,10/01/2020,TH,1558,01,WALL TWP PD,PATROL,0,0,0,0,P,B,N,N,01,3,NJ 138,E,138,,00000138__,2.53,02,,01,04,02,01,01,01,03,01,1320,FE,E,NEW BEDFORD RD,,,,55,30,26,,,N,,191
202013522020-02570,MONMOUTH,WALL TWP,10/01/2020,TH,1724,01,WALL TWP PD,WALL PD,0,0,0,0,P,I,N,N,01,2,NJ 34,,34,,00000034__,3.16,02,,01,04,02,01,01,01,03,01,,AT,,ALLENWOOD GLENDOLA RD,,,,55,,26,,,N,,185
202013522020-02572,MONMOUTH,WALL TWP,10/01/2020,TH,2250,01,WALL TWP PD,PATROL,0,0,0,0,P,B,N,N,11,1,MONMOUTH COUNTY 18 I,W,18,1,130000181_,5.09,05,,01,04,02,01,07,01,04,01,20,FE,W,STINES RD,,,,40,25,56,,,N,MINOR DAMAGE TO THE GRASS ALONG THE CURB IN FRONT OF 3305 BELMAR BLVD.,194
202013522020-02582,MONMOUTH,WALL TWP,10/03/2020,SA,0036,01,WALL TWP PD,,0,0,0,0,P,B,N,N,12,1,NJ 138,W,138,,00000138__,1.71,02,,01,04,02,01,05,01,01,01,5280,FE,E,ALLENWOOD RD,,,,55,25,,,,N,,197
202013522020-02588,MONMOUTH,WALL TWP,10/03/2020,SA,1610,01,WALL TWP PD,,0,1,0,0,I,B,N,N,01,3,MONMOUTH COUNTY 30 II,W,30,2,130000302_,3.52,05,,01,04,02,01,01,01,04,01,25,FE,E,NJ 71 / H ST,,,,35,40,26,,,N,,202
202013522020-02590,MONMOUTH,WALL TWP,10/03/2020,SA,2107,01,WALL TWP PD,PATROL,0,0,0,0,P,B,N,N,06,2,L ST **,S,,,13521160__,.10,07,,01,04,02,01,06,01,05,01,50,FE,S,GLEN ST,,,,25,25,26,,,N,,199
202013522020-02592,MONMOUTH,WALL TWP,10/04/2020,SU,1321,01,WALL TWP PD,PATROL,0,0,0,0,P,B,N,N,03,2,MONMOUTH COUNTY 30 II,E,30,2,130000302_,2.82,05,,01,04,02,01,01,01,05,01,200,FE,E,NJ 35,,,,35,35,26,,,N,,
202013522020-02593,MONMOUTH,WALL TWP,10/04/2020,SU,1344,01,WALL TWP PD,PATROL,0,0,0,0,P,B,N,N,02,2,NJ 34,N,34,,00000034__,7.72,02,,02,04,02,01,01,01,02,01,10,FE,W,NJ 33,,,,25,50,26,,,N,,196
202013522020-02601,MONMOUTH,WALL TWP,10/05/2020,MO,1306,01,WALL TWP PD,,0,0,0,0,P,B,N,N,06,2,1933 HWY 35,,,,,,09,,01,00,02,01,01,01,05,,,,,,,,,,,28,,,N,,140
202013522020-02607,MONMOUTH,WALL TWP,10/06/2020,TU,0849,01,WALL TWP PD,WALL PD,0,0,0,0,P,I,N,N,03,2,MONMOUTH COUNTY 30 II,W,30,2,130000302_,3.23,05,,01,04,02,01,01,01,05,01,,AT,,L ST,,,,25,25,26,,,N,,185
202013522020-02612,MONMOUTH,WALL TWP,10/06/2020,TU,0844,01,WALL TWP PD,PATROL,0,2,0,0,I,I,N,N,07,2,MONMOUTH COUNTY 18 I,,18,1,130000181_,4.92,05,,01,04,02,01,01,01,04,01,,AT,,ALLENWOOD RD,,,,40,35,26,,,N,,194
202013522020-02621,MONMOUTH,WALL TWP,10/06/2020,TU,1429,01,WALL TWP PD,,0,0,0,0,P,I,N,N,01,2,NJ 34,,34,,00000034__,7.72,02,,02,00,02,01,01,01,03,01,,AT,,NJ 33,,,,50,50,26,,,N,,140
202013522020-02623,MONMOUTH,WALL TWP,10/07/2020,WE,0815,01,WALL TWP PD,PATROL,0,1,0,0,I,B,N,N,01,2,ROUTE 524 SPUR,W,524,S,00000524S_,.87,05,,03,06,02,01,01,01,02,01,,,,,T,NJ 34,NB,45,,26,,,N,,203
202013522020-02626,MONMOUTH,WALL TWP,10/07/2020,WE,1127,01,WALL TWP PD,,0,0,0,0,P,I,N,N,01,2,NJ 34,N,34,,00000034__,7.72,02,,01,04,02,01,01,01,03,01,,AT,,NJ 33,,,,55,50,26,,,N,,197
202013522020-02641,MONMOUTH,WALL TWP,10/08/2020,TH,1703,01,WALL TWP PD,,0,1,0,0,I,I,N,N,01,2,NJ 34,N,34,,00000034__,2.63,02,,01,05,02,01,01,01,03,01,,AT,,ROUTE 524 / ALLAIRE RD,,,,55,45,26,,,N,,197
202013522020-02642,MONMOUTH,WALL TWP,10/08/2020,TH,1922,01,WALL TWP PD,PATROL,0,0,0,0,P,B,N,N,12,1,MONMOUTH COUNTY 30 II,E,30,2,130000302_,.76,05,,01,04,02,01,04,01,05,01,2640,FE,W,ACE DR,,,,50,25,24,,,N,,188
202013522020-02645,MONMOUTH,WALL TWP,10/09/2020,FR,0845,01,WALL TWP PD,,0,0,0,0,P,I,N,N,01,2,NJ 35,,35,,00000035__,17.17,02,,03,04,02,01,01,01,03,01,,AT,,ROUTE 524 SPUR / ATLANTIC AVE,,,,40,,,,,N,,160
202013522020-02650,MONMOUTH,WALL TWP,10/10/2020,SA,0311,01,WALL TWP PD,PATROL,0,0,0,0,P,I,Y,N,11,1,NJ 35,S,35,,00000035__,17.17,02,,03,04,02,01,06,01,03,01,,AT,,ROUTE 524 SPUR / ATLANTIC AVE,,,,40,40,,,,N,,191
202013522020-02653,MONMOUTH,WALL TWP,10/10/2020,SA,1143,01,WALL TWP PD,PATROL,0,0,0,0,P,I,N,N,01,2,NJ 35,S,35,,00000035__,18.78,02,,03,06,02,01,01,01,03,01,,AT,,ROUTE 524 / ALLAIIRE RD,,,,40,40,26,,,N,,150
202013522020-02654,MONMOUTH,WALL TWP,10/10/2020,SA,1539,01,WALL TWP PD,,0,0,0,0,P,B,N,N,01,2,NJ 34,N,34,,00000034__,7.71,02,,03,04,02,01,01,01,03,01,50,FE,S,NJ 33,,,,55,50,26,,,N,,181
202013522020-02657,MONMOUTH,WALL TWP,10/10/2020,SA,2308,01,WALL TWP PD,PATROL,0,1,0,0,I,B,N,N,02,2,NJ 70,E,70,,00000070__,59.84,02,,03,04,02,01,06,01,01,01,,,,,T,NJ 35,SB,50,,26,,,N,,178
202013522020-02675,MONMOUTH,WALL TWP,10/12/2020,MO,1841,01,WALL TWP PD,PATROL,0,0,0,0,P,I,N,N,02,2,NJ 34,,34,,00000034__,7.72,02,,01,04,02,02,06,02,03,01,,AT,,NJ 33,,,,55,55,26,,,N,,207
202013522020-02701,MONMOUTH,WALL TWP,10/15/2020,TH,0748,01,WALL TWP PD,WALL PD,0,0,0,0,P,B,N,N,01,2,NJ 138,E,138,,00000138__,1.81,02,,01,06,02,01,01,01,03,01,100,FE,W,NJ 18,,,,55,55,26,,,N,,185
202013522020-02703,MONMOUTH,WALL TWP,10/15/2020,TH,1014,01,WALL TWP PD,WTPD,0,0,0,0,P,I,N,N,08,2,MARTIN RD **,,,,13521013__,.00,07,,01,04,02,01,01,01,05,01,,AT,,CR 18 I / BELMAR RD,,,,25,40,26,,,N,,190
202013522020-02707,MONMOUTH,WALL TWP,10/15/2020,TH,1543,01,WALL TWP PD,WALL PD,0,0,0,0,P,I,N,N,01,2,NJ 34,,34,,00000034__,.33,02,,01,04,02,01,01,02,03,01,,AT,,LAKEWOOD RD,,,,55,25,26,,,N,,185
202013522020-02710,MONMOUTH,WALL TWP,10/15/2020,TH,1515,01,WALL TWP PD,WTPD,0,0,0,0,P,B,N,N,11,1,1737 BELMAR BLVD,E,,,,,09,,01,04,05,01,01,01,05,01,200,FE,W,NJ 35,,,,40,45,00,,,N,TREE BRANCH,142
202013522020-02713,MONMOUTH,WALL TWP,10/15/2020,TH,2221,01,WALL TWP PD,PATROL,0,0,0,0,P,I,N,N,02,2,NJ 138,E,138,,00000138__,2.28,02,,01,04,02,01,06,01,03,01,,AT,,NEW BEDFORD RD,,,,55,35,,,,N,,180
202013522020-02719,MONMOUTH,WALL TWP,10/16/2020,FR,0950,01,WALL TWP PD,PATROL,0,0,0,0,P,B,N,N,01,2,NJ 34,N,34,,00000034__,1.97,02,,01,05,02,02,01,02,03,01,20,FE,W,ROUTE 524S / ATLANTIC AVE,,,,55,45,26,,,N,,189
202013522020-02728,MONMOUTH,WALL TWP,10/17/2020,SA,2227,01,WALL TWP PD,,0,1,0,0,I,I,N,N,03,2,NJ 70,E,70,,00000070__,59.16,02,,01,04,02,01,06,01,01,01,,AT,,MORNING STAR RD,,,,55,35,26,,,N,,159
202013522020-02729,MONMOUTH,WALL TWP,10/18/2020,SU,1023,01,WALL TWP PD,PATROL,0,0,0,0,P,I,N,N,02,2,ALLAIRE RD,,,,,,05,,01,04,02,01,01,01,05,01,,AT,,WHOLE FOODS COT,,,,45,,26,40.154180,74.056200,N,,199
202013522020-02734,MONMOUTH,WALL TWP,10/18/2020,SU,1823,01,WALL TWP PD,PATROL,0,0,0,0,P,I,N,N,03,2,NJ 33,E,33,,00000033__,35.85,02,,02,04,02,01,07,01,02,01,,AT,,NJ 34,,,,55,25,26,,,N,,196
202013522020-02736,MONMOUTH,WALL TWP,10/18/2020,SU,2041,01,WALL TWP PD,,0,0,0,0,P,B,N,N,01,2,NJ 138,W,138,,00000138__,1.84,02,,01,04,02,01,06,01,03,01,50,FE,E,NJ 18,,,,55,55,26,,,N,,159
202013522020-02737,MONMOUTH,WALL TWP,10/18/2020,SU,2235,01,WALL TWP PD,,0,0,0,0,P,I,N,N,12,1,TILTONS CORNER RD **,E,,,13521194__,.86,07,,01,04,02,01,05,01,04,01,,AT,,CRYSTAL BROOK DR,,,,35,25,24,,,N,,202
202013522020-02751,MONMOUTH,WALL TWP,10/19/2020,MO,1830,01,WALL TWP PD,PAROL D?,0,0,0,0,P,B,N,N,12,1,NJ 138,W,138,,00000138__,3.06,02,,01,04,02,01,07,01,03,01,300,FE,E,MARCONI RD,,,,55,25,24,,,N,,161
202013522020-02761,MONMOUTH,WALL TWP,10/20/2020,TU,2110,01,WALL TWP PD,PATROL,0,0,0,0,P,I,N,N,02,2,NJ 33,S,33,,00000033__,35.76,02,,03,04,02,01,04,01,03,01,,AT,,ROUTE 547 / ASBURY RD,,,,25,45,26,,,N,,#210
202013522020-02766,MONMOUTH,WALL TWP,10/21/2020,WE,0721,01,WALL TWP PD,PATROL,0,1,0,0,I,B,N,N,01,2,NJ 35,N,35,,00000035__,20.24,02,,02,05,02,02,02,05,01,01,,,,,T,NJ 138,WB,40,,26,,,N,,203
202013522020-02767,MONMOUTH,WALL TWP,10/21/2020,WE,0829,01,WALL TWP PD,,0,0,0,0,P,B,N,N,01,2,NJ 33,S,33,,00000033__,35.86,02,,03,05,02,02,01,04,03,01,50,FE,N,NJ 34,,,,50,,26,,,N,,165
202013522020-02784,MONMOUTH,WALL TWP,10/21/2020,WE,1244,01,WALL TWP PD,PATROL,0,0,0,0,P,I,N,N,01,2,NJ 34,N,34,,00000034__,2.63,02,,01,04,02,01,01,01,03,01,,AT,S,ROUTE 524 / ALLAIRE RD,,,,55,50,26,,,N,,189
202013522020-02789,MONMOUTH,WALL TWP,10/21/2020,WE,1340,01,WALL TWP PD,PATROL,0,0,0,0,P,B,Y,N,11,1,MONMOUTH COUNTY 18 I,E,18,1,130000181_,6.35,05,,01,04,02,01,01,01,04,01,50,FE,W,VALLEY DR,,,,45,25,52,,,N,UTILITY POLE,199
202013522020-02792,MONMOUTH,WALL TWP,10/21/2020,WE,1906,01,WALL TWP PD,PATROL,0,1,0,0,I,B,N,N,01,2,ROUTE 524,W,524,,00000524__,34.03,05,,01,04,02,01,05,01,04,01,5280,FE,W,US 30 / W 18TH AVE,,,,45,45,26,,,N,,207
202013522020-02817,MONMOUTH,WALL TWP,10/22/2020,TH,1647,01,WALL TWP PD,PATROL,0,1,0,0,I,B,N,N,01,2,MONMOUTH COUNTY 18 I,W,18,1,130000181_,5.79,05,,01,04,02,02,01,05,05,01,20,FE,E,LINCOLN AVE,,,,35,,26,,,N,,184
202013522020-02818,MONMOUTH,WALL TWP,10/22/2020,TH,2054,01,WALL TWP PD,TRAFFIC,1,0,0,0,F,B,Y,N,11,1,NJ 35,,35,,00000035__,17.23,02,,03,06,02,02,06,04,03,01,334,FE,N,ROUTE 524 SPUR / ATLANTIC AVE,,,,40,40,60,40.133055,74.065130,N,,
202013522020-02819,MONMOUTH,WALL TWP,10/23/2020,FR,0820,01,WALL TWP PD,WALL PD,0,0,0,0,P,B,N,N,01,3,NJ 71,,71,,00000071__,4.46,02,,01,04,02,02,01,04,05,01,100,FE,S,US 30 / 18TH AVE,,,,40,25,26,,,N,STATE DOT HWY 71 SIGN,155
202013522020-02820,MONMOUTH,WALL TWP,10/23/2020,FR,1306,01,WALL TWP PD,,0,1,0,0,I,B,N,N,07,3,NJ 35,,35,,00000035__,18.79,02,,01,04,02,01,01,01,05,01,50,FE,N,ROUTE 524 / ALLAIIRE RD,,,,40,,,,,N,,160
202013522020-02822,MONMOUTH,WALL TWP,10/23/2020,FR,1357,01,WALL TWP PD,WALL PD,0,0,0,0,P,B,N,N,10,3,NJ 138,W,138,,00000138__,1.78,02,,01,05,02,01,01,01,03,01,250,FE,W,NJ 18,,,,55,55,,,,N,GAURDRAIL,185
202013522020-02828,MONMOUTH,WALL TWP,10/23/2020,FR,2156,01,WALL TWP PD,PATROL,0,0,0,0,P,B,Y,N,11,1,ROUTE 524,E,524,,00000524__,35.51,05,,01,04,02,01,05,01,05,01,1320,FE,W,HOSPITAL RD,,,,50,35,52,,,N,VERIZON TELEPHONE POLE #40583,187
202013522020-02829,MONMOUTH,WALL TWP,10/24/2020,SA,0114,01,WALL TWP PD,,0,0,0,0,P,I,N,N,11,1,NJ 34,N,34,,00000034__,2.63,02,,01,04,02,02,06,04,03,01,,AT,,ROUTE 524 / ALLAIRE RD,,,,55,45,50,,,N,DOT SIGN,192
202013522020-02830,MONMOUTH,WALL TWP,10/24/2020,SA,1352,01,WALL TWP PD,PATROL,0,0,0,0,P,B,N,N,12,1,NJ 34,N,34,,00000034__,6.59,02,,01,04,02,01,05,01,05,01,200,FE,S,MEGILL RD,,,,55,35,24,,,N,,200
202013522020-02839,MONMOUTH,WALL TWP,10/24/2020,SA,1555,01,WALL TWP PD,PATROL,0,0,0,0,P,I,N,N,01,2,NJ 35,N,35,,00000035__,17.17,02,,01,04,02,01,01,01,03,01,,AT,,ROUTE 524 SPUR / ATLANTIC AVE,,,,40,35,26,,,N,,208
202013522020-02842,MONMOUTH,WALL TWP,10/24/2020,SA,2236,01,WALL TWP PD,PATROL,0,0,0,0,P,I,N,N,02,2,NJ 33,N,33,,00000033__,35.76,02,,01,04,02,01,06,01,03,01,,AT,,ROUTE 547 / ASBURY RD,,,,25,45,26,,,N,,?16
202013522020-02846,MONMOUTH,WALL TWP,10/25/2020,SU,1409,01,WALL TWP PD,WALL ?,0,0,0,0,P,I,N,N,02,2,NJ 34,S,34,,00000034__,2.63,02,,03,04,02,02,01,02,03,01,,AT,,ROUTE 524 / ALLAIRE RD,,,,55,,26,,,N,,185
202013522020-02847,MONMOUTH,WALL TWP,10/25/2020,SU,1530,01,WALL TWP PD,,0,0,0,0,P,B,N,N,02,2,NJ 34,N,34,,00000034__,7.71,02,,03,04,02,02,01,05,03,01,50,FE,S,NJ 33,,,,55,50,26,,,N,,181
202013522020-02851,MONMOUTH,WALL TWP,10/26/2020,MO,1205,01,WALL TWP PD,PATROL,0,0,0,0,P,I,N,N,03,2,TILTONS CORNER RD **,W,,,13521194__,1.00,07,,01,04,02,02,01,02,04,01,,AT,,LAWRENCE WAY,,,,25,,26,,,N,,321
202013522020-02852,MONMOUTH,WALL TWP,10/26/2020,MO,1430,01,WALL TWP PD,PATROL,0,0,0,0,P,B,N,N,11,1,NJ 138,E,138,,00000138__,3.33,02,,03,04,02,02,01,02,03,01,,,,,T,NJ 35,SB,55,,56,,,N,,208