Year(4)-CountyCode(2)-MunicipalityCode(2)-CaseNumber(9),County Name,Municipality Name,Crash Date,Crash Day of Week,Crash Time,Police Department Code,Police Department,Police Station,Total Killed,Total Injured,Pedestrians Killed,Pedestrians Injured,Severity,Intersection,Alcohol Involved,Hazmat Involved,Crash Type,Total Vehicles,Location,Location Direction,Route,Route Suffix,Std Rte Identifier,MilePost,Road System,Road Character,Road Horizontal Alignment,Road Grade,Road Surface Type,Surface Condition,Light Condition,Environmental Condition,Road Divided By,Temporary Traffic Control Zone,Distance To Cross Street,Unit Of Measurement,Direction From Cross Street,Cross Street Name,Is Ramp,Ramp To/From Route Name,Ramp To/From Route Direction,Posted Speed,Posted Speed Cross Street,First Harmful Event,Latitude,Longitude,Cell Phone In Use Flag,Other Property Damage,Reporting Badge No.
20201352E050-2020-00081A,MONMOUTH,WALL TWP,01/17/2020,FR,1746,02,NEW JERSEY STATE POLICE,HOLMDEL - SQUAD,0,0,0,0,P,B,N,N,01,2,GARDEN STATE PARKWAY,S,444,,00000444__,98.00,03,,01,04,02,01,06,01,03,01,,,,,,,,65,,26,40.160490,74.103750,N,,7471
20201352E050-2020-00085A,MONMOUTH,WALL TWP,01/18/2020,SA,1233,02,NEW JERSEY STATE POLICE,HOLMDEL - SQUAD,0,0,0,0,P,B,N,N,02,3,GARDEN STATE PARKWAY,N,444,,00000444__,98.60,03,,01,04,02,03,01,03,01,01,,,,,,,,45,,26,40.171860,74.097350,N,,7779
20201352E050-2020-00102A,MONMOUTH,WALL TWP,01/07/2020,TU,2251,02,NEW JERSEY STATE POLICE,HOLMDEL - SQUAD,0,0,0,0,P,B,N,N,02,2,GARDEN STATE PARKWAY,S,444,,00000444__,97.00,03,,01,04,02,02,05,01,03,01,,,,,,,,65,,26,40.153630,74.105430,N,,7469
20201352E050-2020-00109A,MONMOUTH,WALL TWP,01/21/2020,TU,1822,02,NEW JERSEY STATE POLICE,HOLMDEL - SQUAD,0,2,0,0,I,B,N,N,11,2,GARDEN STATE PARKWAY,N,444,,00000444__,95.00,03,,01,04,02,01,06,01,01,01,,,,,,,,65,,46,40.128690,74.123960,N,NJTA GUIDERAIL,8003
20201352E050-2020-00135A,MONMOUTH,WALL TWP,01/24/2020,FR,1525,02,NEW JERSEY STATE POLICE,HOLMDEL - SQUAD,0,0,0,0,P,B,N,N,08,2,GARDEN STATE PARKWAY,N,444,,00000444__,100.00,03,,01,04,02,01,01,01,01,01,,,,,,,,65,,26,40.199550,74.098850,N,,7501
20201352E050-2020-00159A,MONMOUTH,WALL TWP,01/30/2020,TH,1826,02,NEW JERSEY STATE POLICE,HOLMDEL - SQUAD,0,0,0,0,P,B,Y,N,11,1,GARDEN STATE PARKWAY,N,444,,00000444__,99.50,03,,01,04,02,01,05,01,01,01,,,,,,,,65,,60,40.821730,74.827360,N,,8093
20201352E050-2020-00161A,MONMOUTH,WALL TWP,01/31/2020,FR,0158,02,NEW JERSEY STATE POLICE,HOLMDEL - SQUAD,0,0,0,0,P,B,N,N,12,1,GARDEN STATE PARKWAY,S,444,,00000444__,96.10,03,,01,04,02,01,05,01,01,01,,,,,,,,65,,24,40.826150,74.251670,N,,8093
20201352E050-2020-00230A,MONMOUTH,WALL TWP,02/14/2020,FR,0609,02,NEW JERSEY STATE POLICE,HOLMDEL - SQUAD,0,1,0,0,I,B,N,N,02,2,GARDEN STATE PARKWAY,S,444,,00000444__,96.90,03,,01,04,02,02,05,01,01,01,,,,,,,,65,,26,40.152240,74.105980,N,,7411
20201352E050-2020-00232A,MONMOUTH,WALL TWP,02/16/2020,SU,1424,02,NEW JERSEY STATE POLICE,HOLMDEL - SQUAD,0,1,0,0,I,B,N,N,12,1,GARDEN STATE PARKWAY,S,444,,00000444__,94.60,03,,01,04,02,01,01,01,01,01,,,,,,,,65,,24,40.123690,74.127280,N,,7751
20201352E050-2020-00236A,MONMOUTH,WALL TWP,02/06/2020,TH,1247,02,NEW JERSEY STATE POLICE,HOLMDEL - SQUAD,0,0,0,0,P,B,N,N,11,1,GARDEN STATE PARKWAY,S,444,,00000444__,98.00,03,,03,04,02,02,01,02,02,01,,,,,T,NJ 138,EB,35,,56,40.386550,74.177130,N,,7471
20201352E050-2020-00242A,MONMOUTH,WALL TWP,02/14/2020,FR,1613,02,NEW JERSEY STATE POLICE,HOLMDEL - SQUAD,0,0,0,0,P,B,N,N,02,2,GARDEN STATE PARKWAY,S,444,,00000444__,98.30,03,,01,04,02,01,01,01,01,01,,,,,,,,65,,26,40.172110,74.100760,N,,7382
20201352E050-2020-00243A,MONMOUTH,WALL TWP,02/14/2020,FR,1648,02,NEW JERSEY STATE POLICE,HOLMDEL - SQUAD,0,1,0,0,I,B,N,N,01,2,GARDEN STATE PARKWAY,N,444,,00000444__,98.00,03,,03,04,02,01,01,01,01,01,,,,,F,I-195,EB,65,,26,40.168990,74.097620,N,,7382
20201352E050-2020-00244A,MONMOUTH,WALL TWP,02/19/2020,WE,0638,02,NEW JERSEY STATE POLICE,HOLMDEL - SQUAD,0,0,0,0,P,B,N,N,01,3,GARDEN STATE PARKWAY,N,444,,00000444__,97.50,03,,01,04,02,01,01,01,01,01,,,,,,,,65,,26,40.159540,74.102350,N,,7739
20201352E050-2020-00245A,MONMOUTH,WALL TWP,02/19/2020,WE,1050,02,NEW JERSEY STATE POLICE,HOLMDEL - SQUAD,0,1,0,0,I,B,N,N,11,1,GARDEN STATE PARKWAY,S,444,,00000444__,96.00,03,,01,04,02,01,01,01,01,01,,,,,,,,65,,46,40.140410,74.113090,N,NJTA Guardrail,7739
20201352E050-2020-00247A,MONMOUTH,WALL TWP,02/19/2020,WE,1759,02,NEW JERSEY STATE POLICE,HOLMDEL - SQUAD,0,0,0,0,P,B,N,N,02,2,GARDEN STATE PARKWAY,S,444,,00000444__,98.00,03,,01,04,02,01,03,01,01,01,,,,,,,,65,,26,40.160700,74.068000,N,,7639
20201352E050-2020-00255A,MONMOUTH,WALL TWP,02/21/2020,FR,1807,02,NEW JERSEY STATE POLICE,HOLMDEL - SQUAD,0,0,0,0,P,B,N,N,01,5,GARDEN STATE PARKWAY,S,444,,00000444__,99.80,03,,01,04,02,01,05,01,01,01,,,,,,,,65,,26,40.193800,74.100700,N,,7373
20201352E050-2020-00261A,MONMOUTH,WALL TWP,02/23/2020,SU,1816,02,NEW JERSEY STATE POLICE,HOLMDEL - SQUAD,0,0,0,0,P,B,N,N,01,2,GARDEN STATE PARKWAY,N,444,,00000444__,100.10,03,,01,04,02,01,05,01,03,01,,,,,,,,65,,26,40.197090,74.098570,N,,8093
20201352E050-2020-00272A,MONMOUTH,WALL TWP,02/25/2020,TU,2037,02,NEW JERSEY STATE POLICE,HOLMDEL - SQUAD,0,1,0,0,I,B,N,N,01,2,GARDEN STATE PARKWAY,S,444,,00000444__,98.00,03,,01,04,02,02,06,02,03,01,,,,,,,,65,,26,40.525650,74.645890,N,,7751
20201352E050-2020-00274A,MONMOUTH,WALL TWP,02/23/2020,SU,0537,02,NEW JERSEY STATE POLICE,HOLMDEL - SQUAD,0,0,0,0,P,B,Y,N,11,1,GARDEN STATE PARKWAY,N,444,,00000444__,94.30,03,,01,04,02,01,05,01,01,01,,,,,,,,65,,50,40.119400,74.127570,N,NJTA Milepost marker.,7469
20201352E050-2020-00280A,MONMOUTH,WALL TWP,02/26/2020,WE,1940,02,NEW JERSEY STATE POLICE,HOLMDEL - SQUAD,0,0,0,0,P,B,N,N,11,1,GARDEN STATE PARKWAY,S,444,,00000444__,94.70,03,,02,05,02,02,05,02,03,01,,,,,,,,65,,59,40.125110,74.126830,N,NJTA ;Chain Linked Fence,7798
20201352E050-2020-00293A,MONMOUTH,WALL TWP,02/28/2020,FR,1127,02,NEW JERSEY STATE POLICE,HOLMDEL - SQUAD,0,0,0,0,P,B,N,N,02,2,GARDEN STATE PARKWAY,N,444,,00000444__,98.40,03,,01,04,02,01,01,01,01,01,,,,,,,,65,,26,40.172590,74.099070,N,,7852
20201352E050-2020-00301A,MONMOUTH,WALL TWP,03/01/2020,SU,0320,02,NEW JERSEY STATE POLICE,HOLMDEL - SQUAD,0,0,0,0,P,B,N,N,11,1,GARDEN STATE PARKWAY,S,444,,00000444__,98.80,03,,01,04,02,01,07,01,01,01,,,,,,,,65,,46,40.182230,74.101360,N,GUARDRAIL - NJTPA PROPERTY,6811
20201352E050-2020-00303A,MONMOUTH,WALL TWP,03/01/2020,SU,0541,02,NEW JERSEY STATE POLICE,HOLMDEL - SQUAD,0,1,0,0,I,B,Y,N,11,1,GARDEN STATE PARKWAY,S,444,,00000444__,100.50,03,,01,04,02,01,02,01,03,01,,,,,,,,65,,60,40.221730,74.098900,N,,7471
20201352E050-2020-00305A,MONMOUTH,WALL TWP,03/01/2020,SU,1308,02,NEW JERSEY STATE POLICE,HOLMDEL - SQUAD,0,0,0,0,P,B,N,N,01,2,GARDEN STATE PARKWAY,N,444,,00000444__,100.80,03,,01,04,02,01,01,01,01,01,,,,,,,,65,,26,40.207090,74.097190,N,,7660
20201352E050-2020-00310A,MONMOUTH,WALL TWP,03/03/2020,TU,1221,02,NEW JERSEY STATE POLICE,HOLMDEL - SQUAD,0,0,0,0,P,B,Y,N,11,1,GARDEN STATE PARKWAY,N,444,,00000444__,100.10,03,,01,04,02,01,01,01,01,01,,,,,,,,65,,47,40.197090,74.098570,N,NJTA GUARDRAIL,7373
20201352E050-2020-00318A,MONMOUTH,WALL TWP,03/03/2020,TU,2202,02,NEW JERSEY STATE POLICE,HOLMDEL - SQUAD,0,0,0,0,P,B,Y,N,11,1,GARDEN STATE PARKWAY,N,444,,00000444__,98.10,03,,01,04,02,02,07,02,01,01,,,,,,,,65,,46,40.168230,74.100050,N,NJTA GUARDRAIL,7845
20201352E050-2020-00321A,MONMOUTH,WALL TWP,03/04/2020,WE,1804,02,NEW JERSEY STATE POLICE,HOLMDEL - SQUAD,0,0,0,0,P,B,Y,N,02,2,GARDEN STATE PARKWAY,S,444,,00000444__,96.70,03,,01,04,02,01,05,01,01,01,,,,,,,,65,,26,40.149570,74.107370,N,,7887
20201352E050-2020-00345A,MONMOUTH,WALL TWP,03/13/2020,FR,0653,02,NEW JERSEY STATE POLICE,HOLMDEL - SQUAD,0,0,0,0,P,B,N,N,11,1,GARDEN STATE PARKWAY,N,444,,00000444__,95.00,03,,01,04,02,02,02,02,01,01,,,,,,,,65,,46,40.200420,74.098600,N,NJTA Guradrail,7887
20201352E050-2020-00369A,MONMOUTH,WALL TWP,03/21/2020,SA,1259,02,NEW JERSEY STATE POLICE,HOLMDEL - SQUAD,0,1,0,0,I,B,N,N,02,2,GARDEN STATE PARKWAY,S,444,,00000444__,97.00,03,,01,04,02,01,01,01,03,01,,,,,,,,65,,26,40.153630,74.105430,N,,7469
20201352E050-2020-00392A,MONMOUTH,WALL TWP,03/30/2020,MO,1414,02,NEW JERSEY STATE POLICE,HOLMDEL - SQUAD,0,0,0,0,P,B,N,N,03,2,GARDEN STATE PARKWAY,S,444,,00000444__,100.00,03,,01,04,02,01,01,01,02,01,,,,,,,,15,,26,40.199550,74.098850,N,,7798
20201352E050-2020-00402A,MONMOUTH,WALL TWP,04/06/2020,MO,0418,02,NEW JERSEY STATE POLICE,HOLMDEL - SQUAD,0,1,0,0,I,B,N,N,12,1,GARDEN STATE PARKWAY,N,444,,00000444__,99.10,03,,01,04,02,01,05,01,03,01,,,,,,,,65,,24,40.182720,74.099710,N,,6880
20201352E050-2020-00403A,MONMOUTH,WALL TWP,04/06/2020,MO,1024,02,NEW JERSEY STATE POLICE,HOLMDEL - SQUAD,1,1,0,0,F,B,Y,N,01,2,GARDEN STATE PARKWAY,N,444,,00000444__,99.90,03,,01,04,02,01,01,01,01,01,,,,,,,,65,,26,40.194230,74.099050,N,NJTPA barrier,8003
20201352E050-2020-00408A,MONMOUTH,WALL TWP,04/08/2020,WE,0452,02,NEW JERSEY STATE POLICE,HOLMDEL - SQUAD,0,1,0,0,I,B,N,N,11,1,GARDEN STATE PARKWAY,S,444,,00000444__,96.30,03,,01,04,02,02,05,02,01,01,,,,,,,,65,,46,40.144420,74.110860,N,NJTA GUIDERAIL DAMAGE,7369
20201352E050-2020-00413A,MONMOUTH,WALL TWP,04/09/2020,TH,1156,02,NEW JERSEY STATE POLICE,HOLMDEL - SQUAD,0,1,0,0,I,B,Y,N,11,1,GARDEN STATE PARKWAY,N,444,,00000444__,95.50,03,,01,04,02,01,01,01,01,01,,,,,,,,65,,46,40.133970,74.117630,N,NJTA GUIDERAIL DAMAGE,7369
20201352E050-2020-00433A,MONMOUTH,WALL TWP,04/14/2020,TU,1729,02,NEW JERSEY STATE POLICE,HOLMDEL - SQUAD,0,0,0,0,P,B,N,N,15,2,GARDEN STATE PARKWAY,N,444,,00000444__,95.30,03,,03,04,02,01,01,01,03,01,,,,,,,,65,,09,40.386550,74.177130,N,,7469
20201352E050-2020-00437A,MONMOUTH,WALL TWP,04/17/2020,FR,0433,02,NEW JERSEY STATE POLICE,HOLMDEL - SQUAD,0,0,0,0,P,B,N,N,12,1,GARDEN STATE PARKWAY,N,444,,00000444__,98.50,03,,01,04,02,01,07,01,01,01,,,,,,,,65,,24,40.174040,74.099030,N,,7845
20201352E050-2020-00449A,MONMOUTH,WALL TWP,04/20/2020,MO,0839,02,NEW JERSEY STATE POLICE,HOLMDEL - SQUAD,0,0,0,0,P,B,N,N,01,2,GARDEN STATE PARKWAY,N,444,,00000444__,100.00,03,,01,04,01,01,01,01,01,01,,,,,,,,65,,26,40.195650,74.098830,N,,7733
20201352E050-2020-00450A,MONMOUTH,WALL TWP,04/22/2020,WE,1254,02,NEW JERSEY STATE POLICE,HOLMDEL - SQUAD,0,0,0,0,P,B,N,N,12,1,GARDEN STATE PARKWAY,N,444,,00000444__,95.10,03,,01,04,02,01,01,01,01,01,,,,,,,,65,,24,40.129900,74.122920,N,,7576
20201352E050-2020-00454A,MONMOUTH,WALL TWP,04/23/2020,TH,1814,02,NEW JERSEY STATE POLICE,HOLMDEL - SQUAD,0,0,0,0,P,B,N,N,02,2,GARDEN STATE PARKWAY,S,444,,00000444__,100.60,03,,01,04,02,01,01,01,01,01,,,,,,,,65,,26,40.205280,74.098600,N,,7991
20201352E050-2020-00479A,MONMOUTH,WALL TWP,04/29/2020,WE,1059,02,NEW JERSEY STATE POLICE,HOLMDEL - SQUAD,0,0,0,0,P,B,N,N,02,2,GARDEN STATE PARKWAY,N,444,,00000444__,95.00,03,,01,04,02,01,01,01,03,01,,,,,,,,65,,26,40.128690,74.123960,N,,7471
20201352E050-2020-00483A,MONMOUTH,WALL TWP,04/30/2020,TH,1707,02,NEW JERSEY STATE POLICE,HOLMDEL - SQUAD,0,1,0,0,I,B,N,N,01,2,GARDEN STATE PARKWAY,S,444,,00000444__,97.30,03,,01,04,02,01,01,01,03,01,,,,,,,,65,,26,40.157840,74.104030,N,,7852
20201352E050-2020-00487A,MONMOUTH,WALL TWP,05/01/2020,FR,1815,02,NEW JERSEY STATE POLICE,HOLMDEL - SQUAD,0,0,0,0,P,B,N,N,02,2,GARDEN STATE PARKWAY,N,444,,00000444__,95.70,03,,02,05,02,02,01,02,03,01,,,,,,,,65,,26,40.135540,74.115690,N,,7453
20201352E050-2020-00497A,MONMOUTH,WALL TWP,05/04/2020,MO,0447,02,NEW JERSEY STATE POLICE,HOLMDEL - SQUAD,0,1,0,0,I,B,N,N,11,1,GARDEN STATE PARKWAY,S,444,,00000444__,95.20,03,,01,06,02,02,05,01,03,01,,,,,,,,65,,46,40.131420,74.122290,N,NJTPA guardrail and sign.,7362
20201352E050-2020-00499A,MONMOUTH,WALL TWP,05/06/2020,WE,2046,02,NEW JERSEY STATE POLICE,HOLMDEL - SQUAD,0,0,0,0,P,B,N,N,12,1,GARDEN STATE PARKWAY,S,444,,00000444__,96.40,03,,01,04,02,02,05,02,01,01,,,,,,,,65,,24,40.145710,74.110000,N,,7369
20201352E050-2020-00501A,MONMOUTH,WALL TWP,05/06/2020,WE,2250,02,NEW JERSEY STATE POLICE,HOLMDEL - SQUAD,0,0,0,0,P,B,N,N,02,2,GARDEN STATE PARKWAY,N,444,,00000444__,99.00,03,,01,04,02,02,04,01,01,01,,,,,,,,65,,26,40.181260,74.099630,N,,7369
20201352E050-2020-00509A,MONMOUTH,WALL TWP,05/11/2020,MO,0620,02,NEW JERSEY STATE POLICE,HOLMDEL - SQUAD,0,0,0,0,P,B,N,N,11,1,GARDEN STATE PARKWAY,S,444,,00000444__,100.20,03,,03,06,02,01,01,01,01,01,,,,,T,ROUTE 33,EB,65,,48,40.221730,74.098900,N,CONRETE BARRIER OWNED BY NJTA,7570
20201352E050-2020-00516A,MONMOUTH,WALL TWP,05/13/2020,WE,1722,02,NEW JERSEY STATE POLICE,HOLMDEL - SQUAD,0,0,0,0,P,B,N,N,02,2,GARDEN STATE PARKWAY,S,444,,00000444__,94.80,03,,02,05,02,01,01,01,01,01,,,,,,,,65,,26,40.123690,74.127280,N,,7751
20201352E050-2020-00549A,MONMOUTH,WALL TWP,05/24/2020,SU,2048,02,NEW JERSEY STATE POLICE,HOLMDEL - SQUAD,0,0,0,0,P,B,Y,N,11,1,GARDEN STATE PARKWAY,S,444,,00000444__,98.20,03,,01,04,02,01,06,01,01,01,,,,,,,,65,,46,40.168370,74.102920,N,NJTA GUARDRAIL,7751
20201352E050-2020-00552A,MONMOUTH,WALL TWP,05/26/2020,TU,1008,02,NEW JERSEY STATE POLICE,HOLMDEL - SQUAD,0,0,0,0,P,B,N,N,01,2,GARDEN STATE PARKWAY,N,444,,00000444__,99.60,03,,01,04,02,01,01,01,03,01,,,,,,,,65,,26,40.189510,74.099640,N,,7578
20201352E050-2020-00554A,MONMOUTH,WALL TWP,05/26/2020,TU,0902,02,NEW JERSEY STATE POLICE,HOLMDEL - SQUAD,0,0,0,0,P,B,Y,N,11,1,GARDEN STATE PARKWAY,S,444,,00000444__,99.50,03,,01,04,02,01,01,01,01,01,,,,,,,,65,,69,40.386550,74.177130,N,NJTA Coin Collection Basket,7361
20201352E050-2020-00572A,MONMOUTH,WALL TWP,05/31/2020,SU,0204,02,NEW JERSEY STATE POLICE,HOLMDEL - SQUAD,0,0,0,0,P,B,N,N,11,1,GARDEN STATE PARKWAY,S,444,,00000444__,98.00,03,,02,04,02,01,05,01,01,01,,,,,T,ROUTE 34,SB,65,,46,40.160700,74.068000,N,NJTA GUARDRAIL.,7661
20201352E050-2020-00577A,MONMOUTH,WALL TWP,06/03/2020,WE,0237,02,NEW JERSEY STATE POLICE,HOLMDEL - SQUAD,0,1,0,0,I,B,N,N,11,1,GARDEN STATE PARKWAY,N,444,,00000444__,99.20,03,,01,04,02,02,06,02,01,01,,,,,,,,65,,46,40.184150,74.099770,N,NJTA Guardrail,7852
20201352E050-2020-00585A,MONMOUTH,WALL TWP,06/05/2020,FR,1827,02,NEW JERSEY STATE POLICE,HOLMDEL - SQUAD,0,0,0,0,P,B,N,N,01,3,GARDEN STATE PARKWAY,S,444,,00000444__,96.60,03,,01,04,02,02,03,02,01,01,,,,,,,,65,,26,40.148260,74.108200,N,,7639
20201352E050-2020-00586A,MONMOUTH,WALL TWP,06/05/2020,FR,1917,02,NEW JERSEY STATE POLICE,HOLMDEL - SQUAD,0,0,0,0,P,B,N,N,11,1,GARDEN STATE PARKWAY,S,444,,00000444__,94.60,03,,01,04,02,02,03,02,01,01,,,,,,,,65,,60,40.123690,74.127280,N,,7639
20201352E050-2020-00589A,MONMOUTH,WALL TWP,06/05/2020,FR,2019,02,NEW JERSEY STATE POLICE,HOLMDEL - SQUAD,0,1,0,0,I,B,N,N,11,1,GARDEN STATE PARKWAY,N,444,,00000444__,98.60,03,,01,04,02,02,06,02,01,01,,,,,,,,65,,46,40.175490,74.099120,N,NJTA GUARDRAIL DAMAGE.,7639
20201352E050-2020-00592A,MONMOUTH,WALL TWP,06/05/2020,FR,0706,02,NEW JERSEY STATE POLICE,HOLMDEL - SQUAD,0,0,0,0,P,B,N,N,02,3,GARDEN STATE PARKWAY,S,444,,00000444__,98.60,03,,01,04,02,01,01,01,01,01,,,,,,,,65,,26,40.177550,74.100750,N,,7227
20201352E050-2020-00598A,MONMOUTH,WALL TWP,06/05/2020,FR,1748,02,NEW JERSEY STATE POLICE,HOLMDEL - SQUAD,0,0,0,0,P,B,N,N,11,1,GARDEN STATE PARKWAY,N,444,,00000444__,95.70,03,,01,04,02,02,01,02,01,01,,,,,,,,65,,46,40.135990,74.114920,N,NJTA GUARDRAIL,7471
20201352E050-2020-00607A,MONMOUTH,WALL TWP,06/07/2020,SU,1651,02,NEW JERSEY STATE POLICE,HOLMDEL - SQUAD,0,3,0,0,I,B,N,N,01,2,GARDEN STATE PARKWAY,N,444,,00000444__,100.80,03,,01,04,02,01,01,01,01,01,,,,,,,,65,,26,40.207090,74.097190,N,,8068
20201352E050-2020-00621A,MONMOUTH,WALL TWP,06/09/2020,TU,1933,02,NEW JERSEY STATE POLICE,HOLMDEL - SQUAD,0,1,0,0,I,B,N,N,11,1,GARDEN STATE PARKWAY,S,444,,00000444__,97.80,03,,01,04,02,01,01,01,01,01,,,,,,,,65,,46,40.164960,74.102310,N,NJTA GUARDRAIL DAMAGE 20 FEET,8093
20201352E050-2020-00622A,MONMOUTH,WALL TWP,06/09/2020,TU,2025,02,NEW JERSEY STATE POLICE,HOLMDEL - SQUAD,0,0,0,0,P,B,N,N,15,1,GARDEN STATE PARKWAY,S,444,,00000444__,96.30,03,,01,04,02,01,03,01,03,01,,,,,,,,65,,39,40.144420,74.110860,N,,8093
20201352E050-2020-00626A,MONMOUTH,WALL TWP,06/10/2020,WE,1240,02,NEW JERSEY STATE POLICE,HOLMDEL - SQUAD,0,0,0,0,P,B,N,N,02,2,GARDEN STATE PARKWAY,N,444,,00000444__,100.30,03,,01,04,02,01,01,01,01,01,,,,,,,,65,,26,40.199930,74.097990,N,,7739
20201352E050-2020-00633A,MONMOUTH,WALL TWP,06/11/2020,TH,1553,02,NEW JERSEY STATE POLICE,HOLMDEL - SQUAD,0,3,0,0,I,B,N,N,02,3,GARDEN STATE PARKWAY,N,444,,00000444__,95.90,03,,02,05,02,02,01,02,01,01,,,,,,,,65,,26,40.138330,74.112730,N,NJTA GUARDRAIL,7751
20201352E050-2020-00637A,MONMOUTH,WALL TWP,06/12/2020,FR,1233,02,NEW JERSEY STATE POLICE,HOLMDEL - SQUAD,0,1,0,0,I,B,N,N,10,1,GARDEN STATE PARKWAY,N,444,,00000444__,98.00,03,,03,04,02,01,01,01,01,01,,,,,F,138,EB,65,,01,40.168900,74.099200,N,NJTA SIGNS (WRONG WAY SIGN AND 2 YELLOW MARKER SIGNS),7501
20201352E050-2020-00654A,MONMOUTH,WALL TWP,06/15/2020,MO,0157,02,NEW JERSEY STATE POLICE,HOLMDEL - SQUAD,0,0,0,0,P,B,Y,N,99,1,GARDEN STATE PARKWAY,S,444,,00000444__,94.70,03,,01,04,02,01,06,01,03,01,,,,,,,,65,,58,40.125110,74.126830,N,,7470
20201352E050-2020-00657A,MONMOUTH,WALL TWP,06/15/2020,MO,1406,02,NEW JERSEY STATE POLICE,HOLMDEL - SQUAD,0,0,0,0,P,B,N,N,15,2,GARDEN STATE PARKWAY,N,444,,00000444__,99.10,03,,01,04,02,01,01,01,01,01,,,,,,,,65,,30,40.182720,74.099710,N,,8003
20201352E050-2020-00658A,MONMOUTH,WALL TWP,06/11/2020,TH,1556,02,NEW JERSEY STATE POLICE,HOLMDEL - SQUAD,0,0,0,0,P,B,N,N,10,1,GARDEN STATE PARKWAY,S,444,,00000444__,97.00,03,,01,04,02,02,01,02,01,01,,,,,,,,65,,58,40.153630,74.105430,N,,7208
20201352E050-2020-00665A,MONMOUTH,WALL TWP,06/12/2020,FR,0600,02,NEW JERSEY STATE POLICE,HOLMDEL - SQUAD,0,0,0,0,P,B,N,N,15,1,GARDEN STATE PARKWAY,N,444,,00000444__,97.80,03,,01,04,02,01,01,01,01,01,,,,,,,,65,,39,40.163850,74.101490,N,,7501
20201352E050-2020-00674A,MONMOUTH,WALL TWP,06/19/2020,FR,1858,02,NEW JERSEY STATE POLICE,HOLMDEL - SQUAD,0,0,0,0,P,B,N,N,11,1,GARDEN STATE PARKWAY,S,444,,00000444__,96.10,03,,01,04,02,01,01,01,01,01,,,,,,,,65,,46,40.141750,74.112350,N,NJTA GUARDRAIL,7779
20201352E050-2020-00675A,MONMOUTH,WALL TWP,06/19/2020,FR,1825,02,NEW JERSEY STATE POLICE,HOLMDEL - SQUAD,0,1,0,0,I,B,N,N,01,4,GARDEN STATE PARKWAY,S,444,,00000444__,96.10,03,,01,04,02,01,01,01,03,01,,,,,,,,65,,26,40.141750,74.112350,N,,7779
20201352E050-2020-00677A,MONMOUTH,WALL TWP,06/20/2020,SA,2137,02,NEW JERSEY STATE POLICE,HOLMDEL - SQUAD,0,0,0,0,P,B,N,N,02,2,GARDEN STATE PARKWAY,N,444,,00000444__,98.00,03,,01,04,02,01,05,01,03,01,,,,,,,,65,,26,40.166780,74.100570,N,,7794
20201352E050-2020-00694A,MONMOUTH,WALL TWP,06/23/2020,TU,0754,02,NEW JERSEY STATE POLICE,HOLMDEL - SQUAD,0,0,0,0,P,B,N,N,11,1,GARDEN STATE PARKWAY,S,444,,00000444__,99.10,03,,01,04,02,01,01,01,01,01,,,,,,,,65,,46,40.167810,74.101710,N,NJTA metal guardrail,7361
20201352E050-2020-00696A,MONMOUTH,WALL TWP,05/20/2020,WE,0712,02,NEW JERSEY STATE POLICE,HOLMDEL - SQUAD,0,0,0,0,P,B,N,N,99,1,GARDEN STATE PARKWAY,S,444,,00000444__,100.00,03,,01,04,02,01,01,01,01,01,,,,,T,NJ 34,SB,65,,19,40.172950,74.100870,N,,7570
20201352E050-2020-00699A,MONMOUTH,WALL TWP,06/24/2020,WE,1433,02,NEW JERSEY STATE POLICE,HOLMDEL - SQUAD,0,2,0,0,I,B,Y,N,11,1,GARDEN STATE PARKWAY,N,444,,00000444__,100.80,03,,01,04,02,01,01,01,03,01,,,,,,,,65,,60,40.207090,74.097190,N,NJTA Trees/Agriculture,7852
20201352E050-2020-00701A,MONMOUTH,WALL TWP,06/21/2020,SU,2024,02,NEW JERSEY STATE POLICE,HOLMDEL - SQUAD,0,2,0,0,I,B,N,N,01,2,GARDEN STATE PARKWAY,N,444,,00000444__,100.30,03,,01,04,02,01,03,01,01,01,,,,,,,,65,,26,40.199930,74.097990,N,,7411
20201352E050-2020-00714A,MONMOUTH,WALL TWP,06/26/2020,FR,1457,02,NEW JERSEY STATE POLICE,HOLMDEL - SQUAD,0,1,0,0,I,B,N,N,01,2,GARDEN STATE PARKWAY,S,444,,00000444__,94.40,03,,01,04,02,01,01,01,01,01,,,,,,,,65,,26,40.120870,74.128080,N,,8093