Year(4)-CountyCode(2)-MunicipalityCode(2)-CaseNumber(9),County Name,Municipality Name,Crash Date,Crash Day of Week,Crash Time,Police Department Code,Police Department,Police Station,Total Killed,Total Injured,Pedestrians Killed,Pedestrians Injured,Severity,Intersection,Alcohol Involved,Hazmat Involved,Crash Type,Total Vehicles,Location,Location Direction,Route,Route Suffix,Std Rte Identifier,MilePost,Road System,Road Character,Road Horizontal Alignment,Road Grade,Road Surface Type,Surface Condition,Light Condition,Environmental Condition,Road Divided By,Temporary Traffic Control Zone,Distance To Cross Street,Unit Of Measurement,Direction From Cross Street,Cross Street Name,Is Ramp,Ramp To/From Route Name,Ramp To/From Route Direction,Posted Speed,Posted Speed Cross Street,First Harmful Event,Latitude,Longitude,Cell Phone In Use Flag,Other Property Damage,Reporting Badge No.
20201352E050-2020-01482A,MONMOUTH,WALL TWP,10/24/2020,SA,1150,02,NEW JERSEY STATE POLICE,HOLMDEL - SQUAD,0,0,0,0,P,B,N,N,11,1,GARDEN STATE PARKWAY,N,444,,00000444__,94.60,03,,01,04,02,01,01,01,01,01,,,,,,,,65,,60,40.123280,74.126590,N,,7751
20201352E050-2020-01483A,MONMOUTH,WALL TWP,10/25/2020,SU,0328,02,NEW JERSEY STATE POLICE,HOLMDEL - SQUAD,0,0,0,0,P,B,N,N,01,2,GARDEN STATE PARKWAY,S,444,,00000444__,94.30,03,,01,04,02,01,05,01,01,01,,,,,,,,65,,26,40.119510,74.128700,N,,7660
20201352E050-2020-01487A,MONMOUTH,WALL TWP,10/25/2020,SU,1729,02,NEW JERSEY STATE POLICE,HOLMDEL - SQUAD,0,0,0,0,P,B,N,N,02,2,GARDEN STATE PARKWAY,N,444,,00000444__,100.50,03,,01,04,02,01,01,01,03,01,,,,,,,,65,,26,40.204760,74.097260,N,,7852
20201352E050-2020-01503A,MONMOUTH,WALL TWP,10/27/2020,TU,0650,02,NEW JERSEY STATE POLICE,HOLMDEL - SQUAD,0,1,0,0,I,B,N,N,01,2,GARDEN STATE PARKWAY,N,444,,00000444__,97.30,03,,01,04,02,02,01,02,01,01,,,,,,,,65,,26,40.156780,74.103000,N,,7570
20201352E050-2020-01504A,MONMOUTH,WALL TWP,10/27/2020,TU,0654,02,NEW JERSEY STATE POLICE,HOLMDEL - SQUAD,0,0,0,0,P,B,N,N,01,2,GARDEN STATE PARKWAY,N,444,,00000444__,97.30,03,,01,04,02,01,01,01,01,01,,,,,,,,65,,26,40.166780,74.100570,N,,7570
20201352E050-2020-01505A,MONMOUTH,WALL TWP,10/27/2020,TU,0752,02,NEW JERSEY STATE POLICE,HOLMDEL - SQUAD,0,0,0,0,P,B,N,N,02,2,GARDEN STATE PARKWAY,N,444,,00000444__,97.30,03,,01,04,02,02,01,02,01,01,,,,,,,,65,,26,40.156780,74.103000,N,,7570
20201352E050-2020-01506A,MONMOUTH,WALL TWP,10/27/2020,TU,1101,02,NEW JERSEY STATE POLICE,HOLMDEL - SQUAD,0,0,0,0,P,B,N,N,03,2,GARDEN STATE PARKWAY,N,444,,00000444__,97.30,03,,01,04,02,02,01,01,01,01,,,,,,,,65,,26,40.158150,74.102660,N,GUARDRAIL END OWNED BY NJTA,7570
20201352E050-2020-01509A,MONMOUTH,WALL TWP,10/27/2020,TU,2224,02,NEW JERSEY STATE POLICE,HOLMDEL - SQUAD,0,0,0,0,P,B,N,N,12,1,GARDEN STATE PARKWAY,S,444,,00000444__,98.30,03,,01,04,02,01,06,01,01,01,,,,,,,,65,,24,40.172110,74.100760,N,,7470
20201352E050-2020-01513A,MONMOUTH,WALL TWP,10/25/2020,SU,0944,02,NEW JERSEY STATE POLICE,HOLMDEL - SQUAD,0,0,0,0,P,B,N,N,15,2,GARDEN STATE PARKWAY,N,444,,00000444__,95.90,03,,01,04,02,01,01,01,01,01,,,,,,,,65,,39,40.138330,74.112730,N,,7382
20201352E050-2020-01516A,MONMOUTH,WALL TWP,10/29/2020,TH,,02,NEW JERSEY STATE POLICE,HOLMDEL - SQUAD,0,0,0,0,P,B,N,N,11,1,GARDEN STATE PARKWAY,N,444,,00000444__,96.40,03,,01,04,02,01,05,01,01,01,,,,,,,,65,,46,40.144930,74.109060,N,NJTA Guardrail,7660
20201352E050-2020-01548A,MONMOUTH,WALL TWP,10/31/2020,SA,1816,02,NEW JERSEY STATE POLICE,HOLMDEL - SQUAD,0,0,0,0,P,B,N,N,12,1,GARDEN STATE PARKWAY,N,444,,00000444__,96.70,03,,01,04,02,01,05,01,03,01,,,,,,,,65,,24,40.146430,74.108130,N,,8093
20201352E050-2020-01551A,MONMOUTH,WALL TWP,11/01/2020,SU,0215,02,NEW JERSEY STATE POLICE,HOLMDEL - SQUAD,0,0,0,0,P,B,N,N,12,1,GARDEN STATE PARKWAY,N,444,,00000444__,99.00,03,,01,04,02,01,06,01,01,01,,,,,,,,65,,24,40.181260,74.099630,N,,7453
20201352E050-2020-01552A,MONMOUTH,WALL TWP,11/01/2020,SU,0923,02,NEW JERSEY STATE POLICE,HOLMDEL - SQUAD,0,3,0,0,I,B,N,N,01,2,GARDEN STATE PARKWAY,N,444,,00000444__,99.80,03,,01,04,02,01,01,01,01,01,,,,,,,,65,,26,40.188360,74.099860,N,NJTA GUARDRAIL,7779
20201352E050-2020-01556A,MONMOUTH,WALL TWP,11/01/2020,SU,0755,02,NEW JERSEY STATE POLICE,HOLMDEL - SQUAD,0,0,0,0,P,B,N,N,12,1,GARDEN STATE PARKWAY,N,444,,00000444__,99.60,03,,01,04,02,01,01,01,01,01,,,,,,,,65,,24,40.189920,74.099630,N,,7845
20201352E050-2020-01564A,MONMOUTH,WALL TWP,11/01/2020,SU,1757,02,NEW JERSEY STATE POLICE,HOLMDEL - SQUAD,0,1,0,0,I,B,N,N,11,1,GARDEN STATE PARKWAY,S,444,,00000444__,99.00,03,,01,04,01,02,05,02,03,01,,,,,,,,65,,46,40.182230,74.101360,N,NJTA GUARDRAIL DAMAGE,7733
20201352E050-2020-01569A,MONMOUTH,WALL TWP,11/01/2020,SU,2322,02,NEW JERSEY STATE POLICE,HOLMDEL - SQUAD,0,0,0,0,P,B,N,N,11,1,GARDEN STATE PARKWAY,S,444,,00000444__,97.20,03,,01,04,02,02,05,02,01,01,,,,,,,,65,,46,40.156420,74.104460,N,NJTA GUARDRAIL DAMAGE.,8093
20201352E050-2020-01575A,MONMOUTH,WALL TWP,11/02/2020,MO,0525,02,NEW JERSEY STATE POLICE,HOLMDEL - SQUAD,0,0,0,0,P,B,N,N,12,1,GARDEN STATE PARKWAY,N,444,,00000444__,99.80,03,,01,04,02,01,02,01,03,01,,,,,,,,65,,24,40.192790,74.099270,N,,7362
20201352E050-2020-01580A,MONMOUTH,WALL TWP,11/03/2020,TU,0535,02,NEW JERSEY STATE POLICE,HOLMDEL - SQUAD,0,0,0,0,P,B,N,N,12,1,GARDEN STATE PARKWAY,N,444,,00000444__,94.30,03,,01,04,02,01,06,01,01,01,,,,,,,,65,,24,40.118990,74.127760,N,,8028
20201352E050-2020-01581A,MONMOUTH,WALL TWP,11/03/2020,TU,0548,02,NEW JERSEY STATE POLICE,HOLMDEL - SQUAD,0,0,0,0,P,B,N,N,12,1,GARDEN STATE PARKWAY,N,444,,00000444__,94.30,03,,01,04,02,01,06,01,01,01,,,,,,,,65,,24,40.118990,74.127760,N,,8028
20201352E050-2020-01582A,MONMOUTH,WALL TWP,11/03/2020,TU,0646,02,NEW JERSEY STATE POLICE,HOLMDEL - SQUAD,0,0,0,0,P,B,N,N,12,1,GARDEN STATE PARKWAY,N,444,,00000444__,94.50,03,,01,04,02,01,01,01,01,01,,,,,,,,65,,24,40.121830,74.126870,N,,8028
20201352E050-2020-01593A,MONMOUTH,WALL TWP,11/05/2020,TH,1836,02,NEW JERSEY STATE POLICE,HOLMDEL - SQUAD,0,0,0,0,P,B,N,N,12,1,GARDEN STATE PARKWAY,S,444,,00000444__,97.20,03,,01,04,02,01,06,01,01,01,,,,,,,,65,,24,40.156420,74.104460,N,,7373
20201352E050-2020-01595A,MONMOUTH,WALL TWP,11/02/2020,MO,0842,02,NEW JERSEY STATE POLICE,HOLMDEL - SQUAD,0,0,0,0,P,B,N,N,12,1,GARDEN STATE PARKWAY,S,444,,00000444__,100.80,03,,01,04,02,01,01,01,01,01,,,,,,,,65,,24,40.208200,74.098550,N,,8003
20201352E050-2020-01607A,MONMOUTH,WALL TWP,11/09/2020,MO,0543,02,NEW JERSEY STATE POLICE,HOLMDEL - SQUAD,0,0,0,0,P,B,N,N,12,1,GARDEN STATE PARKWAY,S,444,,00000444__,99.80,03,,01,04,02,01,06,01,01,01,,,,,,,,65,,24,40.193800,74.100700,N,,7373
20201352E050-2020-01618A,MONMOUTH,WALL TWP,11/10/2020,TU,1236,02,NEW JERSEY STATE POLICE,HOLMDEL - SQUAD,0,1,0,0,I,B,N,N,11,1,GARDEN STATE PARKWAY,S,444,,00000444__,98.30,03,,03,04,02,01,01,01,01,01,,,,,,,,65,,46,40.173540,74.100620,N,NJTA GUARDRAIL,7798
20201352E050-2020-01619A,MONMOUTH,WALL TWP,11/10/2020,TU,1310,02,NEW JERSEY STATE POLICE,HOLMDEL - SQUAD,0,0,0,0,P,B,N,N,01,2,GARDEN STATE PARKWAY,S,444,,00000444__,98.40,03,,03,04,02,01,01,01,01,05,,,,,,,,65,,29,40.173540,74.100630,N,,7798
20201352E050-2020-01621A,MONMOUTH,WALL TWP,11/08/2020,SU,2145,02,NEW JERSEY STATE POLICE,HOLMDEL - SQUAD,0,0,0,0,P,B,N,N,08,2,GARDEN STATE PARKWAY,N,444,,00000444__,99.50,03,,01,04,02,01,06,01,05,01,,,,,,,,65,,26,40.199550,74.098850,N,,7887
20201352E050-2020-01624A,MONMOUTH,WALL TWP,11/11/2020,WE,0956,02,NEW JERSEY STATE POLICE,HOLMDEL - SQUAD,0,0,0,0,P,B,N,N,12,1,GARDEN STATE PARKWAY,S,444,,00000444__,100.60,03,,01,04,02,01,01,01,01,01,,,,,,,,65,,24,40.205280,74.098600,N,,8028
20201352E050-2020-01625A,MONMOUTH,WALL TWP,11/11/2020,WE,1623,02,NEW JERSEY STATE POLICE,HOLMDEL - SQUAD,0,0,0,0,P,B,N,N,01,2,GARDEN STATE PARKWAY,S,444,,00000444__,96.60,03,,01,04,02,02,01,02,01,01,,,,,,,,65,,26,40.148260,74.108200,N,,8028
20201352E050-2020-01638A,MONMOUTH,WALL TWP,11/12/2020,TH,1618,02,NEW JERSEY STATE POLICE,HOLMDEL - SQUAD,0,0,0,0,P,B,N,N,01,2,GARDEN STATE PARKWAY,S,444,,00000444__,98.40,03,,01,04,02,02,03,02,01,01,,,,,,,,65,,26,40.173540,74.100630,N,,7639
20201352E050-2020-01640A,MONMOUTH,WALL TWP,11/12/2020,TH,2016,02,NEW JERSEY STATE POLICE,HOLMDEL - SQUAD,0,0,0,0,P,B,N,N,02,2,GARDEN STATE PARKWAY,S,444,,00000444__,98.00,03,,01,04,02,02,05,02,01,01,,,,,,,,65,,26,40.168380,74.102920,N,,7794
20201352E050-2020-01651A,MONMOUTH,WALL TWP,11/15/2020,SU,2100,02,NEW JERSEY STATE POLICE,HOLMDEL - SQUAD,0,0,0,0,P,B,N,N,02,2,GARDEN STATE PARKWAY,S,444,,00000444__,100.00,03,,01,04,02,02,06,02,01,01,,,,,,,,65,,26,40.386550,74.177130,N,,7411
20201352E050-2020-01657A,MONMOUTH,WALL TWP,11/16/2020,MO,1756,02,NEW JERSEY STATE POLICE,HOLMDEL - SQUAD,0,0,0,0,P,B,Y,N,06,2,GARDEN STATE PARKWAY,S,444,,00000444__,95.50,03,,01,04,02,01,04,01,01,01,,,,,,,,65,,26,40.134400,74.118150,N,,8003
20201352E050-2020-01677A,MONMOUTH,WALL TWP,11/23/2020,MO,1441,02,NEW JERSEY STATE POLICE,HOLMDEL - SQUAD,0,0,0,0,P,B,N,N,11,1,GARDEN STATE PARKWAY,N,444,,00000444__,100.00,03,,01,04,02,01,01,01,01,01,,,,,,,,65,,47,40.199550,74.098850,N,NJTA GUARDRAIL,7501
20201352E050-2020-01689A,MONMOUTH,WALL TWP,11/20/2020,FR,1637,02,NEW JERSEY STATE POLICE,HOLMDEL - SQUAD,0,1,0,0,I,B,N,N,01,3,GARDEN STATE PARKWAY,S,444,,00000444__,94.30,03,,01,04,02,01,01,01,01,01,,,,,,,,65,,26,40.119510,74.128700,N,,7739
20201352E050-2020-01693A,MONMOUTH,WALL TWP,11/25/2020,WE,1724,02,NEW JERSEY STATE POLICE,HOLMDEL - SQUAD,0,1,0,0,I,B,N,N,01,3,GARDEN STATE PARKWAY,N,444,,00000444__,99.20,03,,01,04,02,01,05,01,01,01,,,,,,,,65,,26,40.184150,74.099770,N,,8003
20201352E050-2020-01708A,MONMOUTH,WALL TWP,11/28/2020,SA,0144,02,NEW JERSEY STATE POLICE,HOLMDEL - SQUAD,0,0,0,0,P,B,N,N,12,1,GARDEN STATE PARKWAY,S,444,,00000444__,95.00,03,,01,04,02,01,05,01,03,01,,,,,,,,65,,24,40.129060,74.124570,N,,7733
20201352E050-2020-01715A,MONMOUTH,WALL TWP,11/30/2020,MO,0417,02,NEW JERSEY STATE POLICE,HOLMDEL - SQUAD,0,0,0,0,P,B,N,N,12,1,GARDEN STATE PARKWAY,N,444,,00000444__,95.40,03,,01,04,02,01,06,01,01,01,,,,,,,,65,,24,40.133060,74.119060,N,,8028
20201352E050-2020-01720A,MONMOUTH,WALL TWP,11/30/2020,MO,1303,02,NEW JERSEY STATE POLICE,HOLMDEL - SQUAD,0,1,0,0,I,B,N,N,11,1,GARDEN STATE PARKWAY,N,444,,00000444__,100.30,03,,01,04,02,02,01,02,01,01,,,,,,,,65,,46,40.199930,74.097990,N,NJTA Guardrail,7852
20201352E050-2020-01727A,MONMOUTH,WALL TWP,11/17/2020,TU,1546,02,NEW JERSEY STATE POLICE,HOLMDEL - SQUAD,0,1,0,0,I,B,N,N,01,2,GARDEN STATE PARKWAY,S,444,,00000444__,95.60,03,,01,04,02,01,01,01,01,01,,,,,,,,65,,26,40.135450,74.116870,Y,,7382
20201352E050-2020-01731A,MONMOUTH,WALL TWP,12/01/2020,TU,1324,02,NEW JERSEY STATE POLICE,HOLMDEL - SQUAD,0,0,0,0,P,B,N,N,12,1,GARDEN STATE PARKWAY,N,444,,00000444__,97.40,03,,01,04,02,01,01,01,03,01,,,,,,,,65,,24,40.158150,74.102660,N,,7852
20201352E050-2020-01740A,MONMOUTH,WALL TWP,12/04/2020,FR,0159,02,NEW JERSEY STATE POLICE,HOLMDEL - SQUAD,0,0,0,0,P,B,N,N,12,1,GARDEN STATE PARKWAY,S,444,,00000444__,96.60,03,,01,04,02,01,06,01,01,01,,,,,,,,65,,24,40.148260,74.108200,N,,7470
20201352E050-2020-01756A,MONMOUTH,WALL TWP,12/05/2020,SA,0205,02,NEW JERSEY STATE POLICE,HOLMDEL - SQUAD,0,0,0,0,P,B,N,N,11,1,GARDEN STATE PARKWAY,S,444,,00000444__,98.10,03,,01,04,02,02,05,01,01,01,,,,,,,,65,,47,40.168990,74.101210,N,NJTA Guardrail,7739
20201352E050-2020-01758A,MONMOUTH,WALL TWP,12/07/2020,MO,0739,02,NEW JERSEY STATE POLICE,HOLMDEL - SQUAD,0,0,0,0,P,B,N,N,01,2,GARDEN STATE PARKWAY,N,444,,00000444__,97.70,03,,01,04,02,01,01,01,01,01,,,,,,,,65,,26,40.162370,74.101790,N,,7798
20201352E050-2020-01762A,MONMOUTH,WALL TWP,12/07/2020,MO,1129,02,NEW JERSEY STATE POLICE,HOLMDEL - SQUAD,0,1,0,0,I,B,N,N,11,1,GARDEN STATE PARKWAY,S,444,,00000444__,97.10,03,,01,07,02,01,01,01,01,01,,,,,,,,65,,46,40.155020,74.104920,N,NJTA Guardrail,7798
20201352E050-2020-01767A,MONMOUTH,WALL TWP,12/08/2020,TU,1219,02,NEW JERSEY STATE POLICE,HOLMDEL - SQUAD,0,0,0,0,P,B,N,N,02,2,GARDEN STATE PARKWAY,S,444,,00000444__,94.80,03,,01,04,02,01,01,01,01,01,,,,,,,,65,,26,40.126490,74.126220,N,,7639
20201352E050-2020-01793A,MONMOUTH,WALL TWP,12/13/2020,SU,1617,02,NEW JERSEY STATE POLICE,HOLMDEL - SQUAD,0,0,0,0,P,B,N,N,06,2,MONMOUTH SERVICE AREA,,,,,,07,,01,04,02,01,01,01,05,01,,,N,,,,,25,,28,,,N,,7733
20201352E050-2020-01804A,MONMOUTH,WALL TWP,12/15/2020,TU,1302,02,NEW JERSEY STATE POLICE,HOLMDEL - SQUAD,0,0,0,0,P,B,N,N,02,2,GARDEN STATE PARKWAY,N,444,,00000444__,100.80,03,,01,04,02,01,01,01,01,01,,,,,,,,65,,26,40.207090,74.097190,N,,8028
20201352E050-2020-01813A,MONMOUTH,WALL TWP,12/16/2020,WE,1950,02,NEW JERSEY STATE POLICE,HOLMDEL - SQUAD,0,0,0,0,P,B,N,N,11,1,GARDEN STATE PARKWAY,N,444,,00000444__,100.40,03,,01,04,02,03,06,03,01,01,,,,,,,,65,,50,40.199850,74.097920,N,GUARDRAIL AND EXIT 100A SIGN OWNED BY NJTA,7570
20201352E050-2020-01818A,MONMOUTH,WALL TWP,12/20/2020,SU,1321,02,NEW JERSEY STATE POLICE,HOLMDEL - SQUAD,0,0,0,0,P,B,N,N,11,1,GARDEN STATE PARKWAY,N,444,,00000444__,94.90,03,,01,04,02,01,01,01,01,01,,,,,,,,65,,48,40.386550,74.177130,N,NJTA Concrete Barrier,7794
20201352E050-2020-01830A,MONMOUTH,WALL TWP,12/21/2020,MO,1302,02,NEW JERSEY STATE POLICE,HOLMDEL - SQUAD,0,0,0,0,P,B,N,N,11,1,GARDEN STATE PARKWAY,N,444,,00000444__,100.00,03,,01,04,02,01,01,01,01,01,,,,,,,,65,,46,40.195650,74.098830,N,,7501
20201352E050-2020-01844A,MONMOUTH,WALL TWP,12/24/2020,TH,1308,02,NEW JERSEY STATE POLICE,HOLMDEL - SQUAD,0,1,0,0,I,B,N,N,01,2,GARDEN STATE PARKWAY,N,444,,00000444__,98.30,03,,01,04,02,01,01,01,01,01,,,,,,,,65,,26,40.160700,74.068000,N,,7794
20201352E050-2020-01846A,MONMOUTH,WALL TWP,12/24/2020,TH,1731,02,NEW JERSEY STATE POLICE,HOLMDEL - SQUAD,0,0,0,0,P,B,N,N,02,2,GARDEN STATE PARKWAY,N,444,,00000444__,98.90,03,,01,04,02,02,06,01,01,01,,,,,,,,65,,26,40.179840,74.099520,N,,8003
20201352E050-2020-01855A,MONMOUTH,WALL TWP,12/25/2020,FR,1423,02,NEW JERSEY STATE POLICE,HOLMDEL - SQUAD,0,0,0,0,P,B,N,N,01,2,GARDEN STATE PARKWAY,N,444,,00000444__,98.00,03,,01,04,02,01,01,01,01,01,,,,,,,,65,,26,40.168990,74.097620,N,,7845
20201352E050-2020-01866A,MONMOUTH,WALL TWP,12/29/2020,TU,0636,02,NEW JERSEY STATE POLICE,HOLMDEL - SQUAD,0,0,0,0,P,B,N,N,01,2,GARDEN STATE PARKWAY,S,444,,00000444__,98.90,03,,01,04,02,01,02,01,01,01,,,,,,,,65,,26,40.180770,74.101270,N,,7661
2020135320WB00166,MONMOUTH,WEST LONG BRANCH BORO,01/04/2020,SA,1254,01,WEST LONG BRANCH PD,,0,0,0,0,P,B,N,N,01,2,NJ 36,E,36,,00000036__,3.20,02,,01,04,02,02,01,05,03,01,297,FE,W,ROUTE 537 / BROADWAY EATONTOWN BLVD,,,,50,30,26,,,N,,53112
2020135320WB00488,MONMOUTH,WEST LONG BRANCH BORO,01/09/2020,TH,1358,01,WEST LONG BRANCH PD,,0,0,0,0,P,I,N,N,01,2,NJ 71,S,71,,00000071__,13.93,02,,01,04,02,01,01,01,02,01,,AT,,CR 32 / WALL ST,,,,40,35,26,,,N,,53112
2020135320WB00492,MONMOUTH,WEST LONG BRANCH BORO,01/09/2020,TH,1445,01,WEST LONG BRANCH PD,,0,0,0,0,P,B,N,N,01,2,NJ 36,E,36,,00000036__,3.51,02,,01,04,02,01,01,01,03,01,25,FE,W,HOMESTEAD AVE,,,,45,25,26,,,N,,53111
2020135320WB00496,MONMOUTH,WEST LONG BRANCH BORO,01/09/2020,TH,1726,01,WEST LONG BRANCH PD,,0,0,0,0,P,B,N,N,01,2,MONMOUTH COUNTY 25 II,,25,2,130000252_,.59,05,,01,04,02,01,07,01,05,01,50,FE,S,BRIGHTON AVE,,,,40,25,26,,,N,,53114
2020135320WB00601,MONMOUTH,WEST LONG BRANCH BORO,01/11/2020,SA,1908,01,WEST LONG BRANCH PD,,0,1,0,0,I,B,N,N,03,2,NJ 71,,71,,00000071__,14.88,02,,01,04,02,01,06,01,05,01,500,FE,N,NJ 36,,,,40,50,26,,,N,,53123
2020135320WB00648,MONMOUTH,WEST LONG BRANCH BORO,01/12/2020,SU,1818,01,WEST LONG BRANCH PD,,0,2,0,0,I,I,N,N,04,2,MONMOUTH COUNTY 15,,15,,13000015__,3.58,05,,01,04,02,01,06,01,05,01,,AT,,CUBERO AVE / OLD FARM RD,,,,40,25,26,,,N,,53081
2020135320WB00680,MONMOUTH,WEST LONG BRANCH BORO,01/13/2020,MO,0717,01,WEST LONG BRANCH PD,,0,0,0,0,P,B,N,N,01,2,NJ 71,,71,,00000071__,12.96,02,,01,04,02,01,01,01,05,01,25,FE,,CR 25 / CEDAR AVE,,,,40,45,26,,,N,,53098
2020135320WB00939,MONMOUTH,WEST LONG BRANCH BORO,01/17/2020,FR,1006,01,WEST LONG BRANCH PD,,0,0,0,0,P,B,N,N,99,1,1062 BROADWAY,,,,,,09,,01,,02,01,01,01,05,01,,,,,,,,,,,,,N,ROOF AND SIDING TO 1062 BROADWAY,53085
2020135320WB01022,MONMOUTH,WEST LONG BRANCH BORO,01/18/2020,SA,1250,01,WEST LONG BRANCH PD,,0,2,0,0,I,B,N,N,01,2,NJ 71,E,71,,00000071__,13.39,02,,01,04,02,03,01,03,05,01,10,FE,W,LARCHWOOD AVE,,,,35,25,26,,,N,,53115
2020135320WB01159,MONMOUTH,WEST LONG BRANCH BORO,01/21/2020,TU,1837,01,WEST LONG BRANCH PD,,0,0,0,0,P,B,N,N,03,2,NJ 71,S,71,,00000071__,14.83,02,,01,04,02,01,06,01,05,01,200,FE,N,NJ 36,,,,40,50,26,,,N,,53123
2020135320WB01224,MONMOUTH,WEST LONG BRANCH BORO,01/22/2020,WE,1558,01,WEST LONG BRANCH PD,,0,2,0,0,I,B,N,N,01,3,NJ 71,,71,,00000071__,14.53,02,,01,04,02,01,01,01,05,01,600,FE,N,PARKER RD,,,,40,25,26,,,N,,53081
2020135320WB01289,MONMOUTH,WEST LONG BRANCH BORO,01/23/2020,TH,1823,01,WEST LONG BRANCH PD,,0,0,0,0,P,I,N,N,03,2,NJ 36,W,36,,00000036__,3.81,02,,01,04,02,01,06,01,03,01,,AT,,VICTOR AVE,,,,35,25,26,,,N,,53111
2020135320WB01302,MONMOUTH,WEST LONG BRANCH BORO,01/18/2020,SA,1744,01,WEST LONG BRANCH PD,,0,0,0,0,P,B,N,N,11,1,PARKER RD **,,,,13531044__,.63,07,,01,04,02,03,06,03,05,01,40,FE,W,BELLE DR,,,,25,25,56,,,N,JCP&L POLE JC28WLB/ 25 MPH STREET SIGN/CABLE LINE AND SIDING ATTACHED TO 2 BELLE,53229
2020135320WB01471,MONMOUTH,WEST LONG BRANCH BORO,01/26/2020,SU,1750,01,WEST LONG BRANCH PD,,0,0,0,0,P,I,N,N,01,2,MONMOUTH COUNTY 32,,32,,13000032__,1.69,05,,01,04,02,01,06,01,05,01,,AT,,NJ 71 / MONMOUTH RD,,,,35,40,26,,,N,,53123
2020135320WB01684,MONMOUTH,WEST LONG BRANCH BORO,01/29/2020,WE,1000,01,WEST LONG BRANCH PD,,0,0,0,0,P,I,N,N,01,2,MONMOUTH COUNTY 15,,15,,13000015__,4.28,05,,01,04,02,01,01,01,04,01,,AT,,CR 32 / WALL ST,,,,30,35,26,,,N,,53111
2020135320WB01788,MONMOUTH,WEST LONG BRANCH BORO,01/30/2020,TH,2056,01,WEST LONG BRANCH PD,,0,0,0,0,P,B,Y,N,11,1,HOLLYWOOD AVE **,E,,,13251303__,.46,07,,01,04,02,01,06,01,05,01,50,FE,E,BROOKWILLOW AVE,,,,25,25,,40.285590,74.004870,N,2 HOUR PARKING SIGN AND UTILITY POLE #BT40176,53071
2020135320WB01828,MONMOUTH,WEST LONG BRANCH BORO,01/31/2020,FR,0932,01,WEST LONG BRANCH PD,,0,0,0,0,P,I,N,N,07,2,ROUTE 547,,547,,00000547__,30.11,05,,01,04,02,01,01,01,05,01,,AT,,UPTON AVE,,,,35,25,26,,,N,,53125
2020135320WB02057,MONMOUTH,WEST LONG BRANCH BORO,02/03/2020,MO,0849,01,WEST LONG BRANCH PD,,0,0,0,0,P,B,N,N,01,2,NJ 71,,71,,00000071__,13.16,02,,01,04,02,01,01,01,05,01,25,FE,W,PINEWOOD AVE,,,,35,25,26,,,N,,53111
2020135320WB02167,MONMOUTH,WEST LONG BRANCH BORO,02/04/2020,TU,1726,01,WEST LONG BRANCH PD,,0,0,0,0,P,B,N,N,12,1,NJ 36,W,36,,00000036__,2.69,02,,01,04,02,02,06,01,03,01,500,FE,W,NJ 71 / MONMOUTH RD,,,,50,40,,,,N,,53098
2020135320WB02314,MONMOUTH,WEST LONG BRANCH BORO,02/06/2020,TH,1014,01,WEST LONG BRANCH PD,,0,0,0,0,P,B,N,N,01,2,NJ 71,,71,,00000071__,13.15,02,,01,04,02,02,01,02,05,01,40,FE,W,PINEWOOD AVE,,,,35,25,26,,,N,,53114
2020135320WB02318,MONMOUTH,WEST LONG BRANCH BORO,02/06/2020,TH,1139,01,WEST LONG BRANCH PD,,0,0,0,0,P,B,N,N,01,2,NJ 71,,71,,00000071__,14.42,02,,01,04,02,02,01,02,03,01,25,FE,N,PARKER RD,,,,40,25,26,,,N,,53111
2020135320WB02374,MONMOUTH,WEST LONG BRANCH BORO,02/07/2020,FR,0818,01,WEST LONG BRANCH PD,,0,0,0,0,P,B,N,N,11,1,NJ 71,,71,,00000071__,13.16,02,,01,04,02,02,01,05,05,01,,,,PINEWOOD AVE,,,,,,,,,N,DAMAGE TO TREE 467 CEDAR AVENUE,53122
2020135320WB02480,MONMOUTH,WEST LONG BRANCH BORO,02/08/2020,SA,1851,01,WEST LONG BRANCH PD,,0,0,0,0,P,B,N,N,01,2,NJ 71,E,71,,00000071__,13.83,02,,01,04,02,01,06,01,05,01,250,FE,E,CR 15 / LOCUST AVE / MONMOUTH RD,,,,30,35,26,,,N,,53085
2020135320WB02486,MONMOUTH,WEST LONG BRANCH BORO,02/08/2020,SA,2103,01,WEST LONG BRANCH PD,,0,0,0,0,P,B,N,N,01,3,NJ 36,,36,,00000036__,3.26,02,,01,04,02,01,06,01,03,01,,,,ROUTE 537 / BROADWAY EATONTOWN BLVD,,,,50,25,26,40.298700,74.009850,N,,125