Year(4)-CountyCode(2)-MunicipalityCode(2)-CaseNumber(9),County Name,Municipality Name,Crash Date,Crash Day of Week,Crash Time,Police Department Code,Police Department,Police Station,Total Killed,Total Injured,Pedestrians Killed,Pedestrians Injured,Severity,Intersection,Alcohol Involved,Hazmat Involved,Crash Type,Total Vehicles,Location,Location Direction,Route,Route Suffix,Std Rte Identifier,MilePost,Road System,Road Character,Road Horizontal Alignment,Road Grade,Road Surface Type,Surface Condition,Light Condition,Environmental Condition,Road Divided By,Temporary Traffic Control Zone,Distance To Cross Street,Unit Of Measurement,Direction From Cross Street,Cross Street Name,Is Ramp,Ramp To/From Route Name,Ramp To/From Route Direction,Posted Speed,Posted Speed Cross Street,First Harmful Event,Latitude,Longitude,Cell Phone In Use Flag,Other Property Damage,Reporting Badge No.
2020135320WB11216,MONMOUTH,WEST LONG BRANCH BORO,07/05/2020,SU,1308,01,WEST LONG BRANCH PD,,0,0,0,0,P,B,N,N,02,2,ROUTE 547,E,547,,00000547__,30.32,05,,01,04,02,01,01,01,05,01,10,FE,W,OAKWOOD RD,,,,30,25,26,,,N,UTILITY POLE #40207 (MINOR DAMAGE),53115
2020135320WB11220,MONMOUTH,WEST LONG BRANCH BORO,07/05/2020,SU,1638,01,WEST LONG BRANCH PD,,0,0,0,0,P,B,N,N,01,2,NJ 36,W,36,,00000036__,3.73,02,,01,04,02,01,01,01,03,01,20,FE,E,CR 11 III / OCEANPORT AVE,,,,35,35,26,,,N,,53115
2020135320WB11271,MONMOUTH,WEST LONG BRANCH BORO,07/06/2020,MO,1540,01,WEST LONG BRANCH PD,,0,4,0,0,I,B,N,N,01,3,MONMOUTH COUNTY 25 I,,25,1,130000251_,.00,05,,01,04,02,02,01,02,04,01,25,FE,E,CR 71 / NORWOOD AVE,,,,35,40,26,,,N,,53111
2020135320WB11291,MONMOUTH,WEST LONG BRANCH BORO,07/07/2020,TU,0445,01,WEST LONG BRANCH PD,,0,0,0,0,P,B,N,N,11,1,ROUTE 547,,547,,00000547__,29.87,05,,01,04,02,01,02,01,05,01,250,FE,E,CR 15 / LOCUST AVE,,,,35,,54,40.298570,74.015340,N,SUPPORT WIRE UTILITY POLE JC154WLB  3 SHRUBS AND FRONT PORCH AT 964 BROADWAY,53122
2020135320WB11432,MONMOUTH,WEST LONG BRANCH BORO,07/09/2020,TH,1808,01,WEST LONG BRANCH PD,,0,0,0,0,P,B,N,N,02,2,ROUTE 547,N,547,,00000547__,29.83,05,,01,04,02,01,01,01,05,01,30,FE,E,CR 15 / LOCUST AVE,,,,35,35,26,,,N,,53115
2020135320WB11472,MONMOUTH,WEST LONG BRANCH BORO,07/10/2020,FR,1104,01,WEST LONG BRANCH PD,,0,2,0,0,I,B,N,N,01,3,ROUTE 547,,547,,00000547__,30.25,05,,01,04,02,02,01,02,05,,200,FE,E,CR 11 / OCEAN PORT AVE,,,,25,35,26,,,N,,53229
2020135320WB11481,MONMOUTH,WEST LONG BRANCH BORO,07/10/2020,FR,1552,01,WEST LONG BRANCH PD,,0,0,0,0,P,B,N,N,01,2,NJ 71,,71,,00000071__,13.97,02,,01,04,02,02,01,05,05,01,200,FE,N,CR 32 / WALL ST,,,,40,35,26,40.295580,74.029090,N,,53117
2020135320WB11495,MONMOUTH,WEST LONG BRANCH BORO,07/10/2020,FR,2119,01,WEST LONG BRANCH PD,,0,1,0,0,I,I,Y,N,04,2,NJ 71,S,71,,00000071__,14.42,02,,01,04,02,02,03,02,05,,,AT,,PARKER RD,,,,40,25,,,,N,,53075
2020135320WB11565,MONMOUTH,WEST LONG BRANCH BORO,07/12/2020,SU,1244,01,WEST LONG BRANCH PD,,0,0,0,0,P,B,N,N,02,2,NJ 36,W,36,,00000036__,2.82,02,,01,04,02,01,01,01,03,,200,FE,E,NJ 71 / MONMOUTH RD,,,,50,40,26,,,N,,53123
2020135320WB11684,MONMOUTH,WEST LONG BRANCH BORO,07/14/2020,TU,1743,01,WEST LONG BRANCH PD,,0,2,0,0,I,I,N,N,03,2,NJ 36,W,36,,00000036__,2.78,02,,01,04,02,01,01,01,03,01,,AT,,NJ 71 / MONMOUTH RD,,,,50,40,26,,,N,,53229
2020135320WB11704,MONMOUTH,WEST LONG BRANCH BORO,07/15/2020,WE,0757,01,WEST LONG BRANCH PD,,0,0,0,0,P,I,N,N,06,2,MARION PL **,,,,13531094__,.00,07,,01,04,02,01,,01,05,,,AT,W,BAMPTON PL,,,,25,25,28,,,N,,53229
2020135320WB11769,MONMOUTH,WEST LONG BRANCH BORO,07/16/2020,TH,1506,01,WEST LONG BRANCH PD,,0,0,0,0,P,B,N,N,01,2,NJ 36,,36,,00000036__,2.77,02,,01,04,02,01,01,01,03,01,30,FE,W,NJ 71 / MONMOUTH RD,,,,50,40,26,,,N,,53125
2020135320WB11835,MONMOUTH,WEST LONG BRANCH BORO,07/18/2020,SA,0233,01,WEST LONG BRANCH PD,,0,0,0,0,P,B,N,N,11,2,MONMOUTH COUNTY 25 I,E,25,1,130000251_,.05,05,,02,04,02,01,06,01,05,01,250,FE,W,CR 71 / NORWOOD AVE,,,,40,40,,,,N,UTILITY POLE #75008WLB AND UTILITY POLE #75006WLB,53085
2020135320WB11848,MONMOUTH,WEST LONG BRANCH BORO,07/18/2020,SA,1040,01,WEST LONG BRANCH PD,,0,0,0,0,P,B,N,N,01,2,NJ 71,E,71,,00000071__,13.80,02,,01,04,02,01,01,01,05,01,100,FE,N,CR 15 / LOCUST AVE / MONMOUTH RD,,,,30,25,26,,,N,,53115
2020135320WB11906,MONMOUTH,WEST LONG BRANCH BORO,07/19/2020,SU,1532,01,WEST LONG BRANCH PD,,0,0,0,0,P,B,N,N,03,2,NJ 36,W,36,,00000036__,3.26,02,,01,04,02,01,01,01,03,01,15,FE,W,ROUTE 537 / BROADWAY EATONTOWN BLVD,,,,50,35,26,,,N,,53115
2020135320WB11908,MONMOUTH,WEST LONG BRANCH BORO,07/19/2020,SU,1600,01,WEST LONG BRANCH PD,,0,0,0,0,P,B,N,N,03,2,NJ 36,E,36,,00000036__,2.90,02,,01,04,02,01,01,01,03,01,650,FE,E,NJ 71 / MONMOUTH RD,,,,50,40,26,,,N,,53229
2020135320WB11919,MONMOUTH,WEST LONG BRANCH BORO,07/19/2020,SU,1837,01,WEST LONG BRANCH PD,,0,5,0,0,I,I,N,N,03,2,NJ 36,E,36,,00000036__,2.78,02,,01,04,02,01,01,01,03,01,,AT,,NJ 71 / MONMOUTH RD,,,,50,40,26,,,N,,53229
2020135320WB12034,MONMOUTH,WEST LONG BRANCH BORO,07/21/2020,TU,1341,01,WEST LONG BRANCH PD,,0,0,0,0,P,I,N,N,02,2,MONMOUTH COUNTY 32,E,32,,13000032__,1.69,05,,01,04,02,01,01,01,05,,,AT,,NJ 71 / MONMOUTH RD,,,,40,40,26,40.295580,74.029090,N,,53071
2020135320WB12147,MONMOUTH,WEST LONG BRANCH BORO,07/23/2020,TH,0917,01,WEST LONG BRANCH PD,,0,1,0,0,I,I,N,N,01,2,NJ 36,E,36,,00000036__,2.78,02,,03,04,02,01,01,01,02,01,,AT,W,,T,NJ 71 / MONMOUTH RD,SB,,,26,,,N,,53115
2020135320WB12164,MONMOUTH,WEST LONG BRANCH BORO,07/23/2020,TH,1644,01,WEST LONG BRANCH PD,,0,0,0,0,P,B,N,N,01,2,NJ 71,,71,,00000071__,13.93,02,,01,04,02,01,01,01,04,01,15,FE,N,CR 32 / WALL ST,,,,40,30,26,,,N,,53111
2020135320WB12193,MONMOUTH,WEST LONG BRANCH BORO,07/24/2020,FR,0847,01,WEST LONG BRANCH PD,,0,0,0,0,P,B,N,N,11,1,MONMOUTH COUNTY 32,,32,,13000032__,2.50,05,,02,04,02,02,06,02,05,01,20,FE,E,GARDEN TER,,,,35,25,54,,,N,COUNTY STREET SIGN. FRONT LAWN OF 68 WALL ST.,53229
2020135320WB12201,MONMOUTH,WEST LONG BRANCH BORO,07/24/2020,FR,1120,01,WEST LONG BRANCH PD,,0,0,0,0,P,I,N,N,03,2,NJ 71,,71,,00000071__,13.93,02,,01,04,02,01,01,01,05,01,,AT,,CR 32 / WALL ST,,,,30,30,26,,,N,,53229
2020135320WB12211,MONMOUTH,WEST LONG BRANCH BORO,07/24/2020,FR,1514,01,WEST LONG BRANCH PD,,0,1,0,0,I,I,N,N,03,2,MONMOUTH COUNTY 15,,15,,13000015__,3.70,05,,01,04,02,02,01,01,05,01,,AT,,PALMER AVE / W PALMER AVE,,,,40,25,26,,,N,,53115
2020135320WB12290,MONMOUTH,WEST LONG BRANCH BORO,07/26/2020,SU,1234,01,WEST LONG BRANCH PD,,0,0,0,0,P,I,N,N,03,2,NJ 71,,71,,00000071__,14.51,02,,01,04,02,01,01,01,05,01,,AT,,AVALON CT,,,,40,15,26,,,N,,53229
2020135320WB12312,MONMOUTH,WEST LONG BRANCH BORO,07/26/2020,SU,2352,01,WEST LONG BRANCH PD,,0,0,0,0,P,B,N,N,01,2,NJ 36,E,36,,00000036__,3.25,02,,01,04,02,01,06,01,03,,50,FE,W,ROUTE 537 / BROADWAY EATONTOWN BLVD,,,,50,30,26,,,N,,53123
2020135320WB12391,MONMOUTH,WEST LONG BRANCH BORO,07/28/2020,TU,1246,01,WEST LONG BRANCH PD,,0,0,0,0,P,B,N,N,02,2,NJ 36,E,36,,00000036__,2.73,02,,01,04,02,01,01,01,03,01,280,FE,W,NJ 71 / MONMOUTH RD,,,,50,40,26,,,N,,53229
2020135320WB12399,MONMOUTH,WEST LONG BRANCH BORO,07/28/2020,TU,1602,01,WEST LONG BRANCH PD,,0,0,0,0,P,I,N,N,03,2,MONMOUTH COUNTY 32,,32,,13000032__,1.08,05,,01,04,02,01,01,01,04,01,,AT,,JEFFREY LN,,,,35,25,26,,,N,,53111
2020135320WB12422,MONMOUTH,WEST LONG BRANCH BORO,07/29/2020,WE,0117,01,WEST LONG BRANCH PD,,0,0,0,0,P,B,N,N,04,2,NJ 71,,71,,00000071__,13.77,02,,01,04,02,01,06,01,05,01,50,FE,W,CR 15 / LOCUST AVE / MONMOUTH RD,,,,,,26,40.283570,74.018540,N,,53122
2020135320WB12436,MONMOUTH,WEST LONG BRANCH BORO,07/29/2020,WE,1313,01,WEST LONG BRANCH PD,,0,0,0,0,P,B,N,N,01,2,NJ 36,,36,,00000036__,2.76,02,,01,04,02,01,01,01,03,01,120,FE,W,NJ 71 / MONMOUTH RD,,,,50,40,26,,,N,,53229
2020135320WB12586,MONMOUTH,WEST LONG BRANCH BORO,08/01/2020,SA,0244,01,WEST LONG BRANCH PD,,0,1,0,0,I,B,N,N,11,1,ROUTE 547,,547,,00000547__,29.60,05,,01,04,02,01,06,01,05,01,200,FE,E,NJ 36,,,,35,50,52,,,N,TELEPHONE POLE # BT617,53123
2020135320WB12599,MONMOUTH,WEST LONG BRANCH BORO,08/01/2020,SA,1114,01,WEST LONG BRANCH PD,,0,0,0,0,P,I,N,N,03,2,MONMOUTH COUNTY 15,,15,,13000015__,3.70,05,,01,04,02,01,01,01,04,01,,AT,,PALMER AVE / W PALMER AVE,,,,40,25,26,,,N,,53111
2020135320WB12613,MONMOUTH,WEST LONG BRANCH BORO,08/01/2020,SA,1838,01,WEST LONG BRANCH PD,,0,0,0,0,P,I,N,N,01,2,ROUTE 547,,547,,00000547__,30.16,05,,01,04,02,01,01,01,04,01,,AT,,GOLF ST,,,,30,25,26,,,N,,53111
2020135320WB12634,MONMOUTH,WEST LONG BRANCH BORO,08/02/2020,SU,1352,01,WEST LONG BRANCH PD,,0,2,0,0,I,B,N,N,02,2,NJ 36,E,36,,00000036__,2.72,02,,01,04,02,01,01,01,03,01,300,FE,W,NJ 71 / MONMOUTH RD,,,,50,40,26,,,N,,53229
2020135320WB12668,MONMOUTH,WEST LONG BRANCH BORO,08/03/2020,MO,0016,01,WEST LONG BRANCH PD,,0,2,0,0,I,B,N,N,03,2,NJ 36,E,36,,00000036__,2.78,02,,01,04,02,01,06,01,03,01,,,,NJ 71 / MONMOUTH RD,,,,50,,26,40.295400,74.028910,N,,53122
2020135320WB12683,MONMOUTH,WEST LONG BRANCH BORO,08/03/2020,MO,1010,01,WEST LONG BRANCH PD,,0,0,0,0,P,B,N,N,01,2,NJ 36,E,36,,00000036__,2.69,02,,01,04,02,01,01,01,03,01,500,FE,W,NJ 71 / MONMOUTH RD,,,,50,40,26,,,N,,53229
2020135320WB12690,MONMOUTH,WEST LONG BRANCH BORO,08/03/2020,MO,1508,01,WEST LONG BRANCH PD,,0,0,0,0,P,B,N,N,01,3,NJ 36,E,36,,00000036__,2.69,02,,01,04,02,01,01,01,03,01,500,FE,W,NJ 71 / MONMOUTH RD,,,,50,40,26,,,N,,53117
2020135320WB12863,MONMOUTH,WEST LONG BRANCH BORO,08/06/2020,TH,1011,01,WEST LONG BRANCH PD,,0,0,0,0,P,B,N,N,01,2,ROUTE 547,,547,,00000547__,29.56,05,,01,04,02,02,01,02,04,01,,,S,NJ 36,,,,35,50,26,,,N,,53111
2020135320WB12873,MONMOUTH,WEST LONG BRANCH BORO,08/06/2020,TH,1500,01,WEST LONG BRANCH PD,,0,0,0,0,P,B,N,N,01,2,ROUTE 547,N,547,,00000547__,29.65,05,,01,04,02,01,01,01,05,01,20,FE,S,HALSEY ST,,,,35,25,26,,,N,,53115
2020135320WB12927,MONMOUTH,WEST LONG BRANCH BORO,08/07/2020,FR,0950,01,WEST LONG BRANCH PD,,0,1,0,0,I,B,N,N,01,2,NJ 36,E,36,,00000036__,2.78,02,,03,04,02,02,01,02,02,01,,,,,T,NJ 71/MONMOUTH RD,SB,50,,26,,,N,,53115
2020135320WB12933,MONMOUTH,WEST LONG BRANCH BORO,08/07/2020,FR,1323,01,WEST LONG BRANCH PD,,0,1,0,0,I,B,N,N,01,2,NJ 36,E,36,,00000036__,2.78,02,,01,04,02,01,01,01,03,01,2640,FE,W,NJ 71 / MONMOUTH RD,,,,50,40,26,,,N,,53229
2020135320WB12995,MONMOUTH,WEST LONG BRANCH BORO,08/08/2020,SA,1335,01,WEST LONG BRANCH PD,,0,1,0,0,I,B,N,N,11,1,NJ 71,,71,,00000071__,13.20,02,,01,04,02,01,01,01,05,01,200,FE,E,PINEWOOD AVE,,,,35,25,59,,,N,,53123
2020135320WB13017,MONMOUTH,WEST LONG BRANCH BORO,08/08/2020,SA,2124,01,WEST LONG BRANCH PD,,0,0,0,0,P,I,N,N,03,2,ROUTE 547,,547,,00000547__,30.32,05,,01,04,02,01,06,01,05,01,,AT,,OAKWOOD RD,,,,30,25,26,,,N,,53081
2020135320WB13018,MONMOUTH,WEST LONG BRANCH BORO,08/08/2020,SA,2159,01,WEST LONG BRANCH PD,,0,0,0,0,P,I,N,N,07,2,MONMOUTH COUNTY 32,,32,,13000032__,1.86,05,,01,04,02,01,06,01,,,,AT,,CR 15 / LOCUST AVE,,,,35,35,26,40.285870,74.017410,N,MINOR DAMAGE TO UTILITY POLE FROM VEHICLE #1 MAKING CONTACT,53071
2020135320WB13087,MONMOUTH,WEST LONG BRANCH BORO,08/10/2020,MO,1256,01,WEST LONG BRANCH PD,,0,0,0,0,P,B,N,N,02,2,NJ 36,W,36,,00000036__,3.36,02,,01,04,02,01,01,01,03,01,,,,ROUTE 537 / BROADWAY EATONTOWN BLVD,,,,45,,26,,,N,,53125
2020135320WB13257,MONMOUTH,WEST LONG BRANCH BORO,08/13/2020,TH,0905,01,WEST LONG BRANCH PD,,0,1,0,0,I,B,N,N,06,2,PARKER RD **,,,,13531044__,.52,07,,01,04,02,01,01,01,05,01,415,FE,E,NJ 71 / MONMOUTH RD,,,,25,40,28,,,N,GRASS AND BUSHES ON THE PROPERTY OF 79 PARKER RD,53123
2020135320WB13275,MONMOUTH,WEST LONG BRANCH BORO,08/13/2020,TH,1654,01,WEST LONG BRANCH PD,,0,0,0,0,P,I,N,N,03,2,ROUTE 547,,547,,00000547__,29.85,05,,01,04,02,02,01,05,05,01,,AT,,N LOCUST AVE,,,,35,25,26,,,N,,53081
2020135320WB13364,MONMOUTH,WEST LONG BRANCH BORO,08/15/2020,SA,1604,01,WEST LONG BRANCH PD,,0,3,0,0,I,I,N,N,01,2,NJ 71,,71,,00000071__,13.52,02,,01,04,02,01,01,01,05,01,,AT,,MONROE AVE,,,,35,25,26,,,N,,53109
2020135320WB13365,MONMOUTH,WEST LONG BRANCH BORO,08/15/2020,SA,1657,01,WEST LONG BRANCH PD,,0,1,0,0,I,I,N,N,03,2,NJ 71,,71,,00000071__,13.93,02,,01,04,02,01,01,01,05,01,,AT,,CR 32 / WALL ST,,,,40,40,26,,,N,,53085
2020135320WB13474,MONMOUTH,WEST LONG BRANCH BORO,08/17/2020,MO,2207,01,WEST LONG BRANCH PD,,0,0,0,0,P,I,N,N,03,2,NJ 71,W,71,,00000071__,13.78,02,,01,,02,01,06,01,05,01,,AT,,CR 15 / LOCUST AVE / MONMOUTH RD,,,,30,30,26,,,N,,53085
2020135320WB13687,MONMOUTH,WEST LONG BRANCH BORO,08/21/2020,FR,1712,01,WEST LONG BRANCH PD,,0,1,0,0,I,B,N,N,01,2,NJ 36,E,36,,00000036__,3.83,02,,03,04,02,01,01,01,05,01,100,FE,E,VICTOR AVE,,,,36,25,26,40.304120,74.013410,N,,53115
2020135320WB13787,MONMOUTH,WEST LONG BRANCH BORO,08/23/2020,SU,1434,01,WEST LONG BRANCH PD,,0,0,0,0,P,I,N,N,03,3,MONMOUTH COUNTY 11 III,,11,3,130000113_,.29,05,,01,04,02,01,01,01,05,01,,AT,N,RIVINGTON AVE,,,,35,25,26,,,N,,53113
2020135320WB13839,MONMOUTH,WEST LONG BRANCH BORO,08/24/2020,MO,2123,01,WEST LONG BRANCH PD,,0,0,0,0,P,B,Y,N,01,2,NJ 71,N,71,,00000071__,14.42,02,,01,04,02,01,01,01,05,01,25,FE,S,PARKER RD,,,,40,25,26,,,N,,53113
2020135320WB13874,MONMOUTH,WEST LONG BRANCH BORO,08/25/2020,TU,0950,01,WEST LONG BRANCH PD,,0,0,0,0,P,I,N,N,02,2,MONMOUTH COUNTY 32,,32,,13000032__,1.30,05,,01,04,02,01,01,01,05,01,,AT,,MEADOW LN,,,,35,25,26,,,N,,53229
2020135320WB13908,MONMOUTH,WEST LONG BRANCH BORO,08/25/2020,TU,2008,01,WEST LONG BRANCH PD,,0,0,0,0,P,B,N,N,01,2,NJ 71,,71,,00000071__,13.40,02,,01,04,02,02,06,02,05,01,75,FE,E,LARCHWOOD AVE,,,,40,25,26,,,N,,53117
2020135320WB13950,MONMOUTH,WEST LONG BRANCH BORO,08/26/2020,WE,1249,01,WEST LONG BRANCH PD,,0,0,0,0,P,B,N,N,02,2,NJ 71,S,71,,00000071__,13.94,02,,01,04,02,01,01,01,04,01,75,FE,N,CR 32 / WALL ST,,,,40,35,26,,,N,,53115
2020135320WB13963,MONMOUTH,WEST LONG BRANCH BORO,08/26/2020,WE,1729,01,WEST LONG BRANCH PD,,0,0,0,0,P,B,N,N,01,2,MONMOUTH COUNTY 32,,32,,13000032__,1.87,05,,01,04,02,01,01,01,05,01,35,FE,E,CR 15 / LOCUST AVE,,,,35,35,26,,,N,,53229
2020135320WB13964,MONMOUTH,WEST LONG BRANCH BORO,08/26/2020,WE,1829,01,WEST LONG BRANCH PD,,0,1,0,0,I,B,N,N,11,1,MONMOUTH COUNTY 15,S,15,,13000015__,4.97,05,,02,04,02,01,01,01,05,01,100,FE,S,THROCKMORTON AVE,,,,35,25,26,,,N,UTILITY POLE (INFRONT OF 57 LOCUST AVE),53115
2020135320WB14006,MONMOUTH,WEST LONG BRANCH BORO,08/27/2020,TH,1338,01,WEST LONG BRANCH PD,,0,0,0,0,P,B,N,N,02,2,NJ 71,S,71,,00000071__,14.73,02,,01,,02,01,01,01,,,315,FE,S,NJ 36,,,,40,50,26,,,N,,53123
2020135320WB14058,MONMOUTH,WEST LONG BRANCH BORO,08/28/2020,FR,1803,01,WEST LONG BRANCH PD,,0,2,0,0,I,I,N,N,03,2,PALMER AVE / W PALMER AVE **,N,,,13531051__,.38,07,,01,04,02,02,01,02,,,,AT,,CR 15 / MONMOUTH RD,,,,40,25,26,,,N,,53123
2020135320WB14107,MONMOUTH,WEST LONG BRANCH BORO,08/29/2020,SA,1615,01,WEST LONG BRANCH PD,,0,0,0,0,P,B,N,N,08,2,CHESTNUT PL / DENNIS PL **,E,,,13531038__,.00,07,,01,04,02,02,01,02,05,01,25,FE,E,HASGY PL,,,,25,25,26,,,N,,53115
2020135320WB14150,MONMOUTH,WEST LONG BRANCH BORO,08/30/2020,SU,1514,01,WEST LONG BRANCH PD,,0,1,0,1,I,I,N,N,13,1,MONMOUTH COUNTY 15,,15,,13000015__,4.67,05,,01,04,02,01,01,01,05,01,,AT,,RICHARD LN,,,,35,25,22,,,N,,53229
2020135320WB14209,MONMOUTH,WEST LONG BRANCH BORO,08/31/2020,MO,1624,01,WEST LONG BRANCH PD,,0,0,0,0,P,B,N,N,08,2,NJ 71,,71,,00000071__,14.12,02,,01,04,02,01,01,01,05,,1000,FE,N,CR 32 / WALL ST,,,,40,35,26,,,N,,53229
2020135320WB14345,MONMOUTH,WEST LONG BRANCH BORO,09/03/2020,TH,1441,01,WEST LONG BRANCH PD,,0,0,0,0,P,B,N,N,01,2,NJ 71,W,71,,00000071__,13.79,02,,01,04,02,01,01,01,05,01,30,FE,E,CR 15 / LOCUST AVE / MONMOUTH RD,,,,35,,26,,,N,,53115
2020135320WB14376,MONMOUTH,WEST LONG BRANCH BORO,09/04/2020,FR,0715,01,WEST LONG BRANCH PD,,0,0,0,0,P,I,N,N,03,2,MONMOUTH COUNTY 15,N,15,,13000015__,3.70,05,,01,04,02,01,01,01,05,01,,AT,,PALMER AVE / W PALMER AVE,,,,40,25,26,,,N,STOP SIGN,53115
2020135320WB14466,MONMOUTH,WEST LONG BRANCH BORO,09/06/2020,SU,1003,01,WEST LONG BRANCH PD,,0,1,0,0,I,I,N,N,03,2,NJ 71,,71,,00000071__,12.96,02,,01,04,02,01,01,01,05,01,,AT,,CR 25 / CEDAR AVE,,,,30,35,26,,,N,,53081
2020135320WB14482,MONMOUTH,WEST LONG BRANCH BORO,09/06/2020,SU,1545,01,WEST LONG BRANCH PD,,0,0,0,0,P,B,N,N,01,2,NJ 71,,71,,00000071__,13.39,02,,01,04,02,01,01,01,05,01,15,FE,E,LARCHWOOD AVE,,,,35,25,26,,,N,,53081
2020135320WB14561,MONMOUTH,WEST LONG BRANCH BORO,09/08/2020,TU,1157,01,WEST LONG BRANCH PD,,0,0,0,0,P,I,N,N,01,2,LARCHWOOD AVE **,,,,13531050__,.13,07,,01,04,02,01,01,01,05,01,,AT,,HOLLYWOOD AVE,,,,25,25,26,,,N,,53111
2020135320WB14595,MONMOUTH,WEST LONG BRANCH BORO,09/08/2020,TU,2137,01,WEST LONG BRANCH PD,,0,0,0,0,P,I,N,N,03,2,MONMOUTH COUNTY 15,,15,,13000015__,3.70,05,,01,04,02,01,06,01,05,01,,AT,,PALMER AVE / W PALMER AVE,,,,40,25,26,,,N,PALMER AVE STREET SIGN  FRONT LAWN OF 75 PALMER AVE,53229
2020135320WB14788,MONMOUTH,WEST LONG BRANCH BORO,09/12/2020,SA,1611,01,WEST LONG BRANCH PD,,0,1,0,0,I,I,N,N,04,2,NJ 36,,36,,00000036__,2.78,02,,01,04,02,01,01,01,05,01,,AT,,NJ 71 / MONMOUTH RD,,,,50,40,26,40.295400,74.028910,N,,53122
2020135320WB14803,MONMOUTH,WEST LONG BRANCH BORO,09/12/2020,SA,2107,01,WEST LONG BRANCH PD,,0,1,0,1,I,B,N,N,13,1,HOMESTEAD AVE **,,,,13531001__,.12,07,,01,04,02,01,06,01,05,01,100,FE,S,LAUREL ST,,,,25,25,22,,,N,,53229
2020135320WB14825,MONMOUTH,WEST LONG BRANCH BORO,09/13/2020,SU,1136,01,WEST LONG BRANCH PD,,0,1,0,0,I,I,N,N,03,2,MONMOUTH COUNTY 15,,15,,13000015__,3.70,05,,01,04,02,01,01,01,05,01,,AT,,PALMER AVE / W PALMER AVE,,,,40,25,26,40.277700,74.017530,N,,53122
2020135320WB14876,MONMOUTH,WEST LONG BRANCH BORO,09/14/2020,MO,1418,01,WEST LONG BRANCH PD,,0,0,0,0,P,B,N,N,01,2,NJ 36,,36,,00000036__,2.77,02,,01,04,02,01,01,01,03,01,45,FE,W,NJ 71 / MONMOUTH RD,,,,50,40,26,,,N,,53111
2020135320WB14967,MONMOUTH,WEST LONG BRANCH BORO,09/16/2020,WE,1541,01,WEST LONG BRANCH PD,,0,1,0,0,I,B,N,N,01,2,MONMOUTH COUNTY 32,E,32,,13000032__,1.65,05,,01,04,02,01,01,01,04,,200,FE,W,NJ 71 / MONMOUTH RD,,,,40,40,26,40.295580,74.029090,N,,53071
2020135320WB14968,MONMOUTH,WEST LONG BRANCH BORO,09/16/2020,WE,1548,01,WEST LONG BRANCH PD,,0,0,0,0,P,B,N,N,01,2,MONMOUTH COUNTY 32,E,32,,13000032__,1.65,05,,01,04,02,01,01,01,,,200,FE,W,NJ 71 / MONMOUTH RD,,,,35,45,26,40.295580,74.029090,N,,53098
2020135320WB15207,MONMOUTH,WEST LONG BRANCH BORO,09/21/2020,MO,0842,01,WEST LONG BRANCH PD,,0,0,0,0,P,B,N,N,02,2,NJ 71,,71,,00000071__,13.93,02,,01,04,02,01,01,01,05,01,15,FE,S,CR 32 / WALL ST,,,,40,35,26,40.284210,74.018950,N,,53122
2020135320WB15228,MONMOUTH,WEST LONG BRANCH BORO,09/21/2020,MO,1649,01,WEST LONG BRANCH PD,,0,0,0,0,P,B,N,N,01,2,MONMOUTH COUNTY 15,S,15,,13000015__,4.28,05,,01,06,02,01,01,01,05,01,10,FE,W,CR 32 / WALL ST,,,,35,35,26,,,N,,53113
2020135320WB15283,MONMOUTH,WEST LONG BRANCH BORO,09/22/2020,TU,1108,01,WEST LONG BRANCH PD,,0,1,0,0,I,B,N,N,01,2,NJ 71,,71,,00000071__,14.18,02,,01,04,02,01,01,01,05,01,335,FE,S,LLOYD AVE,,,,40,25,26,,,N,,53229
2020135320WB15301,MONMOUTH,WEST LONG BRANCH BORO,09/22/2020,TU,1503,01,WEST LONG BRANCH PD,,0,0,0,0,P,B,N,N,01,2,NJ 71,S,71,,00000071__,13.94,02,,01,04,02,01,01,01,04,01,50,FE,N,CR 32 / WALL ST,,,,40,35,26,,,N,,53115
2020135320WB15367,MONMOUTH,WEST LONG BRANCH BORO,09/23/2020,WE,1803,01,WEST LONG BRANCH PD,,0,0,0,0,P,B,N,N,01,2,NJ 71,,71,,00000071__,13.40,02,,01,04,02,01,01,01,05,01,50,FE,E,LARCHWOOD AVE,,,,35,25,26,,,N,,53229
2020135320WB15374,MONMOUTH,WEST LONG BRANCH BORO,09/23/2020,WE,2112,01,WEST LONG BRANCH PD,,0,0,0,0,P,I,N,N,03,2,MONMOUTH COUNTY 32,,32,,13000032__,1.86,05,,01,04,02,01,06,01,05,01,,AT,,CR 15 / LOCUST AVE,,,,35,35,26,,,N,,53229
2020135320WB15467,MONMOUTH,WEST LONG BRANCH BORO,09/25/2020,FR,1708,01,WEST LONG BRANCH PD,,0,0,0,0,P,B,N,N,01,2,NJ 36,E,36,,00000036__,2.78,02,,01,04,02,01,01,01,03,01,,,,NJ 71 / MONMOUTH RD,,,,50,,26,,,N,,53123